id,item_id,dept_id,cat_id,store_id,state_id,date,wm_yr_wk,weekday,wday,month,year,event_name_1,event_type_1,snap_CA,snap_TX,snap_WI,sell_price,lag_1,lag_7,lag_14,lag_28,roll_7,roll_28,weekday_num,price,price_change,event_flag,forecast_units,lower_80,upper_80,actual_units
FOODS_1_218_CA_2_validation,FOODS_1_218,FOODS_1,FOODS,CA_2,CA,2016-04-25,11613,Monday,3,4,2016,,,0,0,0,0.98,1.0,13.0,19.0,19.0,5.428571428571429,10.5,0,0.98,0.0,0,9.84588873440915,6.195243967550005,13.496533501268296,1
FOODS_2_360_WI_2_validation,FOODS_2_360,FOODS_2,FOODS,WI_2,WI,2016-04-25,11613,Monday,3,4,2016,,,0,0,0,0.94,30.0,42.0,122.0,32.0,44.857142857142854,66.5,0,0.94,0.0,0,22.9563853480162,14.444649099783405,31.468121596249,38
FOODS_3_007_WI_2_validation,FOODS_3_007,FOODS_3,FOODS,WI_2,WI,2016-04-25,11613,Monday,3,4,2016,,,0,0,0,0.25,42.0,42.0,12.0,0.0,32.42857142857143,31.428571428571427,0,0.25,0.0,0,31.742549507057994,19.973091678458776,43.51200733565721,41
FOODS_3_030_TX_3_validation,FOODS_3_030,FOODS_3,FOODS,TX_3,TX,2016-04-25,11613,Monday,3,4,2016,,,0,0,0,1.25,17.0,16.0,16.0,16.0,19.571428571428573,19.178571428571427,0,1.25,0.0,0,15.929534958564926,10.023204407443314,21.83586550968654,16
FOODS_3_080_CA_2_validation,FOODS_3_080,FOODS_3,FOODS,CA_2,CA,2016-04-25,11613,Monday,3,4,2016,,,0,0,0,1.68,20.0,13.0,12.0,13.0,14.142857142857142,14.25,0,1.68,0.0,0,13.865399399887016,8.724406125941895,19.006392673832135,11
FOODS_3_090_CA_1_validation,FOODS_3_090,FOODS_3,FOODS,CA_1,CA,2016-04-25,11613,Monday,3,4,2016,,,0,0,0,1.6,42.0,30.0,48.0,25.0,54.42857142857143,50.82142857142857,0,1.6,0.0,0,31.952749491438713,20.105354008487218,43.80014497439021,48
FOODS_3_090_CA_2_validation,FOODS_3_090,FOODS_3,FOODS,CA_2,CA,2016-04-25,11613,Monday,3,4,2016,,,0,0,0,1.6,60.0,65.0,27.0,50.0,54.57142857142857,48.535714285714285,0,1.6,0.0,0,49.19081135628468,30.95191155765187,67.42971115491748,36
FOODS_3_090_CA_3_validation,FOODS_3_090,FOODS_3,FOODS,CA_3,CA,2016-04-25,11613,Monday,3,4,2016,,,0,0,0,1.6,130.0,86.0,107.0,61.0,108.71428571428571,110.35714285714286,0,1.6,0.0,0,91.54546145842949,57.60236410907919,125.48855880777978,133
FOODS_3_090_CA_4_validation,FOODS_3_090,FOODS_3,FOODS,CA_4,CA,2016-04-25,11613,Monday,3,4,2016,,,0,0,0,1.6,18.0,30.0,23.0,19.0,24.571428571428573,26.642857142857142,0,1.6,0.0,0,22.49079519622489,14.151689809155293,30.82990058329449,11
FOODS_3_090_TX_1_validation,FOODS_3_090,FOODS_3,FOODS,TX_1,TX,2016-04-25,11613,Monday,3,4,2016,,,0,0,0,1.5,58.0,48.0,55.0,36.0,47.42857142857143,51.642857142857146,0,1.5,0.0,0,42.42687198063126,26.695896103460832,58.15784785780169,43
FOODS_3_090_TX_2_validation,FOODS_3_090,FOODS_3,FOODS,TX_2,TX,2016-04-25,11613,Monday,3,4,2016,,,0,0,0,1.5,73.0,43.0,53.0,48.0,56.42857142857143,61.714285714285715,0,1.5,0.0,0,49.88513029322748,31.38879189640869,68.38146869004628,58
FOODS_3_090_TX_3_validation,FOODS_3_090,FOODS_3,FOODS,TX_3,TX,2016-04-25,11613,Monday,3,4,2016,,,0,0,0,1.5,66.0,81.0,74.0,42.0,65.85714285714286,61.535714285714285,0,1.5,0.0,0,60.057268868412564,37.78931924796827,82.32521848885686,93
FOODS_3_090_WI_1_validation,FOODS_3_090,FOODS_3,FOODS,WI_1,WI,2016-04-25,11613,Monday,3,4,2016,,,0,0,0,1.38,27.0,9.0,10.0,15.0,19.714285714285715,21.392857142857142,0,1.38,0.0,0,14.91052509367269,9.38202158599978,20.4390286013456,23
FOODS_3_090_WI_3_validation,FOODS_3_090,FOODS_3,FOODS,WI_3,WI,2016-04-25,11613,Monday,3,4,2016,,,0,0,0,1.38,91.0,70.0,50.0,7.0,84.71428571428571,80.64285714285714,0,1.38,0.0,0,52.09073647959066,32.77660652538209,71.40486643379923,56
FOODS_3_120_CA_1_validation,FOODS_3_120,FOODS_3,FOODS,CA_1,CA,2016-04-25,11613,Monday,3,4,2016,,,0,0,0,4.98,59.0,6.0,2.0,34.0,43.0,38.25,0,4.98,0.0,0,40.332258191054535,25.377920266615163,55.28659611549391,34
FOODS_3_120_CA_3_validation,FOODS_3_120,FOODS_3,FOODS,CA_3,CA,2016-04-25,11613,Monday,3,4,2016,,,0,0,0,4.98,98.0,77.0,57.0,46.0,72.14285714285714,67.03571428571429,0,4.98,0.0,0,67.75725005682376,42.634312249061296,92.88018786458623,71
FOODS_3_226_WI_1_validation,FOODS_3_226,FOODS_3,FOODS,WI_1,WI,2016-04-25,11613,Monday,3,4,2016,,,0,0,0,1.68,38.0,42.0,33.0,22.0,35.285714285714285,36.5,0,1.68,0.0,0,32.89769036029934,20.69993103199566,45.095449688603026,18
FOODS_3_226_WI_2_validation,FOODS_3_226,FOODS_3,FOODS,WI_2,WI,2016-04-25,11613,Monday,3,4,2016,,,0,0,0,1.68,38.0,40.0,46.0,28.0,41.42857142857143,44.857142857142854,0,1.68,0.0,0,34.84186010949206,21.92324425800097,47.76047596098315,49
FOODS_3_226_WI_3_validation,FOODS_3_226,FOODS_3,FOODS,WI_3,WI,2016-04-25,11613,Monday,3,4,2016,,,0,0,0,1.68,38.0,49.0,45.0,46.0,42.857142857142854,45.892857142857146,0,1.68,0.0,0,42.16177168738041,26.529089323812958,57.794454050947856,39
FOODS_3_234_WI_2_validation,FOODS_3_234,FOODS_3,FOODS,WI_2,WI,2016-04-25,11613,Monday,3,4,2016,,,0,0,0,0.25,12.0,0.0,0.0,0.0,35.857142857142854,9.178571428571429,0,0.25,0.0,0,17.832948320972324,11.220872842390964,24.445023799553685,20
FOODS_3_252_CA_1_validation,FOODS_3_252,FOODS_3,FOODS,CA_1,CA,2016-04-25,11613,Monday,3,4,2016,,,0,0,0,1.58,52.0,21.0,32.0,24.0,37.142857142857146,37.535714285714285,0,1.58,0.0,0,30.763499453474868,19.357052425730583,42.16994648121916,30
FOODS_3_252_CA_2_validation,FOODS_3_252,FOODS_3,FOODS,CA_2,CA,2016-04-25,11613,Monday,3,4,2016,,,0,0,0,1.58,38.0,43.0,23.0,11.0,33.42857142857143,34.392857142857146,0,1.58,0.0,0,32.37822082367697,20.373069679008932,44.383371968345,22
FOODS_3_252_CA_3_validation,FOODS_3_252,FOODS_3,FOODS,CA_3,CA,2016-04-25,11613,Monday,3,4,2016,,,0,0,0,1.58,39.0,59.0,58.0,36.0,46.42857142857143,45.857142857142854,0,1.58,0.0,0,41.57774664099588,26.16160826211183,56.99388501987993,46
FOODS_3_252_CA_4_validation,FOODS_3_252,FOODS_3,FOODS,CA_4,CA,2016-04-25,11613,Monday,3,4,2016,,,0,0,0,1.58,9.0,24.0,12.0,15.0,15.571428571428571,16.821428571428573,0,1.58,0.0,0,13.892120129762471,8.741219381203548,19.043020878321393,17
FOODS_3_252_TX_1_validation,FOODS_3_252,FOODS_3,FOODS,TX_1,TX,2016-04-25,11613,Monday,3,4,2016,,,0,0,0,1.58,35.0,17.0,23.0,26.0,31.857142857142858,30.178571428571427,0,1.58,0.0,0,24.37472679313074,15.337099900193481,33.412353686068,28
FOODS_3_252_TX_2_validation,FOODS_3_252,FOODS_3,FOODS,TX_2,TX,2016-04-25,11613,Monday,3,4,2016,,,0,0,0,1.58,46.0,22.0,45.0,45.0,46.285714285714285,49.0,0,1.58,0.0,0,36.309705066067224,22.846843727568476,49.77256640456597,53
FOODS_3_252_TX_3_validation,FOODS_3_252,FOODS_3,FOODS,TX_3,TX,2016-04-25,11613,Monday,3,4,2016,,,0,0,0,1.58,20.0,20.0,38.0,24.0,32.714285714285715,32.67857142857143,0,1.58,0.0,0,22.921062966613103,14.422423501240706,31.4197024319855,32
FOODS_3_318_WI_3_validation,FOODS_3_318,FOODS_3,FOODS,WI_3,WI,2016-04-25,11613,Monday,3,4,2016,,,0,0,0,1.48,14.0,18.0,35.0,25.0,22.142857142857142,23.107142857142858,0,1.48,0.0,0,19.41751861038277,12.217918390175955,26.617118830589586,13
FOODS_3_377_TX_2_validation,FOODS_3_377,FOODS_3,FOODS,TX_2,TX,2016-04-25,11613,Monday,3,4,2016,,,0,0,0,1.68,28.0,18.0,22.0,24.0,26.857142857142858,26.785714285714285,0,1.68,0.0,0,22.029898646160067,13.861683833211766,30.198113459108367,24
FOODS_3_377_TX_3_validation,FOODS_3_377,FOODS_3,FOODS,TX_3,TX,2016-04-25,11613,Monday,3,4,2016,,,0,0,0,1.68,50.0,23.0,38.0,41.0,42.42857142857143,41.964285714285715,0,1.68,0.0,0,35.23133947718986,22.16831301393586,48.29436594044387,46
FOODS_3_491_WI_1_validation,FOODS_3_491,FOODS_3,FOODS,WI_1,WI,2016-04-25,11613,Monday,3,4,2016,,,0,0,0,1.38,36.0,13.0,17.0,2.0,17.571428571428573,18.214285714285715,0,1.38,0.0,0,20.34764546938658,12.803174121551573,27.892116817221588,11
FOODS_3_541_CA_3_validation,FOODS_3_541,FOODS_3,FOODS,CA_3,CA,2016-04-25,11613,Monday,3,4,2016,,,0,0,0,1.0,0.0,0.0,0.0,23.0,0.0,2.1785714285714284,0,1.0,0.0,0,1.3245393063996143,0.8334284866613931,1.8156501261378353,0
FOODS_3_555_CA_2_validation,FOODS_3_555,FOODS_3,FOODS,CA_2,CA,2016-04-25,11613,Monday,3,4,2016,,,0,0,0,1.68,36.0,24.0,14.0,22.0,22.285714285714285,20.214285714285715,0,1.68,0.0,0,24.146987362752494,15.193801375267709,33.10017335023728,18
FOODS_3_555_TX_1_validation,FOODS_3_555,FOODS_3,FOODS,TX_1,TX,2016-04-25,11613,Monday,3,4,2016,,,0,0,0,1.68,28.0,32.0,19.0,23.0,30.714285714285715,28.714285714285715,0,1.68,0.0,0,23.73186223898636,14.93259576060311,32.53112871736961,21
FOODS_3_555_TX_2_validation,FOODS_3_555,FOODS_3,FOODS,TX_2,TX,2016-04-25,11613,Monday,3,4,2016,,,0,0,0,1.68,39.0,35.0,35.0,29.0,36.857142857142854,41.964285714285715,0,1.68,0.0,0,30.52263936740918,19.20549810336584,41.83978063145252,35
FOODS_3_555_TX_3_validation,FOODS_3_555,FOODS_3,FOODS,TX_3,TX,2016-04-25,11613,Monday,3,4,2016,,,0,0,0,1.68,17.0,4.0,23.0,24.0,28.0,27.892857142857142,0,1.68,0.0,0,16.814062315922087,10.579767956211544,23.04835667563263,25
FOODS_3_555_WI_3_validation,FOODS_3_555,FOODS_3,FOODS,WI_3,WI,2016-04-25,11613,Monday,3,4,2016,,,0,0,0,1.68,25.0,41.0,21.0,22.0,30.285714285714285,27.285714285714285,0,1.68,0.0,0,25.481457284423513,16.033478417647512,34.92943615119951,15
FOODS_3_586_CA_1_validation,FOODS_3_586,FOODS_3,FOODS,CA_1,CA,2016-04-25,11613,Monday,3,4,2016,,,0,0,0,1.68,54.0,30.0,36.0,27.0,38.285714285714285,38.392857142857146,0,1.68,0.0,0,33.69051777883848,21.198795016193184,46.182240541483786,40
FOODS_3_586_CA_2_validation,FOODS_3_586,FOODS_3,FOODS,CA_2,CA,2016-04-25,11613,Monday,3,4,2016,,,0,0,0,1.68,36.0,26.0,38.0,26.0,36.0,32.75,0,1.68,0.0,0,27.929751605542382,17.57399761635536,38.2855055947294,24
FOODS_3_586_CA_3_validation,FOODS_3_586,FOODS_3,FOODS,CA_3,CA,2016-04-25,11613,Monday,3,4,2016,,,0,0,0,1.68,78.0,77.0,76.0,60.0,69.0,66.92857142857143,0,1.68,0.0,0,69.58650933496875,43.785321346737504,95.3876973232,74
FOODS_3_586_CA_4_validation,FOODS_3_586,FOODS_3,FOODS,CA_4,CA,2016-04-25,11613,Monday,3,4,2016,,,0,0,0,1.68,19.0,14.0,13.0,16.0,15.857142857142858,16.285714285714285,0,1.68,0.0,0,15.72639514190349,9.895384486084382,21.5574057977226,10
FOODS_3_586_TX_1_validation,FOODS_3_586,FOODS_3,FOODS,TX_1,TX,2016-04-25,11613,Monday,3,4,2016,,,0,0,0,1.68,58.0,72.0,38.0,54.0,60.142857142857146,53.92857142857143,0,1.68,0.0,0,48.278822882806764,30.37806888674663,66.1795768788669,61
FOODS_3_586_TX_2_validation,FOODS_3_586,FOODS_3,FOODS,TX_2,TX,2016-04-25,11613,Monday,3,4,2016,,,0,0,0,1.68,75.0,54.0,66.0,59.0,70.28571428571429,76.0,0,1.68,0.0,0,58.5426358300446,36.83627971572089,80.24899194436831,79
FOODS_3_586_TX_3_validation,FOODS_3_586,FOODS_3,FOODS,TX_3,TX,2016-04-25,11613,Monday,3,4,2016,,,0,0,0,1.68,47.0,49.0,58.0,45.0,55.285714285714285,58.25,0,1.68,0.0,0,40.934327811109554,25.75675536035897,56.11190026186014,58
FOODS_3_586_WI_1_validation,FOODS_3_586,FOODS_3,FOODS,WI_1,WI,2016-04-25,11613,Monday,3,4,2016,,,0,0,0,1.68,14.0,10.0,10.0,15.0,14.285714285714286,14.392857142857142,0,1.68,0.0,0,12.011603178218207,7.55795785812589,16.465248498310526,11
FOODS_3_586_WI_3_validation,FOODS_3_586,FOODS_3,FOODS,WI_3,WI,2016-04-25,11613,Monday,3,4,2016,,,0,0,0,1.68,44.0,35.0,32.0,29.0,34.142857142857146,31.357142857142858,0,1.68,0.0,0,31.47197441023093,19.802840035198894,43.141108785262965,25
FOODS_3_587_CA_1_validation,FOODS_3_587,FOODS_3,FOODS,CA_1,CA,2016-04-25,11613,Monday,3,4,2016,,,0,0,0,2.48,26.0,16.0,33.0,38.0,17.428571428571427,22.964285714285715,0,2.48,0.0,0,23.655472035413332,14.884529409191703,32.42641466163496,19
FOODS_3_587_CA_4_validation,FOODS_3_587,FOODS_3,FOODS,CA_4,CA,2016-04-25,11613,Monday,3,4,2016,,,0,0,0,2.48,29.0,16.0,21.0,10.0,18.857142857142858,15.678571428571429,0,2.48,0.0,0,15.949791957647248,10.035950544917613,21.863633370376885,13
FOODS_3_587_TX_1_validation,FOODS_3_587,FOODS_3,FOODS,TX_1,TX,2016-04-25,11613,Monday,3,4,2016,,,0,0,0,2.48,24.0,23.0,29.0,22.0,23.142857142857142,23.321428571428573,0,2.48,0.0,0,23.34327206238683,14.688086502742612,31.99845762203105,10
FOODS_3_587_TX_2_validation,FOODS_3_587,FOODS_3,FOODS,TX_2,TX,2016-04-25,11613,Monday,3,4,2016,,,0,0,0,2.48,44.0,23.0,32.0,27.0,29.571428571428573,28.392857142857142,0,2.48,0.0,0,29.559541073997465,18.599496039624796,40.519586108370135,38
FOODS_3_635_CA_3_validation,FOODS_3_635,FOODS_3,FOODS,CA_3,CA,2016-04-25,11613,Monday,3,4,2016,,,0,0,0,0.88,0.0,0.0,0.0,32.0,0.0,4.035714285714286,0,0.88,0.0,0,1.2768884976219868,0.8034455776938371,1.7503314175501363,0
FOODS_3_635_CA_4_validation,FOODS_3_635,FOODS_3,FOODS,CA_4,CA,2016-04-25,11613,Monday,3,4,2016,,,0,0,0,1.0,0.0,0.0,0.0,2.0,0.0,0.4642857142857143,0,1.0,0.0,0,1.8965045100745357,1.1933212371585589,2.5996877829905123,0
FOODS_3_694_WI_1_validation,FOODS_3_694,FOODS_3,FOODS,WI_1,WI,2016-04-25,11613,Monday,3,4,2016,,,0,0,0,1.68,24.0,27.0,21.0,12.0,19.571428571428573,20.464285714285715,0,1.68,0.0,0,21.474845086371708,13.512432251084036,29.43725792165938,13
FOODS_3_694_WI_2_validation,FOODS_3_694,FOODS_3,FOODS,WI_2,WI,2016-04-25,11613,Monday,3,4,2016,,,0,0,0,1.68,29.0,38.0,45.0,30.0,32.285714285714285,36.857142857142854,0,1.68,0.0,0,31.78884883774515,20.00222420848004,43.575473467010255,24
FOODS_3_694_WI_3_validation,FOODS_3_694,FOODS_3,FOODS,WI_3,WI,2016-04-25,11613,Monday,3,4,2016,,,0,0,0,1.68,48.0,54.0,41.0,36.0,43.42857142857143,44.67857142857143,0,1.68,0.0,0,37.491276158349,23.59031355331493,51.39223876338308,42
FOODS_3_711_WI_2_validation,FOODS_3_711,FOODS_3,FOODS,WI_2,WI,2016-04-25,11613,Monday,3,4,2016,,,0,0,0,0.25,18.0,47.0,0.0,10.0,25.428571428571427,8.928571428571429,0,0.25,0.0,0,30.82994126145454,19.398859033664372,42.26102348924471,18
FOODS_3_714_CA_1_validation,FOODS_3_714,FOODS_3,FOODS,CA_1,CA,2016-04-25,11613,Monday,3,4,2016,,,0,0,0,1.58,27.0,15.0,7.0,11.0,15.714285714285714,18.75,0,1.58,0.0,0,14.242927373701194,8.961954808995749,19.52389993840664,10
FOODS_3_714_TX_1_validation,FOODS_3_714,FOODS_3,FOODS,TX_1,TX,2016-04-25,11613,Monday,3,4,2016,,,0,0,0,1.58,20.0,14.0,19.0,9.0,18.714285714285715,20.0,0,1.58,0.0,0,15.736729382100336,9.901887011246481,21.571571752954192,23
FOODS_3_714_WI_1_validation,FOODS_3_714,FOODS_3,FOODS,WI_1,WI,2016-04-25,11613,Monday,3,4,2016,,,0,0,0,1.58,15.0,16.0,15.0,9.0,16.428571428571427,17.071428571428573,0,1.58,0.0,0,13.32555851888866,8.384726686974252,18.266390350803068,17
FOODS_3_808_CA_4_validation,FOODS_3_808,FOODS_3,FOODS,CA_4,CA,2016-04-25,11613,Monday,3,4,2016,,,0,0,0,1.0,0.0,0.0,0.0,3.0,0.0,0.5357142857142857,0,1.0,0.0,0,1.8965045100745357,1.1933212371585589,2.5996877829905123,0
HOBBIES_1_008_TX_2_validation,HOBBIES_1_008,HOBBIES_1,HOBBIES,TX_2,TX,2016-04-25,11613,Monday,3,4,2016,,,0,0,0,0.48,2.0,0.0,1.0,6.0,1.2857142857142858,3.392857142857143,0,0.48,0.0,0,4.030556697664151,2.5361125583114323,5.5250008370168695,3
HOBBIES_1_015_CA_2_validation,HOBBIES_1_015,HOBBIES_1,HOBBIES,CA_2,CA,2016-04-25,11613,Monday,3,4,2016,,,0,0,0,0.7,0.0,2.0,0.0,1.0,7.714285714285714,6.857142857142857,0,0.7,0.0,0,2.7679844161910307,1.7416750502928544,3.7942937820892073,0
HOBBIES_1_048_WI_3_validation,HOBBIES_1_048,HOBBIES_1,HOBBIES,WI_3,WI,2016-04-25,11613,Monday,3,4,2016,,,0,0,0,0.48,2.0,5.0,4.0,4.0,5.428571428571429,5.035714285714286,0,0.48,0.0,0,3.6525214130556427,2.298244664445531,5.006798161665754,8
HOBBIES_1_103_WI_3_validation,HOBBIES_1_103,HOBBIES_1,HOBBIES,WI_3,WI,2016-04-25,11613,Monday,3,4,2016,,,0,0,0,0.7,0.0,1.0,0.0,0.0,3.857142857142857,3.7857142857142856,0,0.7,0.0,0,2.7679844161910307,1.7416750502928544,3.7942937820892073,0
HOBBIES_1_178_CA_4_validation,HOBBIES_1_178,HOBBIES_1,HOBBIES,CA_4,CA,2016-04-25,11613,Monday,3,4,2016,,,0,0,0,0.48,13.0,0.0,0.0,0.0,6.714285714285714,4.0,0,0.48,0.0,0,5.739704532802253,3.611544964762031,7.867864100842474,5
HOBBIES_1_178_WI_2_validation,HOBBIES_1_178,HOBBIES_1,HOBBIES,WI_2,WI,2016-04-25,11613,Monday,3,4,2016,,,0,0,0,0.48,6.0,9.0,2.0,7.0,7.285714285714286,3.857142857142857,0,0.48,0.0,0,5.806139453460608,3.65334723904581,7.958931667875405,4
HOBBIES_1_234_CA_3_validation,HOBBIES_1_234,HOBBIES_1,HOBBIES,CA_3,CA,2016-04-25,11613,Monday,3,4,2016,,,0,0,0,0.3,32.0,0.0,8.0,0.0,22.571428571428573,23.142857142857142,0,0.3,0.0,0,29.14440724488797,18.338284947371793,39.95052954240414,0
HOBBIES_1_254_CA_3_validation,HOBBIES_1_254,HOBBIES_1,HOBBIES,CA_3,CA,2016-04-25,11613,Monday,3,4,2016,,,0,0,0,0.7,9.0,36.0,8.0,9.0,15.571428571428571,14.821428571428571,0,0.7,0.0,0,10.909671618578164,6.8645989312008835,14.954744305955446,3
HOBBIES_1_254_TX_1_validation,HOBBIES_1_254,HOBBIES_1,HOBBIES,TX_1,TX,2016-04-25,11613,Monday,3,4,2016,,,0,0,0,0.7,0.0,1.0,0.0,1.0,2.857142857142857,3.25,0,0.7,0.0,0,2.7679844161910307,1.7416750502928544,3.7942937820892073,1
HOBBIES_1_348_CA_1_validation,HOBBIES_1_348,HOBBIES_1,HOBBIES,CA_1,CA,2016-04-25,11613,Monday,3,4,2016,,,0,0,0,0.48,26.0,2.0,3.0,1.0,9.142857142857142,6.607142857142857,0,0.48,0.0,0,5.776115207321522,3.6344553406310576,7.917775074011986,14
HOBBIES_1_348_CA_2_validation,HOBBIES_1_348,HOBBIES_1,HOBBIES,CA_2,CA,2016-04-25,11613,Monday,3,4,2016,,,0,0,0,0.48,3.0,1.0,10.0,3.0,5.285714285714286,5.535714285714286,0,0.48,0.0,0,4.762130165484621,2.996434245422838,6.527826085546403,4
HOBBIES_1_354_TX_3_validation,HOBBIES_1_354,HOBBIES_1,HOBBIES,TX_3,TX,2016-04-25,11613,Monday,3,4,2016,,,0,0,0,22.98,23.0,29.0,16.0,21.0,21.714285714285715,20.642857142857142,0,22.98,0.0,0,21.56213327502176,13.567355848004519,29.556910702039005,21
HOBBIES_1_370_WI_1_validation,HOBBIES_1_370,HOBBIES_1,HOBBIES,WI_1,WI,2016-04-25,11613,Monday,3,4,2016,,,0,0,0,0.48,6.0,7.0,5.0,3.0,5.285714285714286,6.035714285714286,0,0.48,0.0,0,5.109335813967004,3.2149034722527565,7.003768155681251,5
HOBBIES_1_371_CA_1_validation,HOBBIES_1_371,HOBBIES_1,HOBBIES,CA_1,CA,2016-04-25,11613,Monday,3,4,2016,,,0,0,0,0.48,2.0,15.0,0.0,5.0,12.857142857142858,10.928571428571429,0,0.48,0.0,0,5.294116927886895,3.3311717048327862,7.257062150941004,21
HOBBIES_1_371_CA_4_validation,HOBBIES_1_371,HOBBIES_1,HOBBIES,CA_4,CA,2016-04-25,11613,Monday,3,4,2016,,,0,0,0,0.48,9.0,16.0,2.0,14.0,7.714285714285714,8.642857142857142,0,0.48,0.0,0,8.915318058836755,5.60970897728843,12.220927140385081,7
HOBBIES_1_371_TX_1_validation,HOBBIES_1_371,HOBBIES_1,HOBBIES,TX_1,TX,2016-04-25,11613,Monday,3,4,2016,,,0,0,0,0.48,0.0,0.0,0.0,7.0,0.0,2.107142857142857,0,0.48,0.0,0,2.548241727702339,1.6034082465542396,3.493075208850438,0
HOBBIES_1_371_TX_2_validation,HOBBIES_1_371,HOBBIES_1,HOBBIES,TX_2,TX,2016-04-25,11613,Monday,3,4,2016,,,0,0,0,0.48,2.0,0.0,0.0,1.0,1.4285714285714286,2.9642857142857144,0,0.48,0.0,0,3.4828674269969575,2.1914947445497566,4.774240109444158,0
HOBBIES_1_371_TX_3_validation,HOBBIES_1_371,HOBBIES_1,HOBBIES,TX_3,TX,2016-04-25,11613,Monday,3,4,2016,,,0,0,0,0.48,1.0,0.0,2.0,2.0,3.4285714285714284,4.035714285714286,0,0.48,0.0,0,3.243667970559959,2.040985325897314,4.446350615222604,2
HOBBIES_1_371_WI_1_validation,HOBBIES_1_371,HOBBIES_1,HOBBIES,WI_1,WI,2016-04-25,11613,Monday,3,4,2016,,,0,0,0,0.48,3.0,11.0,1.0,8.0,9.857142857142858,7.464285714285714,0,0.48,0.0,0,5.7917995386327625,3.6443242576544077,7.939274819611117,30
HOBBIES_1_371_WI_2_validation,HOBBIES_1_371,HOBBIES_1,HOBBIES,WI_2,WI,2016-04-25,11613,Monday,3,4,2016,,,0,0,0,0.48,4.0,6.0,0.0,6.0,3.5714285714285716,3.8214285714285716,0,0.48,0.0,0,4.9687296669993835,3.1264310745546857,6.811028259444081,5
HOUSEHOLD_1_110_CA_1_validation,HOUSEHOLD_1_110,HOUSEHOLD_1,HOUSEHOLD,CA_1,CA,2016-04-25,11613,Monday,3,4,2016,,,0,0,0,3.97,13.0,15.0,8.0,6.0,11.142857142857142,7.178571428571429,0,3.97,0.0,0,9.902157059414323,6.230649202207408,13.573664916621238,7
HOUSEHOLD_1_110_CA_4_validation,HOUSEHOLD_1_110,HOUSEHOLD_1,HOUSEHOLD,CA_4,CA,2016-04-25,11613,Monday,3,4,2016,,,0,0,0,3.97,8.0,7.0,3.0,8.0,6.0,5.464285714285714,0,3.97,0.0,0,6.4483306102219276,4.0574276625870045,8.83923355785685,5
HOUSEHOLD_1_110_WI_2_validation,HOUSEHOLD_1_110,HOUSEHOLD_1,HOUSEHOLD,WI_2,WI,2016-04-25,11613,Monday,3,4,2016,,,0,0,0,3.97,26.0,11.0,19.0,22.0,24.285714285714285,24.607142857142858,0,3.97,0.0,0,18.146052020954862,11.417884393187329,24.874219648722395,25
HOUSEHOLD_1_110_WI_3_validation,HOUSEHOLD_1_110,HOUSEHOLD_1,HOUSEHOLD,WI_3,WI,2016-04-25,11613,Monday,3,4,2016,,,0,0,0,3.97,17.0,16.0,19.0,14.0,15.0,13.428571428571429,0,3.97,0.0,0,15.562840101618216,9.792472153432417,21.333208049804014,12
HOUSEHOLD_1_118_CA_1_validation,HOUSEHOLD_1_118,HOUSEHOLD_1,HOUSEHOLD,CA_1,CA,2016-04-25,11613,Monday,3,4,2016,,,0,0,0,0.97,9.0,11.0,7.0,5.0,8.571428571428571,8.964285714285714,0,0.97,0.0,0,6.718010399089204,4.227115958912284,9.208904839266124,5
HOUSEHOLD_1_118_CA_3_validation,HOUSEHOLD_1_118,HOUSEHOLD_1,HOUSEHOLD,CA_3,CA,2016-04-25,11613,Monday,3,4,2016,,,0,0,0,0.97,31.0,13.0,16.0,16.0,25.142857142857142,23.25,0,0.97,0.0,0,16.41299396194151,10.327407162016312,22.498580761866705,24
HOUSEHOLD_1_118_TX_3_validation,HOUSEHOLD_1_118,HOUSEHOLD_1,HOUSEHOLD,TX_3,TX,2016-04-25,11613,Monday,3,4,2016,,,0,0,0,0.97,11.0,5.0,6.0,1.0,6.428571428571429,6.428571428571429,0,0.97,0.0,0,5.647096144311005,3.553273784209293,7.740918504412718,5
HOUSEHOLD_1_151_CA_4_validation,HOUSEHOLD_1_151,HOUSEHOLD_1,HOUSEHOLD,CA_4,CA,2016-04-25,11613,Monday,3,4,2016,,,0,0,0,0.88,8.0,5.0,7.0,3.0,3.857142857142857,3.4285714285714284,0,0.88,0.0,0,5.03797342101336,3.1700007269159207,6.9059461151108,4
HOUSEHOLD_1_191_CA_2_validation,HOUSEHOLD_1_191,HOUSEHOLD_1,HOUSEHOLD,CA_2,CA,2016-04-25,11613,Monday,3,4,2016,,,0,0,0,2.96,8.0,10.0,10.0,6.0,10.285714285714286,10.821428571428571,0,2.96,0.0,0,7.684120289410601,4.835012983899659,10.533227594921543,15
HOUSEHOLD_1_191_CA_4_validation,HOUSEHOLD_1_191,HOUSEHOLD_1,HOUSEHOLD,CA_4,CA,2016-04-25,11613,Monday,3,4,2016,,,0,0,0,2.96,5.0,2.0,2.0,5.0,4.285714285714286,4.571428571428571,0,2.96,0.0,0,4.785628746603275,3.011220055708563,6.5600374374979875,8
HOUSEHOLD_1_234_CA_2_validation,HOUSEHOLD_1_234,HOUSEHOLD_1,HOUSEHOLD,CA_2,CA,2016-04-25,11613,Monday,3,4,2016,,,0,0,0,0.97,3.0,17.0,5.0,5.0,8.571428571428571,6.428571428571429,0,0.97,0.0,0,7.6946962506478025,4.841667605114993,10.547724896180613,0
HOUSEHOLD_1_234_TX_1_validation,HOUSEHOLD_1_234,HOUSEHOLD_1,HOUSEHOLD,TX_1,TX,2016-04-25,11613,Monday,3,4,2016,,,0,0,0,0.97,11.0,9.0,12.0,12.0,11.571428571428571,11.071428571428571,0,0.97,0.0,0,9.382382338782918,5.903595820908971,12.861168856656866,3
HOUSEHOLD_1_234_TX_2_validation,HOUSEHOLD_1_234,HOUSEHOLD_1,HOUSEHOLD,TX_2,TX,2016-04-25,11613,Monday,3,4,2016,,,0,0,0,0.97,0.0,0.0,0.0,6.0,1.7142857142857142,2.5357142857142856,0,0.97,0.0,0,1.897606208397324,1.1940144493278637,2.601197967466784,0
HOUSEHOLD_1_303_CA_2_validation,HOUSEHOLD_1_303,HOUSEHOLD_1,HOUSEHOLD,CA_2,CA,2016-04-25,11613,Monday,3,4,2016,,,0,0,0,0.98,6.0,2.0,8.0,8.0,5.142857142857143,8.035714285714286,0,0.98,0.0,0,5.612782572459031,3.5316829502322524,7.693882194685808,4
HOUSEHOLD_1_303_CA_3_validation,HOUSEHOLD_1_303,HOUSEHOLD_1,HOUSEHOLD,CA_3,CA,2016-04-25,11613,Monday,3,4,2016,,,0,0,0,0.98,14.0,5.0,11.0,6.0,11.285714285714286,12.107142857142858,0,0.98,0.0,0,8.551935392398754,5.38106082445133,11.722809960346178,8
HOUSEHOLD_1_303_WI_1_validation,HOUSEHOLD_1_303,HOUSEHOLD_1,HOUSEHOLD,WI_1,WI,2016-04-25,11613,Monday,3,4,2016,,,0,0,0,0.98,1.0,5.0,5.0,10.0,3.857142857142857,5.035714285714286,0,0.98,0.0,0,4.609751608465462,2.9005543953024753,6.3189488216284495,1
HOUSEHOLD_1_327_CA_2_validation,HOUSEHOLD_1_327,HOUSEHOLD_1,HOUSEHOLD,CA_2,CA,2016-04-25,11613,Monday,3,4,2016,,,0,0,0,0.98,3.0,1.0,3.0,20.0,1.4285714285714286,5.392857142857143,0,0.98,0.0,0,5.089115599361882,3.202180480358977,6.976050718364788,0
HOUSEHOLD_1_327_WI_1_validation,HOUSEHOLD_1_327,HOUSEHOLD_1,HOUSEHOLD,WI_1,WI,2016-04-25,11613,Monday,3,4,2016,,,0,0,0,0.98,0.0,3.0,4.0,15.0,3.0,5.357142857142857,0,0.98,0.0,0,2.1864375316770324,1.375753301091912,2.9971217622621524,0
HOUSEHOLD_1_334_CA_1_validation,HOUSEHOLD_1_334,HOUSEHOLD_1,HOUSEHOLD,CA_1,CA,2016-04-25,11613,Monday,3,4,2016,,,0,0,0,0.97,9.0,7.0,14.0,15.0,9.428571428571429,14.642857142857142,0,0.97,0.0,0,9.32583347701624,5.868014066515638,12.78365288751684,10
HOUSEHOLD_1_334_CA_3_validation,HOUSEHOLD_1_334,HOUSEHOLD_1,HOUSEHOLD,CA_3,CA,2016-04-25,11613,Monday,3,4,2016,,,0,0,0,0.97,29.0,19.0,22.0,7.0,23.142857142857142,23.035714285714285,0,0.97,0.0,0,18.124915417716846,11.404584789948142,24.84524604548555,15
HOUSEHOLD_1_334_TX_1_validation,HOUSEHOLD_1_334,HOUSEHOLD_1,HOUSEHOLD,TX_1,TX,2016-04-25,11613,Monday,3,4,2016,,,0,0,0,0.96,16.0,6.0,11.0,16.0,8.714285714285714,10.607142857142858,0,0.96,0.0,0,11.047220123106454,6.951147394819648,15.14329285139326,22
HOUSEHOLD_1_334_TX_2_validation,HOUSEHOLD_1_334,HOUSEHOLD_1,HOUSEHOLD,TX_2,TX,2016-04-25,11613,Monday,3,4,2016,,,0,0,0,0.96,0.0,11.0,10.0,27.0,9.714285714285714,14.821428571428571,0,0.96,0.0,0,4.4975543906436695,2.8299575039871003,6.165151277300239,0
HOUSEHOLD_1_334_TX_3_validation,HOUSEHOLD_1_334,HOUSEHOLD_1,HOUSEHOLD,TX_3,TX,2016-04-25,11613,Monday,3,4,2016,,,0,0,0,0.96,14.0,13.0,8.0,9.0,11.714285714285714,10.892857142857142,0,0.96,0.0,0,9.799033584018902,6.165761703872844,13.43230546416496,10
HOUSEHOLD_1_334_WI_2_validation,HOUSEHOLD_1_334,HOUSEHOLD_1,HOUSEHOLD,WI_2,WI,2016-04-25,11613,Monday,3,4,2016,,,0,0,0,0.97,15.0,12.0,8.0,24.0,20.142857142857142,21.392857142857142,0,0.97,0.0,0,12.595480165516193,7.925345757880192,17.265614573152195,9
HOUSEHOLD_1_334_WI_3_validation,HOUSEHOLD_1_334,HOUSEHOLD_1,HOUSEHOLD,WI_3,WI,2016-04-25,11613,Monday,3,4,2016,,,0,0,0,0.97,12.0,17.0,7.0,12.0,12.857142857142858,12.285714285714286,0,0.97,0.0,0,10.534658179463463,6.628632447209841,14.440683911717084,5
HOUSEHOLD_1_389_WI_1_validation,HOUSEHOLD_1_389,HOUSEHOLD_1,HOUSEHOLD,WI_1,WI,2016-04-25,11613,Monday,3,4,2016,,,0,0,0,0.98,0.0,12.0,3.0,6.0,1.7142857142857142,3.2857142857142856,0,0.98,0.0,0,4.221860318557335,2.6564848919096233,5.787235745205046,0
HOUSEHOLD_1_399_CA_4_validation,HOUSEHOLD_1_399,HOUSEHOLD_1,HOUSEHOLD,CA_4,CA,2016-04-25,11613,Monday,3,4,2016,,,0,0,0,0.97,0.0,0.0,6.0,4.0,2.4285714285714284,2.0357142857142856,0,0.97,0.0,0,2.028278737339062,1.2762364019101247,2.7803210727679994,1
HOUSEHOLD_1_409_WI_2_validation,HOUSEHOLD_1_409,HOUSEHOLD_1,HOUSEHOLD,WI_2,WI,2016-04-25,11613,Monday,3,4,2016,,,0,0,0,2.94,15.0,9.0,4.0,13.0,11.857142857142858,12.392857142857142,0,2.94,0.0,0,10.22348688062371,6.432836804580394,14.014136956667027,10
HOUSEHOLD_1_441_WI_3_validation,HOUSEHOLD_1_441,HOUSEHOLD_1,HOUSEHOLD,WI_3,WI,2016-04-25,11613,Monday,3,4,2016,,,0,0,0,2.77,6.0,12.0,0.0,11.0,5.857142857142857,5.821428571428571,0,2.77,0.0,0,7.417034529770567,4.66695690629584,10.167112153245293,3
HOUSEHOLD_1_459_CA_3_validation,HOUSEHOLD_1_459,HOUSEHOLD_1,HOUSEHOLD,CA_3,CA,2016-04-25,11613,Monday,3,4,2016,,,0,0,0,0.97,35.0,37.0,16.0,32.0,27.428571428571427,27.142857142857142,0,0.97,0.0,0,26.509686100631654,16.680462000613712,36.33891020064959,18
HOUSEHOLD_1_459_TX_1_validation,HOUSEHOLD_1_459,HOUSEHOLD_1,HOUSEHOLD,TX_1,TX,2016-04-25,11613,Monday,3,4,2016,,,0,0,0,0.96,10.0,3.0,13.0,10.0,7.857142857142857,7.785714285714286,0,0.96,0.0,0,8.341828650731436,5.248857164734252,11.43480013672862,8
HOUSEHOLD_1_459_TX_3_validation,HOUSEHOLD_1_459,HOUSEHOLD_1,HOUSEHOLD,TX_3,TX,2016-04-25,11613,Monday,3,4,2016,,,0,0,0,0.96,0.0,1.0,4.0,0.0,0.14285714285714285,2.642857142857143,0,0.96,0.0,0,2.4307087577439814,1.5294539857694263,3.3319635297185366,0
HOUSEHOLD_1_459_WI_1_validation,HOUSEHOLD_1_459,HOUSEHOLD_1,HOUSEHOLD,WI_1,WI,2016-04-25,11613,Monday,3,4,2016,,,0,0,0,0.97,4.0,5.0,10.0,10.0,5.142857142857143,8.107142857142858,0,0.97,0.0,0,6.425953930394732,4.043347776610967,8.808560084178497,3
HOUSEHOLD_1_459_WI_2_validation,HOUSEHOLD_1_459,HOUSEHOLD_1,HOUSEHOLD,WI_2,WI,2016-04-25,11613,Monday,3,4,2016,,,0,0,0,0.97,26.0,13.0,7.0,31.0,27.571428571428573,29.357142857142858,0,0.97,0.0,0,16.96054811595279,10.671939957485579,23.249156274420002,44
HOUSEHOLD_1_459_WI_3_validation,HOUSEHOLD_1_459,HOUSEHOLD_1,HOUSEHOLD,WI_3,WI,2016-04-25,11613,Monday,3,4,2016,,,0,0,0,0.97,15.0,13.0,3.0,9.0,11.428571428571429,13.071428571428571,0,0.97,0.0,0,10.02994724431217,6.311057522213474,13.748836966410867,3
HOUSEHOLD_1_474_TX_2_validation,HOUSEHOLD_1_474,HOUSEHOLD_1,HOUSEHOLD,TX_2,TX,2016-04-25,11613,Monday,3,4,2016,,,0,0,0,0.97,3.0,15.0,55.0,4.0,10.857142857142858,10.642857142857142,0,0.97,0.0,0,11.070368930530936,6.965713120009219,15.175024741052653,8
HOUSEHOLD_1_521_TX_1_validation,HOUSEHOLD_1_521,HOUSEHOLD_1,HOUSEHOLD,TX_1,TX,2016-04-25,11613,Monday,3,4,2016,,,0,0,0,0.94,34.0,4.0,17.0,11.0,12.428571428571429,7.035714285714286,0,0.94,0.0,0,16.83331299893979,10.591880898075274,23.074745099804304,3
HOUSEHOLD_1_521_TX_2_validation,HOUSEHOLD_1_521,HOUSEHOLD_1,HOUSEHOLD,TX_2,TX,2016-04-25,11613,Monday,3,4,2016,,,0,0,0,0.94,1.0,5.0,15.0,0.0,5.142857142857143,6.928571428571429,0,0.94,0.0,0,4.250049528183309,2.674222146066782,5.8258769102998365,0
HOUSEHOLD_1_521_TX_3_validation,HOUSEHOLD_1_521,HOUSEHOLD_1,HOUSEHOLD,TX_3,TX,2016-04-25,11613,Monday,3,4,2016,,,0,0,0,0.94,9.0,3.0,4.0,12.0,6.0,7.607142857142857,0,0.94,0.0,0,6.180059955264317,3.8886260234837207,8.471493887044915,7
HOUSEHOLD_1_535_CA_1_validation,HOUSEHOLD_1_535,HOUSEHOLD_1,HOUSEHOLD,CA_1,CA,2016-04-25,11613,Monday,3,4,2016,,,0,0,0,6.97,11.0,17.0,6.0,7.0,7.857142857142857,8.142857142857142,0,6.97,0.0,0,11.404586935037559,7.176010243216605,15.633163626858513,10
FOODS_1_218_CA_2_validation,FOODS_1_218,FOODS_1,FOODS,CA_2,CA,2016-04-26,11613,Tuesday,4,4,2016,,,0,0,0,0.98,9.84588873440915,11.0,17.0,14.0,4.977984104915593,10.173067454800327,1,0.98,0.0,0,13.14924191513712,8.273784505396147,18.024699324878092,0
FOODS_2_360_WI_2_validation,FOODS_2_360,FOODS_2,FOODS,WI_2,WI,2016-04-26,11613,Tuesday,4,4,2016,,,0,0,0,0.94,22.9563853480162,43.0,123.0,24.0,42.13662647828803,66.17701376242916,1,0.94,0.0,0,24.480176462006007,15.40345108926355,33.556901834748466,35
FOODS_3_007_WI_2_validation,FOODS_3_007,FOODS_3,FOODS,WI_2,WI,2016-04-26,11613,Tuesday,4,4,2016,,,0,0,0,0.25,31.742549507057994,39.0,1.0,0.0,30.96322135815114,32.562233910966356,1,0.25,0.0,0,33.78186106129353,21.25627016494519,46.307451957641874,42
FOODS_3_030_TX_3_validation,FOODS_3_030,FOODS_3,FOODS,TX_3,TX,2016-04-26,11613,Tuesday,4,4,2016,,,0,0,0,1.25,15.929534958564926,21.0,4.0,20.0,19.561362136937845,19.176054819948746,1,1.25,0.0,0,14.776517828661744,9.297701346094412,20.255334311229074,24
FOODS_3_080_CA_2_validation,FOODS_3_080,FOODS_3,FOODS,CA_2,CA,2016-04-26,11613,Tuesday,4,4,2016,,,0,0,0,1.68,13.865399399887016,11.0,9.0,13.0,14.266485628555287,14.280907121424535,1,1.68,0.0,0,11.738940978530191,7.386392965066243,16.09148899199414,15
FOODS_3_090_CA_1_validation,FOODS_3_090,FOODS_3,FOODS,CA_1,CA,2016-04-26,11613,Tuesday,4,4,2016,,,0,0,0,1.6,31.952749491438713,45.0,26.0,47.0,54.7075356416341,51.069741053265666,1,1.6,0.0,0,36.85710709039946,23.19128079978697,50.522933381011946,35
FOODS_3_090_CA_2_validation,FOODS_3_090,FOODS_3,FOODS,CA_2,CA,2016-04-26,11613,Tuesday,4,4,2016,,,0,0,0,1.6,49.19081135628468,29.0,34.0,18.0,52.31297305089781,48.50681469129588,1,1.6,0.0,0,33.94725323506379,21.36033846131434,46.53416800881324,31
FOODS_3_090_CA_3_validation,FOODS_3_090,FOODS_3,FOODS,CA_3,CA,2016-04-26,11613,Tuesday,4,4,2016,,,0,0,0,1.6,91.54546145842949,100.0,84.0,62.0,109.50649449406136,111.44805219494391,1,1.6,0.0,0,87.6925133265343,55.1780066625049,120.2070199905637,117
FOODS_3_090_CA_4_validation,FOODS_3_090,FOODS_3,FOODS,CA_4,CA,2016-04-26,11613,Tuesday,4,4,2016,,,0,0,0,1.6,22.49079519622489,19.0,26.0,20.0,23.498685028032128,26.767528399865174,1,1.6,0.0,0,21.87108228838816,13.761753181040556,29.98041139573576,21
FOODS_3_090_TX_1_validation,FOODS_3_090,FOODS_3,FOODS,TX_1,TX,2016-04-26,11613,Tuesday,4,4,2016,,,0,0,0,1.5,42.42687198063126,34.0,35.0,35.0,46.632410282947326,51.872388285022545,1,1.5,0.0,0,35.57137947541321,22.382273460224138,48.760485490602285,52
FOODS_3_090_TX_2_validation,FOODS_3_090,FOODS_3,FOODS,TX_2,TX,2016-04-26,11613,Tuesday,4,4,2016,,,0,0,0,1.5,49.88513029322748,61.0,48.0,23.0,57.412161470461065,61.7816117961867,1,1.5,0.0,0,44.823864701977065,28.20413523735249,61.44359416660164,45
FOODS_3_090_TX_3_validation,FOODS_3_090,FOODS_3,FOODS,TX_3,TX,2016-04-26,11613,Tuesday,4,4,2016,,,0,0,0,1.5,60.057268868412564,46.0,43.0,10.0,62.86532412405894,62.18061674530045,1,1.5,0.0,0,47.274147555102616,29.74590566296844,64.80238944723679,83
FOODS_3_090_WI_1_validation,FOODS_3_090,FOODS_3,FOODS,WI_1,WI,2016-04-26,11613,Tuesday,4,4,2016,,,0,0,0,1.38,14.91052509367269,11.0,20.0,15.0,20.558646441953243,21.38966161048831,1,1.38,0.0,0,15.226735260210207,9.58098779205422,20.872482728366194,6
FOODS_3_090_WI_3_validation,FOODS_3_090,FOODS_3,FOODS,WI_3,WI,2016-04-26,11613,Tuesday,4,4,2016,,,0,0,0,1.38,52.09073647959066,61.0,52.0,63.0,82.15581949708438,82.2532405885568,1,1.38,0.0,0,50.121162307036414,31.537308292352527,68.7050163217203,49
FOODS_3_120_CA_1_validation,FOODS_3_120,FOODS_3,FOODS,CA_1,CA,2016-04-26,11613,Tuesday,4,4,2016,,,0,0,0,4.98,40.332258191054535,43.0,0.0,62.0,47.904608313007785,38.47615207825195,1,4.98,0.0,0,44.865526591966635,28.23034979041082,61.50070339352245,30
FOODS_3_120_CA_3_validation,FOODS_3_120,FOODS_3,FOODS,CA_3,CA,2016-04-26,11613,Tuesday,4,4,2016,,,0,0,0,4.98,67.75725005682376,71.0,86.0,58.0,70.82246429383197,67.81275893060085,1,4.98,0.0,0,68.85837616775365,43.327164370415225,94.38958796509206,82
FOODS_3_226_WI_1_validation,FOODS_3_226,FOODS_3,FOODS,WI_1,WI,2016-04-26,11613,Tuesday,4,4,2016,,,0,0,0,1.68,32.89769036029934,27.0,26.0,25.0,33.98538433718562,36.889203227153544,1,1.68,0.0,0,28.50722611120938,17.93735693760632,39.07709528481244,17
FOODS_3_226_WI_2_validation,FOODS_3_226,FOODS_3,FOODS,WI_2,WI,2016-04-26,11613,Tuesday,4,4,2016,,,0,0,0,1.68,34.84186010949206,31.0,38.0,34.0,40.69169430135601,45.10149500391043,1,1.68,0.0,0,33.73097544083493,21.224251843218735,46.23769903845113,32
FOODS_3_226_WI_3_validation,FOODS_3_226,FOODS_3,FOODS,WI_3,WI,2016-04-26,11613,Tuesday,4,4,2016,,,0,0,0,1.68,42.16177168738041,38.0,45.0,50.0,41.8802530981972,45.75577756026359,1,1.68,0.0,0,41.270843141496925,25.968498010190526,56.57318827280333,29
FOODS_3_234_WI_2_validation,FOODS_3_234,FOODS_3,FOODS,WI_2,WI,2016-04-26,11613,Tuesday,4,4,2016,,,0,0,0,0.25,17.832948320972324,57.0,0.0,0.0,38.40470690299605,9.815462440034725,1,0.25,0.0,0,22.255856662677424,14.00386145440065,30.507851870954198,38
FOODS_3_252_CA_1_validation,FOODS_3_252,FOODS_3,FOODS,CA_1,CA,2016-04-26,11613,Tuesday,4,4,2016,,,0,0,0,1.58,30.763499453474868,46.0,18.0,28.0,38.53764277906784,37.7772678376241,1,1.58,0.0,0,29.37028005980903,18.480408957892337,40.26015116172572,27
FOODS_3_252_CA_2_validation,FOODS_3_252,FOODS_3,FOODS,CA_2,CA,2016-04-26,11613,Tuesday,4,4,2016,,,0,0,0,1.58,32.37822082367697,37.0,16.0,35.0,31.911174403382425,35.15636502941704,1,1.58,0.0,0,31.632699205134166,19.903971516868005,43.36142689340033,23
FOODS_3_252_CA_3_validation,FOODS_3_252,FOODS_3,FOODS,CA_3,CA,2016-04-26,11613,Tuesday,4,4,2016,,,0,0,0,1.58,41.57774664099588,56.0,35.0,43.0,43.93967809157084,46.05634809432128,1,1.58,0.0,0,41.33651648044862,26.009821080960915,56.663211879936334,38
FOODS_3_252_CA_4_validation,FOODS_3_252,FOODS_3,FOODS,CA_4,CA,2016-04-26,11613,Tuesday,4,4,2016,,,0,0,0,1.58,13.892120129762471,12.0,16.0,6.0,14.12744573282321,16.7818614332058,1,1.58,0.0,0,13.026622758881981,8.196629907310868,17.856615610453094,9
FOODS_3_252_TX_1_validation,FOODS_3_252,FOODS_3,FOODS,TX_1,TX,2016-04-26,11613,Tuesday,4,4,2016,,,0,0,0,1.58,24.37472679313074,31.0,23.0,9.0,32.91067525616153,30.120525956897527,1,1.58,0.0,0,23.590482653086006,14.84363669857117,32.337328607600845,32
FOODS_3_252_TX_2_validation,FOODS_3_252,FOODS_3,FOODS,TX_2,TX,2016-04-26,11613,Tuesday,4,4,2016,,,0,0,0,1.58,36.309705066067224,32.0,37.0,29.0,48.32995786658103,48.68963232378811,1,1.58,0.0,0,33.78079194417167,21.255597453564988,46.30598643477835,42
FOODS_3_252_TX_3_validation,FOODS_3_252,FOODS_3,FOODS,TX_3,TX,2016-04-26,11613,Tuesday,4,4,2016,,,0,0,0,1.58,22.921062966613103,43.0,32.0,18.0,33.13158042380187,32.64003796309333,1,1.58,0.0,0,28.938618916830418,18.20879852594442,39.66843930771642,22
FOODS_3_318_WI_3_validation,FOODS_3_318,FOODS_3,FOODS,WI_3,WI,2016-04-26,11613,Tuesday,4,4,2016,,,0,0,0,1.48,19.41751861038277,14.0,22.0,11.0,22.345359801483255,22.907768521799387,1,1.48,0.0,0,16.79780189315213,10.569536550109694,23.026067236194567,22
FOODS_3_377_TX_2_validation,FOODS_3_377,FOODS_3,FOODS,TX_2,TX,2016-04-26,11613,Tuesday,4,4,2016,,,0,0,0,1.68,22.029898646160067,25.0,27.0,22.0,27.43284266373715,26.715353523077145,1,1.68,0.0,0,24.259898233836513,15.264847312493208,33.254949155179816,26
FOODS_3_377_TX_3_validation,FOODS_3_377,FOODS_3,FOODS,TX_3,TX,2016-04-26,11613,Tuesday,4,4,2016,,,0,0,0,1.68,35.23133947718986,43.0,56.0,27.0,44.175905639598554,41.75826212418536,1,1.68,0.0,0,36.8108599285149,23.162181095493104,50.4595387615367,39
FOODS_3_491_WI_1_validation,FOODS_3_491,FOODS_3,FOODS,WI_1,WI,2016-04-26,11613,Tuesday,4,4,2016,,,0,0,0,1.38,20.34764546938658,17.0,7.0,9.0,18.62109220991237,18.86955876676381,1,1.38,0.0,0,16.044945108417853,10.09582294437352,21.994067272462186,7
FOODS_3_541_CA_3_validation,FOODS_3_541,FOODS_3,FOODS,CA_3,CA,2016-04-26,11613,Tuesday,4,4,2016,,,0,0,0,1.0,1.3245393063996143,0.0,0.0,21.0,0.1892199009142306,1.404447832371415,1,1.0,0.0,0,5.0688183609696,3.1894090234494286,6.948227698489772,0
FOODS_3_555_CA_2_validation,FOODS_3_555,FOODS_3,FOODS,CA_2,CA,2016-04-26,11613,Tuesday,4,4,2016,,,0,0,0,1.68,24.146987362752494,22.0,14.0,19.0,22.306712480393212,20.29096383438402,1,1.68,0.0,0,20.2966076771041,12.771060050055913,27.822155304152282,15
FOODS_3_555_TX_1_validation,FOODS_3_555,FOODS_3,FOODS,TX_1,TX,2016-04-26,11613,Tuesday,4,4,2016,,,0,0,0,1.68,23.73186223898636,35.0,26.0,13.0,29.533123176998053,28.74042365139237,1,1.68,0.0,0,25.077074191791535,15.779031918932553,34.37511646465052,33
FOODS_3_555_TX_2_validation,FOODS_3_555,FOODS_3,FOODS,TX_2,TX,2016-04-26,11613,Tuesday,4,4,2016,,,0,0,0,1.68,30.52263936740918,28.0,32.0,33.0,36.21751990962988,42.01866569169319,1,1.68,0.0,0,31.60063681225947,19.88379717289558,43.317476451623364,38
FOODS_3_555_TX_3_validation,FOODS_3_555,FOODS_3,FOODS,TX_3,TX,2016-04-26,11613,Tuesday,4,4,2016,,,0,0,0,1.68,16.814062315922087,28.0,23.0,24.0,29.83058033084601,27.63621651128293,1,1.68,0.0,0,22.759683991235317,14.320880395212642,31.19848758725799,29
FOODS_3_555_WI_3_validation,FOODS_3_555,FOODS_3,FOODS,WI_3,WI,2016-04-26,11613,Tuesday,4,4,2016,,,0,0,0,1.68,25.481457284423513,30.0,17.0,24.0,28.068779612060503,27.41005204587227,1,1.68,0.0,0,24.49879475604881,15.415166118446404,33.58242339365121,15
FOODS_3_586_CA_1_validation,FOODS_3_586,FOODS_3,FOODS,CA_1,CA,2016-04-26,11613,Tuesday,4,4,2016,,,0,0,0,1.68,33.69051777883848,40.0,29.0,32.0,38.81293111126264,38.63180420638709,1,1.68,0.0,0,34.105898052151055,21.460161176414513,46.751634927887594,29
FOODS_3_586_CA_2_validation,FOODS_3_586,FOODS_3,FOODS,CA_2,CA,2016-04-26,11613,Tuesday,4,4,2016,,,0,0,0,1.68,27.929751605542382,45.0,24.0,27.0,36.275678800791766,32.818919700197945,1,1.68,0.0,0,30.088339931463125,18.932227601003554,41.244452261922696,32
FOODS_3_586_CA_3_validation,FOODS_3_586,FOODS_3,FOODS,CA_3,CA,2016-04-26,11613,Tuesday,4,4,2016,,,0,0,0,1.68,69.58650933496875,75.0,60.0,53.0,67.94092990499554,67.27094676196317,1,1.68,0.0,0,62.51632520937645,39.33661013995054,85.69604027880236,61
FOODS_3_586_CA_4_validation,FOODS_3_586,FOODS_3,FOODS,CA_4,CA,2016-04-26,11613,Tuesday,4,4,2016,,,0,0,0,1.68,15.72639514190349,20.0,15.0,12.0,16.103770734557642,16.27594268363941,1,1.68,0.0,0,15.5204497593633,9.765799242614388,21.275100276112212,15
FOODS_3_586_TX_1_validation,FOODS_3_586,FOODS_3,FOODS,TX_1,TX,2016-04-26,11613,Tuesday,4,4,2016,,,0,0,0,1.68,48.278822882806764,81.0,39.0,22.0,56.75411755468668,53.72424367438595,1,1.68,0.0,0,48.85918525883731,30.743245317852416,66.9751251998222,47
FOODS_3_586_TX_2_validation,FOODS_3_586,FOODS_3,FOODS,TX_2,TX,2016-04-26,11613,Tuesday,4,4,2016,,,0,0,0,1.68,58.5426358300446,67.0,53.0,51.0,70.93466226143495,75.98366556535873,1,1.68,0.0,0,51.91536903626492,32.666261575863054,71.16447649666678,75
FOODS_3_586_TX_3_validation,FOODS_3_586,FOODS_3,FOODS,TX_3,TX,2016-04-26,11613,Tuesday,4,4,2016,,,0,0,0,1.68,40.934327811109554,55.0,43.0,46.0,54.13347540158708,58.104797421825346,1,1.68,0.0,0,44.902656049176656,28.25371243973621,61.5515996586171,47
FOODS_3_586_WI_1_validation,FOODS_3_586,FOODS_3,FOODS,WI_1,WI,2016-04-26,11613,Tuesday,4,4,2016,,,0,0,0,1.68,12.011603178218207,19.0,11.0,9.0,14.573086168316888,14.286128684936363,1,1.68,0.0,0,12.741169811839205,8.017016802197686,17.465322821480726,6
FOODS_3_586_WI_3_validation,FOODS_3_586,FOODS_3,FOODS,WI_3,WI,2016-04-26,11613,Tuesday,4,4,2016,,,0,0,0,1.68,31.47197441023093,22.0,16.0,24.0,33.638853487175844,31.445427657508247,1,1.68,0.0,0,25.41411602326998,15.991105854521685,34.837126192018275,17
FOODS_3_587_CA_1_validation,FOODS_3_587,FOODS_3,FOODS,CA_1,CA,2016-04-26,11613,Tuesday,4,4,2016,,,0,0,0,2.48,23.655472035413332,10.0,16.0,26.0,18.522210290773334,22.451981144121905,1,2.48,0.0,0,20.047682485818594,12.614430990833126,27.480933980804064,13
FOODS_3_587_CA_4_validation,FOODS_3_587,FOODS_3,FOODS,CA_4,CA,2016-04-26,11613,Tuesday,4,4,2016,,,0,0,0,2.48,15.949791957647248,28.0,10.0,15.0,18.849970279663893,15.8910639984874,1,2.48,0.0,0,15.76462376267127,9.919438752650656,21.609808772691885,14
FOODS_3_587_TX_1_validation,FOODS_3_587,FOODS_3,FOODS,TX_1,TX,2016-04-26,11613,Tuesday,4,4,2016,,,0,0,0,2.48,23.34327206238683,28.0,32.0,27.0,23.191896008912405,23.369402573656675,1,2.48,0.0,0,26.851908498365574,16.89579565939376,36.80802133733739,14
FOODS_3_587_TX_2_validation,FOODS_3_587,FOODS_3,FOODS,TX_2,TX,2016-04-26,11613,Tuesday,4,4,2016,,,0,0,0,2.48,29.559541073997465,30.0,23.0,22.0,30.508505867713925,28.484269324071338,1,2.48,0.0,0,26.421632743757677,16.625056943466397,36.218208544048956,24
FOODS_3_635_CA_3_validation,FOODS_3_635,FOODS_3,FOODS,CA_3,CA,2016-04-26,11613,Tuesday,4,4,2016,,,0,0,0,0.88,1.2768884976219868,0.0,0.0,28.0,0.18241264251742667,2.9384603034864996,1,0.88,0.0,0,4.591433210772973,2.8890280673232684,6.293838354222677,0
FOODS_3_635_CA_4_validation,FOODS_3_635,FOODS_3,FOODS,CA_4,CA,2016-04-26,11613,Tuesday,4,4,2016,,,0,0,0,1.0,1.8965045100745357,0.0,0.0,4.0,0.27092921572493367,0.46058944678837627,1,1.0,0.0,0,4.1938968411716795,2.6388896733104366,5.748904009032922,0
FOODS_3_694_WI_1_validation,FOODS_3_694,FOODS_3,FOODS,WI_1,WI,2016-04-26,11613,Tuesday,4,4,2016,,,0,0,0,1.68,21.474845086371708,14.0,17.0,16.0,18.78212072662453,20.80267303879899,1,1.68,0.0,0,17.823176762647467,11.214724368708334,24.431629156586602,13
FOODS_3_694_WI_2_validation,FOODS_3_694,FOODS_3,FOODS,WI_2,WI,2016-04-26,11613,Tuesday,4,4,2016,,,0,0,0,1.68,31.78884883774515,31.0,37.0,24.0,31.398406976820734,36.92103031563376,1,1.68,0.0,0,31.438381267050417,19.781702510364514,43.09506002373632,25
FOODS_3_694_WI_3_validation,FOODS_3_694,FOODS_3,FOODS,WI_3,WI,2016-04-26,11613,Tuesday,4,4,2016,,,0,0,0,1.68,37.491276158349,42.0,34.0,44.0,41.070182308335575,44.7318312913696,1,1.68,0.0,0,38.70446785337585,24.353679739226628,53.05525596752508,36
FOODS_3_711_WI_2_validation,FOODS_3_711,FOODS_3,FOODS,WI_2,WI,2016-04-26,11613,Tuesday,4,4,2016,,,0,0,0,0.25,30.82994126145454,38.0,0.0,57.0,23.118563037350647,9.672497902194806,1,0.25,0.0,0,39.40967386357787,24.797410457543165,54.02193726961258,12
FOODS_3_714_CA_1_validation,FOODS_3_714,FOODS_3,FOODS,CA_1,CA,2016-04-26,11613,Tuesday,4,4,2016,,,0,0,0,1.58,14.242927373701194,6.0,5.0,4.0,15.606132481957314,18.86581883477504,1,1.58,0.0,0,8.684700570148417,5.464599516461916,11.904801623834917,6
FOODS_3_714_TX_1_validation,FOODS_3_714,FOODS_3,FOODS,TX_1,TX,2016-04-26,11613,Tuesday,4,4,2016,,,0,0,0,1.58,15.736729382100336,10.0,19.0,15.0,18.96238991172862,20.240597477932152,1,1.58,0.0,0,14.753920063486195,9.283482348484306,20.224357778488084,15
FOODS_3_714_WI_1_validation,FOODS_3_714,FOODS_3,FOODS,WI_1,WI,2016-04-26,11613,Tuesday,4,4,2016,,,0,0,0,1.58,13.32555851888866,8.0,8.0,14.0,16.046508359841237,17.225912804246025,1,1.58,0.0,0,11.51493423030452,7.245443123658263,15.784425336950777,7
FOODS_3_808_CA_4_validation,FOODS_3_808,FOODS_3,FOODS,CA_4,CA,2016-04-26,11613,Tuesday,4,4,2016,,,0,0,0,1.0,1.8965045100745357,0.0,0.0,3.0,0.27092921572493367,0.49630373250266197,1,1.0,0.0,0,4.1938968411716795,2.6388896733104366,5.748904009032922,0
HOBBIES_1_008_TX_2_validation,HOBBIES_1_008,HOBBIES_1,HOBBIES,TX_2,TX,2016-04-26,11613,Tuesday,4,4,2016,,,0,0,0,0.48,4.030556697664151,0.0,1.0,1.0,1.8615080996663074,3.322519882059434,1,0.48,0.0,0,4.427834853566434,2.786088478737138,6.069581228395731,0
HOBBIES_1_015_CA_2_validation,HOBBIES_1_015,HOBBIES_1,HOBBIES,CA_2,CA,2016-04-26,11613,Tuesday,4,4,2016,,,0,0,0,0.7,2.7679844161910307,0.0,0.0,0.0,7.823997773741576,6.920285157721109,1,0.7,0.0,0,4.363631443301076,2.7456903185636903,5.981572568038461,0
HOBBIES_1_048_WI_3_validation,HOBBIES_1_048,HOBBIES_1,HOBBIES,WI_3,WI,2016-04-26,11613,Tuesday,4,4,2016,,,0,0,0,0.48,3.6525214130556427,5.0,8.0,2.0,5.236074487579378,5.0233043361805585,1,0.48,0.0,0,4.937351103784678,3.106687010843412,6.768015196725945,2
HOBBIES_1_103_WI_3_validation,HOBBIES_1_103,HOBBIES_1,HOBBIES,WI_3,WI,2016-04-26,11613,Tuesday,4,4,2016,,,0,0,0,0.7,2.7679844161910307,1.0,11.0,1.0,4.109712059455862,3.8845708720068224,1,0.7,0.0,0,5.576029291684247,3.508556999172913,7.6435015841955805,0
HOBBIES_1_178_CA_4_validation,HOBBIES_1_178,HOBBIES_1,HOBBIES,CA_4,CA,2016-04-26,11613,Tuesday,4,4,2016,,,0,0,0,0.48,5.739704532802253,0.0,0.0,1.0,7.534243504686036,4.20498944760008,1,0.48,0.0,0,4.955686466145111,3.1182240133548595,6.793148918935362,0
HOBBIES_1_178_WI_2_validation,HOBBIES_1_178,HOBBIES_1,HOBBIES,WI_2,WI,2016-04-26,11613,Tuesday,4,4,2016,,,0,0,0,0.48,5.806139453460608,0.0,0.0,12.0,6.829448493351515,3.8145049804807356,1,0.48,0.0,0,5.990697455820455,3.769475085055999,8.21191982658491,3
HOBBIES_1_234_CA_3_validation,HOBBIES_1_234,HOBBIES_1,HOBBIES,CA_3,CA,2016-04-26,11613,Tuesday,4,4,2016,,,0,0,0,0.3,29.14440724488797,38.0,20.0,0.0,26.73491532069828,24.18372883017457,1,0.3,0.0,0,33.94591716064483,21.359497774687917,46.53233654660175,45
HOBBIES_1_254_CA_3_validation,HOBBIES_1_254,HOBBIES_1,HOBBIES,CA_3,CA,2016-04-26,11613,Tuesday,4,4,2016,,,0,0,0,0.7,10.909671618578164,12.0,60.0,8.0,11.987095945511166,14.889631129234933,1,0.7,0.0,0,12.435109639046603,7.824437189493534,17.045782088599672,27
HOBBIES_1_254_TX_1_validation,HOBBIES_1_254,HOBBIES_1,HOBBIES,TX_1,TX,2016-04-26,11613,Tuesday,4,4,2016,,,0,0,0,0.7,2.7679844161910307,6.0,2.0,0.0,3.1097120594558616,3.3131423005782508,1,0.7,0.0,0,4.7699607259086285,3.0013614016743433,6.538560050142914,0
HOBBIES_1_348_CA_1_validation,HOBBIES_1_348,HOBBIES_1,HOBBIES,CA_1,CA,2016-04-26,11613,Tuesday,4,4,2016,,,0,0,0,0.48,5.776115207321522,11.0,4.0,11.0,9.682302172474504,6.777718400261483,1,0.48,0.0,0,7.284300020326744,4.58343751143982,9.985162529213667,6
HOBBIES_1_348_CA_2_validation,HOBBIES_1_348,HOBBIES_1,HOBBIES,CA_2,CA,2016-04-26,11613,Tuesday,4,4,2016,,,0,0,0,0.48,4.762130165484621,12.0,7.0,6.0,5.823161452212089,5.598647505910165,1,0.48,0.0,0,6.6869788833471455,4.207590264900218,9.166367501794072,0
HOBBIES_1_354_TX_3_validation,HOBBIES_1_354,HOBBIES_1,HOBBIES,TX_3,TX,2016-04-26,11613,Tuesday,4,4,2016,,,0,0,0,22.98,21.56213327502176,29.0,20.0,17.0,20.651733325003107,20.662933331250777,1,22.98,0.0,0,22.51179172675154,14.164901275645882,30.858682177857197,30
HOBBIES_1_370_WI_1_validation,HOBBIES_1_370,HOBBIES_1,HOBBIES,WI_1,WI,2016-04-26,11613,Tuesday,4,4,2016,,,0,0,0,0.48,5.109335813967004,8.0,3.0,2.0,5.015619401995287,6.111047707641679,1,0.48,0.0,0,5.536539019535964,3.4837088745492255,7.589369164522703,5
HOBBIES_1_371_CA_1_validation,HOBBIES_1_371,HOBBIES_1,HOBBIES,CA_1,CA,2016-04-26,11613,Tuesday,4,4,2016,,,0,0,0,0.48,5.294116927886895,13.0,6.0,15.0,11.47058813255527,10.939075604567389,1,0.48,0.0,0,7.88852956004362,4.963631672873347,10.813427447213893,5
HOBBIES_1_371_CA_4_validation,HOBBIES_1_371,HOBBIES_1,HOBBIES,CA_4,CA,2016-04-26,11613,Tuesday,4,4,2016,,,0,0,0,0.48,8.915318058836755,6.0,3.0,4.0,6.702188294119536,8.46126135924417,1,0.48,0.0,0,5.629285896292406,3.5420671948831117,7.7165045977017,0
HOBBIES_1_371_TX_1_validation,HOBBIES_1_371,HOBBIES_1,HOBBIES,TX_1,TX,2016-04-26,11613,Tuesday,4,4,2016,,,0,0,0,0.48,2.548241727702339,0.0,2.0,2.0,0.36403453252890555,1.9481514902750836,1,0.48,0.0,0,4.519907464970339,2.8440225368768717,6.1957923930638055,0
HOBBIES_1_371_TX_2_validation,HOBBIES_1_371,HOBBIES_1,HOBBIES,TX_2,TX,2016-04-26,11613,Tuesday,4,4,2016,,,0,0,0,0.48,3.4828674269969575,0.0,4.0,0.0,1.9261239181424226,3.0529595509641774,1,0.48,0.0,0,4.363631443301076,2.7456903185636903,5.981572568038461,0
HOBBIES_1_371_TX_3_validation,HOBBIES_1_371,HOBBIES_1,HOBBIES,TX_3,TX,2016-04-26,11613,Tuesday,4,4,2016,,,0,0,0,0.48,3.243667970559959,7.0,10.0,5.0,3.891952567222851,4.08013099894857,1,0.48,0.0,0,5.773656779239417,3.632908445052999,7.914405113425834,14
HOBBIES_1_371_WI_1_validation,HOBBIES_1_371,HOBBIES_1,HOBBIES,WI_1,WI,2016-04-26,11613,Tuesday,4,4,2016,,,0,0,0,0.48,5.7917995386327625,9.0,2.0,4.0,9.11311421980468,7.385421412094027,1,0.48,0.0,0,5.703203708884527,3.5885778649616227,7.8178295528074315,4
HOBBIES_1_371_WI_2_validation,HOBBIES_1_371,HOBBIES_1,HOBBIES,WI_2,WI,2016-04-26,11613,Tuesday,4,4,2016,,,0,0,0,0.48,4.9687296669993835,3.0,16.0,0.0,3.424104238142769,3.7845974881071207,1,0.48,0.0,0,6.860131772251322,4.316541769369137,9.403721775133507,2
HOUSEHOLD_1_110_CA_1_validation,HOUSEHOLD_1_110,HOUSEHOLD_1,HOUSEHOLD,CA_1,CA,2016-04-26,11613,Tuesday,4,4,2016,,,0,0,0,3.97,9.902157059414323,11.0,0.0,8.0,10.414593865630618,7.317934180693369,1,3.97,0.0,0,8.714955973123027,5.48363686370607,11.946275082539985,4
HOUSEHOLD_1_110_CA_4_validation,HOUSEHOLD_1_110,HOUSEHOLD_1,HOUSEHOLD,CA_4,CA,2016-04-26,11613,Tuesday,4,4,2016,,,0,0,0,3.97,6.4483306102219276,8.0,2.0,2.0,5.921190087174561,5.408868950365068,1,3.97,0.0,0,6.257257537860067,3.9372003950601893,8.577314680659944,3
HOUSEHOLD_1_110_WI_2_validation,HOUSEHOLD_1_110,HOUSEHOLD_1,HOUSEHOLD,WI_2,WI,2016-04-26,11613,Tuesday,4,4,2016,,,0,0,0,3.97,18.146052020954862,24.0,8.0,19.0,25.30657886013641,24.46950185789124,1,3.97,0.0,0,17.064765683145342,10.737515881800666,23.392015484490017,24
HOUSEHOLD_1_110_WI_3_validation,HOUSEHOLD_1_110,HOUSEHOLD_1,HOUSEHOLD,WI_3,WI,2016-04-26,11613,Tuesday,4,4,2016,,,0,0,0,3.97,15.562840101618216,12.0,12.0,11.0,14.93754858594546,13.484387146486366,1,3.97,0.0,0,11.932245861789717,7.508024535787359,16.356467187792074,13
HOUSEHOLD_1_118_CA_1_validation,HOUSEHOLD_1_118,HOUSEHOLD_1,HOUSEHOLD,CA_1,CA,2016-04-26,11613,Tuesday,4,4,2016,,,0,0,0,0.97,6.718010399089204,7.0,3.0,6.0,7.959715771298457,9.0256432285389,1,0.97,0.0,0,6.431425815294598,4.046790803729337,8.816060826859859,20
HOUSEHOLD_1_118_CA_3_validation,HOUSEHOLD_1_118,HOUSEHOLD_1,HOUSEHOLD,CA_3,CA,2016-04-26,11613,Tuesday,4,4,2016,,,0,0,0,0.97,16.41299396194151,22.0,20.0,14.0,25.63042770884879,23.264749784355054,1,0.97,0.0,0,16.991804628943857,10.691607224583349,23.292002033304364,13
HOUSEHOLD_1_118_TX_3_validation,HOUSEHOLD_1_118,HOUSEHOLD_1,HOUSEHOLD,TX_3,TX,2016-04-26,11613,Tuesday,4,4,2016,,,0,0,0,0.97,5.647096144311005,10.0,7.0,9.0,6.521013734901572,6.5945391480111075,1,0.97,0.0,0,7.128263326045615,4.485255883042654,9.771270769048575,5
HOUSEHOLD_1_151_CA_4_validation,HOUSEHOLD_1_151,HOUSEHOLD_1,HOUSEHOLD,CA_4,CA,2016-04-26,11613,Tuesday,4,4,2016,,,0,0,0,0.88,5.03797342101336,5.0,3.0,1.0,3.8625676315733375,3.50135619360762,1,0.88,0.0,0,4.870740427622239,3.0647741474339774,6.6767067078105,1
HOUSEHOLD_1_191_CA_2_validation,HOUSEHOLD_1_191,HOUSEHOLD_1,HOUSEHOLD,CA_2,CA,2016-04-26,11613,Tuesday,4,4,2016,,,0,0,0,2.96,7.684120289410601,4.0,5.0,5.0,9.954874327058658,10.881575724621808,1,2.96,0.0,0,5.847824169359045,3.679576154654648,8.016072184063441,8
HOUSEHOLD_1_191_CA_4_validation,HOUSEHOLD_1_191,HOUSEHOLD_1,HOUSEHOLD,CA_4,CA,2016-04-26,11613,Tuesday,4,4,2016,,,0,0,0,2.96,4.785628746603275,7.0,1.0,5.0,4.683661249514754,4.563772455235831,1,2.96,0.0,0,5.7725277562797555,3.6321980396372213,7.91285747292229,7
HOUSEHOLD_1_234_CA_2_validation,HOUSEHOLD_1_234,HOUSEHOLD_1,HOUSEHOLD,CA_2,CA,2016-04-26,11613,Tuesday,4,4,2016,,,0,0,0,0.97,7.6946962506478025,7.0,6.0,2.0,7.242099464378257,6.5248105803802785,1,0.97,0.0,0,6.027697434477603,3.7927562637041072,8.262638605251098,21
HOUSEHOLD_1_234_TX_1_validation,HOUSEHOLD_1_234,HOUSEHOLD_1,HOUSEHOLD,TX_1,TX,2016-04-26,11613,Tuesday,4,4,2016,,,0,0,0,0.97,9.382382338782918,0.0,10.0,7.0,11.626054619826132,10.977942226385105,1,0.97,0.0,0,7.034079535885652,4.425993426034549,9.642165645736755,0
HOUSEHOLD_1_234_TX_2_validation,HOUSEHOLD_1_234,HOUSEHOLD_1,HOUSEHOLD,TX_2,TX,2016-04-26,11613,Tuesday,4,4,2016,,,0,0,0,0.97,1.897606208397324,0.0,0.0,4.0,1.985372315485332,2.389200221728476,1,0.97,0.0,0,3.9406745090424913,2.4795567610777614,5.401792257007221,0
HOUSEHOLD_1_303_CA_2_validation,HOUSEHOLD_1_303,HOUSEHOLD_1,HOUSEHOLD,CA_2,CA,2016-04-26,11613,Tuesday,4,4,2016,,,0,0,0,0.98,5.612782572459031,3.0,3.0,4.0,5.658968938922719,7.950456520444965,1,0.98,0.0,0,5.314548310658398,3.3440275682574354,7.2850690530593605,2
HOUSEHOLD_1_303_CA_3_validation,HOUSEHOLD_1_303,HOUSEHOLD_1,HOUSEHOLD,CA_3,CA,2016-04-26,11613,Tuesday,4,4,2016,,,0,0,0,0.98,8.551935392398754,12.0,8.0,19.0,11.793133627485535,12.198283406871385,1,0.98,0.0,0,10.272736403435168,6.463825658642506,14.08164714822783,10
HOUSEHOLD_1_303_WI_1_validation,HOUSEHOLD_1_303,HOUSEHOLD_1,HOUSEHOLD,WI_1,WI,2016-04-26,11613,Tuesday,4,4,2016,,,0,0,0,0.98,4.609751608465462,2.0,5.0,12.0,3.8013930869236376,4.843205414588053,1,0.98,0.0,0,6.1008476210506055,3.8387839270584347,8.362911315042776,0
HOUSEHOLD_1_327_CA_2_validation,HOUSEHOLD_1_327,HOUSEHOLD_1,HOUSEHOLD,CA_2,CA,2016-04-26,11613,Tuesday,4,4,2016,,,0,0,0,0.98,5.089115599361882,0.0,1.0,1.0,2.0127307999088404,4.860325557120068,1,0.98,0.0,0,5.065836631375261,3.1875328553572952,6.944140407393228,4
HOUSEHOLD_1_327_WI_1_validation,HOUSEHOLD_1_327,HOUSEHOLD_1,HOUSEHOLD,WI_1,WI,2016-04-26,11613,Tuesday,4,4,2016,,,0,0,0,0.98,2.1864375316770324,4.0,4.0,10.0,2.883776790239576,4.899515626131323,1,0.98,0.0,0,5.282271227280313,3.323718136424293,7.240824318136334,0
HOUSEHOLD_1_334_CA_1_validation,HOUSEHOLD_1_334,HOUSEHOLD_1,HOUSEHOLD,CA_1,CA,2016-04-26,11613,Tuesday,4,4,2016,,,0,0,0,0.97,9.32583347701624,5.0,22.0,14.0,9.760833353859462,14.440208338464867,1,0.97,0.0,0,10.308189124753893,6.4861332698503675,14.130244979657418,0
HOUSEHOLD_1_334_CA_3_validation,HOUSEHOLD_1_334,HOUSEHOLD_1,HOUSEHOLD,CA_3,CA,2016-04-26,11613,Tuesday,4,4,2016,,,0,0,0,0.97,18.124915417716846,27.0,25.0,23.0,23.017845059673835,23.433032693489885,1,0.97,0.0,0,21.188339726627632,13.332156945369672,29.044522507885592,11
HOUSEHOLD_1_334_TX_1_validation,HOUSEHOLD_1_334,HOUSEHOLD_1,HOUSEHOLD,TX_1,TX,2016-04-26,11613,Tuesday,4,4,2016,,,0,0,0,0.96,11.047220123106454,5.0,14.0,16.0,9.435317160443779,10.430257861539516,1,0.96,0.0,0,10.287044138432947,6.47282839179594,14.101259885069952,12
HOUSEHOLD_1_334_TX_2_validation,HOUSEHOLD_1_334,HOUSEHOLD_1,HOUSEHOLD,TX_2,TX,2016-04-26,11613,Tuesday,4,4,2016,,,0,0,0,0.96,4.4975543906436695,7.0,8.0,23.0,8.785364912949095,14.017769799665844,1,0.96,0.0,0,7.207929848052455,4.5353837641504,9.880475931954509,7
HOUSEHOLD_1_334_TX_3_validation,HOUSEHOLD_1_334,HOUSEHOLD_1,HOUSEHOLD,TX_3,TX,2016-04-26,11613,Tuesday,4,4,2016,,,0,0,0,0.96,9.799033584018902,12.0,6.0,7.0,11.257004797716986,10.921394056572103,1,0.96,0.0,0,8.388235549703253,5.278057379022994,11.498413720383514,5
HOUSEHOLD_1_334_WI_2_validation,HOUSEHOLD_1_334,HOUSEHOLD_1,HOUSEHOLD,WI_2,WI,2016-04-26,11613,Tuesday,4,4,2016,,,0,0,0,0.97,12.595480165516193,17.0,10.0,20.0,20.227925737930885,20.98555286305415,1,0.97,0.0,0,14.006677503330776,8.813301333039663,19.20005367362189,24
HOUSEHOLD_1_334_WI_3_validation,HOUSEHOLD_1_334,HOUSEHOLD_1,HOUSEHOLD,WI_3,WI,2016-04-26,11613,Tuesday,4,4,2016,,,0,0,0,0.97,10.534658179463463,10.0,11.0,6.0,11.93352259706621,12.233380649266552,1,0.97,0.0,0,9.054310998135866,5.697166310186732,12.411455686085,5
HOUSEHOLD_1_389_WI_1_validation,HOUSEHOLD_1_389,HOUSEHOLD_1,HOUSEHOLD,WI_1,WI,2016-04-26,11613,Tuesday,4,4,2016,,,0,0,0,0.98,4.221860318557335,0.0,6.0,2.0,0.6031229026510478,3.222209297091333,1,0.98,0.0,0,4.6131055675144435,2.9026647781359713,6.3235463568929156,0
HOUSEHOLD_1_399_CA_4_validation,HOUSEHOLD_1_399,HOUSEHOLD_1,HOUSEHOLD,CA_4,CA,2016-04-26,11613,Tuesday,4,4,2016,,,0,0,0,0.97,2.028278737339062,0.0,0.0,0.0,2.7183255339055803,1.9652956691906809,1,0.97,0.0,0,4.133357417060146,2.600796971661758,5.665917862458533,2
HOUSEHOLD_1_409_WI_2_validation,HOUSEHOLD_1_409,HOUSEHOLD_1,HOUSEHOLD,WI_2,WI,2016-04-26,11613,Tuesday,4,4,2016,,,0,0,0,2.94,10.22348688062371,8.0,1.0,8.0,12.031926697231958,12.293695960022275,1,2.94,0.0,0,8.020020905796866,5.046368842522229,10.993672969071502,5
HOUSEHOLD_1_441_WI_3_validation,HOUSEHOLD_1_441,HOUSEHOLD_1,HOUSEHOLD,WI_3,WI,2016-04-26,11613,Tuesday,4,4,2016,,,0,0,0,2.77,7.417034529770567,4.0,8.0,1.0,5.202433504252938,5.6934655189203776,1,2.77,0.0,0,6.043725543668401,3.8028414931286996,8.284609594208103,4
HOUSEHOLD_1_459_CA_3_validation,HOUSEHOLD_1_459,HOUSEHOLD_1,HOUSEHOLD,CA_3,CA,2016-04-26,11613,Tuesday,4,4,2016,,,0,0,0,0.97,26.509686100631654,27.0,21.0,13.0,25.929955157233092,26.946774503593986,1,0.97,0.0,0,22.80507525266594,14.349441548618204,31.260708956713675,8
HOUSEHOLD_1_459_TX_1_validation,HOUSEHOLD_1_459,HOUSEHOLD_1,HOUSEHOLD,TX_1,TX,2016-04-26,11613,Tuesday,4,4,2016,,,0,0,0,0.96,8.341828650731436,7.0,6.0,6.0,8.620261235818777,7.7264938803832655,1,0.96,0.0,0,6.575386705144797,4.1373740774657835,9.013399332823811,9
HOUSEHOLD_1_459_TX_3_validation,HOUSEHOLD_1_459,HOUSEHOLD_1,HOUSEHOLD,TX_3,TX,2016-04-26,11613,Tuesday,4,4,2016,,,0,0,0,0.96,2.4307087577439814,0.0,0.0,0.0,0.3472441082491402,2.729668169919428,1,0.96,0.0,0,3.9770813953908823,2.502464753348576,5.4516980374331885,0
HOUSEHOLD_1_459_WI_1_validation,HOUSEHOLD_1_459,HOUSEHOLD_1,HOUSEHOLD,WI_1,WI,2016-04-26,11613,Tuesday,4,4,2016,,,0,0,0,0.97,6.425953930394732,3.0,11.0,5.0,5.3465648471992475,7.979498354656955,1,0.97,0.0,0,6.464666074598768,4.067706286474361,8.861625862723177,3
HOUSEHOLD_1_459_WI_2_validation,HOUSEHOLD_1_459,HOUSEHOLD_1,HOUSEHOLD,WI_2,WI,2016-04-26,11613,Tuesday,4,4,2016,,,0,0,0,0.97,16.96054811595279,32.0,15.0,46.0,28.13722115942183,28.855733861284026,1,0.97,0.0,0,21.317251429670975,13.413270948601783,29.22123191074017,20
HOUSEHOLD_1_459_WI_3_validation,HOUSEHOLD_1_459,HOUSEHOLD_1,HOUSEHOLD,WI_3,WI,2016-04-26,11613,Tuesday,4,4,2016,,,0,0,0,0.97,10.02994724431217,10.0,0.0,11.0,11.00427817775888,13.108212401582577,1,0.97,0.0,0,8.38785932396317,5.277820649733281,11.497897998193059,0
HOUSEHOLD_1_474_TX_2_validation,HOUSEHOLD_1_474,HOUSEHOLD_1,HOUSEHOLD,TX_2,TX,2016-04-26,11613,Tuesday,4,4,2016,,,0,0,0,0.97,11.070368930530936,16.0,7.0,4.0,10.295766990075848,10.895370318947533,1,0.97,0.0,0,8.71661317073236,5.484679607918319,11.9485467335464,7
HOUSEHOLD_1_521_TX_1_validation,HOUSEHOLD_1_521,HOUSEHOLD_1,HOUSEHOLD,TX_1,TX,2016-04-26,11613,Tuesday,4,4,2016,,,0,0,0,0.94,16.83331299893979,3.0,8.0,0.0,14.261901856991399,7.244046892819278,1,0.94,0.0,0,10.223162908935938,6.432632954659024,14.013692863212853,10
HOUSEHOLD_1_521_TX_2_validation,HOUSEHOLD_1_521,HOUSEHOLD_1,HOUSEHOLD,TX_2,TX,2016-04-26,11613,Tuesday,4,4,2016,,,0,0,0,0.94,4.250049528183309,11.0,6.0,0.0,5.035721361169045,7.080358911720832,1,0.94,0.0,0,5.607960993474379,3.528649109517159,7.687272877431598,0
HOUSEHOLD_1_521_TX_3_validation,HOUSEHOLD_1_521,HOUSEHOLD_1,HOUSEHOLD,TX_3,TX,2016-04-26,11613,Tuesday,4,4,2016,,,0,0,0,0.94,6.180059955264317,11.0,11.0,1.0,6.4542942793234745,7.399287855545154,1,0.94,0.0,0,7.600108872302976,4.782151201781158,10.418066542824794,6
HOUSEHOLD_1_535_CA_1_validation,HOUSEHOLD_1_535,HOUSEHOLD_1,HOUSEHOLD,CA_1,CA,2016-04-26,11613,Tuesday,4,4,2016,,,0,0,0,6.97,11.404586935037559,5.0,11.0,7.0,7.057798133576794,8.300163819108485,1,6.97,0.0,0,9.082200664715966,5.714715085446959,12.449686243984974,3
FOODS_1_218_CA_2_validation,FOODS_1_218,FOODS_1,FOODS,CA_2,CA,2016-04-27,11613,Wednesday,5,4,2016,,,0,0,0,0.98,13.14924191513712,4.0,19.0,18.0,5.285018664220895,10.142683237483794,2,0.98,0.0,0,13.922568343842986,8.76037804932314,19.084758638362832,8
FOODS_2_360_WI_2_validation,FOODS_2_360,FOODS_2,FOODS,WI_2,WI,2016-04-27,11613,Wednesday,5,4,2016,,,0,0,0,0.94,24.480176462006007,34.0,40.0,28.0,39.490937401431744,66.19416292178651,2,0.94,0.0,0,31.24294017968355,19.65872679428827,42.82715356507883,65
FOODS_3_007_WI_2_validation,FOODS_3_007,FOODS_3,FOODS,WI_2,WI,2016-04-27,11613,Wednesday,5,4,2016,,,0,0,0,0.25,33.78186106129353,6.0,3.0,0.0,30.217772938335933,33.7687289488697,2,0.25,0.0,0,26.870679305398806,16.907606653015115,36.833751957782496,12
FOODS_3_030_TX_3_validation,FOODS_3_030,FOODS_3,FOODS,TX_3,TX,2016-04-27,11613,Wednesday,5,4,2016,,,0,0,0,1.25,14.776517828661744,15.0,17.0,30.0,18.672293255318095,18.989501885258097,2,1.25,0.0,0,17.427494806570955,10.96575281138365,23.889236801758262,26
FOODS_3_080_CA_2_validation,FOODS_3_080,FOODS_3,FOODS,CA_2,CA,2016-04-27,11613,Wednesday,5,4,2016,,,0,0,0,1.68,11.738940978530191,10.0,10.0,7.0,14.372048625488173,14.235869299229185,2,1.68,0.0,0,10.433118231349555,6.564741338140165,14.301495124558944,13
FOODS_3_090_CA_1_validation,FOODS_3_090,FOODS_3,FOODS,CA_1,CA,2016-04-27,11613,Wednesday,5,4,2016,,,0,0,0,1.6,36.85710709039946,29.0,41.0,23.0,53.54426522597688,50.70749487792279,2,1.6,0.0,0,32.81953168261117,20.650751918812396,44.988311446409945,34
FOODS_3_090_CA_2_validation,FOODS_3_090,FOODS_3,FOODS,CA_2,CA,2016-04-27,11613,Wednesday,5,4,2016,,,0,0,0,1.6,33.94725323506379,40.0,37.0,30.0,53.019723513049776,49.07635944969102,2,1.6,0.0,0,35.427460791326574,22.291716743257645,48.5632048393955,29
FOODS_3_090_CA_3_validation,FOODS_3_090,FOODS_3,FOODS,CA_3,CA,2016-04-27,11613,Wednesday,5,4,2016,,,0,0,0,1.6,87.6925133265343,88.0,88.0,71.0,107.74828211213767,112.36564195660586,2,1.6,0.0,0,87.02731805830891,54.75945155957,119.29518455704782,113
FOODS_3_090_CA_4_validation,FOODS_3_090,FOODS_3,FOODS,CA_4,CA,2016-04-27,11613,Wednesday,5,4,2016,,,0,0,0,1.6,21.87108228838816,35.0,17.0,18.0,23.908839640659007,26.83435276730761,2,1.6,0.0,0,24.3074902313806,15.29479321617362,33.32018724658758,17
FOODS_3_090_TX_1_validation,FOODS_3_090,FOODS_3,FOODS,TX_1,TX,2016-04-27,11613,Wednesday,5,4,2016,,,0,0,0,1.5,35.57137947541321,49.0,35.0,43.0,46.856893065149215,51.89279469485872,2,1.5,0.0,0,41.63913074460803,26.20023245418477,57.07802903503129,37
FOODS_3_090_TX_2_validation,FOODS_3_090,FOODS_3,FOODS,TX_2,TX,2016-04-27,11613,Wednesday,5,4,2016,,,0,0,0,1.5,44.823864701977065,46.0,34.0,45.0,55.101284999314935,62.56103553554302,2,1.5,0.0,0,43.07526553322886,27.10387920724,59.04665185921772,54
FOODS_3_090_TX_3_validation,FOODS_3_090,FOODS_3,FOODS,TX_3,TX,2016-04-27,11613,Wednesday,5,4,2016,,,0,0,0,1.5,47.274147555102616,53.0,48.0,50.0,63.04734520335931,63.51183630083983,2,1.5,0.0,0,48.89192067775992,30.763843144221994,67.01999821129785,46
FOODS_3_090_WI_1_validation,FOODS_3_090,FOODS_3,FOODS,WI_1,WI,2016-04-27,11613,Wednesday,5,4,2016,,,0,0,0,1.38,15.226735260210207,10.0,24.0,18.0,21.162465764840416,21.397759298352963,2,1.38,0.0,0,15.955664923125374,10.039645940521956,21.87168390572879,11
FOODS_3_090_WI_3_validation,FOODS_3_090,FOODS_3,FOODS,WI_3,WI,2016-04-27,11613,Wednesday,5,4,2016,,,0,0,0,1.38,50.121162307036414,60.0,52.0,70.0,80.60169982666102,81.79328209952239,2,1.38,0.0,0,53.99709415052294,33.97612758228389,74.018060718762,44
FOODS_3_120_CA_1_validation,FOODS_3_120,FOODS_3,FOODS,CA_1,CA,2016-04-27,11613,Wednesday,5,4,2016,,,0,0,0,4.98,44.865526591966635,48.0,0.0,21.0,48.17111211186016,37.86420659939362,2,4.98,0.0,0,39.42265258560047,24.805576947281768,54.03972822391916,32
FOODS_3_120_CA_3_validation,FOODS_3_120,FOODS_3,FOODS,CA_3,CA,2016-04-27,11613,Wednesday,5,4,2016,,,0,0,0,4.98,68.85837616775365,69.0,89.0,56.0,70.51651803208249,68.2005580794492,2,4.98,0.0,0,67.27342524553048,42.329879320316074,92.21697117074488,62
FOODS_3_226_WI_1_validation,FOODS_3_226,FOODS_3,FOODS,WI_1,WI,2016-04-27,11613,Wednesday,5,4,2016,,,0,0,0,1.68,28.50722611120938,34.0,32.0,27.0,34.20070235307268,37.014461302553876,2,1.68,0.0,0,31.249933074224924,19.663126873234088,42.836739275215756,26
FOODS_3_226_WI_2_validation,FOODS_3_226,FOODS_3,FOODS,WI_2,WI,2016-04-27,11613,Wednesday,5,4,2016,,,0,0,0,1.68,33.73097544083493,40.0,43.0,46.0,41.08183365004671,45.09188698394025,2,1.68,0.0,0,41.07784348178853,25.84705849266185,56.3086284709152,38
FOODS_3_226_WI_3_validation,FOODS_3_226,FOODS_3,FOODS,WI_3,WI,2016-04-27,11613,Wednesday,5,4,2016,,,0,0,0,1.68,41.270843141496925,37.0,45.0,42.0,42.34751640412533,45.44402195817419,2,1.68,0.0,0,40.51346962780056,25.49194238189953,55.53499687370159,33
FOODS_3_234_WI_2_validation,FOODS_3_234,FOODS_3,FOODS,WI_2,WI,2016-04-27,11613,Wednesday,5,4,2016,,,0,0,0,0.25,22.255856662677424,82.0,1.0,0.0,33.441257854807105,10.610314463701778,2,0.25,0.0,0,25.240730080255755,15.882007707417618,34.599452453093896,35
FOODS_3_252_CA_1_validation,FOODS_3_252,FOODS_3,FOODS,CA_1,CA,2016-04-27,11613,Wednesday,5,4,2016,,,0,0,0,1.58,29.37028005980903,24.0,37.0,25.0,36.161968501897704,37.82620641118871,2,1.58,0.0,0,29.977171347167367,18.862277947923232,41.0920647464115,13
FOODS_3_252_CA_2_validation,FOODS_3_252,FOODS_3,FOODS,CA_2,CA,2016-04-27,11613,Wednesday,5,4,2016,,,0,0,0,1.58,31.632699205134166,23.0,27.0,28.0,31.14441714697302,35.03610428674325,2,1.58,0.0,0,29.59584010229061,18.62233616529828,40.56934403928294,27
FOODS_3_252_CA_3_validation,FOODS_3_252,FOODS_3,FOODS,CA_3,CA,2016-04-27,11613,Wednesday,5,4,2016,,,0,0,0,1.58,41.33651648044862,29.0,43.0,30.0,41.84489473163493,45.996937968623016,2,1.58,0.0,0,36.53782404334083,22.990381071525956,50.085267015155694,26
FOODS_3_252_CA_4_validation,FOODS_3_252,FOODS_3,FOODS,CA_4,CA,2016-04-27,11613,Wednesday,5,4,2016,,,0,0,0,1.58,13.026622758881981,21.0,12.0,16.0,14.274106126949208,17.032812246023017,2,1.58,0.0,0,15.2731307886943,9.610180851788671,20.93608072559993,8
FOODS_3_252_TX_1_validation,FOODS_3_252,FOODS_3,FOODS,TX_1,TX,2016-04-27,11613,Wednesday,5,4,2016,,,0,0,0,1.58,23.590482653086006,36.0,26.0,12.0,31.852172778030965,30.64161462307917,2,1.58,0.0,0,25.846674649011494,16.26328100183688,35.43006829618611,25
FOODS_3_252_TX_2_validation,FOODS_3_252,FOODS_3,FOODS,TX_2,TX,2016-04-27,11613,Wednesday,5,4,2016,,,0,0,0,1.58,33.78079194417167,31.0,31.0,30.0,48.58435671574841,48.86037489322281,2,1.58,0.0,0,32.6826110012375,20.56459849496264,44.800623507512356,54
FOODS_3_252_TX_3_validation,FOODS_3_252,FOODS_3,FOODS,TX_3,TX,2016-04-27,11613,Wednesday,5,4,2016,,,0,0,0,1.58,28.938618916830418,25.0,36.0,16.0,31.12281169763479,33.03070292440869,2,1.58,0.0,0,28.7694425398266,18.102349127890385,39.436535951762814,22
FOODS_3_318_WI_3_validation,FOODS_3_318,FOODS_3,FOODS,WI_3,WI,2016-04-27,11613,Wednesday,5,4,2016,,,0,0,0,1.48,16.79780189315213,10.0,23.0,5.0,22.745045786219272,23.114832875126247,2,1.48,0.0,0,15.814672495954941,9.950930487050982,21.6784145048589,20
FOODS_3_377_TX_2_validation,FOODS_3_377,FOODS_3,FOODS,TX_2,TX,2016-04-27,11613,Wednesday,5,4,2016,,,0,0,0,1.68,24.259898233836513,28.0,21.0,19.0,27.32711383999951,26.796064174285593,2,1.68,0.0,0,23.79808020009583,14.974261519294167,32.62189888089749,29
FOODS_3_377_TX_3_validation,FOODS_3_377,FOODS_3,FOODS,TX_3,TX,2016-04-27,11613,Wednesday,5,4,2016,,,0,0,0,1.68,36.8108599285149,39.0,41.0,28.0,43.29174277224354,42.108649978775176,2,1.68,0.0,0,35.71752472001662,22.47423117673288,48.96081826330036,31
FOODS_3_491_WI_1_validation,FOODS_3_491,FOODS_3,FOODS,WI_1,WI,2016-04-27,11613,Wednesday,5,4,2016,,,0,0,0,1.38,16.044945108417853,16.0,12.0,17.0,18.484655796829205,19.121163949207304,2,1.38,0.0,0,16.003009230229654,10.069435992075208,21.936582468384103,17
FOODS_3_541_CA_3_validation,FOODS_3_541,FOODS_3,FOODS,CA_3,CA,2016-04-27,11613,Wednesday,5,4,2016,,,0,0,0,1.0,5.0688183609696,0.0,0.0,17.0,0.9133368096241734,0.8354770595489006,2,1.0,0.0,0,6.664045736278346,4.193160237823191,9.1349312347335,0
FOODS_3_555_CA_2_validation,FOODS_3_555,FOODS_3,FOODS,CA_2,CA,2016-04-27,11613,Wednesday,5,4,2016,,,0,0,0,1.68,20.2966076771041,15.0,17.0,13.0,22.063370719979513,20.337271251423452,2,1.68,0.0,0,16.75789814355725,10.544428256625087,22.97136803048941,16
FOODS_3_555_TX_1_validation,FOODS_3_555,FOODS_3,FOODS,TX_1,TX,2016-04-27,11613,Wednesday,5,4,2016,,,0,0,0,1.68,25.077074191791535,26.0,21.0,15.0,28.115562347253984,29.17174772967064,2,1.68,0.0,0,23.113119566497723,14.543269625339706,31.682969507655738,32
FOODS_3_555_TX_2_validation,FOODS_3_555,FOODS_3,FOODS,TX_2,TX,2016-04-27,11613,Wednesday,5,4,2016,,,0,0,0,1.68,31.60063681225947,33.0,23.0,33.0,36.73189659709552,41.96868843498817,2,1.68,0.0,0,31.839507783045402,20.034099901344316,43.64491566474649,35
FOODS_3_555_TX_3_validation,FOODS_3_555,FOODS_3,FOODS,TX_3,TX,2016-04-27,11613,Wednesday,5,4,2016,,,0,0,0,1.68,22.759683991235317,29.0,18.0,17.0,29.08196375816534,27.59191951096991,2,1.68,0.0,0,23.424264923953153,14.739048945094797,32.109480902811505,25
FOODS_3_555_WI_3_validation,FOODS_3_555,FOODS_3,FOODS,WI_3,WI,2016-04-27,11613,Wednesday,5,4,2016,,,0,0,0,1.68,24.49879475604881,23.0,16.0,22.0,27.28289314863891,27.427866144302584,2,1.68,0.0,0,22.117048705499545,13.916520516213032,30.317576894786058,16
FOODS_3_586_CA_1_validation,FOODS_3_586,FOODS_3,FOODS,CA_1,CA,2016-04-27,11613,Wednesday,5,4,2016,,,0,0,0,1.68,34.105898052151055,31.0,20.0,26.0,37.97091654728422,38.70701485110677,2,1.68,0.0,0,31.18447111748899,19.621936808679024,42.747005426298955,30
FOODS_3_586_CA_2_validation,FOODS_3_586,FOODS_3,FOODS,CA_2,CA,2016-04-27,11613,Wednesday,5,4,2016,,,0,0,0,1.68,30.088339931463125,42.0,29.0,26.0,34.14544164814364,32.92921755489305,2,1.68,0.0,0,32.80307442102623,20.64039665751433,44.96575218453813,23
FOODS_3_586_CA_3_validation,FOODS_3_586,FOODS_3,FOODS,CA_3,CA,2016-04-27,11613,Wednesday,5,4,2016,,,0,0,0,1.68,62.51632520937645,70.0,52.0,44.0,66.15754779204931,67.61081551944089,2,1.68,0.0,0,56.20583772893736,35.36591632549965,77.04575913237507,45
FOODS_3_586_CA_4_validation,FOODS_3_586,FOODS_3,FOODS,CA_4,CA,2016-04-27,11613,Wednesday,5,4,2016,,,0,0,0,1.68,15.5204497593633,12.0,13.0,9.0,15.463834985895257,16.4016730321881,2,1.68,0.0,0,13.69466106972215,8.616973913521417,18.772348225922883,12
FOODS_3_586_TX_1_validation,FOODS_3_586,FOODS_3,FOODS,TX_1,TX,2016-04-27,11613,Wednesday,5,4,2016,,,0,0,0,1.68,48.85918525883731,45.0,47.0,38.0,52.16257259166344,54.683500290773,2,1.68,0.0,0,45.727578776861215,28.77277147952835,62.68238607419408,66
FOODS_3_586_TX_2_validation,FOODS_3_586,FOODS_3,FOODS,TX_2,TX,2016-04-27,11613,Wednesday,5,4,2016,,,0,0,0,1.68,51.91536903626492,57.0,62.0,61.0,68.77971498090136,76.01635731665392,2,1.68,0.0,0,54.94561399868927,34.57295657618847,75.31827142119006,71
FOODS_3_586_TX_3_validation,FOODS_3_586,FOODS_3,FOODS,TX_3,TX,2016-04-27,11613,Wednesday,5,4,2016,,,0,0,0,1.68,44.902656049176656,60.0,67.0,45.0,52.6909976943266,58.065606566438795,2,1.68,0.0,0,50.11579030389522,31.53392811297493,68.6976524948155,58
FOODS_3_586_WI_1_validation,FOODS_3_586,FOODS_3,FOODS,WI_1,WI,2016-04-27,11613,Wednesday,5,4,2016,,,0,0,0,1.68,12.741169811839205,15.0,16.0,11.0,13.6789675700082,14.41974189250205,2,1.68,0.0,0,14.639436057270258,9.211446560956913,20.0674255535836,10
FOODS_3_586_WI_3_validation,FOODS_3_586,FOODS_3,FOODS,WI_3,WI,2016-04-27,11613,Wednesday,5,4,2016,,,0,0,0,1.68,25.41411602326998,25.0,27.0,27.0,34.12658434764298,31.495931801196463,2,1.68,0.0,0,26.50175402886326,16.675470971251215,36.328037086475305,23
FOODS_3_587_CA_1_validation,FOODS_3_587,FOODS_3,FOODS,CA_1,CA,2016-04-27,11613,Wednesday,5,4,2016,,,0,0,0,2.48,20.047682485818594,15.0,23.0,25.0,19.957593503033134,22.23939837575828,2,2.48,0.0,0,20.479512571502536,12.886147725147875,28.072877417857196,21
FOODS_3_587_CA_4_validation,FOODS_3_587,FOODS_3,FOODS,CA_4,CA,2016-04-27,11613,Wednesday,5,4,2016,,,0,0,0,2.48,15.76462376267127,13.0,14.0,16.0,17.102059388616933,15.918371990011375,2,2.48,0.0,0,15.48871053557363,9.745828243548504,21.231592827598753,16
FOODS_3_587_TX_1_validation,FOODS_3_587,FOODS_3,FOODS,TX_1,TX,2016-04-27,11613,Wednesday,5,4,2016,,,0,0,0,2.48,26.851908498365574,21.0,29.0,24.0,23.027882937250347,23.364113591455443,2,2.48,0.0,0,27.094892441484212,17.048686358082687,37.14109852488574,10
FOODS_3_587_TX_2_validation,FOODS_3_587,FOODS_3,FOODS,TX_2,TX,2016-04-27,11613,Wednesday,5,4,2016,,,0,0,0,2.48,26.421632743757677,19.0,22.0,21.0,29.997310545393592,28.64218477920554,2,2.48,0.0,0,21.632542352157365,13.611658746620536,29.653425957694196,13
FOODS_3_635_CA_3_validation,FOODS_3_635,FOODS_3,FOODS,CA_3,CA,2016-04-27,11613,Wednesday,5,4,2016,,,0,0,0,0.88,4.591433210772973,0.0,0.0,51.0,0.8383316726278514,2.102440061014106,2,0.88,0.0,0,7.582593878339074,4.771130392626843,10.394057364051305,8
FOODS_3_635_CA_4_validation,FOODS_3_635,FOODS_3,FOODS,CA_4,CA,2016-04-27,11613,Wednesday,5,4,2016,,,0,0,0,1.0,4.1938968411716795,0.0,0.0,7.0,0.8700573358923165,0.46751433397307907,2,1.0,0.0,0,5.567732667049618,3.503336585342815,7.63212874875642,0
FOODS_3_694_WI_1_validation,FOODS_3_694,FOODS_3,FOODS,WI_1,WI,2016-04-27,11613,Wednesday,5,4,2016,,,0,0,0,1.68,17.823176762647467,12.0,16.0,18.0,19.32828883557417,20.867786494607827,2,1.68,0.0,0,17.673120805813195,11.120305948345363,24.225935663281025,14
FOODS_3_694_WI_2_validation,FOODS_3_694,FOODS_3,FOODS,WI_2,WI,2016-04-27,11613,Wednesday,5,4,2016,,,0,0,0,1.68,31.438381267050417,32.0,27.0,37.0,31.461032872113655,37.186686789456985,2,1.68,0.0,0,32.99580972379996,20.76166983600049,45.22994961159943,37
FOODS_3_694_WI_3_validation,FOODS_3_694,FOODS_3,FOODS,WI_3,WI,2016-04-27,11613,Wednesday,5,4,2016,,,0,0,0,1.68,38.70446785337585,34.0,37.0,39.0,40.59939200167498,44.54270514327589,2,1.68,0.0,0,38.78521955400731,24.404490437955946,53.165948670058675,31
FOODS_3_711_WI_2_validation,FOODS_3_711,FOODS_3,FOODS,WI_2,WI,2016-04-27,11613,Wednesday,5,4,2016,,,0,0,0,0.25,39.40967386357787,8.0,2.0,0.0,23.319945017861773,9.044271968751158,2,0.25,0.0,0,24.885211952881704,15.658308090919673,34.11211581484373,12
FOODS_3_714_CA_1_validation,FOODS_3_714,FOODS_3,FOODS,CA_1,CA,2016-04-27,11613,Wednesday,5,4,2016,,,0,0,0,1.58,8.684700570148417,10.0,11.0,13.0,15.989661134835659,19.0331295694232,2,1.58,0.0,0,11.29893840586486,7.10953392699029,15.48834288473943,10
FOODS_3_714_TX_1_validation,FOODS_3_714,FOODS_3,FOODS,TX_1,TX,2016-04-27,11613,Wednesday,5,4,2016,,,0,0,0,1.58,14.753920063486195,20.0,13.0,14.0,19.641521349369505,20.231808908770947,2,1.58,0.0,0,16.004873629235146,10.070609111841584,21.939138146628707,25
FOODS_3_714_WI_1_validation,FOODS_3_714,FOODS_3,FOODS,WI_1,WI,2016-04-27,11613,Wednesday,5,4,2016,,,0,0,0,1.58,11.51493423030452,13.0,13.0,10.0,16.54864182131331,17.137160455328328,2,1.58,0.0,0,13.205795065641407,8.309368958354996,18.10222117292782,9
FOODS_3_808_CA_4_validation,FOODS_3_808,FOODS_3,FOODS,CA_4,CA,2016-04-27,11613,Wednesday,5,4,2016,,,0,0,0,1.0,4.1938968411716795,0.0,0.0,9.0,0.8700573358923165,0.5389429054016505,2,1.0,0.0,0,5.809396050919029,3.655396359882258,7.963395741955801,0
HOBBIES_1_008_TX_2_validation,HOBBIES_1_008,HOBBIES_1,HOBBIES,TX_2,TX,2016-04-27,11613,Wednesday,5,4,2016,,,0,0,0,0.48,4.427834853566434,0.0,4.0,2.0,2.4940559358900836,3.4449425554010924,2,0.48,0.0,0,4.5815503503052275,2.882809559949631,6.280291140660824,0
HOBBIES_1_015_CA_2_validation,HOBBIES_1_015,HOBBIES_1,HOBBIES,CA_2,CA,2016-04-27,11613,Wednesday,5,4,2016,,,0,0,0,0.7,4.363631443301076,13.0,0.0,0.0,8.447373694213159,7.076129137839004,2,0.7,0.0,0,6.206435785986461,3.9052222608146803,8.507649311158241,2
HOBBIES_1_048_WI_3_validation,HOBBIES_1_048,HOBBIES_1,HOBBIES,WI_3,WI,2016-04-27,11613,Wednesday,5,4,2016,,,0,0,0,0.48,4.937351103784678,1.0,11.0,2.0,5.2271246452629025,5.128209732744297,2,0.48,0.0,0,6.324986549850685,3.979816939313488,8.670156160387883,13
HOBBIES_1_103_WI_3_validation,HOBBIES_1_103,HOBBIES_1,HOBBIES,WI_3,WI,2016-04-27,11613,Wednesday,5,4,2016,,,0,0,0,0.7,5.576029291684247,0.0,2.0,0.0,4.7634305296964685,4.048000489566975,2,0.7,0.0,0,5.069013869468662,3.1895320415823867,6.9484956973549385,2
HOBBIES_1_178_CA_4_validation,HOBBIES_1_178,HOBBIES_1,HOBBIES,CA_4,CA,2016-04-27,11613,Wednesday,5,4,2016,,,0,0,0,0.48,4.955686466145111,0.0,4.0,7.0,8.242198714135338,4.34626396424812,2,0.48,0.0,0,5.581970684833236,3.512295450932629,7.651645918733844,1
HOBBIES_1_178_WI_2_validation,HOBBIES_1_178,HOBBIES_1,HOBBIES,WI_2,WI,2016-04-27,11613,Wednesday,5,4,2016,,,0,0,0,0.48,5.990697455820455,0.0,0.0,0.0,7.6852624156115805,3.5998870324743235,2,0.48,0.0,0,5.069013869468662,3.1895320415823867,6.9484956973549385,4
HOBBIES_1_234_CA_3_validation,HOBBIES_1_234,HOBBIES_1,HOBBIES,CA_3,CA,2016-04-27,11613,Wednesday,5,4,2016,,,0,0,0,0.3,33.94591716064483,0.0,68.0,48.0,26.155760629361826,25.396083014483313,2,0.3,0.0,0,32.79259949775201,20.633805611548272,44.95139338395574,0
HOBBIES_1_254_CA_3_validation,HOBBIES_1_254,HOBBIES_1,HOBBIES,CA_3,CA,2016-04-27,11613,Wednesday,5,4,2016,,,0,0,0,0.7,12.435109639046603,0.0,5.0,17.0,12.049254465374966,15.048027902058028,2,0.7,0.0,0,8.719092179546573,5.486239453333602,11.951944905759543,4
HOBBIES_1_254_TX_1_validation,HOBBIES_1_254,HOBBIES_1,HOBBIES,TX_1,TX,2016-04-27,11613,Wednesday,5,4,2016,,,0,0,0,0.7,4.7699607259086285,5.0,1.0,1.0,2.933992163157094,3.4834980407892737,2,0.7,0.0,0,5.20393540022473,3.274427557066729,7.1334432433827315,5
HOBBIES_1_348_CA_1_validation,HOBBIES_1_348,HOBBIES_1,HOBBIES,CA_1,CA,2016-04-27,11613,Wednesday,5,4,2016,,,0,0,0,0.48,7.284300020326744,5.0,6.0,5.0,9.151487889664038,6.645014829558867,2,0.48,0.0,0,5.350040587327621,3.3663600685386115,7.333721106116631,0
HOBBIES_1_348_CA_2_validation,HOBBIES_1_348,HOBBIES_1,HOBBIES,CA_2,CA,2016-04-27,11613,Wednesday,5,4,2016,,,0,0,0,0.48,6.6869788833471455,8.0,13.0,8.0,5.064158435547395,5.623182466029705,2,0.48,0.0,0,7.991141270215573,5.028197157573691,10.954085382857455,10
HOBBIES_1_354_TX_3_validation,HOBBIES_1_354,HOBBIES_1,HOBBIES,TX_3,TX,2016-04-27,11613,Wednesday,5,4,2016,,,0,0,0,22.98,22.51179172675154,27.0,21.0,20.0,19.72484642882476,20.859783035777617,2,22.98,0.0,0,22.964977960488756,14.450055755497484,31.47990016548003,32
HOBBIES_1_370_WI_1_validation,HOBBIES_1_370,HOBBIES_1,HOBBIES,WI_1,WI,2016-04-27,11613,Wednesday,5,4,2016,,,0,0,0,0.48,5.536539019535964,2.0,1.0,0.0,4.663696404786138,6.237352672625105,2,0.48,0.0,0,5.069013869468662,3.1895320415823867,6.9484956973549385,3
HOBBIES_1_371_CA_1_validation,HOBBIES_1_371,HOBBIES_1,HOBBIES,CA_1,CA,2016-04-27,11613,Wednesday,5,4,2016,,,0,0,0,0.48,7.88852956004362,28.0,4.0,10.0,10.74037806970436,10.685094517426089,2,0.48,0.0,0,11.06293728734568,6.961036971024156,15.164837603667202,5
HOBBIES_1_371_CA_4_validation,HOBBIES_1_371,HOBBIES_1,HOBBIES,CA_4,CA,2016-04-27,11613,Wednesday,5,4,2016,,,0,0,0,0.48,5.629285896292406,9.0,0.0,18.0,6.6492291364470235,8.519450141254612,2,0.48,0.0,0,7.530716159137376,4.738487821132879,10.322944497141874,7
HOBBIES_1_371_TX_1_validation,HOBBIES_1_371,HOBBIES_1,HOBBIES,TX_1,TX,2016-04-27,11613,Wednesday,5,4,2016,,,0,0,0,0.48,4.519907464970339,0.0,0.0,1.0,1.0097355989532397,2.0381481854525956,2,0.48,0.0,0,5.190557435835309,3.266009855484137,7.115105016186481,2
HOBBIES_1_371_TX_2_validation,HOBBIES_1_371,HOBBIES_1,HOBBIES,TX_2,TX,2016-04-27,11613,Wednesday,5,4,2016,,,0,0,0,0.48,4.363631443301076,1.0,1.0,1.0,2.549499838614005,3.2088035310820726,2,0.48,0.0,0,4.5815503503052275,2.882809559949631,6.280291140660824,0
HOBBIES_1_371_TX_3_validation,HOBBIES_1_371,HOBBIES_1,HOBBIES,TX_3,TX,2016-04-27,11613,Wednesday,5,4,2016,,,0,0,0,0.48,5.773656779239417,0.0,8.0,6.0,3.716760678542768,4.10776159820712,2,0.48,0.0,0,5.956565404295413,3.747998467554561,8.165132341036264,7
HOBBIES_1_371_WI_1_validation,HOBBIES_1_371,HOBBIES_1,HOBBIES,WI_1,WI,2016-04-27,11613,Wednesday,5,4,2016,,,0,0,0,0.48,5.703203708884527,21.0,10.0,7.0,8.642143321073899,7.446250115982761,2,0.48,0.0,0,9.65945406755587,6.077935284065854,13.240972851045887,4
HOBBIES_1_371_WI_2_validation,HOBBIES_1_371,HOBBIES_1,HOBBIES,WI_2,WI,2016-04-27,11613,Wednesday,5,4,2016,,,0,0,0,0.48,6.860131772251322,2.0,0.0,3.0,3.975551634178672,4.0296021942589535,2,0.48,0.0,0,5.180386601268934,3.2596101486428357,7.101163053895031,0
HOUSEHOLD_1_110_CA_1_validation,HOUSEHOLD_1_110,HOUSEHOLD_1,HOUSEHOLD,CA_1,CA,2016-04-27,11613,Wednesday,5,4,2016,,,0,0,0,3.97,8.714955973123027,13.0,5.0,5.0,10.088159004648192,7.34346832259062,2,3.97,0.0,0,8.274597069231989,5.206553614394742,11.342640524069237,14
HOUSEHOLD_1_110_CA_4_validation,HOUSEHOLD_1_110,HOUSEHOLD_1,HOUSEHOLD,CA_4,CA,2016-04-27,11613,Wednesday,5,4,2016,,,0,0,0,3.97,6.257257537860067,2.0,5.0,8.0,5.672226878297429,5.560913862431499,2,3.97,0.0,0,6.216764440285064,3.911721271210025,8.521807609360103,3
HOUSEHOLD_1_110_WI_2_validation,HOUSEHOLD_1_110,HOUSEHOLD_1,HOUSEHOLD,WI_2,WI,2016-04-27,11613,Wednesday,5,4,2016,,,0,0,0,3.97,17.064765683145342,17.0,17.0,17.0,24.315831100585743,24.400386346575004,2,3.97,0.0,0,17.37007657597896,10.929624031514415,23.810529120443505,28
HOUSEHOLD_1_110_WI_3_validation,HOUSEHOLD_1_110,HOUSEHOLD_1,HOUSEHOLD,WI_3,WI,2016-04-27,11613,Wednesday,5,4,2016,,,0,0,0,3.97,11.932245861789717,13.0,4.0,1.0,14.927869423343992,13.517681641550285,2,3.97,0.0,0,9.160497200616463,5.763980941968617,12.55701345926431,9
HOUSEHOLD_1_118_CA_1_validation,HOUSEHOLD_1_118,HOUSEHOLD_1,HOUSEHOLD,CA_1,CA,2016-04-27,11613,Wednesday,5,4,2016,,,0,0,0,0.97,6.431425815294598,15.0,4.0,0.0,7.8784908877691135,9.04105129337085,2,0.97,0.0,0,6.939283195769793,4.366345539481031,9.512220852058554,1
HOUSEHOLD_1_118_CA_3_validation,HOUSEHOLD_1_118,HOUSEHOLD_1,HOUSEHOLD,CA_3,CA,2016-04-27,11613,Wednesday,5,4,2016,,,0,0,0,0.97,16.991804628943857,19.0,9.0,39.0,24.91497122726934,23.37159994967448,2,0.97,0.0,0,17.704316719385535,11.139935084991588,24.26869835377948,21
HOUSEHOLD_1_118_TX_3_validation,HOUSEHOLD_1_118,HOUSEHOLD_1,HOUSEHOLD,TX_3,TX,2016-04-27,11613,Wednesday,5,4,2016,,,0,0,0,0.97,7.128263326045615,6.0,3.0,0.0,6.110765638622374,6.527691409655594,2,0.97,0.0,0,5.919523748568635,3.72469106480204,8.11435643233523,7
HOUSEHOLD_1_151_CA_4_validation,HOUSEHOLD_1_151,HOUSEHOLD_1,HOUSEHOLD,CA_4,CA,2016-04-27,11613,Wednesday,5,4,2016,,,0,0,0,0.88,4.870740427622239,3.0,1.0,5.0,3.8441019783765142,3.639596923165557,2,0.88,0.0,0,4.854801938302348,3.0547453087506975,6.654858567853998,3
HOUSEHOLD_1_191_CA_2_validation,HOUSEHOLD_1_191,HOUSEHOLD_1,HOUSEHOLD,CA_2,CA,2016-04-27,11613,Wednesday,5,4,2016,,,0,0,0,2.96,5.847824169359045,7.0,10.0,7.0,10.218849208395664,10.911855159241773,2,2.96,0.0,0,7.860326492962659,4.945885699308857,10.774767286616461,11
HOUSEHOLD_1_191_CA_4_validation,HOUSEHOLD_1_191,HOUSEHOLD_1,HOUSEHOLD,CA_4,CA,2016-04-27,11613,Wednesday,5,4,2016,,,0,0,0,2.96,5.7725277562797555,4.0,6.0,6.0,4.508308071840433,4.591362732245822,2,2.96,0.0,0,6.38641842634375,4.0184711911057995,8.7543656615817,2
HOUSEHOLD_1_234_CA_2_validation,HOUSEHOLD_1_234,HOUSEHOLD_1,HOUSEHOLD,CA_2,CA,2016-04-27,11613,Wednesday,5,4,2016,,,0,0,0,0.97,6.027697434477603,7.0,3.0,4.0,7.103199097875057,6.668656917325907,2,0.97,0.0,0,5.963817721725425,3.7525617809355074,8.175073662515342,12
HOUSEHOLD_1_234_TX_1_validation,HOUSEHOLD_1_234,HOUSEHOLD_1,HOUSEHOLD,TX_1,TX,2016-04-27,11613,Wednesday,5,4,2016,,,0,0,0,0.97,7.034079535885652,19.0,3.0,13.0,12.630923124952654,10.979159352666736,2,0.97,0.0,0,10.519917209801816,6.61935711353143,14.420477306072202,0
HOUSEHOLD_1_234_TX_2_validation,HOUSEHOLD_1_234,HOUSEHOLD_1,HOUSEHOLD,TX_2,TX,2016-04-27,11613,Wednesday,5,4,2016,,,0,0,0,0.97,3.9406745090424913,1.0,0.0,2.0,2.5483258167771163,2.3870814541942793,2,0.97,0.0,0,4.626233692508968,2.910925275422858,6.341542109595079,11
HOUSEHOLD_1_303_CA_2_validation,HOUSEHOLD_1_303,HOUSEHOLD_1,HOUSEHOLD,CA_2,CA,2016-04-27,11613,Wednesday,5,4,2016,,,0,0,0,0.98,5.314548310658398,0.0,6.0,7.0,5.989618697588204,7.9974046743970515,2,0.98,0.0,0,5.7672413987812465,3.6288717503314634,7.90561104723103,7
HOUSEHOLD_1_303_CA_3_validation,HOUSEHOLD_1_303,HOUSEHOLD_1,HOUSEHOLD,CA_3,CA,2016-04-27,11613,Wednesday,5,4,2016,,,0,0,0,0.98,10.272736403435168,7.0,10.0,14.0,11.546381685119131,11.886595421279782,2,0.98,0.0,0,10.001117060410282,6.292916953320254,13.709317167500311,9
HOUSEHOLD_1_303_WI_1_validation,HOUSEHOLD_1_303,HOUSEHOLD_1,HOUSEHOLD,WI_1,WI,2016-04-27,11613,Wednesday,5,4,2016,,,0,0,0,0.98,6.1008476210506055,7.0,2.0,2.0,4.387228461359438,4.632521401054146,2,0.98,0.0,0,6.104405093469694,3.8410223648611153,8.367787822078274,1
HOUSEHOLD_1_327_CA_2_validation,HOUSEHOLD_1_327,HOUSEHOLD_1,HOUSEHOLD,CA_2,CA,2016-04-27,11613,Wednesday,5,4,2016,,,0,0,0,0.98,5.065836631375261,0.0,4.0,4.0,2.7364217472481633,5.005534008240612,2,0.98,0.0,0,5.219552128114055,3.284253936569789,7.154850319658321,3
HOUSEHOLD_1_327_WI_1_validation,HOUSEHOLD_1_327,HOUSEHOLD_1,HOUSEHOLD,WI_1,WI,2016-04-27,11613,Wednesday,5,4,2016,,,0,0,0,0.98,5.282271227280313,4.0,1.0,8.0,3.066958394136764,4.731025312819905,2,0.98,0.0,0,6.073827127343726,3.8217820539768566,8.325872200710595,0
HOUSEHOLD_1_334_CA_1_validation,HOUSEHOLD_1_334,HOUSEHOLD_1,HOUSEHOLD,CA_1,CA,2016-04-27,11613,Wednesday,5,4,2016,,,0,0,0,0.97,10.308189124753893,13.0,13.0,19.0,10.519146085967161,14.30835795006322,2,0.97,0.0,0,13.546079968622246,8.523483503959486,18.568676433285006,4
HOUSEHOLD_1_334_CA_3_validation,HOUSEHOLD_1_334,HOUSEHOLD_1,HOUSEHOLD,CA_3,CA,2016-04-27,11613,Wednesday,5,4,2016,,,0,0,0,0.97,21.188339726627632,19.0,27.0,4.0,22.187607877763494,23.368330540869444,2,0.97,0.0,0,20.92789367939461,13.168278716951987,28.687508641837237,12
HOUSEHOLD_1_334_TX_1_validation,HOUSEHOLD_1_334,HOUSEHOLD_1,HOUSEHOLD,TX_1,TX,2016-04-27,11613,Wednesday,5,4,2016,,,0,0,0,0.96,10.287044138432947,7.0,10.0,22.0,10.190609180219914,10.226223723626406,2,0.96,0.0,0,10.836040725829161,6.818268797229899,14.853812654428424,18
HOUSEHOLD_1_334_TX_2_validation,HOUSEHOLD_1_334,HOUSEHOLD_1,HOUSEHOLD,TX_2,TX,2016-04-27,11613,Wednesday,5,4,2016,,,0,0,0,0.96,7.207929848052455,6.0,18.0,20.0,8.81506917695659,13.453767294239146,2,0.96,0.0,0,9.786314421226413,6.157758534358337,13.414870308094489,11
HOUSEHOLD_1_334_TX_3_validation,HOUSEHOLD_1_334,HOUSEHOLD_1,HOUSEHOLD,TX_3,TX,2016-04-27,11613,Wednesday,5,4,2016,,,0,0,0,0.96,8.388235549703253,6.0,11.0,7.0,10.741038447674594,10.970973897632934,2,0.96,0.0,0,7.865472158422277,4.9491234621718805,10.781820854672674,6
HOUSEHOLD_1_334_WI_2_validation,HOUSEHOLD_1_334,HOUSEHOLD_1,HOUSEHOLD,WI_2,WI,2016-04-27,11613,Wednesday,5,4,2016,,,0,0,0,0.97,14.006677503330776,17.0,14.0,16.0,19.800308238406707,20.771505631030248,2,0.97,0.0,0,15.510431699287096,9.759495664752823,21.26136773382137,17
HOUSEHOLD_1_334_WI_3_validation,HOUSEHOLD_1_334,HOUSEHOLD_1,HOUSEHOLD,WI_3,WI,2016-04-27,11613,Wednesday,5,4,2016,,,0,0,0,0.97,9.054310998135866,13.0,5.0,16.0,11.798424168228475,12.342463184914262,2,0.97,0.0,0,10.100259888175302,6.355299742950056,13.845220033400548,19
HOUSEHOLD_1_389_WI_1_validation,HOUSEHOLD_1_389,HOUSEHOLD_1,HOUSEHOLD,WI_1,WI,2016-04-27,11613,Wednesday,5,4,2016,,,0,0,0,0.98,4.6131055675144435,0.0,0.0,5.0,1.2621379837245397,3.315534495931135,2,0.98,0.0,0,5.219552128114055,3.284253936569789,7.154850319658321,0
HOUSEHOLD_1_399_CA_4_validation,HOUSEHOLD_1_399,HOUSEHOLD_1,HOUSEHOLD,CA_4,CA,2016-04-27,11613,Wednesday,5,4,2016,,,0,0,0,0.97,4.133357417060146,0.0,0.0,0.0,3.3088051649141725,2.112915576942829,2,0.97,0.0,0,5.0874041489280595,3.2011035991081407,6.973704698747978,4
HOUSEHOLD_1_409_WI_2_validation,HOUSEHOLD_1_409,HOUSEHOLD_1,HOUSEHOLD,WI_2,WI,2016-04-27,11613,Wednesday,5,4,2016,,,0,0,0,2.94,8.020020905796866,13.0,3.0,11.0,12.034786826631512,12.294410992372162,2,2.94,0.0,0,8.849289093045403,5.568162138497448,12.130416047593359,8
HOUSEHOLD_1_441_WI_3_validation,HOUSEHOLD_1_441,HOUSEHOLD_1,HOUSEHOLD,WI_3,WI,2016-04-27,11613,Wednesday,5,4,2016,,,0,0,0,2.77,6.043725543668401,4.0,4.0,0.0,5.494394296205567,5.873598574051392,2,2.77,0.0,0,5.875136042024949,3.69676136961494,8.053510714434958,6
HOUSEHOLD_1_459_CA_3_validation,HOUSEHOLD_1_459,HOUSEHOLD_1,HOUSEHOLD,CA_3,CA,2016-04-27,11613,Wednesday,5,4,2016,,,0,0,0,0.97,22.80507525266594,21.0,9.0,16.0,25.330680193328227,27.296955762617767,2,0.97,0.0,0,18.557599001892534,11.676838563785168,25.4383594399999,17
HOUSEHOLD_1_459_TX_1_validation,HOUSEHOLD_1_459,HOUSEHOLD_1,HOUSEHOLD,TX_1,TX,2016-04-27,11613,Wednesday,5,4,2016,,,0,0,0,0.96,6.575386705144797,10.0,5.0,5.0,8.559602193696604,7.747043405567008,2,0.96,0.0,0,6.4027526964535735,4.028749063534782,8.776756329372365,3
HOUSEHOLD_1_459_TX_3_validation,HOUSEHOLD_1_459,HOUSEHOLD_1,HOUSEHOLD,TX_3,TX,2016-04-27,11613,Wednesday,5,4,2016,,,0,0,0,0.96,3.9770813953908823,0.0,3.0,0.0,0.9153985933049805,2.8717067911833882,2,0.96,0.0,0,4.66264057885736,2.9338332676936734,6.3914478900210465,0
HOUSEHOLD_1_459_WI_1_validation,HOUSEHOLD_1_459,HOUSEHOLD_1,HOUSEHOLD,WI_1,WI,2016-04-27,11613,Wednesday,5,4,2016,,,0,0,0,0.97,6.464666074598768,1.0,1.0,15.0,5.8415171435705,8.031807857321196,2,0.97,0.0,0,6.5566861238475225,4.125607271380851,8.987764976314194,4
HOUSEHOLD_1_459_WI_2_validation,HOUSEHOLD_1_459,HOUSEHOLD_1,HOUSEHOLD,WI_2,WI,2016-04-27,11613,Wednesday,5,4,2016,,,0,0,0,0.97,21.317251429670975,31.0,33.0,25.0,26.611114220803398,27.974207126629416,2,0.97,0.0,0,24.85770293793289,15.640998829814649,34.07440704605113,23
HOUSEHOLD_1_459_WI_3_validation,HOUSEHOLD_1_459,HOUSEHOLD_1,HOUSEHOLD,WI_3,WI,2016-04-27,11613,Wednesday,5,4,2016,,,0,0,0,0.97,8.38785932396317,8.0,0.0,13.0,10.773972366896476,13.01492166315269,2,0.97,0.0,0,8.122128340687345,5.110617026420196,11.133639654954493,0
HOUSEHOLD_1_474_TX_2_validation,HOUSEHOLD_1_474,HOUSEHOLD_1,HOUSEHOLD,TX_2,TX,2016-04-27,11613,Wednesday,5,4,2016,,,0,0,0,0.97,8.71661317073236,10.0,0.0,3.0,9.255283157323328,11.063820789330833,2,0.97,0.0,0,6.9875751285003265,4.396731857364617,9.578418399636035,5
HOUSEHOLD_1_521_TX_1_validation,HOUSEHOLD_1_521,HOUSEHOLD_1,HOUSEHOLD,TX_1,TX,2016-04-27,11613,Wednesday,5,4,2016,,,0,0,0,0.94,10.223162908935938,10.0,4.0,0.0,15.293782272553674,7.609159853852704,2,0.94,0.0,0,7.207694602282575,4.535235742475968,9.880153462089181,5
HOUSEHOLD_1_521_TX_2_validation,HOUSEHOLD_1_521,HOUSEHOLD_1,HOUSEHOLD,TX_2,TX,2016-04-27,11613,Wednesday,5,4,2016,,,0,0,0,0.94,5.607960993474379,5.0,4.0,0.0,4.265430074522527,7.280643232916345,2,0.94,0.0,0,5.33539293547135,3.3571434524210435,7.313642418521656,0
HOUSEHOLD_1_521_TX_3_validation,HOUSEHOLD_1_521,HOUSEHOLD_1,HOUSEHOLD,TX_3,TX,2016-04-27,11613,Wednesday,5,4,2016,,,0,0,0,0.94,7.600108872302976,2.0,4.0,6.0,5.968595546795328,7.635006029555974,2,0.94,0.0,0,5.968761841730326,3.7556727270838386,8.181850956376813,1
HOUSEHOLD_1_535_CA_1_validation,HOUSEHOLD_1_535,HOUSEHOLD_1,HOUSEHOLD,CA_1,CA,2016-04-27,11613,Wednesday,5,4,2016,,,0,0,0,6.97,9.082200664715966,3.0,5.0,5.0,7.640969657107647,8.374528128562627,2,6.97,0.0,0,6.092734483326784,3.8336789671206133,8.351789999532954,8
FOODS_1_218_CA_2_validation,FOODS_1_218,FOODS_1,FOODS,CA_2,CA,2016-04-28,11613,Thursday,6,4,2016,,,0,0,0,0.98,13.922568343842986,3.0,14.0,18.0,6.702528427627036,9.997060678335332,3,0.98,0.0,0,12.617380526750429,7.9391259340007485,17.29563511950011,0
FOODS_2_360_WI_2_validation,FOODS_2_360,FOODS_2,FOODS,WI_2,WI,2016-04-28,11613,Thursday,6,4,2016,,,0,0,0,0.94,31.24294017968355,68.0,84.0,30.0,39.0970717128151,66.30998221391806,3,0.94,0.0,0,37.41097857803015,23.539788596807885,51.28216855925241,37
FOODS_3_007_WI_2_validation,FOODS_3_007,FOODS_3,FOODS,WI_2,WI,2016-04-28,11613,Thursday,6,4,2016,,,0,0,0,0.25,26.870679305398806,16.0,43.0,0.0,33.1992985533929,34.72839606691965,3,0.25,0.0,0,30.289357233613348,19.0587119907943,41.520002476432396,46
FOODS_3_030_TX_3_validation,FOODS_3_030,FOODS_3,FOODS,TX_3,TX,2016-04-28,11613,Thursday,6,4,2016,,,0,0,0,1.25,17.427494806570955,24.0,20.0,11.0,19.019078227685377,18.54048384263563,3,1.25,0.0,0,19.498811547212064,12.269069646307464,26.728553448116664,28
FOODS_3_080_CA_2_validation,FOODS_3_080,FOODS_3,FOODS,CA_2,CA,2016-04-28,11613,Thursday,6,4,2016,,,0,0,0,1.68,10.433118231349555,16.0,9.0,17.0,14.433922658538108,14.358480664634527,3,1.68,0.0,0,12.750642788752893,8.022977402064528,17.478308175441256,9
FOODS_3_090_CA_1_validation,FOODS_3_090,FOODS_3,FOODS,CA_1,CA,2016-04-28,11613,Thursday,6,4,2016,,,0,0,0,1.6,32.81953168261117,53.0,44.0,21.0,54.08991260920705,51.05819243801604,3,1.6,0.0,0,40.044131991115414,25.196625093551937,54.89163888867889,67
FOODS_3_090_CA_2_validation,FOODS_3_090,FOODS_3,FOODS,CA_2,CA,2016-04-28,11613,Thursday,6,4,2016,,,0,0,0,1.6,35.427460791326574,24.0,49.0,32.0,52.366503626096424,49.27019733509554,3,1.6,0.0,0,34.27141435480176,21.56430757733253,46.97852113227099,32
FOODS_3_090_CA_3_validation,FOODS_3_090,FOODS_3,FOODS,CA_3,CA,2016-04-28,11613,Thursday,6,4,2016,,,0,0,0,1.6,87.02731805830891,77.0,90.0,130.0,107.60932754903895,112.93804617297404,3,1.6,0.0,0,79.73717876961916,50.172339855472046,109.30201768376628,99
FOODS_3_090_CA_4_validation,FOODS_3_090,FOODS_3,FOODS,CA_4,CA,2016-04-28,11613,Thursday,6,4,2016,,,0,0,0,1.6,24.3074902313806,31.0,17.0,20.0,22.38133824514195,27.059620275571202,3,1.6,0.0,0,24.735078913893314,15.563841168815197,33.906316658971434,27
FOODS_3_090_TX_1_validation,FOODS_3_090,FOODS_3,FOODS,TX_1,TX,2016-04-28,11613,Thursday,6,4,2016,,,0,0,0,1.5,41.63913074460803,39.0,36.0,57.0,45.80534031437894,51.84419222145187,3,1.5,0.0,0,42.04943324047247,26.458403568133217,57.64046291281172,38
FOODS_3_090_TX_2_validation,FOODS_3_090,FOODS_3,FOODS,TX_2,TX,2016-04-28,11613,Thursday,6,4,2016,,,0,0,0,1.5,43.07526553322886,35.0,40.0,60.0,54.6834657897762,62.49229501887263,3,1.5,0.0,0,43.97140395637276,27.667748687165137,60.275059225580385,58
FOODS_3_090_TX_3_validation,FOODS_3_090,FOODS_3,FOODS,TX_3,TX,2016-04-28,11613,Thursday,6,4,2016,,,0,0,0,1.5,48.89192067775992,43.0,48.0,68.0,62.460476728753584,63.47226203933126,3,1.5,0.0,0,50.25124557104258,31.619159466822637,68.88333167526253,39
FOODS_3_090_WI_1_validation,FOODS_3_090,FOODS_3,FOODS,WI_1,WI,2016-04-28,11613,Thursday,6,4,2016,,,0,0,0,1.38,15.955664923125374,26.0,15.0,17.0,22.013275039572612,21.324747331321728,3,1.38,0.0,0,17.561588566568474,11.050127475786212,24.073049657350737,11
FOODS_3_090_WI_3_validation,FOODS_3_090,FOODS_3,FOODS,WI_3,WI,2016-04-28,11613,Thursday,6,4,2016,,,0,0,0,1.38,53.99709415052294,70.0,68.0,64.0,79.74414184816429,81.22174974775535,3,1.38,0.0,0,59.30371133370255,37.31516471534606,81.29225795205905,65
FOODS_3_120_CA_1_validation,FOODS_3_120,FOODS_3,FOODS,CA_1,CA,2016-04-28,11613,Thursday,6,4,2016,,,0,0,0,4.98,39.42265258560047,47.0,38.0,29.0,46.94577676694595,38.52215847745077,3,4.98,0.0,0,37.66970446199643,23.702584461673744,51.63682446231912,43
FOODS_3_120_CA_3_validation,FOODS_3_120,FOODS_3,FOODS,CA_3,CA,2016-04-28,11613,Thursday,6,4,2016,,,0,0,0,4.98,67.27342524553048,66.0,142.0,36.0,70.26986449572969,68.60318040964671,3,4.98,0.0,0,66.52164128967593,41.856840761477606,91.18644181787424,46
FOODS_3_226_WI_1_validation,FOODS_3_226,FOODS_3,FOODS,WI_1,WI,2016-04-28,11613,Thursday,6,4,2016,,,0,0,0,1.68,31.249933074224924,24.0,40.0,40.0,33.80783564939052,37.16624462663334,3,1.68,0.0,0,33.61101383386952,21.148769432038037,46.073258235701005,26
FOODS_3_226_WI_2_validation,FOODS_3_226,FOODS_3,FOODS,WI_2,WI,2016-04-28,11613,Thursday,6,4,2016,,,0,0,0,1.68,41.07784348178853,50.0,58.0,30.0,41.235811290302216,44.91609567971841,3,1.68,0.0,0,46.44602110072973,29.224830769760224,63.667211431699236,37
FOODS_3_226_WI_3_validation,FOODS_3_226,FOODS_3,FOODS,WI_3,WI,2016-04-28,11613,Thursday,6,4,2016,,,0,0,0,1.68,40.51346962780056,43.0,53.0,50.0,42.84944063666827,45.3909315877385,3,1.68,0.0,0,47.61476104431479,29.960226962063892,65.26929512656568,34
FOODS_3_234_WI_2_validation,FOODS_3_234,FOODS_3,FOODS,WI_2,WI,2016-04-28,11613,Thursday,6,4,2016,,,0,0,0,0.25,25.240730080255755,41.0,0.0,4.0,25.33279072341507,11.511769109425197,3,0.25,0.0,0,29.403894676016613,18.501559994015032,40.30622935801819,64
FOODS_3_252_CA_1_validation,FOODS_3_252,FOODS_3,FOODS,CA_1,CA,2016-04-28,11613,Thursday,6,4,2016,,,0,0,0,1.58,29.977171347167367,35.0,27.0,26.0,37.01585012292161,38.0039625307304,3,1.58,0.0,0,31.72692014201082,19.96325734738547,43.49058293663617,28
FOODS_3_252_CA_2_validation,FOODS_3_252,FOODS_3,FOODS,CA_2,CA,2016-04-28,11613,Thursday,6,4,2016,,,0,0,0,1.58,29.59584010229061,25.0,8.0,37.0,32.08668001872882,35.093098576110776,3,1.58,0.0,0,29.908953938245162,18.819354093865222,40.9985537826251,24
FOODS_3_252_CA_3_validation,FOODS_3_252,FOODS_3,FOODS,CA_3,CA,2016-04-28,11613,Thursday,6,4,2016,,,0,0,0,1.58,36.53782404334083,46.0,30.0,24.0,42.921726737826475,46.23043168445662,3,1.58,0.0,0,34.92379395576315,21.974798788073528,47.872789123452776,42
FOODS_3_252_CA_4_validation,FOODS_3_252,FOODS_3,FOODS,CA_4,CA,2016-04-28,11613,Thursday,6,4,2016,,,0,0,0,1.58,15.2731307886943,12.0,15.0,15.0,13.455981953905537,17.006852631333526,3,1.58,0.0,0,15.692967294152888,9.874350968673065,21.511583619632713,19
FOODS_3_252_TX_1_validation,FOODS_3_252,FOODS_3,FOODS,TX_1,TX,2016-04-28,11613,Thursday,6,4,2016,,,0,0,0,1.58,25.846674649011494,32.0,26.0,34.0,30.40169772788975,31.136138717686723,3,1.58,0.0,0,29.111974432233936,18.31787752734445,39.90607133712342,24
FOODS_3_252_TX_2_validation,FOODS_3_252,FOODS_3,FOODS,TX_2,TX,2016-04-28,11613,Thursday,6,4,2016,,,0,0,0,1.58,32.6826110012375,39.0,32.0,47.0,48.824729715925194,48.9561824289813,3,1.58,0.0,0,38.45585392275211,24.197246531875535,52.71446131362869,53
FOODS_3_252_TX_3_validation,FOODS_3_252,FOODS_3,FOODS,TX_3,TX,2016-04-28,11613,Thursday,6,4,2016,,,0,0,0,1.58,28.7694425398266,21.0,33.0,37.0,31.66130348903859,33.48675444368822,3,1.58,0.0,0,30.674187632328213,19.300855515922326,42.0475197487341,13
FOODS_3_318_WI_3_validation,FOODS_3_318,FOODS_3,FOODS,WI_3,WI,2016-04-28,11613,Thursday,6,4,2016,,,0,0,0,1.48,15.814672495954941,14.0,18.0,14.0,23.575713285641406,23.50107117855321,3,1.48,0.0,0,17.344554212259652,10.913564813892233,23.77554361062707,23
FOODS_3_377_TX_2_validation,FOODS_3_377,FOODS_3,FOODS,TX_2,TX,2016-04-28,11613,Thursday,6,4,2016,,,0,0,0,1.68,23.79808020009583,22.0,22.0,16.0,26.726839582870344,26.967424181431873,3,1.68,0.0,0,21.654768145091527,13.625643691333366,29.68389259884969,28
FOODS_3_377_TX_3_validation,FOODS_3_377,FOODS_3,FOODS,TX_3,TX,2016-04-28,11613,Thursday,6,4,2016,,,0,0,0,1.68,35.71752472001662,42.0,42.0,38.0,42.822817732245916,42.38427586163291,3,1.68,0.0,0,40.6974527654057,25.60770851069964,55.787197020111755,50
FOODS_3_491_WI_1_validation,FOODS_3_491,FOODS_3,FOODS,WI_1,WI,2016-04-28,11613,Thursday,6,4,2016,,,0,0,0,1.38,16.003009230229654,12.0,24.0,6.0,18.485085686862014,19.085557136001217,3,1.38,0.0,0,15.339041039291672,9.651652992438205,21.02642908614514,15
FOODS_3_541_CA_3_validation,FOODS_3_541,FOODS_3,FOODS,CA_3,CA,2016-04-28,11613,Thursday,6,4,2016,,,0,0,0,1.0,6.664045736278346,0.0,0.0,0.0,1.8653433433782227,0.4663358358445557,3,1.0,0.0,0,6.03607464356119,3.798027382994601,8.27412190412778,0
FOODS_3_555_CA_2_validation,FOODS_3_555,FOODS_3,FOODS,CA_2,CA,2016-04-28,11613,Thursday,6,4,2016,,,0,0,0,1.68,16.75789814355725,18.0,11.0,21.0,22.31449902620198,20.47148189940764,3,1.68,0.0,0,17.818834954656907,11.21199241017342,24.425677499140395,28
FOODS_3_555_TX_1_validation,FOODS_3_555,FOODS_3,FOODS,TX_1,TX,2016-04-28,11613,Thursday,6,4,2016,,,0,0,0,1.68,23.113119566497723,26.0,25.0,35.0,27.70315085675366,29.4615019999027,3,1.68,0.0,0,27.33479595430513,17.199638784083977,37.46995312452628,19
FOODS_3_555_TX_2_validation,FOODS_3_555,FOODS_3,FOODS,TX_2,TX,2016-04-28,11613,Thursday,6,4,2016,,,0,0,0,1.68,31.839507783045402,34.0,41.0,47.0,36.566111994673435,41.92724228438264,3,1.68,0.0,0,38.69502569318548,24.347738529901804,53.04231285646915,49
FOODS_3_555_TX_3_validation,FOODS_3_555,FOODS_3,FOODS,TX_3,TX,2016-04-28,11613,Thursday,6,4,2016,,,0,0,0,1.68,23.424264923953153,28.0,30.0,27.0,28.285430175872936,27.821357543968237,3,1.68,0.0,0,28.24083063237238,17.769735199460957,38.7119260652838,33
FOODS_3_555_WI_3_validation,FOODS_3_555,FOODS_3,FOODS,WI_3,WI,2016-04-28,11613,Thursday,6,4,2016,,,0,0,0,1.68,22.117048705499545,24.0,28.0,13.0,27.156757249424555,27.432046455213282,3,1.68,0.0,0,24.258342367836995,15.263868328299111,33.25281640737488,6
FOODS_3_586_CA_1_validation,FOODS_3_586,FOODS_3,FOODS,CA_1,CA,2016-04-28,11613,Thursday,6,4,2016,,,0,0,0,1.68,31.18447111748899,45.0,43.0,28.0,37.99726956406836,38.89217453387424,3,1.68,0.0,0,36.17370085714294,22.76126696780326,49.58613474648262,27
FOODS_3_586_CA_2_validation,FOODS_3_586,FOODS_3,FOODS,CA_2,CA,2016-04-28,11613,Thursday,6,4,2016,,,0,0,0,1.68,32.80307442102623,30.0,18.0,28.0,32.83159513686167,33.17218449850113,3,1.68,0.0,0,29.91012843730211,18.82009311381494,41.00016376078928,30
FOODS_3_586_CA_3_validation,FOODS_3_586,FOODS_3,FOODS,CA_3,CA,2016-04-28,11613,Thursday,6,4,2016,,,0,0,0,1.68,56.20583772893736,48.0,63.0,42.0,64.18695318189751,68.04673829547438,3,1.68,0.0,0,54.407308070248725,34.23424296222969,74.58037317826775,59
FOODS_3_586_CA_4_validation,FOODS_3_586,FOODS_3,FOODS,CA_4,CA,2016-04-28,11613,Thursday,6,4,2016,,,0,0,0,1.68,13.69466106972215,18.0,23.0,18.0,15.705929424426992,16.569339498963892,3,1.68,0.0,0,19.703497058746823,12.397862151970154,27.009131965523494,18
FOODS_3_586_TX_1_validation,FOODS_3_586,FOODS_3,FOODS,TX_1,TX,2016-04-28,11613,Thursday,6,4,2016,,,0,0,0,1.68,45.727578776861215,59.0,42.0,44.0,52.26651241692933,54.95948524708947,3,1.68,0.0,0,46.38878391909876,29.188815909773073,63.58875192842445,35
FOODS_3_586_TX_2_validation,FOODS_3_586,FOODS_3,FOODS,TX_2,TX,2016-04-28,11613,Thursday,6,4,2016,,,0,0,0,1.68,54.94561399868927,59.0,69.0,79.0,68.4862312664284,75.80012924517852,3,1.68,0.0,0,62.70878841151189,39.45771210689009,85.9598647161337,61
FOODS_3_586_TX_3_validation,FOODS_3_586,FOODS_3,FOODS,TX_3,TX,2016-04-28,11613,Thursday,6,4,2016,,,0,0,0,1.68,50.11579030389522,55.0,55.0,54.0,51.278967737740196,58.24831336300648,3,1.68,0.0,0,51.86195940465334,32.63265509228638,71.0912637170203,31
FOODS_3_586_WI_1_validation,FOODS_3_586,FOODS_3,FOODS,WI_1,WI,2016-04-28,11613,Thursday,6,4,2016,,,0,0,0,1.68,14.639436057270258,6.0,18.0,9.0,13.627458435332525,14.549721751690273,3,1.68,0.0,0,12.8712027077243,8.098836283967763,17.643569131480838,7
FOODS_3_586_WI_3_validation,FOODS_3_586,FOODS_3,FOODS,WI_3,WI,2016-04-28,11613,Thursday,6,4,2016,,,0,0,0,1.68,26.50175402886326,31.0,29.0,20.0,34.34112063748059,31.478137302227292,3,1.68,0.0,0,29.43892947975617,18.52360464253551,40.35425431697683,23
FOODS_3_587_CA_1_validation,FOODS_3_587,FOODS_3,FOODS,CA_1,CA,2016-04-28,11613,Thursday,6,4,2016,,,0,0,0,2.48,20.479512571502536,10.0,21.0,15.0,20.74038101324778,22.077952396169085,3,2.48,0.0,0,18.529449007488818,11.659125984685355,25.399772030292283,5
FOODS_3_587_CA_4_validation,FOODS_3_587,FOODS_3,FOODS,CA_4,CA,2016-04-28,11613,Thursday,6,4,2016,,,0,0,0,2.48,15.48871053557363,15.0,15.0,9.0,17.45758946512745,15.900111651996145,3,2.48,0.0,0,13.715365292783016,8.630001453896963,18.80072913166907,14
FOODS_3_587_TX_1_validation,FOODS_3_587,FOODS_3,FOODS,TX_1,TX,2016-04-28,11613,Thursday,6,4,2016,,,0,0,0,2.48,27.094892441484212,17.0,24.0,11.0,23.898581857462375,23.474645464365597,3,2.48,0.0,0,22.532923403093992,14.178197778776907,30.88764902741108,11
FOODS_3_587_TX_2_validation,FOODS_3_587,FOODS_3,FOODS,TX_2,TX,2016-04-28,11613,Thursday,6,4,2016,,,0,0,0,2.48,21.632542352157365,19.0,20.0,25.0,30.37338802427322,28.664775577496872,3,2.48,0.0,0,22.382569884030115,14.083592125889007,30.681547642171225,25
FOODS_3_635_CA_3_validation,FOODS_3_635,FOODS_3,FOODS,CA_3,CA,2016-04-28,11613,Thursday,6,4,2016,,,0,0,0,0.88,7.582593878339074,0.0,0.0,2.0,1.9215593695334334,0.5518184138119298,3,0.88,0.0,0,5.430214510651347,3.4168072174171367,7.443621803885558,0
FOODS_3_635_CA_4_validation,FOODS_3_635,FOODS_3,FOODS,CA_4,CA,2016-04-28,11613,Thursday,6,4,2016,,,0,0,0,1.0,5.567732667049618,0.0,0.0,0.0,1.6654477168994046,0.41636192922485116,3,1.0,0.0,0,5.924701911760917,3.727949275934151,8.121454547587684,0
FOODS_3_694_WI_1_validation,FOODS_3_694,FOODS_3,FOODS,WI_1,WI,2016-04-28,11613,Thursday,6,4,2016,,,0,0,0,1.68,17.673120805813195,14.0,14.0,18.0,20.138734664976052,20.856112237672583,3,1.68,0.0,0,17.699001935415605,11.136590909141473,24.261412961689736,20
FOODS_3_694_WI_2_validation,FOODS_3_694,FOODS_3,FOODS,WI_2,WI,2016-04-28,11613,Thursday,6,4,2016,,,0,0,0,1.68,32.99580972379996,32.0,45.0,35.0,31.603291404085077,37.04367999387841,3,1.68,0.0,0,35.759887126329566,22.500886509658184,49.01888774300095,35
FOODS_3_694_WI_3_validation,FOODS_3_694,FOODS_3,FOODS,WI_3,WI,2016-04-28,11613,Thursday,6,4,2016,,,0,0,0,1.68,38.78521955400731,34.0,51.0,39.0,41.28299479510459,44.53503441306186,3,1.68,0.0,0,40.5961148242742,25.543944508747764,55.64828513980064,19
FOODS_3_711_WI_2_validation,FOODS_3_711,FOODS_3,FOODS,WI_2,WI,2016-04-28,11613,Thursday,6,4,2016,,,0,0,0,0.25,24.885211952881704,20.0,0.0,0.0,25.73211815398773,9.933029538496934,3,0.25,0.0,0,26.037919357100353,16.383616266237414,35.69222244796329,10
FOODS_3_714_CA_1_validation,FOODS_3_714,FOODS_3,FOODS,CA_1,CA,2016-04-28,11613,Thursday,6,4,2016,,,0,0,0,1.58,11.29893840586486,12.0,9.0,19.0,16.175223764244926,18.97237736963266,3,1.58,0.0,0,12.807727192680455,8.058896131050108,17.5565582543108,7
FOODS_3_714_TX_1_validation,FOODS_3_714,FOODS_3,FOODS,TX_1,TX,2016-04-28,11613,Thursday,6,4,2016,,,0,0,0,1.58,16.004873629235146,14.0,21.0,12.0,19.07078901068881,20.303411538386488,3,1.58,0.0,0,16.994196458378678,10.693112214866826,23.29528070189053,16
FOODS_3_714_WI_1_validation,FOODS_3_714,FOODS_3,FOODS,WI_1,WI,2016-04-28,11613,Thursday,6,4,2016,,,0,0,0,1.58,13.205795065641407,15.0,22.0,13.0,16.57804111640494,17.25165313624409,3,1.58,0.0,0,16.51689469168995,10.392783725428869,22.64100565795103,8
FOODS_3_808_CA_4_validation,FOODS_3_808,FOODS_3,FOODS,CA_4,CA,2016-04-28,11613,Thursday,6,4,2016,,,0,0,0,1.0,5.809396050919029,0.0,0.0,0.0,1.6999710574521778,0.42499276436304445,3,1.0,0.0,0,5.924701911760917,3.727949275934151,8.121454547587684,0
HOBBIES_1_008_TX_2_validation,HOBBIES_1_008,HOBBIES_1,HOBBIES,TX_2,TX,2016-04-28,11613,Thursday,6,4,2016,,,0,0,0,0.48,4.5815503503052275,6.0,0.0,7.0,3.1485631287908302,3.5371407821977074,3,0.48,0.0,0,6.1560105687825555,3.8734936346721627,8.438527502892947,4
HOBBIES_1_015_CA_2_validation,HOBBIES_1_015,HOBBIES_1,HOBBIES,CA_2,CA,2016-04-28,11613,Thursday,6,4,2016,,,0,0,0,0.7,6.206435785986461,0.0,26.0,0.0,7.476864520782653,7.297787558767092,3,0.7,0.0,0,8.176549493079149,5.144859980525921,11.208239005632377,2
HOBBIES_1_048_WI_3_validation,HOBBIES_1_048,HOBBIES_1,HOBBIES,WI_3,WI,2016-04-28,11613,Thursday,6,4,2016,,,0,0,0,0.48,6.324986549850685,1.0,1.0,4.0,5.9878370095272855,5.282673538096107,3,0.48,0.0,0,5.198084343195311,3.2707459467273168,7.125422739663305,0
HOBBIES_1_103_WI_3_validation,HOBBIES_1_103,HOBBIES_1,HOBBIES,WI_3,WI,2016-04-28,11613,Thursday,6,4,2016,,,0,0,0,0.7,5.069013869468662,4.0,1.0,5.0,5.487575368191991,4.229036699190855,3,0.7,0.0,0,5.333005873951379,3.355641462211659,7.310370285691099,14
HOBBIES_1_178_CA_4_validation,HOBBIES_1_178,HOBBIES_1,HOBBIES,CA_4,CA,2016-04-28,11613,Thursday,6,4,2016,,,0,0,0,0.48,5.581970684833236,13.0,38.0,0.0,9.039623097682943,4.295620060135021,3,0.48,0.0,0,10.900671034002249,6.8589355707057065,14.942406497298792,5
HOBBIES_1_178_WI_2_validation,HOBBIES_1_178,HOBBIES_1,HOBBIES,WI_2,WI,2016-04-28,11613,Thursday,6,4,2016,,,0,0,0,0.48,5.069013869468662,36.0,0.0,8.0,8.409407254107103,3.780923242098204,3,0.48,0.0,0,9.310211893734309,5.858184631895608,12.76223915557301,0
HOBBIES_1_234_CA_3_validation,HOBBIES_1_234,HOBBIES_1,HOBBIES,CA_3,CA,2016-04-28,11613,Thursday,6,4,2016,,,0,0,0,0.3,32.79259949775201,54.0,0.0,0.0,30.840417700469256,24.852961567974457,3,0.3,0.0,0,28.224584286461095,17.759512650819932,38.689655922102254,0
HOBBIES_1_254_CA_3_validation,HOBBIES_1_254,HOBBIES_1,HOBBIES,CA_3,CA,2016-04-28,11613,Thursday,6,4,2016,,,0,0,0,0.7,8.719092179546573,18.0,10.0,6.0,13.294839062453049,14.752281194184691,3,0.7,0.0,0,11.048797323849891,6.952139803291343,15.14545484440844,18
HOBBIES_1_254_TX_1_validation,HOBBIES_1_254,HOBBIES_1,HOBBIES,TX_1,TX,2016-04-28,11613,Thursday,6,4,2016,,,0,0,0,0.7,5.20393540022473,0.0,0.0,0.0,2.963125791760627,3.6336385907973,3,0.7,0.0,0,5.163351887892695,3.2488915423158855,7.077812233469504,16
HOBBIES_1_348_CA_1_validation,HOBBIES_1_348,HOBBIES_1,HOBBIES,CA_1,CA,2016-04-28,11613,Thursday,6,4,2016,,,0,0,0,0.48,5.350040587327621,8.0,4.0,8.0,9.201493687853699,6.657516279106281,3,0.48,0.0,0,6.542586130787509,4.116735253901893,8.968437007673124,1
HOBBIES_1_348_CA_2_validation,HOBBIES_1_348,HOBBIES_1,HOBBIES,CA_2,CA,2016-04-28,11613,Thursday,6,4,2016,,,0,0,0,0.48,7.991141270215573,0.0,7.0,2.0,5.062892902721048,5.622866082823118,3,0.48,0.0,0,5.555470838095988,3.495621180070092,7.615320496121884,8
HOBBIES_1_354_TX_3_validation,HOBBIES_1_354,HOBBIES_1,HOBBIES,TX_3,TX,2016-04-28,11613,Thursday,6,4,2016,,,0,0,0,22.98,22.964977960488756,19.0,30.0,3.0,19.14841470889458,20.965675105795075,3,22.98,0.0,0,23.855148910625847,15.010170373658056,32.70012744759364,26
HOBBIES_1_370_WI_1_validation,HOBBIES_1_370,HOBBIES_1,HOBBIES,WI_1,WI,2016-04-28,11613,Thursday,6,4,2016,,,0,0,0,0.48,5.069013869468662,1.0,6.0,4.0,5.102126957567377,6.418388882248986,3,0.48,0.0,0,5.163351887892695,3.2488915423158855,7.077812233469504,0
HOBBIES_1_371_CA_1_validation,HOBBIES_1_371,HOBBIES_1,HOBBIES,CA_1,CA,2016-04-28,11613,Thursday,6,4,2016,,,0,0,0,0.48,11.06293728734568,16.0,1.0,4.0,8.320797682182315,10.72305656340272,3,0.48,0.0,0,8.49887595527699,5.347674690744434,11.650077219809546,9
HOBBIES_1_371_CA_4_validation,HOBBIES_1_371,HOBBIES_1,HOBBIES,CA_4,CA,2016-04-28,11613,Thursday,6,4,2016,,,0,0,0,0.48,7.530716159137376,14.0,8.0,12.0,6.4393314448952195,8.14554714693809,3,0.48,0.0,0,8.871487936457271,5.582130125993928,12.160845746920614,2
HOBBIES_1_371_TX_1_validation,HOBBIES_1_371,HOBBIES_1,HOBBIES,TX_1,TX,2016-04-28,11613,Thursday,6,4,2016,,,0,0,0,0.48,5.190557435835309,0.0,1.0,0.0,1.7512438040725695,2.1878109510181423,3,0.48,0.0,0,5.319627909561958,3.347223760629067,7.292032058494849,0
HOBBIES_1_371_TX_2_validation,HOBBIES_1_371,HOBBIES_1,HOBBIES,TX_2,TX,2016-04-28,11613,Thursday,6,4,2016,,,0,0,0,0.48,4.5815503503052275,0.0,6.0,1.0,3.061149888657609,3.3367160435929732,3,0.48,0.0,0,5.163351887892695,3.2488915423158855,7.077812233469504,4
HOBBIES_1_371_TX_3_validation,HOBBIES_1_371,HOBBIES_1,HOBBIES,TX_3,TX,2016-04-28,11613,Thursday,6,4,2016,,,0,0,0,0.48,5.956565404295413,0.0,8.0,4.0,4.567698593442112,4.106210362646243,3,0.48,0.0,0,5.537946607354869,3.4845945589378164,7.591298655771922,0
HOBBIES_1_371_WI_1_validation,HOBBIES_1_371,HOBBIES_1,HOBBIES,WI_1,WI,2016-04-28,11613,Thursday,6,4,2016,,,0,0,0,0.48,9.65945406755587,11.0,10.0,4.0,7.022065330724737,7.54123061839547,3,0.48,0.0,0,8.554545007606535,5.382702850205402,11.726387165007667,2
HOBBIES_1_371_WI_2_validation,HOBBIES_1_371,HOBBIES_1,HOBBIES,WI_2,WI,2016-04-28,11613,Thursday,6,4,2016,,,0,0,0,0.48,5.180386601268934,8.0,0.0,20.0,4.429892577217091,4.107473144304273,3,0.48,0.0,0,7.723208710125619,4.859608254998902,10.586809165252337,5
HOUSEHOLD_1_110_CA_1_validation,HOUSEHOLD_1_110,HOUSEHOLD_1,HOUSEHOLD,CA_1,CA,2016-04-28,11613,Thursday,6,4,2016,,,0,0,0,3.97,8.274597069231989,5.0,3.0,7.0,9.413101443109905,7.460418217920334,3,3.97,0.0,0,6.770822521720867,4.260346477047624,9.28129856639411,12
HOUSEHOLD_1_110_CA_4_validation,HOUSEHOLD_1_110,HOUSEHOLD_1,HOUSEHOLD,CA_4,CA,2016-04-28,11613,Thursday,6,4,2016,,,0,0,0,3.97,6.216764440285064,5.0,4.0,9.0,6.274621798338151,5.497226878155965,3,3.97,0.0,0,6.894084026443603,4.33790525453979,9.450262798347415,7
HOUSEHOLD_1_110_WI_2_validation,HOUSEHOLD_1_110,HOUSEHOLD_1,HOUSEHOLD,WI_2,WI,2016-04-28,11613,Thursday,6,4,2016,,,0,0,0,3.97,17.37007657597896,30.0,21.0,18.0,24.368699182868454,24.41360336714568,3,3.97,0.0,0,23.188216488227397,14.590522216129344,31.78591076032545,28
HOUSEHOLD_1_110_WI_3_validation,HOUSEHOLD_1_110,HOUSEHOLD_1,HOUSEHOLD,WI_3,WI,2016-04-28,11613,Thursday,6,4,2016,,,0,0,0,3.97,9.160497200616463,7.0,10.0,7.0,14.379369023432059,13.80912797014373,3,3.97,0.0,0,8.451696408013332,5.317988309609998,11.585404506416666,11
HOUSEHOLD_1_118_CA_1_validation,HOUSEHOLD_1_118,HOUSEHOLD_1,HOUSEHOLD,CA_1,CA,2016-04-28,11613,Thursday,6,4,2016,,,0,0,0,0.97,6.939283195769793,7.0,9.0,8.0,6.726959915736226,9.288882836076914,3,0.97,0.0,0,7.383109006239981,4.645610240629762,10.120607771850201,5
HOUSEHOLD_1_118_CA_3_validation,HOUSEHOLD_1_118,HOUSEHOLD_1,HOUSEHOLD,CA_3,CA,2016-04-28,11613,Thursday,6,4,2016,,,0,0,0,0.97,17.704316719385535,52.0,11.0,17.0,24.729873615752986,22.61103983250968,3,0.97,0.0,0,18.566099299201827,11.682187132822287,25.450011465581365,8
HOUSEHOLD_1_118_TX_3_validation,HOUSEHOLD_1_118,HOUSEHOLD_1,HOUSEHOLD,TX_3,TX,2016-04-28,11613,Thursday,6,4,2016,,,0,0,0,0.97,5.919523748568635,5.0,3.0,0.0,6.099269031275036,6.739102972104473,3,0.97,0.0,0,5.700546193946147,3.586905699671644,7.8141866882206505,8
HOUSEHOLD_1_151_CA_4_validation,HOUSEHOLD_1_151,HOUSEHOLD_1,HOUSEHOLD,CA_4,CA,2016-04-28,11613,Thursday,6,4,2016,,,0,0,0,0.88,4.854801938302348,1.0,2.0,4.0,4.109073683848278,3.6344112781049267,3,0.88,0.0,0,4.983872412028997,3.1359592138956276,6.831785610162366,7
HOUSEHOLD_1_191_CA_2_validation,HOUSEHOLD_1_191,HOUSEHOLD_1,HOUSEHOLD,CA_2,CA,2016-04-28,11613,Thursday,6,4,2016,,,0,0,0,2.96,7.860326492962659,17.0,6.0,13.0,10.341752993104615,10.942581105419011,3,2.96,0.0,0,11.405229640234648,7.176414647085324,15.63404463338397,16
HOUSEHOLD_1_191_CA_4_validation,HOUSEHOLD_1_191,HOUSEHOLD_1,HOUSEHOLD,CA_4,CA,2016-04-28,11613,Thursday,6,4,2016,,,0,0,0,2.96,6.38641842634375,4.0,4.0,6.0,4.8492249898895405,4.605163390329528,3,2.96,0.0,0,6.515488900070398,4.099685096250729,8.931292703890067,4
HOUSEHOLD_1_234_CA_2_validation,HOUSEHOLD_1_234,HOUSEHOLD_1,HOUSEHOLD,CA_2,CA,2016-04-28,11613,Thursday,6,4,2016,,,0,0,0,0.97,5.963817721725425,11.0,4.0,11.0,6.955173058121547,6.738793264530387,3,0.97,0.0,0,8.040186877437279,5.059057703581408,11.02131605129315,8
HOUSEHOLD_1_234_TX_1_validation,HOUSEHOLD_1_234,HOUSEHOLD_1,HOUSEHOLD,TX_1,TX,2016-04-28,11613,Thursday,6,4,2016,,,0,0,0,0.97,10.519917209801816,12.0,15.0,0.0,11.419482726352912,10.890584967302514,3,0.97,0.0,0,10.672040283829512,6.715076208284312,14.629004359374711,0
HOUSEHOLD_1_234_TX_2_validation,HOUSEHOLD_1_234,HOUSEHOLD_1,HOUSEHOLD,TX_2,TX,2016-04-28,11613,Thursday,6,4,2016,,,0,0,0,0.97,4.626233692508968,7.0,0.0,0.0,3.0663592014212546,2.4808755146410277,3,0.97,0.0,0,5.881485117972948,3.700756344119262,8.062213891826634,1
HOUSEHOLD_1_303_CA_2_validation,HOUSEHOLD_1_303,HOUSEHOLD_1,HOUSEHOLD,CA_2,CA,2016-04-28,11613,Thursday,6,4,2016,,,0,0,0,0.98,5.7672413987812465,7.0,4.0,6.0,6.813510325985525,7.953377581496381,3,0.98,0.0,0,6.819804965478654,4.291167279251672,9.348442651705636,3
HOUSEHOLD_1_303_CA_3_validation,HOUSEHOLD_1_303,HOUSEHOLD_1,HOUSEHOLD,CA_3,CA,2016-04-28,11613,Thursday,6,4,2016,,,0,0,0,0.98,10.001117060410282,10.0,10.0,12.0,11.975112693749171,11.743778173437294,3,0.98,0.0,0,10.382294703042476,6.532762086124686,14.231827319960265,10
HOUSEHOLD_1_303_WI_1_validation,HOUSEHOLD_1_303,HOUSEHOLD_1,HOUSEHOLD,WI_1,WI,2016-04-28,11613,Thursday,6,4,2016,,,0,0,0,0.98,6.104405093469694,6.0,1.0,10.0,4.259286331855109,4.7791072972494915,3,0.98,0.0,0,7.251984835685143,4.563104105476021,9.940865565894265,0
HOUSEHOLD_1_327_CA_2_validation,HOUSEHOLD_1_327,HOUSEHOLD_1,HOUSEHOLD,CA_2,CA,2016-04-28,11613,Thursday,6,4,2016,,,0,0,0,0.98,5.219552128114055,0.0,0.0,11.0,3.4820720512644567,5.049089441387543,3,0.98,0.0,0,6.383633591516047,4.0167189134158585,8.750548269616237,3
HOUSEHOLD_1_327_WI_1_validation,HOUSEHOLD_1_327,HOUSEHOLD_1,HOUSEHOLD,WI_1,WI,2016-04-28,11613,Thursday,6,4,2016,,,0,0,0,0.98,6.073827127343726,5.0,2.0,4.0,3.363219412328725,4.662233424510752,3,0.98,0.0,0,5.804726679342025,3.652458291326436,7.956995067357614,2
HOUSEHOLD_1_334_CA_1_validation,HOUSEHOLD_1_334,HOUSEHOLD_1,HOUSEHOLD,CA_1,CA,2016-04-28,11613,Thursday,6,4,2016,,,0,0,0,0.97,13.546079968622246,9.0,6.0,11.0,10.597157510056054,14.113575091799728,3,0.97,0.0,0,10.381484515588754,6.532252298834717,14.230716732342792,1
HOUSEHOLD_1_334_CA_3_validation,HOUSEHOLD_1_334,HOUSEHOLD_1,HOUSEHOLD,CA_3,CA,2016-04-28,11613,Thursday,6,4,2016,,,0,0,0,0.97,20.92789367939461,20.0,25.0,43.0,22.463021260534155,23.972898172276395,3,0.97,0.0,0,24.391721009104383,15.34779302468777,33.435648993521,16
HOUSEHOLD_1_334_TX_1_validation,HOUSEHOLD_1_334,HOUSEHOLD_1,HOUSEHOLD,TX_1,TX,2016-04-28,11613,Thursday,6,4,2016,,,0,0,0,0.96,10.836040725829161,9.0,12.0,6.0,10.73861499819551,9.82751089240602,3,0.96,0.0,0,9.413475508375925,5.923160308843909,12.903790707907941,7
HOUSEHOLD_1_334_TX_2_validation,HOUSEHOLD_1_334,HOUSEHOLD_1,HOUSEHOLD,TX_2,TX,2016-04-28,11613,Thursday,6,4,2016,,,0,0,0,0.96,9.786314421226413,14.0,12.0,9.0,9.355971237131792,13.088992809282946,3,0.96,0.0,0,10.619043087506178,6.681729237820209,14.556356937192147,8
HOUSEHOLD_1_334_TX_3_validation,HOUSEHOLD_1_334,HOUSEHOLD_1,HOUSEHOLD,TX_3,TX,2016-04-28,11613,Thursday,6,4,2016,,,0,0,0,0.96,7.865472158422277,7.0,10.0,12.0,11.007534470306348,11.001883617576587,3,0.96,0.0,0,8.897099007822604,5.598245160365997,12.195952855279211,10
HOUSEHOLD_1_334_WI_2_validation,HOUSEHOLD_1_334,HOUSEHOLD_1,HOUSEHOLD,WI_2,WI,2016-04-28,11613,Thursday,6,4,2016,,,0,0,0,0.97,15.510431699287096,29.0,14.0,15.0,19.587512766876298,20.754021048861933,3,0.97,0.0,0,16.669502733024423,10.488807971993113,22.850197494055735,13
HOUSEHOLD_1_334_WI_3_validation,HOUSEHOLD_1_334,HOUSEHOLD_1,HOUSEHOLD,WI_3,WI,2016-04-28,11613,Thursday,6,4,2016,,,0,0,0,0.97,10.100259888175302,10.0,9.0,14.0,11.384175580824946,12.131758180920523,3,0.97,0.0,0,9.853887221599663,6.200276786917888,13.507497656281439,5
HOUSEHOLD_1_389_WI_1_validation,HOUSEHOLD_1_389,HOUSEHOLD_1,HOUSEHOLD,WI_1,WI,2016-04-28,11613,Thursday,6,4,2016,,,0,0,0,0.98,5.219552128114055,0.0,2.0,6.0,2.007788287740833,3.3233756433637796,3,0.98,0.0,0,5.896311872507895,3.7100856554763935,8.082538089539396,0
HOUSEHOLD_1_399_CA_4_validation,HOUSEHOLD_1_399,HOUSEHOLD_1,HOUSEHOLD,CA_4,CA,2016-04-28,11613,Thursday,6,4,2016,,,0,0,0,0.97,5.0874041489280595,5.0,0.0,11.0,4.0355771861896095,2.2946085822616884,3,0.97,0.0,0,6.974395518404956,4.388438964550111,9.560352072259802,6
HOUSEHOLD_1_409_WI_2_validation,HOUSEHOLD_1_409,HOUSEHOLD_1,HOUSEHOLD,WI_2,WI,2016-04-28,11613,Thursday,6,4,2016,,,0,0,0,2.94,8.849289093045403,10.0,6.0,21.0,11.441828125637997,12.217599888552355,3,2.94,0.0,0,9.895716904145269,6.226596918644498,13.56483688964604,9
HOUSEHOLD_1_441_WI_3_validation,HOUSEHOLD_1_441,HOUSEHOLD_1,HOUSEHOLD,WI_3,WI,2016-04-28,11613,Thursday,6,4,2016,,,0,0,0,2.77,5.875136042024949,3.0,4.0,6.0,5.762270873637703,6.083424861266569,3,2.77,0.0,0,6.3458349140117125,3.992935176354955,8.69873465166847,1
HOUSEHOLD_1_459_CA_3_validation,HOUSEHOLD_1_459,HOUSEHOLD_1,HOUSEHOLD,CA_3,CA,2016-04-28,11613,Thursday,6,4,2016,,,0,0,0,0.97,18.557599001892534,7.0,34.0,30.0,24.98176576502716,27.38829858411393,3,0.97,0.0,0,21.561471537493276,13.56693946858545,29.556003606401102,16
HOUSEHOLD_1_459_TX_1_validation,HOUSEHOLD_1_459,HOUSEHOLD_1,HOUSEHOLD,TX_1,TX,2016-04-28,11613,Thursday,6,4,2016,,,0,0,0,0.96,6.4027526964535735,8.0,4.0,12.0,8.045709721761401,7.797141716154636,3,0.96,0.0,0,7.539489157543499,4.7440079795379715,10.334970335549025,10
HOUSEHOLD_1_459_TX_3_validation,HOUSEHOLD_1_459,HOUSEHOLD_1,HOUSEHOLD,TX_3,TX,2016-04-28,11613,Thursday,6,4,2016,,,0,0,0,0.96,4.66264057885736,0.0,5.0,13.0,1.5814901045703176,3.0382296689997226,3,0.96,0.0,0,6.243046219771778,3.928258329490251,8.557834110053305,0
HOUSEHOLD_1_459_WI_1_validation,HOUSEHOLD_1_459,HOUSEHOLD_1,HOUSEHOLD,WI_1,WI,2016-04-28,11613,Thursday,6,4,2016,,,0,0,0,0.97,6.5566861238475225,7.0,11.0,9.0,6.6353294469772885,7.730260933172894,3,0.97,0.0,0,8.459890587592497,5.323144262818105,11.596636912366888,4
HOUSEHOLD_1_459_WI_2_validation,HOUSEHOLD_1_459,HOUSEHOLD_1,HOUSEHOLD,WI_2,WI,2016-04-28,11613,Thursday,6,4,2016,,,0,0,0,0.97,24.85770293793289,29.0,23.0,21.0,25.73364321193667,27.96912508869845,3,0.97,0.0,0,22.54813903214496,14.187771778304349,30.90850628598557,25
HOUSEHOLD_1_459_WI_3_validation,HOUSEHOLD_1_459,HOUSEHOLD_1,HOUSEHOLD,WI_3,WI,2016-04-28,11613,Thursday,6,4,2016,,,0,0,0,0.97,8.122128340687345,10.0,4.0,17.0,10.791419272708954,12.840711961034382,3,0.97,0.0,0,8.72174438673605,5.487908278874346,11.955580494597754,0
HOUSEHOLD_1_474_TX_2_validation,HOUSEHOLD_1_474,HOUSEHOLD_1,HOUSEHOLD,TX_2,TX,2016-04-28,11613,Thursday,6,4,2016,,,0,0,0,0.97,6.9875751285003265,7.0,0.0,9.0,8.824936747109088,11.206234186777275,3,0.97,0.0,0,7.169185451907861,4.511004960675574,9.827365943140148,9
HOUSEHOLD_1_521_TX_1_validation,HOUSEHOLD_1_521,HOUSEHOLD_1,HOUSEHOLD,TX_1,TX,2016-04-28,11613,Thursday,6,4,2016,,,0,0,0,0.94,7.207694602282575,14.0,10.0,0.0,14.894881501451184,7.866577518219939,3,0.94,0.0,0,8.242919030917212,5.18662111453949,11.299216947294935,4
HOUSEHOLD_1_521_TX_2_validation,HOUSEHOLD_1_521,HOUSEHOLD_1,HOUSEHOLD,TX_2,TX,2016-04-28,11613,Thursday,6,4,2016,,,0,0,0,0.94,5.33539293547135,1.0,17.0,0.0,4.3133433510184345,7.471192980611751,3,0.94,0.0,0,7.426720931639976,4.673051797713717,10.180390065566236,2
HOUSEHOLD_1_521_TX_3_validation,HOUSEHOLD_1_521,HOUSEHOLD_1,HOUSEHOLD,TX_3,TX,2016-04-28,11613,Thursday,6,4,2016,,,0,0,0,0.94,5.968761841730326,6.0,8.0,12.0,6.535561524185375,7.633890381046343,3,0.94,0.0,0,7.251583829700673,4.562851783926057,9.940315875475289,1
HOUSEHOLD_1_535_CA_1_validation,HOUSEHOLD_1_535,HOUSEHOLD_1,HOUSEHOLD,CA_1,CA,2016-04-28,11613,Thursday,6,4,2016,,,0,0,0,6.97,6.092734483326784,2.0,6.0,7.0,8.082788869011473,8.41355436011001,3,6.97,0.0,0,6.3458349140117125,3.992935176354955,8.69873465166847,8
FOODS_1_218_CA_2_validation,FOODS_1_218,FOODS_1,FOODS,CA_2,CA,2016-04-29,11613,Friday,7,4,2016,,,0,0,0,0.98,12.617380526750429,3.0,12.0,12.0,8.076439931448526,9.804824268576416,4,0.98,0.0,0,10.695766983810506,6.730005555841676,14.661528411779337,0
FOODS_2_360_WI_2_validation,FOODS_2_360,FOODS_2,FOODS,WI_2,WI,2016-04-29,11613,Friday,7,4,2016,,,0,0,0,0.94,37.41097857803015,51.0,73.0,54.0,34.72721150967656,66.57466002027628,4,0.94,0.0,0,47.152450594066465,29.66933132985684,64.63556985827609,48
FOODS_3_007_WI_2_validation,FOODS_3_007,FOODS_3,FOODS,WI_2,WI,2016-04-29,11613,Friday,7,4,2016,,,0,0,0,0.25,30.289357233613348,24.0,121.0,0.0,35.24063530105195,35.81015882526299,4,0.25,0.0,0,30.866210082239622,19.421680152127117,42.31074001235213,29
FOODS_3_030_TX_3_validation,FOODS_3_030,FOODS_3,FOODS,TX_3,TX,2016-04-29,11613,Friday,7,4,2016,,,0,0,0,1.25,19.498811547212064,20.0,17.0,24.0,18.376051305858528,18.84401282646463,4,1.25,0.0,0,20.831994053616967,13.107936619441485,28.55605148779245,18
FOODS_3_080_CA_2_validation,FOODS_3_080,FOODS_3,FOODS,CA_2,CA,2016-04-29,11613,Friday,7,4,2016,,,0,0,0,1.68,12.750642788752893,13.0,14.0,13.0,13.969728771217094,14.206717907089986,4,1.68,0.0,0,14.707637682004881,9.254360483266197,20.160914880743565,24
FOODS_3_090_CA_1_validation,FOODS_3_090,FOODS_3,FOODS,CA_1,CA,2016-04-29,11613,Friday,7,4,2016,,,0,0,0,1.6,40.044131991115414,87.0,47.0,72.0,52.23907432222354,51.738340009127306,4,1.6,0.0,0,64.1456947932562,40.361844362856495,87.92954522365591,63
FOODS_3_090_CA_2_validation,FOODS_3_090,FOODS_3,FOODS,CA_2,CA,2016-04-29,11613,Friday,7,4,2016,,,0,0,0,1.6,34.27141435480176,91.0,70.0,53.0,53.833848533925256,49.35131927633846,4,1.6,0.0,0,53.94106131732933,33.94087052411561,73.94125211054305,46
FOODS_3_090_CA_3_validation,FOODS_3_090,FOODS_3,FOODS,CA_3,CA,2016-04-29,11613,Friday,7,4,2016,,,0,0,0,1.6,79.73717876961916,141.0,129.0,156.0,108.00035308755596,111.14294541474615,4,1.6,0.0,0,120.20991619805498,75.63865266555673,164.78117973055322,196
FOODS_3_090_CA_4_validation,FOODS_3_090,FOODS_3,FOODS,CA_4,CA,2016-04-29,11613,Friday,7,4,2016,,,0,0,0,1.6,24.735078913893314,15.0,48.0,52.0,21.48634951855528,27.228730236781676,4,1.6,0.0,0,27.371569077012254,17.22277722011191,37.52036093391259,20
FOODS_3_090_TX_1_validation,FOODS_3_090,FOODS_3,FOODS,TX_1,TX,2016-04-29,11613,Friday,7,4,2016,,,0,0,0,1.5,42.04943324047247,59.0,60.0,44.0,46.240973634446426,51.310243408611605,4,1.5,0.0,0,55.42834848000698,34.87670344597182,75.97999351404215,43
FOODS_3_090_TX_2_validation,FOODS_3_090,FOODS_3,FOODS,TX_2,TX,2016-04-29,11613,Friday,7,4,2016,,,0,0,0,1.5,43.97140395637276,54.0,68.0,48.0,55.96509492640087,61.919845160171654,4,1.5,0.0,0,56.270505425376065,35.40660662447257,77.13440422627956,60
FOODS_3_090_TX_3_validation,FOODS_3_090,FOODS_3,FOODS,TX_3,TX,2016-04-29,11613,Friday,7,4,2016,,,0,0,0,1.5,50.25124557104258,70.0,84.0,59.0,63.496368953188245,62.83837795258278,4,1.5,0.0,0,64.56969647307575,40.628635296614775,88.51075764953673,81
FOODS_3_090_WI_1_validation,FOODS_3_090,FOODS_3,FOODS,WI_1,WI,2016-04-29,11613,Friday,7,4,2016,,,0,0,0,1.38,17.561588566568474,21.0,20.0,23.0,20.807787691939534,21.34480406584203,4,1.38,0.0,0,20.711480386292852,13.03210684006486,28.390853932520844,43
FOODS_3_090_WI_3_validation,FOODS_3_090,FOODS_3,FOODS,WI_3,WI,2016-04-29,11613,Friday,7,4,2016,,,0,0,0,1.38,59.30371133370255,70.0,102.0,101.0,78.21610061012179,81.05402515253046,4,1.38,0.0,0,79.0491216483268,49.7393995851723,108.3588437114813,90
FOODS_3_120_CA_1_validation,FOODS_3_120,FOODS_3,FOODS,CA_1,CA,2016-04-29,11613,Friday,7,4,2016,,,0,0,0,4.98,37.66970446199643,39.0,60.0,44.0,45.61287740437401,38.83179077966493,4,4.98,0.0,0,46.41031449973538,29.20236341202553,63.61826558744523,45
FOODS_3_120_CA_3_validation,FOODS_3_120,FOODS_3,FOODS,CA_3,CA,2016-04-29,11613,Friday,7,4,2016,,,0,0,0,4.98,66.52164128967593,43.0,46.0,56.0,70.34438467996911,69.69323902713514,4,4.98,0.0,0,57.36500811705967,36.0952911486459,78.63472508547345,63
FOODS_3_226_WI_1_validation,FOODS_3_226,FOODS_3,FOODS,WI_1,WI,2016-04-29,11613,Friday,7,4,2016,,,0,0,0,1.68,33.61101383386952,41.0,38.0,39.0,35.180837625657595,36.93806654927154,4,1.68,0.0,0,39.770138346677584,25.024222426952804,54.516054266402364,32
FOODS_3_226_WI_2_validation,FOODS_3_226,FOODS_3,FOODS,WI_2,WI,2016-04-29,11613,Friday,7,4,2016,,,0,0,0,1.68,46.44602110072973,48.0,60.0,55.0,40.7281000189779,45.503453576173044,4,1.68,0.0,0,55.518783092401854,34.93360684006961,76.1039593447341,45
FOODS_3_226_WI_3_validation,FOODS_3_226,FOODS_3,FOODS,WI_3,WI,2016-04-29,11613,Friday,7,4,2016,,,0,0,0,1.68,47.61476104431479,55.0,51.0,50.0,43.508692214427526,45.305744482178305,4,1.68,0.0,0,52.1502942406054,32.814081543595314,71.48650693761547,41
FOODS_3_234_WI_2_validation,FOODS_3_234,FOODS_3,FOODS,WI_2,WI,2016-04-29,11613,Friday,7,4,2016,,,0,0,0,0.25,29.403894676016613,32.0,0.0,0.0,23.676204248560303,12.419051062140074,4,0.25,0.0,0,31.666316788072557,19.925124419721232,43.40750915642388,12
FOODS_3_252_CA_1_validation,FOODS_3_252,FOODS_3,FOODS,CA_1,CA,2016-04-29,11613,Friday,7,4,2016,,,0,0,0,1.58,31.72692014201082,33.0,23.0,45.0,36.548267286066014,38.208495392945075,4,1.58,0.0,0,34.55300739507907,21.74149194647793,47.36452284368021,38
FOODS_3_252_CA_2_validation,FOODS_3_252,FOODS_3,FOODS,CA_2,CA,2016-04-29,11613,Friday,7,4,2016,,,0,0,0,1.58,29.908953938245162,27.0,35.0,29.0,32.78795915276384,34.83984693104811,4,1.58,0.0,0,33.78311287481812,21.257057832813057,46.309167916823185,23
FOODS_3_252_CA_3_validation,FOODS_3_252,FOODS_3,FOODS,CA_3,CA,2016-04-29,11613,Friday,7,4,2016,,,0,0,0,1.58,34.92379395576315,35.0,44.0,33.0,41.33941158864978,46.620567182876734,4,1.58,0.0,0,37.316963256837056,23.480632144080236,51.15329436959388,51
FOODS_3_252_CA_4_validation,FOODS_3_252,FOODS_3,FOODS,CA_4,CA,2016-04-29,11613,Friday,7,4,2016,,,0,0,0,1.58,15.692967294152888,11.0,20.0,27.0,13.983548710213094,17.031601463267556,4,1.58,0.0,0,18.86654698316569,11.871235247406045,25.861858718925337,11
FOODS_3_252_TX_1_validation,FOODS_3_252,FOODS_3,FOODS,TX_1,TX,2016-04-29,11613,Friday,7,4,2016,,,0,0,0,1.58,29.111974432233936,17.0,27.0,32.0,29.989122646780313,30.961566375980794,4,1.58,0.0,0,29.848234384598225,18.781148050856743,40.91532071833971,40
FOODS_3_252_TX_2_validation,FOODS_3_252,FOODS_3,FOODS,TX_2,TX,2016-04-29,11613,Friday,7,4,2016,,,0,0,0,1.58,38.45585392275211,63.0,56.0,52.0,48.74699456203264,48.65103435479387,4,1.58,0.0,0,54.37587690509973,34.21446580025529,74.53728800994416,58
FOODS_3_252_TX_3_validation,FOODS_3_252,FOODS_3,FOODS,TX_3,TX,2016-04-29,11613,Friday,7,4,2016,,,0,0,0,1.58,30.674187632328213,36.0,37.0,29.0,33.0433302936569,33.26083257341423,4,1.58,0.0,0,35.53687849506704,22.360564704810603,48.71319228532348,52
FOODS_3_318_WI_3_validation,FOODS_3_318,FOODS_3,FOODS,WI_3,WI,2016-04-29,11613,Friday,7,4,2016,,,0,0,0,1.48,17.344554212259652,33.0,25.0,28.0,24.053506744535643,23.62051954327677,4,1.48,0.0,0,25.294282372818845,15.915703956318998,34.67286078931869,29
FOODS_3_377_TX_2_validation,FOODS_3_377,FOODS_3,FOODS,TX_2,TX,2016-04-29,11613,Friday,7,4,2016,,,0,0,0,1.68,21.654768145091527,28.0,39.0,32.0,26.67752074645485,27.169380186613715,4,1.68,0.0,0,30.38005967433248,19.11578390820725,41.64433544045771,37
FOODS_3_377_TX_3_validation,FOODS_3_377,FOODS_3,FOODS,TX_3,TX,2016-04-29,11613,Friday,7,4,2016,,,0,0,0,1.68,40.6974527654057,52.0,42.0,56.0,42.6367395558753,42.4806134603974,4,1.68,0.0,0,49.897338707363936,31.39647369193497,68.3982037227929,52
FOODS_3_491_WI_1_validation,FOODS_3_491,FOODS_3,FOODS,WI_1,WI,2016-04-29,11613,Friday,7,4,2016,,,0,0,0,1.38,15.339041039291672,16.0,16.0,33.0,18.962091549617963,19.41909431597592,4,1.38,0.0,0,18.91721165723778,11.903114544936194,25.931308769539363,21
FOODS_3_541_CA_3_validation,FOODS_3_541,FOODS_3,FOODS,CA_3,CA,2016-04-29,11613,Friday,7,4,2016,,,0,0,0,1.0,6.03607464356119,0.0,0.0,0.0,2.727639721029821,0.6819099302574553,4,1.0,0.0,0,6.4356008744794275,4.04941784034601,8.821783908612845,0
FOODS_3_555_CA_2_validation,FOODS_3_555,FOODS_3,FOODS,CA_2,CA,2016-04-29,11613,Friday,7,4,2016,,,0,0,0,1.68,17.818834954656907,18.0,15.0,23.0,22.28861830543868,20.357868862073957,4,1.68,0.0,0,19.077684598413416,12.00408755484834,26.151281641978493,18
FOODS_3_555_TX_1_validation,FOODS_3_555,FOODS_3,FOODS,TX_1,TX,2016-04-29,11613,Friday,7,4,2016,,,0,0,0,1.68,27.33479595430513,30.0,30.0,28.0,27.893835993082963,29.187744712556455,4,1.68,0.0,0,31.138614326919875,19.593082734373706,42.68414591946604,30
FOODS_3_555_TX_2_validation,FOODS_3_555,FOODS_3,FOODS,TX_2,TX,2016-04-29,11613,Friday,7,4,2016,,,0,0,0,1.68,38.69502569318548,41.0,39.0,51.0,37.23682995084279,41.63063605913926,4,1.68,0.0,0,45.3744506148825,28.55057568042033,62.198325549344666,47
FOODS_3_555_TX_3_validation,FOODS_3_555,FOODS_3,FOODS,TX_3,TX,2016-04-29,11613,Friday,7,4,2016,,,0,0,0,1.68,28.24083063237238,40.0,30.0,23.0,28.319834551926135,27.865672923695822,4,1.68,0.0,0,32.9478141889591,20.731470018014225,45.16415835990397,39
FOODS_3_555_WI_3_validation,FOODS_3_555,FOODS_3,FOODS,WI_3,WI,2016-04-29,11613,Friday,7,4,2016,,,0,0,0,1.68,24.258342367836995,26.0,25.0,20.0,27.193663301972695,27.83413011120746,4,1.68,0.0,0,24.998008779699344,15.729282269051364,34.26673529034733,25
FOODS_3_586_CA_1_validation,FOODS_3_586,FOODS_3,FOODS,CA_1,CA,2016-04-29,11613,Friday,7,4,2016,,,0,0,0,1.68,36.17370085714294,28.0,32.0,36.0,36.73636968651736,39.18409242162934,4,1.68,0.0,0,34.07316638884808,21.439565713161212,46.70676706453495,36
FOODS_3_586_CA_2_validation,FOODS_3_586,FOODS_3,FOODS,CA_2,CA,2016-04-29,11613,Friday,7,4,2016,,,0,0,0,1.68,29.91012843730211,34.0,24.0,30.0,32.81875634219055,33.24040337126193,4,1.68,0.0,0,31.52002052392809,19.83307167848431,43.20696936937187,37
FOODS_3_586_CA_3_validation,FOODS_3_586,FOODS_3,FOODS,CA_3,CA,2016-04-29,11613,Friday,7,4,2016,,,0,0,0,1.68,54.407308070248725,61.0,57.0,62.0,65.10228290621876,68.4898564408404,4,1.68,0.0,0,63.072669776788,39.686674051712025,86.45866550186398,65
FOODS_3_586_CA_4_validation,FOODS_3_586,FOODS_3,FOODS,CA_4,CA,2016-04-29,11613,Friday,7,4,2016,,,0,0,0,1.68,19.703497058746823,8.0,15.0,25.0,15.949286147105108,16.63017867963342,4,1.68,0.0,0,20.34872640552331,12.803854269708943,27.893598541337674,18
FOODS_3_586_TX_1_validation,FOODS_3_586,FOODS_3,FOODS,TX_1,TX,2016-04-29,11613,Friday,7,4,2016,,,0,0,0,1.68,46.38878391909876,50.0,53.0,40.0,50.46491011965772,55.044798958485856,4,1.68,0.0,0,48.54997164971601,30.54868149550306,66.55126180392895,70
FOODS_3_586_TX_2_validation,FOODS_3_586,FOODS_3,FOODS,TX_2,TX,2016-04-29,11613,Friday,7,4,2016,,,0,0,0,1.68,62.70878841151189,80.0,80.0,77.0,69.01605818235866,75.21830025987538,4,1.68,0.0,0,77.83292202769631,48.974140748078625,106.691703307314,86
FOODS_3_586_TX_3_validation,FOODS_3_586,FOODS_3,FOODS,TX_3,TX,2016-04-29,11613,Friday,7,4,2016,,,0,0,0,1.68,51.86195940465334,55.0,56.0,61.0,50.83067622411925,58.17195477031553,4,1.68,0.0,0,57.37012381375286,36.09851005451953,78.64173757298619,66
FOODS_3_586_WI_1_validation,FOODS_3_586,FOODS_3,FOODS,WI_1,WI,2016-04-29,11613,Friday,7,4,2016,,,0,0,0,1.68,12.8712027077243,13.0,23.0,13.0,14.609058822150283,14.687978991251855,4,1.68,0.0,0,16.73531086008431,10.530215854326652,22.94040586584197,16
FOODS_3_586_WI_3_validation,FOODS_3_586,FOODS_3,FOODS,WI_3,WI,2016-04-29,11613,Friday,7,4,2016,,,0,0,0,1.68,29.43892947975617,35.0,37.0,37.0,34.118110563160045,31.815241926504303,4,1.68,0.0,0,35.61224462480158,22.407986687039973,48.816502562563194,23
FOODS_3_587_CA_1_validation,FOODS_3_587,FOODS_3,FOODS,CA_1,CA,2016-04-29,11613,Friday,7,4,2016,,,0,0,0,2.48,18.529449007488818,21.0,20.0,15.0,21.958873728603326,22.204004146436542,4,2.48,0.0,0,20.58273669670613,12.951098554496404,28.21437483891586,19
FOODS_3_587_CA_4_validation,FOODS_3_587,FOODS_3,FOODS,CA_4,CA,2016-04-29,11613,Friday,7,4,2016,,,0,0,0,2.48,13.715365292783016,9.0,11.0,13.0,17.27407022123931,16.068517555309825,4,2.48,0.0,0,12.696222630262737,7.988735073342998,17.403710187182476,9
FOODS_3_587_TX_1_validation,FOODS_3_587,FOODS_3,FOODS,TX_1,TX,2016-04-29,11613,Friday,7,4,2016,,,0,0,0,2.48,22.532923403093992,17.0,38.0,12.0,24.688999486475804,23.886535585904664,4,2.48,0.0,0,23.545805105135496,14.815524628966116,32.276085581304876,12
FOODS_3_587_TX_2_validation,FOODS_3_587,FOODS_3,FOODS,TX_2,TX,2016-04-29,11613,Friday,7,4,2016,,,0,0,0,2.48,22.382569884030115,34.0,27.0,21.0,30.856612293420376,28.571295930497946,4,2.48,0.0,0,27.503188690433582,17.30559509852344,37.700782282343724,28
FOODS_3_635_CA_3_validation,FOODS_3_635,FOODS_3,FOODS,CA_3,CA,2016-04-29,11613,Friday,7,4,2016,,,0,0,0,0.88,5.430214510651347,0.0,0.0,0.0,2.697304299626483,0.6743260749066208,4,0.88,0.0,0,5.505593174868406,3.464237086611239,7.5469492631255735,0
FOODS_3_635_CA_4_validation,FOODS_3_635,FOODS_3,FOODS,CA_4,CA,2016-04-29,11613,Friday,7,4,2016,,,0,0,0,1.0,5.924701911760917,0.0,0.0,0.0,2.5118337042938212,0.6279584260734553,4,1.0,0.0,0,6.4356008744794275,4.04941784034601,8.821783908612845,0
FOODS_3_694_WI_1_validation,FOODS_3_694,FOODS_3,FOODS,WI_1,WI,2016-04-29,11613,Friday,7,4,2016,,,0,0,0,1.68,17.699001935415605,18.0,21.0,31.0,20.667163512892568,20.845362306794566,4,1.68,0.0,0,22.31308767970574,14.039872435487842,30.586302923923633,23
FOODS_3_694_WI_2_validation,FOODS_3_694,FOODS_3,FOODS,WI_2,WI,2016-04-29,11613,Friday,7,4,2016,,,0,0,0,1.68,35.759887126329566,31.0,41.0,52.0,32.14041813641787,37.07081881981876,4,1.68,0.0,0,39.7461097682086,25.009103130988333,54.48311640542886,41
FOODS_3_694_WI_3_validation,FOODS_3_694,FOODS_3,FOODS,WI_3,WI,2016-04-29,11613,Friday,7,4,2016,,,0,0,0,1.68,40.5961148242742,46.0,65.0,46.0,42.22529691285805,44.5920385139288,4,1.68,0.0,0,51.675198898548686,32.51514138376986,70.83525641332751,40
FOODS_3_711_WI_2_validation,FOODS_3_711,FOODS_3,FOODS,WI_2,WI,2016-04-29,11613,Friday,7,4,2016,,,0,0,0,0.25,26.037919357100353,26.0,0.0,0.0,26.594678062144926,10.862955229821946,4,0.25,0.0,0,26.124717899266866,16.438231767108345,35.81120403142538,30
FOODS_3_714_CA_1_validation,FOODS_3_714,FOODS_3,FOODS,CA_1,CA,2016-04-29,11613,Friday,7,4,2016,,,0,0,0,1.58,12.807727192680455,18.0,20.0,29.0,16.290613363199277,18.751224769371248,4,1.58,0.0,0,20.930027293095744,13.169621232368074,28.690433353823416,16
FOODS_3_714_TX_1_validation,FOODS_3_714,FOODS_3,FOODS,TX_1,TX,2016-04-29,11613,Friday,7,4,2016,,,0,0,0,1.58,16.994196458378678,21.0,17.0,25.0,19.498531361885764,20.4817756976143,4,1.58,0.0,0,20.77639809227425,13.072954450394125,28.479841734154373,27
FOODS_3_714_WI_1_validation,FOODS_3_714,FOODS_3,FOODS,WI_1,WI,2016-04-29,11613,Friday,7,4,2016,,,0,0,0,1.58,16.51689469168995,18.0,23.0,17.0,16.794740358074932,17.37725651809016,4,1.58,0.0,0,21.323862238112056,13.41743061079379,29.230293865430323,14
FOODS_3_808_CA_4_validation,FOODS_3_808,FOODS_3,FOODS,CA_4,CA,2016-04-29,11613,Friday,7,4,2016,,,0,0,0,1.0,5.924701911760917,0.0,0.0,0.0,2.5463570448465944,0.6365892612116486,4,1.0,0.0,0,6.4356008744794275,4.04941784034601,8.821783908612845,0
HOBBIES_1_008_TX_2_validation,HOBBIES_1_008,HOBBIES_1,HOBBIES,TX_2,TX,2016-04-29,11613,Friday,7,4,2016,,,0,0,0,0.48,6.1560105687825555,0.0,7.0,0.0,3.1708503529026237,3.50699830251137,4,0.48,0.0,0,5.665581957615664,3.564905453675626,7.766258461555701,5
HOBBIES_1_015_CA_2_validation,HOBBIES_1_015,HOBBIES_1,HOBBIES,CA_2,CA,2016-04-29,11613,Friday,7,4,2016,,,0,0,0,0.7,8.176549493079149,13.0,4.0,4.0,8.64494301979396,7.589807183519918,4,0.7,0.0,0,7.43199252912751,4.676368799704595,10.187616258550426,53
HOBBIES_1_048_WI_3_validation,HOBBIES_1_048,HOBBIES_1,HOBBIES,WI_3,WI,2016-04-29,11613,Friday,7,4,2016,,,0,0,0,0.48,5.198084343195311,13.0,9.0,5.0,6.587563344269474,5.325462264638797,4,0.48,0.0,0,7.382037282387009,4.644935889038544,10.119138675735474,6
HOBBIES_1_103_WI_3_validation,HOBBIES_1_103,HOBBIES_1,HOBBIES,WI_3,WI,2016-04-29,11613,Friday,7,4,2016,,,0,0,0,0.7,5.333005873951379,1.0,7.0,4.0,5.678004778756474,4.24092976611769,4,0.7,0.0,0,5.630849502313047,3.5430510492641942,7.718647955361899,8
HOBBIES_1_178_CA_4_validation,HOBBIES_1_178,HOBBIES_1,HOBBIES,CA_4,CA,2016-04-29,11613,Friday,7,4,2016,,,0,0,0,0.48,10.900671034002249,11.0,0.0,11.0,8.739718959683264,4.6849297399208165,4,0.48,0.0,0,9.046773302191234,5.692423430535146,12.401123173847322,0
HOBBIES_1_178_WI_2_validation,HOBBIES_1_178,HOBBIES_1,HOBBIES,WI_2,WI,2016-04-29,11613,Friday,7,4,2016,,,0,0,0,0.48,9.310211893734309,0.0,0.0,3.0,4.596580381783434,3.8277165240172866,4,0.48,0.0,0,5.8307992319052016,3.668863699547347,7.992734764263056,4
HOBBIES_1_234_CA_3_validation,HOBBIES_1_234,HOBBIES_1,HOBBIES,CA_3,CA,2016-04-29,11613,Friday,7,4,2016,,,0,0,0,0.3,28.224584286461095,30.0,24.0,0.0,27.158215455677986,25.860982435348067,4,0.3,0.0,0,30.47359314471987,19.17463717009273,41.77254911934701,48
HOBBIES_1_254_CA_3_validation,HOBBIES_1_254,HOBBIES_1,HOBBIES,CA_3,CA,2016-04-29,11613,Friday,7,4,2016,,,0,0,0,0.7,11.048797323849891,6.0,7.0,30.0,12.301810108717321,14.932595384322187,4,0.7,0.0,0,10.36469899340242,6.521690488939015,14.207707497865826,8
HOBBIES_1_254_TX_1_validation,HOBBIES_1_254,HOBBIES_1,HOBBIES,TX_1,TX,2016-04-29,11613,Friday,7,4,2016,,,0,0,0,0.7,5.163351887892695,1.0,0.0,2.0,3.700747490031012,3.8180440153648965,4,0.7,0.0,0,5.528796629062842,3.4788371967183154,7.5787560614073675,2
HOBBIES_1_348_CA_1_validation,HOBBIES_1_348,HOBBIES_1,HOBBIES,CA_1,CA,2016-04-29,11613,Friday,7,4,2016,,,0,0,0,0.48,6.542586130787509,1.0,2.0,1.0,8.99329170653763,6.605465783777263,4,0.48,0.0,0,5.674901816165729,3.570769708190196,7.779033924141262,14
HOBBIES_1_348_CA_2_validation,HOBBIES_1_348,HOBBIES_1,HOBBIES,CA_2,CA,2016-04-29,11613,Friday,7,4,2016,,,0,0,0,0.48,5.555470838095988,9.0,4.0,6.0,5.856531593877618,5.7498471841836905,4,0.48,0.0,0,6.897375725387184,4.339976461982136,9.454774988792233,4
HOBBIES_1_354_TX_3_validation,HOBBIES_1_354,HOBBIES_1,HOBBIES,TX_3,TX,2016-04-29,11613,Friday,7,4,2016,,,0,0,0,22.98,23.855148910625847,8.0,17.0,22.0,19.842007410412556,21.71050185260314,4,22.98,0.0,0,19.86496499249199,12.49946123250735,27.230468752476632,26
HOBBIES_1_370_WI_1_validation,HOBBIES_1_370,HOBBIES_1,HOBBIES,WI_1,WI,2016-04-29,11613,Friday,7,4,2016,,,0,0,0,0.48,5.163351887892695,5.0,6.0,12.0,5.696891512980619,6.45993716395944,4,0.48,0.0,0,6.870393347300662,4.322998572064846,9.417788122536479,11
HOBBIES_1_371_CA_1_validation,HOBBIES_1_371,HOBBIES_1,HOBBIES,CA_1,CA,2016-04-29,11613,Friday,7,4,2016,,,0,0,0,0.48,8.49887595527699,15.0,6.0,26.0,7.24920853293617,10.883730704662613,4,0.48,0.0,0,10.386435012650294,6.5353672575636015,14.237502767736986,7
HOBBIES_1_371_CA_4_validation,HOBBIES_1_371,HOBBIES_1,HOBBIES,CA_4,CA,2016-04-29,11613,Friday,7,4,2016,,,0,0,0,0.48,8.871487936457271,0.0,5.0,8.0,5.706686864389114,8.033814573240136,4,0.48,0.0,0,6.378488502572393,4.013481513309022,8.743495491835764,8
HOBBIES_1_371_TX_1_validation,HOBBIES_1_371,HOBBIES_1,HOBBIES,TX_1,TX,2016-04-29,11613,Friday,7,4,2016,,,0,0,0,0.48,5.319627909561958,0.0,2.0,6.0,2.5111906482957065,2.3777976620739265,4,0.48,0.0,0,6.076485899730032,3.823455010479989,8.329516788980074,1
HOBBIES_1_371_TX_2_validation,HOBBIES_1_371,HOBBIES_1,HOBBIES,TX_2,TX,2016-04-29,11613,Friday,7,4,2016,,,0,0,0,0.48,5.163351887892695,0.0,5.0,5.0,3.798771586927994,3.485407182446284,4,0.48,0.0,0,5.528796629062842,3.4788371967183154,7.5787560614073675,7
HOBBIES_1_371_TX_3_validation,HOBBIES_1_371,HOBBIES_1,HOBBIES,TX_3,TX,2016-04-29,11613,Friday,7,4,2016,,,0,0,0,0.48,5.537946607354869,0.0,2.0,1.0,5.358833823064237,4.161137027194631,4,0.48,0.0,0,5.563529084365458,3.5006916011297466,7.626366567601169,4
HOBBIES_1_371_WI_1_validation,HOBBIES_1_371,HOBBIES_1,HOBBIES,WI_1,WI,2016-04-29,11613,Friday,7,4,2016,,,0,0,0,0.48,8.554545007606535,2.0,6.0,11.0,6.672714617525671,7.703892940095703,4,0.48,0.0,0,6.865810221580543,4.320114771248485,9.4115056719126,8
HOBBIES_1_371_WI_2_validation,HOBBIES_1_371,HOBBIES_1,HOBBIES,WI_2,WI,2016-04-29,11613,Friday,7,4,2016,,,0,0,0,0.48,7.723208710125619,2.0,4.0,1.0,4.390350964377894,3.669016312523045,4,0.48,0.0,0,5.8188627060159295,3.661352981926643,7.976372430105216,5
HOUSEHOLD_1_110_CA_1_validation,HOUSEHOLD_1_110,HOUSEHOLD_1,HOUSEHOLD,CA_1,CA,2016-04-29,11613,Friday,7,4,2016,,,0,0,0,3.97,6.770822521720867,11.0,4.0,3.0,9.66607608907003,7.4522333079817935,4,3.97,0.0,0,7.696564756480209,4.842843308984781,10.550286203975636,9
HOUSEHOLD_1_110_CA_4_validation,HOUSEHOLD_1_110,HOUSEHOLD_1,HOUSEHOLD,CA_4,CA,2016-04-29,11613,Friday,7,4,2016,,,0,0,0,3.97,6.894084026443603,7.0,5.0,4.0,6.545205230687237,5.422015593386094,4,3.97,0.0,0,6.959848934289253,4.379285942418516,9.54041192615999,6
HOUSEHOLD_1_110_WI_2_validation,HOUSEHOLD_1_110,HOUSEHOLD_1,HOUSEHOLD,WI_2,WI,2016-04-29,11613,Friday,7,4,2016,,,0,0,0,3.97,23.188216488227397,33.0,27.0,46.0,23.395587252615226,24.598896813153804,4,3.97,0.0,0,30.792594850459118,19.375359872372773,42.209829828545466,55
HOUSEHOLD_1_110_WI_3_validation,HOUSEHOLD_1_110,HOUSEHOLD_1,HOUSEHOLD,WI_3,WI,2016-04-29,11613,Friday,7,4,2016,,,0,0,0,3.97,8.451696408013332,25.0,14.0,18.0,14.58675422457682,13.86097427042992,4,3.97,0.0,0,15.385824941048385,9.68109042494989,21.09055945714688,12
HOUSEHOLD_1_118_CA_1_validation,HOUSEHOLD_1_118,HOUSEHOLD_1,HOUSEHOLD,CA_1,CA,2016-04-29,11613,Friday,7,4,2016,,,0,0,0,0.97,7.383109006239981,1.0,4.0,6.0,6.78168977377051,9.266851014871198,4,0.97,0.0,0,6.51899206517668,4.101889362729608,8.936094767623752,14
HOUSEHOLD_1_118_CA_3_validation,HOUSEHOLD_1_118,HOUSEHOLD_1,HOUSEHOLD,CA_3,CA,2016-04-29,11613,Friday,7,4,2016,,,0,0,0,0.97,18.566099299201827,14.0,21.0,19.0,19.953602087067534,22.666971950338315,4,0.97,0.0,0,19.747305245481233,12.425427200887187,27.06918329007528,19
HOUSEHOLD_1_118_TX_3_validation,HOUSEHOLD_1_118,HOUSEHOLD_1,HOUSEHOLD,TX_3,TX,2016-04-29,11613,Friday,7,4,2016,,,0,0,0,0.97,5.700546193946147,3.0,4.0,7.0,6.199347058981629,6.942693907602549,4,0.97,0.0,0,6.407619333376407,4.031811255669157,8.783427411083656,4
HOUSEHOLD_1_151_CA_4_validation,HOUSEHOLD_1_151,HOUSEHOLD_1,HOUSEHOLD,CA_4,CA,2016-04-29,11613,Friday,7,4,2016,,,0,0,0,0.88,4.983872412028997,4.0,2.0,4.0,4.678198314138135,3.6695495785345336,4,0.88,0.0,0,5.518971139257827,3.4726547881938306,7.565287490321824,5
HOUSEHOLD_1_191_CA_2_validation,HOUSEHOLD_1_191,HOUSEHOLD_1,HOUSEHOLD,CA_2,CA,2016-04-29,11613,Friday,7,4,2016,,,0,0,0,2.96,11.405229640234648,9.0,15.0,11.0,9.542500084566708,10.885625021141678,4,2.96,0.0,0,11.581868540527113,7.287559624546542,15.876177456507683,17
HOUSEHOLD_1_191_CA_4_validation,HOUSEHOLD_1_191,HOUSEHOLD_1,HOUSEHOLD,CA_4,CA,2016-04-29,11613,Friday,7,4,2016,,,0,0,0,2.96,6.515488900070398,3.0,8.0,9.0,5.2085805470424535,4.623573708189185,4,2.96,0.0,0,7.452020851457291,4.688971048870797,10.215070654043785,3
HOUSEHOLD_1_234_CA_2_validation,HOUSEHOLD_1_234,HOUSEHOLD_1,HOUSEHOLD,CA_2,CA,2016-04-29,11613,Friday,7,4,2016,,,0,0,0,0.97,8.040186877437279,12.0,3.0,4.0,6.532342612041158,6.63308565301029,4,0.97,0.0,0,7.704498616067714,4.847835463281336,10.561161768854094,1
HOUSEHOLD_1_234_TX_1_validation,HOUSEHOLD_1_234,HOUSEHOLD_1,HOUSEHOLD,TX_1,TX,2016-04-29,11613,Friday,7,4,2016,,,0,0,0,0.97,10.672040283829512,19.0,12.0,11.0,11.229774195471416,11.271729263153569,4,0.97,0.0,0,12.75889033589726,8.028166935287127,17.489613736507394,1
HOUSEHOLD_1_234_TX_2_validation,HOUSEHOLD_1_234,HOUSEHOLD_1,HOUSEHOLD,TX_2,TX,2016-04-29,11613,Friday,7,4,2016,,,0,0,0,0.97,5.881485117972948,4.0,14.0,0.0,2.906571361131676,2.690928554568633,4,0.97,0.0,0,7.536151488783234,4.74190784690287,10.330395130663597,0
HOUSEHOLD_1_303_CA_2_validation,HOUSEHOLD_1_303,HOUSEHOLD_1,HOUSEHOLD,CA_2,CA,2016-04-29,11613,Friday,7,4,2016,,,0,0,0,0.98,6.819804965478654,9.0,5.0,4.0,6.787768178196761,7.982656330263476,4,0.98,0.0,0,7.144913560457911,4.495732566974758,9.794094553941065,8
HOUSEHOLD_1_303_CA_3_validation,HOUSEHOLD_1_303,HOUSEHOLD_1,HOUSEHOLD,CA_3,CA,2016-04-29,11613,Friday,7,4,2016,,,0,0,0,0.98,10.382294703042476,18.0,17.0,12.0,12.02972622275524,11.68600298426024,4,0.98,0.0,0,14.985037134599981,9.428906157267722,20.54116811193224,9
HOUSEHOLD_1_303_WI_1_validation,HOUSEHOLD_1_303,HOUSEHOLD_1,HOUSEHOLD,WI_1,WI,2016-04-29,11613,Friday,7,4,2016,,,0,0,0,0.98,7.251984835685143,4.0,0.0,7.0,4.4381413083815575,4.680963898523961,4,0.98,0.0,0,6.89765157272779,4.340150031034047,9.455153114421533,0
HOUSEHOLD_1_327_CA_2_validation,HOUSEHOLD_1_327,HOUSEHOLD_1,HOUSEHOLD,CA_2,CA,2016-04-29,11613,Friday,7,4,2016,,,0,0,0,0.98,6.383633591516047,4.0,3.0,3.0,4.394019707195321,4.884219212513116,4,0.98,0.0,0,6.238589570260327,3.925454110211923,8.55172503030873,3
HOUSEHOLD_1_327_WI_1_validation,HOUSEHOLD_1_327,HOUSEHOLD_1,HOUSEHOLD,WI_1,WI,2016-04-29,11613,Friday,7,4,2016,,,0,0,0,0.98,5.804726679342025,5.0,1.0,8.0,3.478180366520443,4.726687948772968,4,0.98,0.0,0,6.923210583431311,4.356232307723215,9.490188859139407,1
HOUSEHOLD_1_334_CA_1_validation,HOUSEHOLD_1_334,HOUSEHOLD_1,HOUSEHOLD,CA_1,CA,2016-04-29,11613,Friday,7,4,2016,,,0,0,0,0.97,10.381484515588754,13.0,14.0,19.0,10.794512440854447,14.091485253070754,4,0.97,0.0,0,14.142169517348911,8.898555808805117,19.385783225892705,6
HOUSEHOLD_1_334_CA_3_validation,HOUSEHOLD_1_334,HOUSEHOLD_1,HOUSEHOLD,CA_3,CA,2016-04-29,11613,Friday,7,4,2016,,,0,0,0,0.97,24.391721009104383,21.0,14.0,24.0,23.090409976120494,23.30831677974441,4,0.97,0.0,0,21.93739606319529,13.803479227761315,30.071312898629266,11
HOUSEHOLD_1_334_TX_1_validation,HOUSEHOLD_1_334,HOUSEHOLD_1,HOUSEHOLD,TX_1,TX,2016-04-29,11613,Friday,7,4,2016,,,0,0,0,0.96,9.413475508375925,7.0,15.0,13.0,10.797682927963498,9.949420731990873,4,0.96,0.0,0,9.850187813423226,6.197949040098194,13.502426586748257,14
HOUSEHOLD_1_334_TX_2_validation,HOUSEHOLD_1_334,HOUSEHOLD_1,HOUSEHOLD,TX_2,TX,2016-04-29,11613,Friday,7,4,2016,,,0,0,0,0.96,10.619043087506178,6.0,12.0,19.0,8.872977392489817,13.146815776693881,4,0.96,0.0,0,11.301501622453943,7.111146757740199,15.491856487167686,17
HOUSEHOLD_1_334_TX_3_validation,HOUSEHOLD_1_334,HOUSEHOLD_1,HOUSEHOLD,TX_3,TX,2016-04-29,11613,Friday,7,4,2016,,,0,0,0,0.96,8.897099007822604,11.0,14.0,13.0,11.278548614281005,10.891065724998823,4,0.96,0.0,0,11.409366705718238,7.179017777251827,15.639715634184649,21
HOUSEHOLD_1_334_WI_2_validation,HOUSEHOLD_1_334,HOUSEHOLD_1,HOUSEHOLD,WI_2,WI,2016-04-29,11613,Friday,7,4,2016,,,0,0,0,0.97,16.669502733024423,20.0,29.0,44.0,17.826013157308356,20.813646146469946,4,0.97,0.0,0,22.78225820611609,14.335084574473122,31.22943183775906,35
HOUSEHOLD_1_334_WI_3_validation,HOUSEHOLD_1_334,HOUSEHOLD_1,HOUSEHOLD,WI_3,WI,2016-04-29,11613,Friday,7,4,2016,,,0,0,0,0.97,9.853887221599663,13.0,11.0,17.0,11.363302326767757,11.983682724549082,4,0.97,0.0,0,13.04714319167353,8.209541802914469,17.884744580432592,3
HOUSEHOLD_1_389_WI_1_validation,HOUSEHOLD_1_389,HOUSEHOLD_1,HOUSEHOLD,WI_1,WI,2016-04-29,11613,Friday,7,4,2016,,,0,0,0,0.98,5.896311872507895,0.0,2.0,8.0,2.8501185552419614,3.3196724959533475,4,0.98,0.0,0,6.616624854868833,4.163322004077823,9.069927705659843,0
HOUSEHOLD_1_399_CA_4_validation,HOUSEHOLD_1_399,HOUSEHOLD_1,HOUSEHOLD,CA_4,CA,2016-04-29,11613,Friday,7,4,2016,,,0,0,0,0.97,6.974395518404956,5.0,0.0,1.0,4.317633688818889,2.150836993633294,4,0.97,0.0,0,6.565720350638873,4.131291800278175,9.000148900999571,0
HOUSEHOLD_1_409_WI_2_validation,HOUSEHOLD_1_409,HOUSEHOLD_1,HOUSEHOLD,WI_2,WI,2016-04-29,11613,Friday,7,4,2016,,,0,0,0,2.94,9.895716904145269,12.0,18.0,52.0,11.426930540515894,11.821018349414686,4,2.94,0.0,0,16.41882637156887,10.331077039011156,22.506575704126583,34
HOUSEHOLD_1_441_WI_3_validation,HOUSEHOLD_1_441,HOUSEHOLD_1,HOUSEHOLD,WI_3,WI,2016-04-29,11613,Friday,7,4,2016,,,0,0,0,2.77,6.3458349140117125,8.0,17.0,0.0,6.240247289925089,6.095776108195558,4,2.77,0.0,0,9.834636326954044,6.188163711893343,13.481108942014744,5
HOUSEHOLD_1_459_CA_3_validation,HOUSEHOLD_1_459,HOUSEHOLD_1,HOUSEHOLD,CA_3,CA,2016-04-29,11613,Friday,7,4,2016,,,0,0,0,0.97,21.561471537493276,33.0,35.0,23.0,27.061975984669058,27.08692256759583,4,0.97,0.0,0,25.518102194992355,16.05653617985334,34.97966821013137,12
HOUSEHOLD_1_459_TX_1_validation,HOUSEHOLD_1_459,HOUSEHOLD_1,HOUSEHOLD,TX_1,TX,2016-04-29,11613,Friday,7,4,2016,,,0,0,0,0.96,7.539489157543499,9.0,7.0,8.0,7.97992245855333,7.637837757495475,4,0.96,0.0,0,7.866542815236874,4.949797142359711,10.783288488114039,11
HOUSEHOLD_1_459_TX_3_validation,HOUSEHOLD_1_459,HOUSEHOLD_1,HOUSEHOLD,TX_3,TX,2016-04-29,11613,Friday,7,4,2016,,,0,0,0,0.96,6.243046219771778,0.0,4.0,10.0,2.4733538502520003,2.796909891134429,4,0.96,0.0,0,6.894941052384559,4.338444513608622,9.451437591160495,0
HOUSEHOLD_1_459_WI_1_validation,HOUSEHOLD_1_459,HOUSEHOLD_1,HOUSEHOLD,WI_1,WI,2016-04-29,11613,Friday,7,4,2016,,,0,0,0,0.97,8.459890587592497,8.0,7.0,8.0,6.843885245204788,7.710971311301198,4,0.97,0.0,0,7.774998674606172,4.8921956093437124,10.657801739868631,8
HOUSEHOLD_1_459_WI_2_validation,HOUSEHOLD_1_459,HOUSEHOLD_1,HOUSEHOLD,WI_2,WI,2016-04-29,11613,Friday,7,4,2016,,,0,0,0,0.97,22.54813903214496,27.0,49.0,43.0,24.81194878795737,28.024415768417914,4,0.97,0.0,0,31.645206685195312,19.911841491076352,43.37857187931427,58
HOUSEHOLD_1_459_WI_3_validation,HOUSEHOLD_1_459,HOUSEHOLD_1,HOUSEHOLD,WI_3,WI,2016-04-29,11613,Friday,7,4,2016,,,0,0,0,0.97,8.72174438673605,11.0,14.0,31.0,10.60881132795696,12.545059974846383,4,0.97,0.0,0,12.61964644227446,7.940551696556056,17.298741187992864,0
HOUSEHOLD_1_474_TX_2_validation,HOUSEHOLD_1_474,HOUSEHOLD_1,HOUSEHOLD,TX_2,TX,2016-04-29,11613,Friday,7,4,2016,,,0,0,0,0.97,7.169185451907861,16.0,5.0,5.0,8.84910609738164,11.140847952916841,4,0.97,0.0,0,8.161751096334013,5.135548512497208,11.187953680170818,14
HOUSEHOLD_1_521_TX_1_validation,HOUSEHOLD_1_521,HOUSEHOLD_1,HOUSEHOLD,TX_1,TX,2016-04-29,11613,Friday,7,4,2016,,,0,0,0,0.94,8.242919030917212,11.0,3.0,4.0,14.072441363010785,8.16096748360984,4,0.94,0.0,0,7.289346609679007,4.5866129334951244,9.99208028586289,11
HOUSEHOLD_1_521_TX_2_validation,HOUSEHOLD_1_521,HOUSEHOLD_1,HOUSEHOLD,TX_2,TX,2016-04-29,11613,Friday,7,4,2016,,,0,0,0,0.94,7.426720931639976,2.0,10.0,0.0,5.231446341252716,7.736433013884607,4,0.94,0.0,0,6.816786074874317,4.289267728656523,9.34430442109211,4
HOUSEHOLD_1_521_TX_3_validation,HOUSEHOLD_1_521,HOUSEHOLD_1,HOUSEHOLD,TX_3,TX,2016-04-29,11613,Friday,7,4,2016,,,0,0,0,0.94,7.251583829700673,2.0,0.0,5.0,6.714359214142613,7.464304089249938,4,0.94,0.0,0,5.771626896109729,3.631631199133077,7.911622593086381,5
HOUSEHOLD_1_535_CA_1_validation,HOUSEHOLD_1_535,HOUSEHOLD_1,HOUSEHOLD,CA_1,CA,2016-04-29,11613,Friday,7,4,2016,,,0,0,0,6.97,6.3458349140117125,4.0,7.0,9.0,8.703622428156004,8.390191321324716,4,6.97,0.0,0,7.409424457310147,4.66216848579112,10.156680428829173,7
FOODS_1_218_CA_2_validation,FOODS_1_218,FOODS_1,FOODS,CA_2,CA,2016-04-30,11614,Saturday,1,4,2016,Pesach End,Religious,0,0,0,0.98,10.695766983810506,3.0,17.0,8.0,9.175835214850027,9.758244517998222,5,0.98,0.0,1,10.022745508587892,6.306526035924603,13.738964981251181,3
FOODS_2_360_WI_2_validation,FOODS_2_360,FOODS_2,FOODS,WI_2,WI,2016-04-30,11614,Saturday,1,4,2016,Pesach End,Religious,0,0,0,0.94,47.152450594066465,46.0,51.0,106.0,34.1775615945432,66.33010468435009,5,0.94,0.0,1,54.391757180182864,34.22445800929459,74.55905635107115,28
FOODS_3_007_WI_2_validation,FOODS_3_007,FOODS_3,FOODS,WI_2,WI,2016-04-30,11614,Saturday,1,4,2016,Pesach End,Religious,0,0,0,0.25,30.866210082239622,58.0,5.0,0.0,36.22152245565761,36.91252347105726,5,0.25,0.0,1,30.840818852379613,19.405703446736453,42.27593425802277,13
FOODS_3_030_TX_3_validation,FOODS_3_030,FOODS_3,FOODS,TX_3,TX,2016-04-30,11614,Saturday,1,4,2016,Pesach End,Religious,0,0,0,1.25,20.831994053616967,24.0,27.0,18.0,18.49490759923238,18.730869756950955,5,1.25,0.0,1,23.21144827521896,14.605140153838908,31.817756396599012,18
FOODS_3_080_CA_2_validation,FOODS_3_080,FOODS_3,FOODS,CA_2,CA,2016-04-30,11614,Saturday,1,4,2016,Pesach End,Religious,0,0,0,1.68,14.707637682004881,16.0,14.0,15.0,14.213677011503506,14.26770496716159,5,1.68,0.0,1,16.219706342088024,10.205786453799844,22.233626230376206,10
FOODS_3_090_CA_1_validation,FOODS_3_090,FOODS_3,FOODS,CA_1,CA,2016-04-30,11614,Saturday,1,4,2016,Pesach End,Religious,0,0,0,1.6,64.1456947932562,95.0,82.0,58.0,48.974173578403,51.45782910888646,5,1.6,0.0,1,79.36178164135303,49.9361319460531,108.78743133665297,99
FOODS_3_090_CA_2_validation,FOODS_3_090,FOODS_3,FOODS,CA_2,CA,2016-04-30,11614,Saturday,1,4,2016,Pesach End,Religious,0,0,0,1.6,53.94106131732933,73.0,79.0,59.0,48.53971443640088,49.384928609100214,5,1.6,0.0,1,68.11607984009416,42.860095630343494,93.37206404984482,116
FOODS_3_090_CA_3_validation,FOODS_3_090,FOODS_3,FOODS,CA_3,CA,2016-04-30,11614,Saturday,1,4,2016,Pesach End,Religious,0,0,0,1.6,120.20991619805498,139.0,160.0,133.0,105.03034111584955,109.86472813610526,5,1.6,0.0,1,142.35603153168364,89.57346252643244,195.13860053693483,132
FOODS_3_090_CA_4_validation,FOODS_3_090,FOODS_3,FOODS,CA_4,CA,2016-04-30,11614,Saturday,1,4,2016,Pesach End,Religious,0,0,0,1.6,27.371569077012254,24.0,32.0,34.0,23.253716529557032,26.349143418103544,5,1.6,0.0,1,32.45882787271013,20.423789359855974,44.49386638556429,25
FOODS_3_090_TX_1_validation,FOODS_3_090,FOODS_3,FOODS,TX_1,TX,2016-04-30,11614,Saturday,1,4,2016,Pesach End,Religious,0,0,0,1.5,55.42834848000698,45.0,68.0,81.0,45.73073770301885,51.718398711469014,5,1.5,0.0,1,65.5357002969306,41.23646558231078,89.83493501155041,102
FOODS_3_090_TX_2_validation,FOODS_3_090,FOODS_3,FOODS,TX_2,TX,2016-04-30,11614,Saturday,1,4,2016,Pesach End,Religious,0,0,0,1.5,56.270505425376065,83.0,124.0,101.0,56.289452844311754,62.21522035393509,5,1.5,0.0,1,90.09268423101383,56.688245577261256,123.49712288476641,84
FOODS_3_090_TX_3_validation,FOODS_3_090,FOODS_3,FOODS,TX_3,TX,2016-04-30,11614,Saturday,1,4,2016,Pesach End,Religious,0,0,0,1.5,64.56969647307575,102.0,75.0,74.0,62.72061130648478,63.03729568376406,5,1.5,0.0,1,83.85128546964373,52.7610238638653,114.94154707542215,70
FOODS_3_090_WI_1_validation,FOODS_3_090,FOODS_3,FOODS,WI_1,WI,2016-04-30,11614,Saturday,1,4,2016,Pesach End,Religious,0,0,0,1.38,20.711480386292852,34.0,25.0,31.0,20.766570604267084,21.263071222495345,5,1.38,0.0,1,26.19015578454871,16.47940668538919,35.90090488370823,25
FOODS_3_090_WI_3_validation,FOODS_3_090,FOODS_3,FOODS,WI_3,WI,2016-04-30,11614,Saturday,1,4,2016,Pesach End,Religious,0,0,0,1.38,79.0491216483268,171.0,146.0,119.0,79.50883227416848,80.27006521139927,5,1.38,0.0,1,104.03699821697626,65.46230645012577,142.61168998382675,122
FOODS_3_120_CA_1_validation,FOODS_3_120,FOODS_3,FOODS,CA_1,CA,2016-04-30,11614,Saturday,1,4,2016,Pesach End,Religious,0,0,0,4.98,46.41031449973538,59.0,52.0,109.0,46.67149376147906,38.91787344036977,5,4.98,0.0,1,60.39789699404946,38.00364975661549,82.79214423148343,73
FOODS_3_120_CA_3_validation,FOODS_3_120,FOODS_3,FOODS,CA_3,CA,2016-04-30,11614,Saturday,1,4,2016,Pesach End,Religious,0,0,0,4.98,57.36500811705967,81.0,66.0,61.0,72.39652869669193,69.74198931703013,5,4.98,0.0,1,67.63184106949883,42.555402229543596,92.70827990945408,93
FOODS_3_226_WI_1_validation,FOODS_3_226,FOODS_3,FOODS,WI_1,WI,2016-04-30,11614,Saturday,1,4,2016,Pesach End,Religious,0,0,0,1.68,39.770138346677584,41.0,56.0,39.0,35.00514310375439,36.96557149022431,5,1.68,0.0,1,45.46530504867438,28.607743235128446,62.322866862220316,34
FOODS_3_226_WI_2_validation,FOODS_3_226,FOODS_3,FOODS,WI_2,WI,2016-04-30,11614,Saturday,1,4,2016,Pesach End,Religious,0,0,0,1.68,55.518783092401854,43.0,56.0,45.0,41.802211889321015,45.52198154375883,5,1.68,0.0,1,51.95691798493042,32.69240506382249,71.22143090603835,34
FOODS_3_226_WI_3_validation,FOODS_3_226,FOODS_3,FOODS,WI_3,WI,2016-04-30,11614,Saturday,1,4,2016,Pesach End,Religious,0,0,0,1.68,52.1502942406054,40.0,59.0,56.0,43.10159139165687,45.382540705057075,5,1.68,0.0,1,54.87621934950034,34.52929197735286,75.22314672164781,63
FOODS_3_234_WI_2_validation,FOODS_3_234,FOODS_3,FOODS,WI_2,WI,2016-04-30,11614,Saturday,1,4,2016,Pesach End,Religious,0,0,0,0.25,31.666316788072557,27.0,1.0,0.0,23.628535218284952,13.54999094742838,5,0.25,0.0,1,29.10197539299975,18.31158591780387,39.89236486819563,21
FOODS_3_252_CA_1_validation,FOODS_3_252,FOODS_3,FOODS,CA_1,CA,2016-04-30,11614,Saturday,1,4,2016,Pesach End,Religious,0,0,0,1.58,34.55300739507907,49.0,57.0,68.0,36.77012548536302,37.835388514197895,5,1.58,0.0,1,51.45072399432258,32.373896968584354,70.5275510200608,49
FOODS_3_252_CA_2_validation,FOODS_3_252,FOODS_3,FOODS,CA_2,CA,2016-04-30,11614,Saturday,1,4,2016,Pesach End,Religious,0,0,0,1.58,33.78311287481812,41.0,59.0,56.0,33.75697527773786,35.010672390863036,5,1.58,0.0,1,48.49823744384582,30.51612922566954,66.48034566202209,53
FOODS_3_252_CA_3_validation,FOODS_3_252,FOODS_3,FOODS,CA_3,CA,2016-04-30,11614,Saturday,1,4,2016,Pesach End,Religious,0,0,0,1.58,37.316963256837056,61.0,65.0,47.0,41.6704063396265,46.77474444204948,5,1.58,0.0,1,53.30937870380595,33.54340230094136,73.07535510667054,63
FOODS_3_252_CA_4_validation,FOODS_3_252,FOODS_3,FOODS,CA_4,CA,2016-04-30,11614,Saturday,1,4,2016,Pesach End,Religious,0,0,0,1.58,18.86654698316569,20.0,25.0,27.0,15.10734113637962,16.741120998380616,5,1.58,0.0,1,23.695699769918097,14.909841560917314,32.48155797891888,17
FOODS_3_252_TX_1_validation,FOODS_3_252,FOODS_3,FOODS,TX_1,TX,2016-04-30,11614,Saturday,1,4,2016,Pesach End,Religious,0,0,0,1.58,29.848234384598225,55.0,31.0,36.0,31.824584701722916,30.88471760400216,5,1.58,0.0,1,39.33844190449935,24.752589783992818,53.92429402500588,60
FOODS_3_252_TX_2_validation,FOODS_3_252,FOODS_3,FOODS,TX_2,TX,2016-04-30,11614,Saturday,1,4,2016,Pesach End,Religious,0,0,0,1.58,54.37587690509973,91.0,48.0,81.0,47.51497697704689,48.73588710140457,5,1.58,0.0,1,75.70061223806768,47.632445781023186,103.76877869511216,83
FOODS_3_252_TX_3_validation,FOODS_3_252,FOODS_3,FOODS,TX_3,TX,2016-04-30,11614,Saturday,1,4,2016,Pesach End,Religious,0,0,0,1.58,35.53687849506704,64.0,39.0,60.0,32.97717007866648,33.49429251966662,5,1.58,0.0,1,49.47854017357905,31.132956689048047,67.82412365811005,62
FOODS_3_318_WI_3_validation,FOODS_3_318,FOODS_3,FOODS,WI_3,WI,2016-04-30,11614,Saturday,1,4,2016,Pesach End,Religious,0,0,0,1.48,25.294282372818845,52.0,48.0,25.0,22.95268994065262,23.523886770877446,5,1.48,0.0,1,37.73760967539943,23.745311875627745,51.72990747517112,32
FOODS_3_377_TX_2_validation,FOODS_3_377,FOODS_3,FOODS,TX_2,TX,2016-04-30,11614,Saturday,1,4,2016,Pesach End,Religious,0,0,0,1.68,30.38005967433248,39.0,36.0,34.0,27.017529271359486,27.111525174982734,5,1.68,0.0,1,35.87178124703061,22.57129268577663,49.17226980828459,31
FOODS_3_377_TX_3_validation,FOODS_3_377,FOODS_3,FOODS,TX_3,TX,2016-04-30,11614,Saturday,1,4,2016,Pesach End,Religious,0,0,0,1.68,49.897338707363936,48.0,45.0,44.0,42.33635937121301,42.262661271374675,5,1.68,0.0,1,49.347648606086075,31.05059691272028,67.64470029945187,49
FOODS_3_491_WI_1_validation,FOODS_3_491,FOODS_3,FOODS,WI_1,WI,2016-04-30,11614,Saturday,1,4,2016,Pesach End,Religious,0,0,0,1.38,18.91721165723778,13.0,28.0,26.0,19.378836072080503,18.9161375894487,5,1.38,0.0,1,22.166184945617456,13.947438090379265,30.384931800855647,33
FOODS_3_541_CA_3_validation,FOODS_3_541,FOODS_3,FOODS,CA_3,CA,2016-04-30,11614,Saturday,1,4,2016,Pesach End,Religious,0,0,0,0.88,6.4356008744794275,0.0,0.0,0.0,3.647011274526882,0.9117528186317205,5,0.88,-0.12,1,5.464009785533584,3.4380719278453755,7.489947643221792,0
FOODS_3_555_CA_2_validation,FOODS_3_555,FOODS_3,FOODS,CA_2,CA,2016-04-30,11614,Saturday,1,4,2016,Pesach End,Religious,0,0,0,1.68,19.077684598413416,23.0,30.0,26.0,22.442573248069163,20.21778616916015,5,1.68,0.0,1,25.81934405563972,16.246084007407692,35.39260410387175,25
FOODS_3_555_TX_1_validation,FOODS_3_555,FOODS_3,FOODS,TX_1,TX,2016-04-30,11614,Saturday,1,4,2016,Pesach End,Religious,0,0,0,1.68,31.138614326919875,38.0,19.0,44.0,28.056495182642948,29.299838081375025,5,1.68,0.0,1,33.18178659385061,20.87869046393614,45.484882723765075,30
FOODS_3_555_TX_2_validation,FOODS_3_555,FOODS_3,FOODS,TX_2,TX,2016-04-30,11614,Saturday,1,4,2016,Pesach End,Religious,0,0,0,1.68,45.3744506148825,48.0,57.0,70.0,37.86175146725458,41.42972358109936,5,1.68,0.0,1,54.48164556717014,34.28101770667259,74.6822734276677,61
FOODS_3_555_TX_3_validation,FOODS_3_555,FOODS_3,FOODS,TX_3,TX,2016-04-30,11614,Saturday,1,4,2016,Pesach End,Religious,0,0,0,1.68,32.9478141889591,50.0,27.0,33.0,27.31237943606315,28.220952001872934,5,1.68,0.0,1,36.1669809787668,22.7570386764732,49.5769232810604,18
FOODS_3_555_WI_3_validation,FOODS_3_555,FOODS_3,FOODS,WI_3,WI,2016-04-30,11614,Saturday,1,4,2016,Pesach End,Religious,0,0,0,1.68,24.998008779699344,43.0,43.0,47.0,27.0505216990726,28.012630424768155,5,1.68,0.0,1,36.6431689816728,23.056666361896166,50.22967160144943,28
FOODS_3_586_CA_1_validation,FOODS_3_586,FOODS_3,FOODS,CA_1,CA,2016-04-30,11614,Saturday,1,4,2016,Pesach End,Religious,0,0,0,1.68,34.07316638884808,40.0,37.0,65.0,37.60396488492422,39.11527693551676,5,1.68,0.0,1,43.91163079246532,27.630138132840585,60.19312345209005,52
FOODS_3_586_CA_2_validation,FOODS_3_586,FOODS_3,FOODS,CA_2,CA,2016-04-30,11614,Saturday,1,4,2016,Pesach End,Religious,0,0,0,1.68,31.52002052392809,39.0,47.0,49.0,32.46447355989456,33.29468981854507,5,1.68,0.0,1,41.912723627013165,26.37238295273362,57.45306430129271,45
FOODS_3_586_CA_3_validation,FOODS_3_586,FOODS_3,FOODS,CA_3,CA,2016-04-30,11614,Saturday,1,4,2016,Pesach End,Religious,0,0,0,1.68,63.072669776788,74.0,85.0,72.0,65.39837858861705,68.5281660757257,5,1.68,0.0,1,77.4117782868567,48.709148090707856,106.11440848300555,76
FOODS_3_586_CA_4_validation,FOODS_3_586,FOODS_3,FOODS,CA_4,CA,2016-04-30,11614,Saturday,1,4,2016,Pesach End,Religious,0,0,0,1.68,20.34872640552331,20.0,20.0,23.0,17.713389919322722,16.464061765544965,5,1.68,0.0,1,21.172072997540266,13.321921571197903,29.022224423882626,23
FOODS_3_586_TX_1_validation,FOODS_3_586,FOODS_3,FOODS,TX_1,TX,2016-04-30,11614,Saturday,1,4,2016,Pesach End,Religious,0,0,0,1.68,48.54997164971601,56.0,50.0,55.0,50.257763212474295,55.350155088832864,5,1.68,0.0,1,56.05032372875572,35.268063587419455,76.83258387009198,51
FOODS_3_586_TX_2_validation,FOODS_3_586,FOODS_3,FOODS,TX_2,TX,2016-04-30,11614,Saturday,1,4,2016,Pesach End,Religious,0,0,0,1.68,77.83292202769631,100.0,78.0,98.0,68.70647561488671,75.24804747515024,5,1.68,0.0,1,89.6816816198167,56.42963393575776,122.93372930387565,119
FOODS_3_586_TX_3_validation,FOODS_3_586,FOODS_3,FOODS,TX_3,TX,2016-04-30,11614,Saturday,1,4,2016,Pesach End,Religious,0,0,0,1.68,57.37012381375286,66.0,67.0,62.0,51.169265340369655,58.042316335092416,5,1.68,0.0,1,63.38240798224883,39.881567961308505,86.88324800318915,65
FOODS_3_586_WI_1_validation,FOODS_3_586,FOODS_3,FOODS,WI_1,WI,2016-04-30,11614,Saturday,1,4,2016,Pesach End,Religious,0,0,0,1.68,16.73531086008431,23.0,32.0,13.0,15.142674659305184,14.821382950540581,5,1.68,0.0,1,22.17281274753018,13.951608445227418,30.394017049832943,28
FOODS_3_586_WI_3_validation,FOODS_3_586,FOODS_3,FOODS,WI_3,WI,2016-04-30,11614,Saturday,1,4,2016,Pesach End,Religious,0,0,0,1.68,35.61224462480158,47.0,48.0,34.0,34.205574080988846,31.765679234532932,5,1.68,0.0,1,42.95251912746972,27.02664454104271,58.87839371389673,43
FOODS_3_587_CA_1_validation,FOODS_3_587,FOODS_3,FOODS,CA_1,CA,2016-04-30,11614,Saturday,1,4,2016,Pesach End,Religious,0,0,0,2.48,20.58273669670613,24.0,27.0,27.0,21.89926468527563,22.40338759989033,5,2.48,0.0,1,26.058808680160507,16.39676027549504,35.72085708482597,16
FOODS_3_587_CA_4_validation,FOODS_3_587,FOODS_3,FOODS,CA_4,CA,2016-04-30,11614,Saturday,1,4,2016,Pesach End,Religious,0,0,0,2.48,12.696222630262737,22.0,11.0,14.0,17.802102025562558,16.057668363533494,5,2.48,0.0,1,14.692224935098212,9.244662452964148,20.139787417232277,14
FOODS_3_587_TX_1_validation,FOODS_3_587,FOODS_3,FOODS,TX_1,TX,2016-04-30,11614,Saturday,1,4,2016,Pesach End,Religious,0,0,0,2.48,23.545805105135496,32.0,24.0,22.0,25.62411450149516,24.298885768230935,5,2.48,0.0,1,25.402908349703836,15.984053746385598,34.82176295302207,27
FOODS_3_587_TX_2_validation,FOODS_3_587,FOODS_3,FOODS,TX_2,TX,2016-04-30,11614,Saturday,1,4,2016,Pesach End,Religious,0,0,0,2.48,27.503188690433582,38.0,26.0,33.0,29.928496392053745,28.803552669442006,5,2.48,0.0,1,31.968475596727455,20.11524921059149,43.821701982863416,36
FOODS_3_635_CA_3_validation,FOODS_3_635,FOODS_3,FOODS,CA_3,CA,2016-04-30,11614,Saturday,1,4,2016,Pesach End,Religious,0,0,0,0.88,5.505593174868406,0.0,0.0,0.0,3.4838176103219696,0.8709544025804924,5,0.88,0.0,1,5.464009785533584,3.4380719278453755,7.489947643221792,0
FOODS_3_635_CA_4_validation,FOODS_3_635,FOODS_3,FOODS,CA_4,CA,2016-04-30,11614,Saturday,1,4,2016,Pesach End,Religious,0,0,0,1.0,6.4356008744794275,0.0,0.0,0.0,3.4312052577908823,0.8578013144477206,5,1.0,0.0,1,6.339189833655706,3.9887539495404005,8.689625717771012,0
FOODS_3_694_WI_1_validation,FOODS_3_694,FOODS_3,FOODS,WI_1,WI,2016-04-30,11614,Saturday,1,4,2016,Pesach End,Religious,0,0,0,1.68,22.31308767970574,28.0,34.0,26.0,21.283318895707676,20.53511543821263,5,1.68,0.0,1,27.93527749266032,17.57747462282539,38.293080362495246,23
FOODS_3_694_WI_2_validation,FOODS_3_694,FOODS_3,FOODS,WI_2,WI,2016-04-30,11614,Saturday,1,4,2016,Pesach End,Religious,0,0,0,1.68,39.7461097682086,33.0,44.0,44.0,33.38986238901909,36.63317988296906,5,1.68,0.0,1,39.678382298426556,24.966487557125685,54.39027703972742,36
FOODS_3_694_WI_3_validation,FOODS_3_694,FOODS_3,FOODS,WI_3,WI,2016-04-30,11614,Saturday,1,4,2016,Pesach End,Religious,0,0,0,1.68,51.675198898548686,46.0,58.0,56.0,43.03603961265072,44.79472418887698,5,1.68,0.0,1,55.75419580491536,35.08173355838067,76.42665805145005,44
FOODS_3_711_WI_2_validation,FOODS_3_711,FOODS_3,FOODS,WI_2,WI,2016-04-30,11614,Saturday,1,4,2016,Pesach End,Religious,0,0,0,0.25,26.124717899266866,21.0,0.0,0.0,26.612494904897336,11.795980869081475,5,0.25,0.0,1,25.980981722000084,16.34778988733992,35.61417355666025,10
FOODS_3_714_CA_1_validation,FOODS_3_714,FOODS_3,FOODS,CA_1,CA,2016-04-30,11614,Saturday,1,4,2016,Pesach End,Religious,0,0,0,1.58,20.930027293095744,22.0,37.0,40.0,16.709188690784384,18.46301145841038,5,1.58,0.0,1,28.98438520442508,18.237595653840767,39.73117475500939,38
FOODS_3_714_TX_1_validation,FOODS_3_714,FOODS_3,FOODS,TX_1,TX,2016-04-30,11614,Saturday,1,4,2016,Pesach End,Religious,0,0,0,1.58,20.77639809227425,32.0,31.0,21.0,19.466588232210658,20.33093277233838,5,1.58,0.0,1,28.41241086528945,17.877697155116156,38.947124575462745,33
FOODS_3_714_WI_1_validation,FOODS_3_714,FOODS_3,FOODS,WI_1,WI,2016-04-30,11614,Saturday,1,4,2016,Pesach End,Religious,0,0,0,1.58,21.323862238112056,30.0,39.0,19.0,17.26957782066237,17.531680169451306,5,1.58,0.0,1,29.696817832183925,18.685873514627872,40.70776214973998,12
FOODS_3_808_CA_4_validation,FOODS_3_808,FOODS_3,FOODS,CA_4,CA,2016-04-30,11614,Saturday,1,4,2016,Pesach End,Religious,0,0,0,1.0,6.4356008744794275,0.0,0.0,0.0,3.4657285983436554,0.8664321495859139,5,1.0,0.0,1,6.339189833655706,3.9887539495404005,8.689625717771012,0
HOBBIES_1_008_TX_2_validation,HOBBIES_1_008,HOBBIES_1,HOBBIES,TX_2,TX,2016-04-30,11614,Saturday,1,4,2016,Pesach End,Religious,0,0,0,0.48,5.665581957615664,1.0,9.0,7.0,3.980219203990576,3.709340515283358,5,0.48,0.0,1,6.02046845395128,3.788207634402547,8.252729273500014,2
HOBBIES_1_015_CA_2_validation,HOBBIES_1_015,HOBBIES_1,HOBBIES,CA_2,CA,2016-04-30,11614,Saturday,1,4,2016,Pesach End,Religious,0,0,0,0.7,7.43199252912751,26.0,3.0,32.0,7.849513381097891,7.712378345274472,5,0.7,0.0,1,11.678718804933697,7.348499884233167,16.008937725634226,0
HOBBIES_1_048_WI_3_validation,HOBBIES_1_048,HOBBIES_1,HOBBIES,WI_3,WI,2016-04-30,11614,Saturday,1,4,2016,Pesach End,Religious,0,0,0,0.48,7.382037282387009,11.0,6.0,9.0,5.784997241753332,5.410535024724048,5,0.48,0.0,1,7.250160323540835,4.561956083376579,9.938364563705091,0
HOBBIES_1_103_WI_3_validation,HOBBIES_1_103,HOBBIES_1,HOBBIES,WI_3,WI,2016-04-30,11614,Saturday,1,4,2016,Pesach End,Religious,0,0,0,0.7,5.630849502313047,20.0,13.0,2.0,6.339554707658338,4.299174391200299,5,0.7,0.0,1,10.094678876739351,6.351788051079056,13.837569702399648,0
HOBBIES_1_178_CA_4_validation,HOBBIES_1_178,HOBBIES_1,HOBBIES,CA_4,CA,2016-04-30,11614,Saturday,1,4,2016,Pesach End,Religious,0,0,0,0.48,9.046773302191234,10.0,4.0,0.0,8.460686574282013,4.615171643570503,5,0.48,0.0,1,6.49954477928411,4.089652714128237,8.909436844439984,15
HOBBIES_1_178_WI_2_validation,HOBBIES_1_178,HOBBIES_1,HOBBIES,WI_2,WI,2016-04-30,11614,Saturday,1,4,2016,Pesach End,Religious,0,0,0,0.48,5.8307992319052016,0.0,2.0,1.0,5.429551700627035,3.92881649658533,5,0.48,0.0,1,5.017192245082552,3.1569247661472395,6.877459724017864,0
HOBBIES_1_234_CA_3_validation,HOBBIES_1_234,HOBBIES_1,HOBBIES,CA_3,CA,2016-04-30,11614,Saturday,1,4,2016,Pesach End,Religious,0,0,0,0.3,30.47359314471987,4.0,12.0,24.0,27.225871619209396,26.949325047659492,5,0.3,0.0,1,27.118184983115878,17.063342523912407,37.173027442319345,0
HOBBIES_1_254_CA_3_validation,HOBBIES_1_254,HOBBIES_1,HOBBIES,CA_3,CA,2016-04-30,11614,Saturday,1,4,2016,Pesach End,Religious,0,0,0,0.7,10.36469899340242,28.0,18.0,3.0,12.925338536346235,14.231334634086561,5,0.7,0.0,1,15.386032944199854,9.681221304985622,21.090844583414086,10
HOBBIES_1_254_TX_1_validation,HOBBIES_1_254,HOBBIES_1,HOBBIES,TX_1,TX,2016-04-30,11614,Saturday,1,4,2016,Pesach End,Religious,0,0,0,0.7,5.528796629062842,7.0,0.0,2.0,4.3477184370399895,3.944072466402855,5,0.7,0.0,1,5.610055198214132,3.529966827971099,7.690143568457165,13
HOBBIES_1_348_CA_1_validation,HOBBIES_1_348,HOBBIES_1,HOBBIES,CA_1,CA,2016-04-30,11614,Saturday,1,4,2016,Pesach End,Religious,0,0,0,0.48,5.674901816165729,11.0,4.0,21.0,9.661134823132732,6.772426562926041,5,0.48,0.0,1,7.968802659555018,5.014141225532269,10.923464093577767,7
HOBBIES_1_348_CA_2_validation,HOBBIES_1_348,HOBBIES_1,HOBBIES,CA_2,CA,2016-04-30,11614,Saturday,1,4,2016,Pesach End,Religious,0,0,0,0.48,6.897375725387184,4.0,5.0,11.0,5.556156697504358,5.781896317233232,5,0.48,0.0,1,6.470161695120644,4.071164248554219,8.869159141687069,1
HOBBIES_1_354_TX_3_validation,HOBBIES_1_354,HOBBIES_1,HOBBIES,TX_3,TX,2016-04-30,11614,Saturday,1,4,2016,Pesach End,Religious,0,0,0,22.98,19.86496499249199,17.0,21.0,31.0,21.537002409339983,21.634250602334998,5,22.98,0.0,1,22.968692521446645,14.45239303677165,31.48499200612164,34
HOBBIES_1_370_WI_1_validation,HOBBIES_1_370,HOBBIES_1,HOBBIES,WI_1,WI,2016-04-30,11614,Saturday,1,4,2016,Pesach End,Religious,0,0,0,0.48,6.870393347300662,8.0,22.0,1.0,5.964090562594998,6.276736926363035,5,0.48,0.0,1,8.596431206481123,5.409058543216082,11.783803869746164,4
HOBBIES_1_371_CA_1_validation,HOBBIES_1_371,HOBBIES_1,HOBBIES,CA_1,CA,2016-04-30,11614,Saturday,1,4,2016,Pesach End,Religious,0,0,0,0.48,10.386435012650294,1.0,20.0,8.0,6.59012782045764,10.326103383685838,5,0.48,0.0,1,8.939574622328115,5.624971726309568,12.254177518346662,9
HOBBIES_1_371_CA_4_validation,HOBBIES_1_371,HOBBIES_1,HOBBIES,CA_4,CA,2016-04-30,11614,Saturday,1,4,2016,Pesach End,Religious,0,0,0,0.48,6.378488502572393,0.0,3.0,17.0,6.617899507613743,7.975903448332007,5,0.48,0.0,1,6.291961300850958,3.9590367456548528,8.624885856047063,17
HOBBIES_1_371_TX_1_validation,HOBBIES_1_371,HOBBIES_1,HOBBIES,TX_1,TX,2016-04-30,11614,Saturday,1,4,2016,Pesach End,Religious,0,0,0,0.48,6.076485899730032,0.0,0.0,10.0,3.379260062542854,2.3805293013499993,5,0.48,0.0,1,6.0080231863613545,3.780376805612904,8.235669567109806,4
HOBBIES_1_371_TX_2_validation,HOBBIES_1_371,HOBBIES_1,HOBBIES,TX_2,TX,2016-04-30,11614,Saturday,1,4,2016,Pesach End,Religious,0,0,0,0.48,5.528796629062842,7.0,9.0,6.0,4.5885996767941135,3.504292776341385,5,0.48,0.0,1,6.657511455479402,4.189048728461882,9.125974182496922,2
HOBBIES_1_371_TX_3_validation,HOBBIES_1_371,HOBBIES_1,HOBBIES,TX_3,TX,2016-04-30,11614,Saturday,1,4,2016,Pesach End,Religious,0,0,0,0.48,5.563529084365458,16.0,4.0,0.0,6.153623692259302,4.324120208779111,5,0.48,0.0,1,6.81371656481667,4.287336327217717,9.340096802415625,3
HOBBIES_1_371_WI_1_validation,HOBBIES_1_371,HOBBIES_1,HOBBIES,WI_1,WI,2016-04-30,11614,Saturday,1,4,2016,Pesach End,Religious,0,0,0,0.48,6.865810221580543,12.0,4.0,16.0,7.367830363465749,7.556243305152151,5,0.48,0.0,1,8.33703486115198,5.245840809707809,11.428228912596149,6
HOBBIES_1_371_WI_2_validation,HOBBIES_1_371,HOBBIES_1,HOBBIES,WI_2,WI,2016-04-30,11614,Saturday,1,4,2016,Pesach End,Religious,0,0,0,0.48,5.8188627060159295,0.0,4.0,1.0,4.935902779523026,3.8411185520236137,5,0.48,0.0,1,5.017192245082552,3.1569247661472395,6.877459724017864,6
HOUSEHOLD_1_110_CA_1_validation,HOUSEHOLD_1_110,HOUSEHOLD_1,HOUSEHOLD,CA_1,CA,2016-04-30,11614,Saturday,1,4,2016,Pesach End,Religious,0,0,0,3.97,7.696564756480209,10.0,10.0,8.0,9.1941567685672,7.619967763570372,5,3.97,0.0,1,8.840648643506155,5.562725382676932,12.118571904335377,11
HOUSEHOLD_1_110_CA_4_validation,HOUSEHOLD_1_110,HOUSEHOLD_1,HOUSEHOLD,CA_4,CA,2016-04-30,11614,Saturday,1,4,2016,Pesach End,Religious,0,0,0,3.97,6.959848934289253,5.0,6.0,7.0,6.539469364157131,5.527724483896426,5,3.97,0.0,1,6.719645573990269,4.228144845965041,9.211146302015498,7
HOUSEHOLD_1_110_WI_2_validation,HOUSEHOLD_1_110,HOUSEHOLD_1,HOUSEHOLD,WI_2,WI,2016-04-30,11614,Saturday,1,4,2016,Pesach End,Religious,0,0,0,3.97,30.792594850459118,29.0,18.0,41.0,23.080243659823672,24.0557752006702,5,3.97,0.0,1,29.87710243599949,18.79931244679122,40.95489242520776,28
HOUSEHOLD_1_110_WI_3_validation,HOUSEHOLD_1_110,HOUSEHOLD_1,HOUSEHOLD,WI_3,WI,2016-04-30,11614,Saturday,1,4,2016,Pesach End,Religious,0,0,0,3.97,15.385824941048385,15.0,20.0,12.0,13.213300644726587,13.767610875467364,5,3.97,0.0,1,15.435911643391188,9.712606050295046,21.159217236487333,17
HOUSEHOLD_1_118_CA_1_validation,HOUSEHOLD_1_118,HOUSEHOLD_1,HOUSEHOLD,CA_1,CA,2016-04-30,11614,Saturday,1,4,2016,Pesach End,Religious,0,0,0,0.97,6.51899206517668,10.0,8.0,7.0,7.570117211652893,9.285386445770367,5,0.97,0.0,1,7.402481759871409,4.657799991936873,10.147163527805946,14
HOUSEHOLD_1_118_CA_3_validation,HOUSEHOLD_1_118,HOUSEHOLD_1,HOUSEHOLD,CA_3,CA,2016-04-30,11614,Saturday,1,4,2016,Pesach End,Religious,0,0,0,0.97,19.747305245481233,25.0,20.0,27.0,20.77464569356485,22.693661423391216,5,0.97,0.0,1,22.139958486421886,13.930935840810497,30.348981132033277,24
HOUSEHOLD_1_118_TX_3_validation,HOUSEHOLD_1_118,HOUSEHOLD_1,HOUSEHOLD,TX_3,TX,2016-04-30,11614,Saturday,1,4,2016,Pesach End,Religious,0,0,0,0.97,6.407619333376407,5.0,9.0,2.0,6.6861498208925445,6.9215374552231355,5,0.97,0.0,1,6.064193173048612,3.8157201636954974,8.312666182401728,12
HOUSEHOLD_1_151_CA_4_validation,HOUSEHOLD_1_151,HOUSEHOLD_1,HOUSEHOLD,CA_4,CA,2016-04-30,11614,Saturday,1,4,2016,Pesach End,Religious,0,0,0,0.88,5.518971139257827,1.0,2.0,3.0,4.8951941911749675,3.723798547793742,5,0.88,0.0,1,4.837712769218853,3.0439924377269807,6.631433100710725,4
HOUSEHOLD_1_191_CA_2_validation,HOUSEHOLD_1_191,HOUSEHOLD_1,HOUSEHOLD,CA_2,CA,2016-04-30,11614,Saturday,1,4,2016,Pesach End,Religious,0,0,0,2.96,11.581868540527113,17.0,21.0,9.0,9.911338447499151,10.906406040446218,5,2.96,0.0,1,16.651294608868145,10.477351030483572,22.82523818725272,23
HOUSEHOLD_1_191_CA_4_validation,HOUSEHOLD_1_191,HOUSEHOLD_1,HOUSEHOLD,CA_4,CA,2016-04-30,11614,Saturday,1,4,2016,Pesach End,Religious,0,0,0,2.96,7.452020851457291,5.0,3.0,2.0,5.844583525822067,4.568288738598374,5,2.96,0.0,1,6.1719563033230775,3.883527032203366,8.460385574442789,0
HOUSEHOLD_1_234_CA_2_validation,HOUSEHOLD_1_234,HOUSEHOLD_1,HOUSEHOLD,CA_2,CA,2016-04-30,11614,Saturday,1,4,2016,Pesach End,Religious,0,0,0,0.97,7.704498616067714,3.0,0.0,21.0,5.91869955719369,6.765389175012708,5,0.97,0.0,1,7.432002781766494,4.676375250884527,10.18763031264846,15
HOUSEHOLD_1_234_TX_1_validation,HOUSEHOLD_1_234,HOUSEHOLD_1,HOUSEHOLD,TX_1,TX,2016-04-30,11614,Saturday,1,4,2016,Pesach End,Religious,0,0,0,0.97,12.75889033589726,11.0,17.0,2.0,10.338187100599594,11.3345467751499,5,0.97,0.0,1,12.165258946502464,7.654641356916152,16.675876536088776,0
HOUSEHOLD_1_234_TX_2_validation,HOUSEHOLD_1_234,HOUSEHOLD_1,HOUSEHOLD,TX_2,TX,2016-04-30,11614,Saturday,1,4,2016,Pesach End,Religious,0,0,0,0.97,7.536151488783234,0.0,9.0,0.0,3.411735859529281,2.9600768220251767,5,0.97,0.0,1,6.186279694988788,3.8925396168674333,8.480019773110143,0
HOUSEHOLD_1_303_CA_2_validation,HOUSEHOLD_1_303,HOUSEHOLD_1,HOUSEHOLD,CA_2,CA,2016-04-30,11614,Saturday,1,4,2016,Pesach End,Religious,0,0,0,0.98,7.144913560457911,9.0,9.0,24.0,6.522755829690749,8.094974671708401,5,0.98,0.0,1,9.122780113447607,5.7402485432934425,12.505311683601773,8
HOUSEHOLD_1_303_CA_3_validation,HOUSEHOLD_1_303,HOUSEHOLD_1,HOUSEHOLD,CA_3,CA,2016-04-30,11614,Saturday,1,4,2016,Pesach End,Religious,0,0,0,0.98,14.985037134599981,13.0,17.0,10.0,11.599017241983807,11.792611453353093,5,0.98,0.0,1,14.745882924523777,9.278425208594102,20.21334064045345,8
HOUSEHOLD_1_303_WI_1_validation,HOUSEHOLD_1_303,HOUSEHOLD_1,HOUSEHOLD,WI_1,WI,2016-04-30,11614,Saturday,1,4,2016,Pesach End,Religious,0,0,0,0.98,6.89765157272779,2.0,0.0,5.0,4.8520915330569565,4.6773085975499535,5,0.98,0.0,1,5.646732303936391,3.5530448480566728,7.740419759816109,0
HOUSEHOLD_1_327_CA_2_validation,HOUSEHOLD_1_327,HOUSEHOLD_1,HOUSEHOLD,CA_2,CA,2016-04-30,11614,Saturday,1,4,2016,Pesach End,Religious,0,0,0,0.98,6.238589570260327,2.0,2.0,16.0,4.71381821723251,4.9998831257367,5,0.98,0.0,1,6.854308676301065,4.312877752739311,9.39573959986282,7
HOUSEHOLD_1_327_WI_1_validation,HOUSEHOLD_1_327,HOUSEHOLD_1,HOUSEHOLD,WI_1,WI,2016-04-30,11614,Saturday,1,4,2016,Pesach End,Religious,0,0,0,0.98,6.923210583431311,0.0,1.0,11.0,3.752924735582059,4.688231183895515,5,0.98,0.0,1,6.725923342008273,4.232094951993285,9.21975173202326,0
HOUSEHOLD_1_334_CA_1_validation,HOUSEHOLD_1_334,HOUSEHOLD_1,HOUSEHOLD,CA_1,CA,2016-04-30,11614,Saturday,1,4,2016,Pesach End,Religious,0,0,0,0.97,14.142169517348911,10.0,18.0,28.0,10.957679514761436,13.917991307261785,5,0.97,0.0,1,15.257427333476226,9.600299901593747,20.914554765358705,4
HOUSEHOLD_1_334_CA_3_validation,HOUSEHOLD_1_334,HOUSEHOLD_1,HOUSEHOLD,CA_3,CA,2016-04-30,11614,Saturday,1,4,2016,Pesach End,Religious,0,0,0,0.97,21.93739606319529,27.0,37.0,31.0,23.22432369943411,23.234652353429958,5,0.97,0.0,1,27.964597850289806,17.59592361952141,38.3332720810582,18
HOUSEHOLD_1_334_TX_1_validation,HOUSEHOLD_1_334,HOUSEHOLD_1,HOUSEHOLD,TX_1,TX,2016-04-30,11614,Saturday,1,4,2016,Pesach End,Religious,0,0,0,0.96,9.850187813423226,11.0,11.0,12.0,11.204852615595387,9.836927439613135,5,0.96,0.0,1,10.684484628561489,6.722906456391978,14.646062800730999,7
HOUSEHOLD_1_334_TX_2_validation,HOUSEHOLD_1_334,HOUSEHOLD_1,HOUSEHOLD,TX_2,TX,2016-04-30,11614,Saturday,1,4,2016,Pesach End,Religious,0,0,0,0.96,11.301501622453943,24.0,11.0,24.0,9.630334767126095,12.871869406067237,5,0.96,0.0,1,13.960868136696298,8.784477098889248,19.13725917450335,9
HOUSEHOLD_1_334_TX_3_validation,HOUSEHOLD_1_334,HOUSEHOLD_1,HOUSEHOLD,TX_3,TX,2016-04-30,11614,Saturday,1,4,2016,Pesach End,Religious,0,0,0,0.96,11.409366705718238,19.0,12.0,18.0,11.337029572240754,10.834257393060188,5,0.96,0.0,1,13.426923645198361,8.448507794422223,18.4053394959745,10
HOUSEHOLD_1_334_WI_2_validation,HOUSEHOLD_1_334,HOUSEHOLD_1,HOUSEHOLD,WI_2,WI,2016-04-30,11614,Saturday,1,4,2016,Pesach End,Religious,0,0,0,0.97,22.78225820611609,31.0,15.0,40.0,18.223478615324943,20.05586965383123,5,0.97,0.0,1,25.434758304067383,16.00409441949903,34.86542218863573,20
HOUSEHOLD_1_334_WI_3_validation,HOUSEHOLD_1_334,HOUSEHOLD_1,HOUSEHOLD,WI_3,WI,2016-04-30,11614,Saturday,1,4,2016,Pesach End,Religious,0,0,0,0.97,13.04714319167353,15.0,12.0,24.0,11.370037068435403,11.84250926710885,5,0.97,0.0,1,14.84577573787665,9.341279905211099,20.3502715705422,0
HOUSEHOLD_1_389_WI_1_validation,HOUSEHOLD_1_389,HOUSEHOLD_1,HOUSEHOLD,WI_1,WI,2016-04-30,11614,Saturday,1,4,2016,Pesach End,Religious,0,0,0,0.98,6.616624854868833,0.0,3.0,7.0,3.7953506773660806,3.2702662407700913,5,0.98,0.0,1,6.238601623000124,3.9254616940538227,8.551741551946426,0
HOUSEHOLD_1_399_CA_4_validation,HOUSEHOLD_1_399,HOUSEHOLD_1,HOUSEHOLD,CA_4,CA,2016-04-30,11614,Saturday,1,4,2016,Pesach End,Religious,0,0,0,0.97,6.565720350638873,7.0,0.0,6.0,4.541308024624443,2.349612720441825,5,0.97,0.0,1,6.690877204387435,4.210043171952075,9.171711236822796,6
HOUSEHOLD_1_409_WI_2_validation,HOUSEHOLD_1_409,HOUSEHOLD_1,HOUSEHOLD,WI_2,WI,2016-04-30,11614,Saturday,1,4,2016,Pesach End,Religious,0,0,0,2.94,16.41882637156887,16.0,2.0,33.0,12.058191450740017,10.55026214839929,5,2.94,0.0,1,15.813593795436116,9.950251745592256,21.676935845279974,18
HOUSEHOLD_1_441_WI_3_validation,HOUSEHOLD_1_441,HOUSEHOLD_1,HOUSEHOLD,WI_3,WI,2016-04-30,11614,Saturday,1,4,2016,Pesach End,Religious,0,0,0,2.77,9.834636326954044,4.0,20.0,0.0,6.502338193775667,6.447013119872488,5,2.77,0.0,1,10.210062417744345,6.424389845152513,13.995734990336176,8
HOUSEHOLD_1_459_CA_3_validation,HOUSEHOLD_1_459,HOUSEHOLD_1,HOUSEHOLD,CA_3,CA,2016-04-30,11614,Saturday,1,4,2016,Pesach End,Religious,0,0,0,0.97,25.518102194992355,32.0,29.0,32.0,25.99313344109654,27.17685478884556,5,0.97,0.0,1,28.860122979571976,18.159407201819658,39.5608387573243,18
HOUSEHOLD_1_459_TX_1_validation,HOUSEHOLD_1_459,HOUSEHOLD_1,HOUSEHOLD,TX_1,TX,2016-04-30,11614,Saturday,1,4,2016,Pesach End,Religious,0,0,0,0.96,7.866542815236874,8.0,10.0,6.0,7.818000003587168,7.633071429468221,5,0.96,0.0,1,8.160195423695933,5.134569649970267,11.1858211974216,16
HOUSEHOLD_1_459_TX_3_validation,HOUSEHOLD_1_459,HOUSEHOLD_1,HOUSEHOLD,TX_3,TX,2016-04-30,11614,Saturday,1,4,2016,Pesach End,Religious,0,0,0,0.96,6.894941052384559,0.0,2.0,1.0,3.4583454291640803,2.6860149287195916,5,0.96,0.0,1,5.550324980588662,3.4923832963665395,7.608266664810784,0
HOUSEHOLD_1_459_WI_1_validation,HOUSEHOLD_1_459,HOUSEHOLD_1,HOUSEHOLD,WI_1,WI,2016-04-30,11614,Saturday,1,4,2016,Pesach End,Religious,0,0,0,0.97,7.774998674606172,8.0,10.0,10.0,6.811742198719956,7.70293554967999,5,0.97,0.0,1,8.784448885207876,5.5273632916593485,12.041534478756404,7
HOUSEHOLD_1_459_WI_2_validation,HOUSEHOLD_1_459,HOUSEHOLD_1,HOUSEHOLD,WI_2,WI,2016-04-30,11614,Saturday,1,4,2016,Pesach End,Religious,0,0,0,0.97,31.645206685195312,35.0,35.0,29.0,25.475549742985272,27.61888743574632,5,0.97,0.0,1,30.234731436965042,19.024340270141465,41.44512260378862,23
HOUSEHOLD_1_459_WI_3_validation,HOUSEHOLD_1_459,HOUSEHOLD_1,HOUSEHOLD,WI_3,WI,2016-04-30,11614,Saturday,1,4,2016,Pesach End,Religious,0,0,0,0.97,12.61964644227446,13.0,13.0,20.0,10.84018939113903,11.888618776356186,5,0.97,0.0,1,15.726809311757481,9.895645090622855,21.55797353289211,0
HOUSEHOLD_1_474_TX_2_validation,HOUSEHOLD_1_474,HOUSEHOLD_1,HOUSEHOLD,TX_2,TX,2016-04-30,11614,Saturday,1,4,2016,Pesach End,Religious,0,0,0,0.97,8.161751096334013,9.0,8.0,9.0,7.729356254000785,11.253767634928769,5,0.97,0.0,1,7.925037776094814,4.98660342396238,10.863472128227247,15
HOUSEHOLD_1_521_TX_1_validation,HOUSEHOLD_1_521,HOUSEHOLD_1,HOUSEHOLD,TX_1,TX,2016-04-30,11614,Saturday,1,4,2016,Pesach End,Religious,0,0,0,0.94,7.289346609679007,11.0,0.0,0.0,13.542348021536357,8.278444148241233,5,0.94,0.0,1,6.680227857511442,4.20334237492181,9.157113340101073,11
HOUSEHOLD_1_521_TX_2_validation,HOUSEHOLD_1_521,HOUSEHOLD_1,HOUSEHOLD,TX_2,TX,2016-04-30,11614,Saturday,1,4,2016,Pesach End,Religious,0,0,0,0.94,6.816786074874317,11.0,19.0,4.0,5.919558637663333,7.979889659415833,5,0.94,0.0,1,9.651830117427856,6.073138131435597,13.230522103420116,2
HOUSEHOLD_1_521_TX_3_validation,HOUSEHOLD_1_521,HOUSEHOLD_1,HOUSEHOLD,TX_3,TX,2016-04-30,11614,Saturday,1,4,2016,Pesach End,Religious,0,0,0,0.94,5.771626896109729,9.0,8.0,5.0,7.253163056444003,7.4918621926824285,5,0.94,0.0,1,6.543743859004189,4.117463721279894,8.970023996728482,0
HOUSEHOLD_1_535_CA_1_validation,HOUSEHOLD_1_535,HOUSEHOLD_1,HOUSEHOLD,CA_1,CA,2016-04-30,11614,Saturday,1,4,2016,Pesach End,Religious,0,0,0,6.97,7.409424457310147,13.0,9.0,11.0,9.190683064914596,8.333385051942935,5,6.97,0.0,1,9.4214096848581,5.928152662537373,12.914666707178826,7
FOODS_1_218_CA_2_validation,FOODS_1_218,FOODS_1,FOODS,CA_2,CA,2016-05-01,11614,Sunday,2,5,2016,OrthodoxEaster,Religious,1,1,0,0.98,10.022745508587892,1.0,7.0,8.0,10.179084573219725,9.830485429019218,6,0.98,0.0,1,6.597133940305729,4.151057903382971,9.043209977228486,1
FOODS_2_360_WI_2_validation,FOODS_2_360,FOODS_2,FOODS,WI_2,WI,2016-05-01,11614,Sunday,2,5,2016,OrthodoxEaster,Religious,1,1,0,0.94,54.391757180182864,30.0,35.0,70.0,35.37638404885503,64.4869531550709,6,0.94,0.0,1,48.190802313185884,30.322684460040854,66.0589201663309,41
FOODS_3_007_WI_2_validation,FOODS_3_007,FOODS_3,FOODS,WI_2,WI,2016-05-01,11614,Sunday,2,5,2016,OrthodoxEaster,Religious,1,1,0,0.25,30.840818852379613,42.0,0.0,0.0,32.34163943456899,38.013981287213674,6,0.25,0.0,1,29.369535342647737,18.47994036591192,40.25913031938356,49
FOODS_3_030_TX_3_validation,FOODS_3_030,FOODS_3,FOODS,TX_3,TX,2016-05-01,11614,Sunday,2,5,2016,OrthodoxEaster,Religious,1,1,0,1.25,23.21144827521896,17.0,27.0,22.0,18.38225735283509,18.916992909637344,6,1.25,0.0,1,22.747422247318763,14.313165043447068,31.18167945119046,29
FOODS_3_080_CA_2_validation,FOODS_3_080,FOODS_3,FOODS,CA_2,CA,2016-05-01,11614,Sunday,2,5,2016,OrthodoxEaster,Religious,1,1,0,1.68,16.219706342088024,20.0,18.0,19.0,14.245063631801795,14.311265907950448,6,1.68,0.0,1,19.196785324615586,12.0790282814235,26.31454236780767,21
FOODS_3_090_CA_1_validation,FOODS_3_090,FOODS_3,FOODS,CA_1,CA,2016-05-01,11614,Sunday,2,5,2016,OrthodoxEaster,Religious,1,1,0,1.6,79.36178164135303,42.0,83.0,54.0,46.74014238431057,52.22074988179192,6,1.6,0.0,1,67.3416015294575,42.372777297646735,92.31042576126828,71
FOODS_3_090_CA_2_validation,FOODS_3_090,FOODS_3,FOODS,CA_2,CA,2016-05-01,11614,Sunday,2,5,2016,OrthodoxEaster,Religious,1,1,0,1.6,68.11607984009416,60.0,62.0,53.0,47.84201155641433,49.71050288910358,6,1.6,0.0,1,64.75767788523164,40.74691722535528,88.76843854510801,73
FOODS_3_090_CA_3_validation,FOODS_3_090,FOODS_3,FOODS,CA_3,CA,2016-05-01,11614,Sunday,2,5,2016,OrthodoxEaster,Religious,1,1,0,1.6,142.35603153168364,130.0,204.0,114.0,105.50977419180435,110.19887211937966,6,1.6,0.0,1,118.78386274225703,74.74134930292979,162.82637618158427,114
FOODS_3_090_CA_4_validation,FOODS_3_090,FOODS_3,FOODS,CA_4,CA,2016-05-01,11614,Sunday,2,5,2016,OrthodoxEaster,Religious,1,1,0,1.6,32.45882787271013,18.0,36.0,30.0,24.462120511372763,26.29410155641462,6,1.6,0.0,1,28.875721812683874,18.16922232154568,39.58222130382207,37
FOODS_3_090_TX_1_validation,FOODS_3_090,FOODS_3,FOODS,TX_1,TX,2016-05-01,11614,Sunday,2,5,2016,OrthodoxEaster,Religious,1,1,0,1.5,65.5357002969306,58.0,69.0,67.0,48.66440917400894,51.16610229350223,6,1.5,0.0,1,69.66186080867074,43.83273410707744,95.49098751026403,56
FOODS_3_090_TX_2_validation,FOODS_3_090,FOODS_3,FOODS,TX_2,TX,2016-05-01,11614,Sunday,2,5,2016,OrthodoxEaster,Religious,1,1,0,1.5,90.09268423101383,73.0,86.0,107.0,57.302693448742296,61.82567336218558,6,1.5,0.0,1,87.67633655989142,55.16782789462908,120.18484522515378,93
FOODS_3_090_TX_3_validation,FOODS_3_090,FOODS_3,FOODS,TX_3,TX,2016-05-01,11614,Sunday,2,5,2016,OrthodoxEaster,Religious,1,1,0,1.5,83.85128546964373,66.0,83.0,74.0,60.12793780214817,63.38912730767991,6,1.5,0.0,1,79.25677772431469,49.870061233581254,108.64349421504812,69
FOODS_3_090_WI_1_validation,FOODS_3_090,FOODS_3,FOODS,WI_1,WI,2016-05-01,11614,Sunday,2,5,2016,OrthodoxEaster,Religious,1,1,0,1.38,26.19015578454871,27.0,24.0,18.0,19.65087857348833,21.09129107194351,6,1.38,0.0,1,23.65379262709576,14.883472689526355,32.424112564665165,20
FOODS_3_090_WI_3_validation,FOODS_3_090,FOODS_3,FOODS,WI_3,WI,2016-05-01,11614,Sunday,2,5,2016,OrthodoxEaster,Religious,1,1,0,1.38,104.03699821697626,91.0,112.0,110.0,69.94268916230794,79.735672290577,6,1.38,0.0,1,113.10211873641104,71.1662743425186,155.03796313030347,80
FOODS_3_120_CA_1_validation,FOODS_3_120,FOODS_3,FOODS,CA_1,CA,2016-05-01,11614,Sunday,2,5,2016,OrthodoxEaster,Religious,1,1,0,4.98,60.39789699404946,59.0,56.0,126.0,46.87119333205756,37.18208404730011,6,4.98,0.0,1,64.52116587705791,40.598098806681634,88.44423294743419,62
FOODS_3_120_CA_3_validation,FOODS_3_120,FOODS_3,FOODS,CA_3,CA,2016-05-01,11614,Sunday,2,5,2016,OrthodoxEaster,Religious,1,1,0,4.98,67.63184106949883,98.0,72.0,59.0,70.48679170662032,69.97884078379795,6,4.98,0.0,1,78.27580703476075,49.25281347558421,107.29880059393729,79
FOODS_3_226_WI_1_validation,FOODS_3_226,FOODS_3,FOODS,WI_1,WI,2016-05-01,11614,Sunday,2,5,2016,OrthodoxEaster,Religious,1,1,0,1.68,45.46530504867438,38.0,58.0,49.0,35.64304382499359,37.19647524196268,6,1.68,0.0,1,46.57568654376767,29.306419042332625,63.84495404520271,39
FOODS_3_226_WI_2_validation,FOODS_3_226,FOODS_3,FOODS,WI_2,WI,2016-05-01,11614,Sunday,2,5,2016,OrthodoxEaster,Religious,1,1,0,1.68,51.95691798493042,38.0,67.0,48.0,43.08177160145393,45.770442900363484,6,1.68,0.0,1,50.832970059507,31.98519296823124,69.68074715078275,27
FOODS_3_226_WI_3_validation,FOODS_3_226,FOODS_3,FOODS,WI_3,WI,2016-05-01,11614,Sunday,2,5,2016,OrthodoxEaster,Religious,1,1,0,1.68,54.87621934950034,38.0,46.0,44.0,45.226765584442624,45.34240568182495,6,1.68,0.0,1,46.47223137302175,29.24132283418276,63.70313991186074,39
FOODS_3_234_WI_2_validation,FOODS_3_234,FOODS_3,FOODS,WI_2,WI,2016-05-01,11614,Sunday,2,5,2016,OrthodoxEaster,Religious,1,1,0,0.25,29.10197539299975,12.0,0.0,0.0,23.928817417284915,14.589347211464085,6,0.25,0.0,1,36.36979253622035,22.88465205011132,49.854933022329384,19
FOODS_3_252_CA_1_validation,FOODS_3_252,FOODS_3,FOODS,CA_1,CA,2016-05-01,11614,Sunday,2,5,2016,OrthodoxEaster,Religious,1,1,0,1.58,51.45072399432258,52.0,49.0,52.0,37.12022891312339,37.24434294256656,6,1.58,0.0,1,50.501003504469786,31.77631250522791,69.22569450371167,82
FOODS_3_252_CA_2_validation,FOODS_3_252,FOODS_3,FOODS,CA_2,CA,2016-05-01,11614,Sunday,2,5,2016,OrthodoxEaster,Religious,1,1,0,1.58,48.49823744384582,38.0,55.0,53.0,34.828152055430124,34.74275229957182,6,1.58,0.0,1,45.24212421604993,28.467313077497543,62.01693535460232,56
FOODS_3_252_CA_3_validation,FOODS_3_252,FOODS_3,FOODS,CA_3,CA,2016-05-01,11614,Sunday,2,5,2016,OrthodoxEaster,Religious,1,1,0,1.58,53.30937870380595,39.0,81.0,61.0,40.57174615445592,47.000079395756835,6,1.58,0.0,1,55.68036862596359,35.03527991692891,76.32545733499828,80
FOODS_3_252_CA_4_validation,FOODS_3_252,FOODS_3,FOODS,CA_4,CA,2016-05-01,11614,Sunday,2,5,2016,OrthodoxEaster,Religious,1,1,0,1.58,23.695699769918097,9.0,12.0,16.0,15.635298246367919,16.623110275877696,6,1.58,0.0,1,16.076820554697065,10.115879657546007,22.037761451848123,13
FOODS_3_252_TX_1_validation,FOODS_3_252,FOODS_3,FOODS,TX_1,TX,2016-05-01,11614,Sunday,2,5,2016,OrthodoxEaster,Religious,1,1,0,1.58,39.33844190449935,35.0,35.0,35.0,29.587219259508537,31.00394767201999,6,1.58,0.0,1,35.05350574754868,22.05641622427012,48.05059527082724,31
FOODS_3_252_TX_2_validation,FOODS_3_252,FOODS_3,FOODS,TX_2,TX,2016-05-01,11614,Sunday,2,5,2016,OrthodoxEaster,Religious,1,1,0,1.58,75.70061223806768,46.0,63.0,77.0,45.3293501539137,48.54662325276413,6,1.58,0.0,1,68.97179539903311,43.39853017875842,94.5450606193078,60
FOODS_3_252_TX_3_validation,FOODS_3_252,FOODS_3,FOODS,TX_3,TX,2016-05-01,11614,Sunday,2,5,2016,OrthodoxEaster,Religious,1,1,0,1.58,49.47854017357905,20.0,28.0,30.0,30.902675817749202,33.11852609729444,6,1.58,0.0,1,35.40344122518872,22.276603118044854,48.53027933233259,33
FOODS_3_318_WI_3_validation,FOODS_3_318,FOODS_3,FOODS,WI_3,WI,2016-05-01,11614,Sunday,2,5,2016,OrthodoxEaster,Religious,1,1,0,1.48,37.73760967539943,14.0,28.0,38.0,20.915205608566822,23.97880140214171,6,1.48,0.0,1,34.281560556544896,21.57069178467412,46.99242932841567,18
FOODS_3_377_TX_2_validation,FOODS_3_377,FOODS_3,FOODS,TX_2,TX,2016-05-01,11614,Sunday,2,5,2016,OrthodoxEaster,Religious,1,1,0,1.68,35.87178124703061,28.0,32.0,27.0,26.570640878078144,27.178374505233826,6,1.68,0.0,1,32.0041160295783,20.137674933913797,43.870557125242804,27
FOODS_3_377_TX_3_validation,FOODS_3_377,FOODS_3,FOODS,TX_3,TX,2016-05-01,11614,Sunday,2,5,2016,OrthodoxEaster,Religious,1,1,0,1.68,49.347648606086075,50.0,41.0,39.0,42.52888060065387,42.45364872159204,6,1.68,0.0,1,44.84608571351934,28.21811717351118,61.47405425352749,55
FOODS_3_491_WI_1_validation,FOODS_3_491,FOODS_3,FOODS,WI_1,WI,2016-05-01,11614,Sunday,2,5,2016,OrthodoxEaster,Religious,1,1,0,1.38,22.166184945617456,36.0,26.0,27.0,20.688291064311567,18.77921562322075,6,1.38,0.0,1,25.026515370358272,15.747219226148792,34.30581151456775,13
FOODS_3_541_CA_3_validation,FOODS_3_541,FOODS_3,FOODS,CA_3,CA,2016-05-01,11614,Sunday,2,5,2016,OrthodoxEaster,Religious,1,1,0,0.88,5.464009785533584,0.0,0.0,0.0,4.427584101031679,1.1068960252579199,6,0.88,0.0,1,4.960821360291209,3.1214549986768287,6.800187721905588,0
FOODS_3_555_CA_2_validation,FOODS_3_555,FOODS_3,FOODS,CA_2,CA,2016-05-01,11614,Sunday,2,5,2016,OrthodoxEaster,Religious,1,1,0,1.68,25.81934405563972,36.0,25.0,31.0,22.84533668458913,20.211334171147282,6,1.68,0.0,1,27.77785393561999,17.478420350690875,38.077287520549106,20
FOODS_3_555_TX_1_validation,FOODS_3_555,FOODS_3,FOODS,TX_1,TX,2016-05-01,11614,Sunday,2,5,2016,OrthodoxEaster,Religious,1,1,0,1.68,33.18178659385061,28.0,32.0,32.0,27.36817898176446,28.91347331686969,6,1.68,0.0,1,31.56248160884509,19.859789102099747,43.26517411559043,18
FOODS_3_555_TX_2_validation,FOODS_3_555,FOODS_3,FOODS,TX_2,TX,2016-05-01,11614,Sunday,2,5,2016,OrthodoxEaster,Religious,1,1,0,1.68,54.48164556717014,39.0,54.0,49.0,38.78770083399316,40.87549663706972,6,1.68,0.0,1,47.63533832158085,29.973174625427756,65.29750201773395,62
FOODS_3_555_TX_3_validation,FOODS_3_555,FOODS_3,FOODS,TX_3,TX,2016-05-01,11614,Sunday,2,5,2016,OrthodoxEaster,Religious,1,1,0,1.68,36.1669809787668,17.0,29.0,40.0,25.336233861601265,28.334058465400318,6,1.68,0.0,1,32.42061414813161,20.399744466290873,44.44148382997235,3
FOODS_3_555_WI_3_validation,FOODS_3_555,FOODS_3,FOODS,WI_3,WI,2016-05-01,11614,Sunday,2,5,2016,OrthodoxEaster,Religious,1,1,0,1.68,36.6431689816728,25.0,37.0,51.0,26.142402982168715,27.64274360268504,6,1.68,0.0,1,37.20941412971091,23.41295993093456,51.00586832848725,22
FOODS_3_586_CA_1_validation,FOODS_3_586,FOODS_3,FOODS,CA_1,CA,2016-05-01,11614,Sunday,2,5,2016,OrthodoxEaster,Religious,1,1,0,1.68,43.91163079246532,54.0,64.0,54.0,38.16276928384783,38.36212089239053,6,1.68,0.0,1,52.609930182337685,33.10329431778954,72.11656604688584,52
FOODS_3_586_CA_2_validation,FOODS_3_586,FOODS_3,FOODS,CA_2,CA,2016-05-01,11614,Sunday,2,5,2016,OrthodoxEaster,Religious,1,1,0,1.68,41.912723627013165,36.0,39.0,34.0,32.880576935182155,33.04157280522411,6,1.68,0.0,1,37.04026846048492,23.30652985487171,50.77400706609812,45
FOODS_3_586_CA_3_validation,FOODS_3_586,FOODS_3,FOODS,CA_3,CA,2016-05-01,11614,Sunday,2,5,2016,OrthodoxEaster,Religious,1,1,0,1.68,77.4117782868567,78.0,91.0,73.0,65.88577548673943,68.72144387168485,6,1.68,0.0,1,81.85009897156131,51.50183447887256,112.19836346425006,114
FOODS_3_586_CA_4_validation,FOODS_3_586,FOODS_3,FOODS,CA_4,CA,2016-05-01,11614,Sunday,2,5,2016,OrthodoxEaster,Religious,1,1,0,1.68,21.172072997540266,19.0,18.0,19.0,17.880828918971336,16.398778658314264,6,1.68,0.0,1,20.803532893154348,13.090028247996123,28.51703753831257,16
FOODS_3_586_TX_1_validation,FOODS_3_586,FOODS_3,FOODS,TX_1,TX,2016-05-01,11614,Sunday,2,5,2016,OrthodoxEaster,Religious,1,1,0,1.68,56.05032372875572,58.0,68.0,74.0,50.264952316582246,55.38766665057415,6,1.68,0.0,1,62.552254177538565,39.35921741586751,85.74529093920961,44
FOODS_3_586_TX_2_validation,FOODS_3_586,FOODS_3,FOODS,TX_2,TX,2016-05-01,11614,Sunday,2,5,2016,OrthodoxEaster,Religious,1,1,0,1.68,89.6816816198167,75.0,102.0,107.0,67.23243013200339,74.95096467585799,6,1.68,0.0,1,95.4657137387677,60.069070766667366,130.86235671086806,96
FOODS_3_586_TX_3_validation,FOODS_3_586,FOODS_3,FOODS,TX_3,TX,2016-05-01,11614,Sunday,2,5,2016,OrthodoxEaster,Religious,1,1,0,1.68,63.38240798224883,47.0,69.0,72.0,50.795323623548065,58.09168804874416,6,1.68,0.0,1,65.32248040701869,41.102303063073485,89.5426577509639,92
FOODS_3_586_WI_1_validation,FOODS_3_586,FOODS_3,FOODS,WI_1,WI,2016-05-01,11614,Sunday,2,5,2016,OrthodoxEaster,Religious,1,1,0,1.68,22.17281274753018,14.0,16.0,17.0,15.024505051809497,15.148983405809519,6,1.68,0.0,1,17.978409256359715,11.312399976891637,24.644418535827793,14
FOODS_3_586_WI_3_validation,FOODS_3_586,FOODS_3,FOODS,WI_3,WI,2016-05-01,11614,Sunday,2,5,2016,OrthodoxEaster,Religious,1,1,0,1.68,42.95251912746972,44.0,40.0,37.0,33.62736252777023,32.08541206051399,6,1.68,0.0,1,41.284098521783264,25.976838579231238,56.59135846433529,42
FOODS_3_587_CA_1_validation,FOODS_3_587,FOODS_3,FOODS,CA_1,CA,2016-05-01,11614,Sunday,2,5,2016,OrthodoxEaster,Religious,1,1,0,2.48,26.058808680160507,26.0,36.0,29.0,22.193380211012844,22.36977362418178,6,2.48,0.0,1,29.555407608448483,18.596895174614215,40.513920042282756,26
FOODS_3_587_CA_4_validation,FOODS_3_587,FOODS_3,FOODS,CA_4,CA,2016-05-01,11614,Sunday,2,5,2016,OrthodoxEaster,Religious,1,1,0,2.48,14.692224935098212,29.0,19.0,22.0,16.758134159148018,16.08239068264415,6,2.48,0.0,1,20.551456189909207,12.93141618998234,28.171496189836073,19
FOODS_3_587_TX_1_validation,FOODS_3_587,FOODS_3,FOODS,TX_1,TX,2016-05-01,11614,Sunday,2,5,2016,OrthodoxEaster,Religious,1,1,0,2.48,25.402908349703836,24.0,16.0,21.0,24.681672837167135,24.420418209291785,6,2.48,0.0,1,21.68538507543618,13.644908519338147,29.72586163153421,18
FOODS_3_587_TX_2_validation,FOODS_3_587,FOODS_3,FOODS,TX_2,TX,2016-05-01,11614,Sunday,2,5,2016,OrthodoxEaster,Religious,1,1,0,2.48,31.968475596727455,44.0,36.0,34.0,29.066850048729094,28.76671251218227,6,2.48,0.0,1,36.445039339985776,22.931998949886452,49.958079730085096,35
FOODS_3_635_CA_3_validation,FOODS_3_635,FOODS_3,FOODS,CA_3,CA,2016-05-01,11614,Sunday,2,5,2016,OrthodoxEaster,Religious,1,1,0,0.88,5.464009785533584,0.0,0.0,0.0,4.264390436826767,1.0660976092066918,6,0.88,0.0,1,4.960821360291209,3.1214549986768287,6.800187721905588,0
FOODS_3_635_CA_4_validation,FOODS_3_635,FOODS_3,FOODS,CA_4,CA,2016-05-01,11614,Sunday,2,5,2016,OrthodoxEaster,Religious,1,1,0,1.0,6.339189833655706,0.0,0.0,0.0,4.336803805455983,1.0842009513639959,6,1.0,0.0,1,5.702034399374442,3.587842110385884,7.816226688363,0
FOODS_3_694_WI_1_validation,FOODS_3_694,FOODS_3,FOODS,WI_1,WI,2016-05-01,11614,Sunday,2,5,2016,OrthodoxEaster,Religious,1,1,0,1.68,27.93527749266032,24.0,32.0,28.0,21.27407282323058,20.604232491521934,6,1.68,0.0,1,29.057166902659496,18.283391456444043,39.83094234887495,18
FOODS_3_694_WI_2_validation,FOODS_3_694,FOODS_3,FOODS,WI_2,WI,2016-05-01,11614,Sunday,2,5,2016,OrthodoxEaster,Religious,1,1,0,1.68,39.678382298426556,29.0,52.0,41.0,34.34391700308003,36.478836393627155,6,1.68,0.0,1,39.05235764690251,24.572579444764237,53.53213584904078,24
FOODS_3_694_WI_3_validation,FOODS_3_694,FOODS_3,FOODS,WI_3,WI,2016-05-01,11614,Sunday,2,5,2016,OrthodoxEaster,Religious,1,1,0,1.68,55.75419580491536,48.0,59.0,54.0,44.42949615621006,44.78594546762394,6,1.68,0.0,1,55.065931359123596,34.6486628350676,75.4831998831796,43
FOODS_3_711_WI_2_validation,FOODS_3_711,FOODS_3,FOODS,WI_2,WI,2016-05-01,11614,Sunday,2,5,2016,OrthodoxEaster,Religious,1,1,0,0.25,25.980981722000084,18.0,0.0,1.0,27.324063722325917,12.723873073438622,6,0.25,0.0,1,29.53573037292207,18.584513836780584,40.48694690906356,5
FOODS_3_714_CA_1_validation,FOODS_3_714,FOODS_3,FOODS,CA_1,CA,2016-05-01,11614,Sunday,2,5,2016,OrthodoxEaster,Religious,1,1,0,1.58,28.98438520442508,27.0,37.0,23.0,17.70695800570225,18.069596644282708,6,1.58,0.0,1,29.340553927312445,18.46170463896331,40.21940321566158,44
FOODS_3_714_TX_1_validation,FOODS_3_714,FOODS_3,FOODS,TX_1,TX,2016-05-01,11614,Sunday,2,5,2016,OrthodoxEaster,Religious,1,1,0,1.58,28.41241086528945,20.0,21.0,28.0,18.954075498680577,20.595661731813003,6,1.58,0.0,1,25.26194369532311,15.895355768148455,34.62853162249777,26
FOODS_3_714_WI_1_validation,FOODS_3_714,FOODS_3,FOODS,WI_1,WI,2016-05-01,11614,Sunday,2,5,2016,OrthodoxEaster,Religious,1,1,0,1.58,29.696817832183925,15.0,40.0,23.0,17.22626608240293,17.91370937774359,6,1.58,0.0,1,23.586355706548787,14.841039935462344,32.331671477635226,13
FOODS_3_808_CA_4_validation,FOODS_3_808,FOODS_3,FOODS,CA_4,CA,2016-05-01,11614,Sunday,2,5,2016,OrthodoxEaster,Religious,1,1,0,1.0,6.339189833655706,0.0,0.0,0.0,4.371327146008756,1.092831786502189,6,1.0,0.0,1,5.702034399374442,3.587842110385884,7.816226688363,0
HOBBIES_1_008_TX_2_validation,HOBBIES_1_008,HOBBIES_1,HOBBIES,TX_2,TX,2016-05-01,11614,Sunday,2,5,2016,OrthodoxEaster,Religious,1,1,0,0.48,6.02046845395128,2.0,6.0,1.0,4.697428983126473,3.674357245781618,6,0.48,0.0,1,4.50455622674625,2.8343632091546485,6.174749244337852,0
HOBBIES_1_015_CA_2_validation,HOBBIES_1_015,HOBBIES_1,HOBBIES,CA_2,CA,2016-05-01,11614,Sunday,2,5,2016,OrthodoxEaster,Religious,1,1,0,0.7,11.678718804933697,0.0,3.0,12.0,5.803616067516989,6.986618302593533,6,0.7,0.0,1,6.797167816293211,4.276923500379428,9.317412132206995,2
HOBBIES_1_048_WI_3_validation,HOBBIES_1_048,HOBBIES_1,HOBBIES,WI_3,WI,2016-05-01,11614,Sunday,2,5,2016,OrthodoxEaster,Religious,1,1,0,0.48,7.250160323540835,2.0,1.0,5.0,5.249305859402023,5.348040750564792,6,0.48,0.0,1,4.6159289585465215,2.9044413162150975,6.327416600877945,14
HOBBIES_1_103_WI_3_validation,HOBBIES_1_103,HOBBIES_1,HOBBIES,WI_3,WI,2016-05-01,11614,Sunday,2,5,2016,OrthodoxEaster,Religious,1,1,0,0.7,10.094678876739351,0.0,1.0,9.0,4.924508832906817,4.588270065369561,6,0.7,0.0,1,6.186707373647166,3.8928087214348155,8.480606025859515,0
HOBBIES_1_178_CA_4_validation,HOBBIES_1_178,HOBBIES_1,HOBBIES,CA_4,CA,2016-05-01,11614,Sunday,2,5,2016,OrthodoxEaster,Religious,1,1,0,0.48,6.49954477928411,13.0,0.0,0.0,7.96062154275117,4.847298242830649,6,0.48,0.0,1,5.902209941868883,3.713796846981245,8.090623036756522,6
HOBBIES_1_178_WI_2_validation,HOBBIES_1_178,HOBBIES_1,HOBBIES,WI_2,WI,2016-05-01,11614,Sunday,2,5,2016,OrthodoxEaster,Religious,1,1,0,0.48,5.017192245082552,6.0,2.0,0.0,6.146293449924542,4.072287648195421,6,0.48,0.0,1,4.914793181666304,3.0924930833378204,6.737093279994787,3
HOBBIES_1_234_CA_3_validation,HOBBIES_1_234,HOBBIES_1,HOBBIES,CA_3,CA,2016-05-01,11614,Sunday,2,5,2016,OrthodoxEaster,Religious,1,1,0,0.3,27.118184983115878,32.0,70.0,20.0,30.528469473940238,27.060688797056486,6,0.3,0.0,1,28.47204875259823,17.915222590508893,39.02887491468757,17
HOBBIES_1_254_CA_3_validation,HOBBIES_1_254,HOBBIES_1,HOBBIES,CA_3,CA,2016-05-01,11614,Sunday,2,5,2016,OrthodoxEaster,Religious,1,1,0,0.7,15.386032944199854,9.0,25.0,8.0,11.1233432426605,14.673692953522268,6,0.7,0.0,1,9.738786688278607,6.12785306733765,13.349720309219563,29
HOBBIES_1_254_TX_1_validation,HOBBIES_1_254,HOBBIES_1,HOBBIES,TX_1,TX,2016-05-01,11614,Sunday,2,5,2016,OrthodoxEaster,Religious,1,1,0,0.7,5.610055198214132,0.0,16.0,12.0,4.149154893927722,4.073003009196216,6,0.7,0.0,1,7.249320266405143,4.561427501443279,9.937213031367008,0
HOBBIES_1_348_CA_1_validation,HOBBIES_1_348,HOBBIES_1,HOBBIES,CA_1,CA,2016-05-01,11614,Sunday,2,5,2016,OrthodoxEaster,Religious,1,1,0,0.48,7.968802659555018,26.0,1.0,15.0,9.22810663164059,6.307026657910147,6,0.48,0.0,1,10.887959320448736,6.850937088411833,14.92498155248564,7
HOBBIES_1_348_CA_2_validation,HOBBIES_1_348,HOBBIES_1,HOBBIES,CA_2,CA,2016-05-01,11614,Sunday,2,5,2016,OrthodoxEaster,Religious,1,1,0,0.48,6.470161695120644,3.0,11.0,2.0,5.909036939664451,5.620116377773256,6,0.48,0.0,1,5.79526136243089,3.6465025112971814,7.944020213564598,0
HOBBIES_1_354_TX_3_validation,HOBBIES_1_354,HOBBIES_1,HOBBIES,TX_3,TX,2016-05-01,11614,Sunday,2,5,2016,OrthodoxEaster,Religious,1,1,0,22.98,22.968692521446645,23.0,32.0,36.0,22.38967276954665,21.347418192386666,6,22.98,0.0,1,27.685744147549315,17.420462900196547,37.95102539490208,33
HOBBIES_1_370_WI_1_validation,HOBBIES_1_370,HOBBIES_1,HOBBIES,WI_1,WI,2016-05-01,11614,Sunday,2,5,2016,OrthodoxEaster,Religious,1,1,0,0.48,8.596431206481123,6.0,4.0,7.0,6.049295020663729,6.5480380408802175,6,0.48,0.0,1,5.764485055175856,3.627137399928527,7.901832710423186,5
HOBBIES_1_371_CA_1_validation,HOBBIES_1_371,HOBBIES_1,HOBBIES,CA_1,CA,2016-05-01,11614,Sunday,2,5,2016,OrthodoxEaster,Religious,1,1,0,0.48,8.939574622328115,2.0,4.0,33.0,7.724352766504515,10.359659620197558,6,0.48,0.0,1,6.735542351303727,4.238147438560923,9.23293726404653,24
HOBBIES_1_371_CA_4_validation,HOBBIES_1_371,HOBBIES_1,HOBBIES,CA_4,CA,2016-05-01,11614,Sunday,2,5,2016,OrthodoxEaster,Religious,1,1,0,0.48,6.291961300850958,9.0,16.0,28.0,7.516751122021022,7.59347349479097,6,0.48,0.0,1,8.96744073098892,5.642505678422659,12.292375783555183,0
HOBBIES_1_371_TX_1_validation,HOBBIES_1_371,HOBBIES_1,HOBBIES,TX_1,TX,2016-05-01,11614,Sunday,2,5,2016,OrthodoxEaster,Religious,1,1,0,0.48,6.0080231863613545,0.0,15.0,2.0,4.2375490891659044,2.237958700862905,6,0.48,0.0,1,5.965854122592785,3.7538431279555016,8.177865117230068,1
HOBBIES_1_371_TX_2_validation,HOBBIES_1_371,HOBBIES_1,HOBBIES,TX_2,TX,2016-05-01,11614,Sunday,2,5,2016,OrthodoxEaster,Religious,1,1,0,0.48,6.657511455479402,2.0,3.0,0.0,4.5396727418626,3.5277753283227926,6,0.48,0.0,1,4.6159289585465215,2.9044413162150975,6.327416600877945,5
HOBBIES_1_371_TX_3_validation,HOBBIES_1_371,HOBBIES_1,HOBBIES,TX_3,TX,2016-05-01,11614,Sunday,2,5,2016,OrthodoxEaster,Religious,1,1,0,0.48,6.81371656481667,1.0,6.0,3.0,4.8412974872331125,4.567467228951135,6,0.48,0.0,1,4.6159289585465215,2.9044413162150975,6.327416600877945,0
HOBBIES_1_371_WI_1_validation,HOBBIES_1_371,HOBBIES_1,HOBBIES,WI_1,WI,2016-05-01,11614,Sunday,2,5,2016,OrthodoxEaster,Religious,1,1,0,0.48,8.33703486115198,3.0,3.0,6.0,6.844549629344603,7.282565978764722,6,0.48,0.0,1,5.307579119063914,3.3396424037132193,7.275515834414608,16
HOBBIES_1_371_WI_2_validation,HOBBIES_1_371,HOBBIES_1,HOBBIES,WI_2,WI,2016-05-01,11614,Sunday,2,5,2016,OrthodoxEaster,Religious,1,1,0,0.48,5.017192245082552,4.0,0.0,6.0,5.652644528820534,3.9845897036337052,6,0.48,0.0,1,5.187167028169513,3.263876538400667,7.110457517938358,13
HOUSEHOLD_1_110_CA_1_validation,HOUSEHOLD_1_110,HOUSEHOLD_1,HOUSEHOLD,CA_1,CA,2016-05-01,11614,Sunday,2,5,2016,OrthodoxEaster,Religious,1,1,0,3.97,8.840648643506155,13.0,8.0,10.0,9.028535146210938,7.649990929409877,6,3.97,0.0,1,9.365561126354242,5.893011553948749,12.838110698759735,9
HOUSEHOLD_1_110_CA_4_validation,HOUSEHOLD_1_110,HOUSEHOLD_1,HOUSEHOLD,CA_4,CA,2016-05-01,11614,Sunday,2,5,2016,OrthodoxEaster,Religious,1,1,0,3.97,6.719645573990269,8.0,4.0,5.0,6.785133017584313,5.51771182582465,6,3.97,0.0,1,6.194027938411881,3.897414977499762,8.490640899324,10
HOUSEHOLD_1_110_WI_2_validation,HOUSEHOLD_1_110,HOUSEHOLD_1,HOUSEHOLD,WI_2,WI,2016-05-01,11614,Sunday,2,5,2016,OrthodoxEaster,Religious,1,1,0,3.97,29.87710243599949,26.0,39.0,47.0,23.205544007823594,23.658528859098755,6,3.97,0.0,1,35.65461052295084,22.434644217103436,48.87457682879824,35
HOUSEHOLD_1_110_WI_3_validation,HOUSEHOLD_1_110,HOUSEHOLD_1,HOUSEHOLD,WI_3,WI,2016-05-01,11614,Sunday,2,5,2016,OrthodoxEaster,Religious,1,1,0,3.97,15.435911643391188,17.0,16.0,15.0,13.275573736639615,13.890322005588475,6,3.97,0.0,1,16.44925429134644,10.350222937520885,22.548285645171994,20
HOUSEHOLD_1_118_CA_1_validation,HOUSEHOLD_1_118,HOUSEHOLD_1,HOUSEHOLD,CA_1,CA,2016-05-01,11614,Sunday,2,5,2016,OrthodoxEaster,Religious,1,1,0,0.97,7.402481759871409,9.0,21.0,20.0,7.19904317734881,9.299760794337203,6,0.97,0.0,1,10.629567370735296,6.688351342126559,14.570783399344034,13
HOUSEHOLD_1_118_CA_3_validation,HOUSEHOLD_1_118,HOUSEHOLD_1,HOUSEHOLD,CA_3,CA,2016-05-01,11614,Sunday,2,5,2016,OrthodoxEaster,Religious,1,1,0,0.97,22.139958486421886,31.0,38.0,30.0,20.36606833448226,22.520088512191993,6,0.97,0.0,1,27.56051260737468,17.341664534224513,37.779360680524846,34
HOUSEHOLD_1_118_TX_3_validation,HOUSEHOLD_1_118,HOUSEHOLD_1,HOUSEHOLD,TX_3,TX,2016-05-01,11614,Sunday,2,5,2016,OrthodoxEaster,Religious,1,1,0,0.97,6.064193173048612,11.0,5.0,19.0,6.838177417042347,7.066687211403442,6,0.97,0.0,1,8.070031632687618,5.07783666248651,11.062226602888726,3
HOUSEHOLD_1_151_CA_4_validation,HOUSEHOLD_1_151,HOUSEHOLD_1,HOUSEHOLD,CA_4,CA,2016-05-01,11614,Sunday,2,5,2016,OrthodoxEaster,Religious,1,1,0,0.88,4.837712769218853,8.0,4.0,5.0,5.443438872491947,3.7894311466944153,6,0.88,0.0,1,4.9849575253037655,3.136641990397674,6.833273060209857,3
HOUSEHOLD_1_191_CA_2_validation,HOUSEHOLD_1_191,HOUSEHOLD_1,HOUSEHOLD,CA_2,CA,2016-05-01,11614,Sunday,2,5,2016,OrthodoxEaster,Religious,1,1,0,2.96,16.651294608868145,8.0,16.0,11.0,9.861523391623171,11.17966656219151,6,2.96,0.0,1,13.209583708127537,8.311752853312631,18.10741456294244,16
HOUSEHOLD_1_191_CA_4_validation,HOUSEHOLD_1_191,HOUSEHOLD_1,HOUSEHOLD,CA_4,CA,2016-05-01,11614,Sunday,2,5,2016,OrthodoxEaster,Religious,1,1,0,2.96,6.1719563033230775,5.0,3.0,6.0,6.012005854868222,4.71728717800277,6,2.96,0.0,1,5.926937359512192,3.7293558675145997,8.124518851509784,6
HOUSEHOLD_1_234_CA_2_validation,HOUSEHOLD_1_234,HOUSEHOLD_1,HOUSEHOLD,CA_2,CA,2016-05-01,11614,Sunday,2,5,2016,OrthodoxEaster,Religious,1,1,0,0.97,7.432002781766494,3.0,0.0,0.0,6.55184281173176,6.280817845790083,6,0.97,0.0,1,4.905396384259247,3.086580417247363,6.724212351271131,8
HOUSEHOLD_1_234_TX_1_validation,HOUSEHOLD_1_234,HOUSEHOLD_1,HOUSEHOLD,TX_1,TX,2016-05-01,11614,Sunday,2,5,2016,OrthodoxEaster,Religious,1,1,0,0.97,12.165258946502464,11.0,13.0,19.0,10.50465266438566,11.697591737524988,6,0.97,0.0,1,13.81342193310453,8.691700791134753,18.935143075074308,0
HOUSEHOLD_1_234_TX_2_validation,HOUSEHOLD_1_234,HOUSEHOLD_1,HOUSEHOLD,TX_2,TX,2016-05-01,11614,Sunday,2,5,2016,OrthodoxEaster,Religious,1,1,0,0.97,6.186279694988788,0.0,0.0,12.0,4.295490101670536,3.1810153825604908,6,0.97,0.0,1,5.7926277557859285,3.644845389617238,7.940410121954619,0
HOUSEHOLD_1_303_CA_2_validation,HOUSEHOLD_1_303,HOUSEHOLD_1,HOUSEHOLD,CA_2,CA,2016-05-01,11614,Sunday,2,5,2016,OrthodoxEaster,Religious,1,1,0,0.98,9.122780113447607,6.0,6.0,32.0,6.540295845897548,7.563645390045816,6,0.98,0.0,1,7.936525980747376,4.993832048263511,10.879219913231243,14
HOUSEHOLD_1_303_CA_3_validation,HOUSEHOLD_1_303,HOUSEHOLD_1,HOUSEHOLD,CA_3,CA,2016-05-01,11614,Sunday,2,5,2016,OrthodoxEaster,Religious,1,1,0,0.98,14.745882924523777,14.0,24.0,14.0,11.848429088344346,11.962107272086087,6,0.98,0.0,1,15.990613746257493,10.061636488203606,21.919591004311382,4
HOUSEHOLD_1_303_WI_1_validation,HOUSEHOLD_1_303,HOUSEHOLD_1,HOUSEHOLD,WI_1,WI,2016-05-01,11614,Sunday,2,5,2016,OrthodoxEaster,Religious,1,1,0,0.98,5.646732303936391,1.0,0.0,3.0,5.373053290762155,4.700406179833396,6,0.98,0.0,1,4.8982041378548535,3.082054901841706,6.714353373868001,0
HOUSEHOLD_1_327_CA_2_validation,HOUSEHOLD_1_327,HOUSEHOLD_1,HOUSEHOLD,CA_2,CA,2016-05-01,11614,Sunday,2,5,2016,OrthodoxEaster,Religious,1,1,0,0.98,6.854308676301065,3.0,5.0,25.0,5.40729088527552,4.673251292747452,6,0.98,0.0,1,6.425319141618886,4.042948353923965,8.807689929313808,6
HOUSEHOLD_1_327_WI_1_validation,HOUSEHOLD_1_327,HOUSEHOLD_1,HOUSEHOLD,WI_1,WI,2016-05-01,11614,Sunday,2,5,2016,OrthodoxEaster,Religious,1,1,0,0.98,6.725923342008273,0.0,0.0,8.0,4.713770927297526,4.535585588967239,6,0.98,0.0,1,5.5572661403223185,3.496750822663831,7.617781457980806,0
HOUSEHOLD_1_334_CA_1_validation,HOUSEHOLD_1_334,HOUSEHOLD_1,HOUSEHOLD,CA_1,CA,2016-05-01,11614,Sunday,2,5,2016,OrthodoxEaster,Religious,1,1,0,0.97,15.257427333476226,9.0,22.0,29.0,11.708740562400896,13.46289942631451,6,0.97,0.0,1,15.47492761028055,9.73715573189613,21.21269948866497,4
HOUSEHOLD_1_334_CA_3_validation,HOUSEHOLD_1_334,HOUSEHOLD_1,HOUSEHOLD,CA_3,CA,2016-05-01,11614,Sunday,2,5,2016,OrthodoxEaster,Religious,1,1,0,0.97,27.964597850289806,29.0,29.0,28.0,23.362123392332652,23.126245133797447,6,0.97,0.0,1,28.585265269693608,17.986460846747857,39.18406969263936,18
HOUSEHOLD_1_334_TX_1_validation,HOUSEHOLD_1_334,HOUSEHOLD_1,HOUSEHOLD,TX_1,TX,2016-05-01,11614,Sunday,2,5,2016,OrthodoxEaster,Religious,1,1,0,0.96,10.684484628561489,16.0,15.0,14.0,11.159778991104172,9.789944747776044,6,0.96,0.0,1,11.723646359945276,7.376769263633071,16.07052345625748,25
HOUSEHOLD_1_334_TX_2_validation,HOUSEHOLD_1_334,HOUSEHOLD_1,HOUSEHOLD,TX_2,TX,2016-05-01,11614,Sunday,2,5,2016,OrthodoxEaster,Religious,1,1,0,0.96,13.960868136696298,0.0,11.0,30.0,8.196173072368422,12.51332898237782,6,0.96,0.0,1,11.618379880334176,7.3105333411696405,15.926226419498711,9
HOUSEHOLD_1_334_TX_3_validation,HOUSEHOLD_1_334,HOUSEHOLD_1,HOUSEHOLD,TX_3,TX,2016-05-01,11614,Sunday,2,5,2016,OrthodoxEaster,Religious,1,1,0,0.96,13.426923645198361,14.0,14.0,16.0,10.54087580726909,10.670933237531559,6,0.96,0.0,1,14.240113009477314,8.960183950777584,19.520042068177045,9
HOUSEHOLD_1_334_WI_2_validation,HOUSEHOLD_1_334,HOUSEHOLD_1,HOUSEHOLD,WI_2,WI,2016-05-01,11614,Sunday,2,5,2016,OrthodoxEaster,Religious,1,1,0,0.97,25.434758304067383,15.0,21.0,40.0,17.42844408733457,19.53568245040507,6,0.97,0.0,1,21.620230987524295,13.603912172437873,29.636549802610716,10
HOUSEHOLD_1_334_WI_3_validation,HOUSEHOLD_1_334,HOUSEHOLD_1,HOUSEHOLD,WI_3,WI,2016-05-01,11614,Sunday,2,5,2016,OrthodoxEaster,Religious,1,1,0,0.97,14.84577573787665,12.0,10.0,11.0,11.348005030989212,11.51557268631873,6,0.97,0.0,1,11.09971512132951,6.984178371488251,15.215251871170768,0
HOUSEHOLD_1_389_WI_1_validation,HOUSEHOLD_1_389,HOUSEHOLD_1,HOUSEHOLD,WI_1,WI,2016-05-01,11614,Sunday,2,5,2016,OrthodoxEaster,Religious,1,1,0,0.98,6.238601623000124,0.0,1.0,16.0,4.686579480651813,3.2430734415915246,6,0.98,0.0,1,6.099953658024067,3.838221426384624,8.36168588966351,0
HOUSEHOLD_1_399_CA_4_validation,HOUSEHOLD_1_399,HOUSEHOLD_1,HOUSEHOLD,CA_4,CA,2016-05-01,11614,Sunday,2,5,2016,OrthodoxEaster,Religious,1,1,0,0.97,6.690877204387435,0.0,0.0,0.0,4.497147625251219,2.3742869063128045,6,0.97,0.0,1,4.905396384259247,3.086580417247363,6.724212351271131,4
HOUSEHOLD_1_409_WI_2_validation,HOUSEHOLD_1_409,HOUSEHOLD_1,HOUSEHOLD,WI_2,WI,2016-05-01,11614,Sunday,2,5,2016,OrthodoxEaster,Religious,1,1,0,2.94,15.813593795436116,15.0,8.0,32.0,12.031561992945177,9.936461926807723,6,2.94,0.0,1,13.9699607228093,8.790198348721082,19.149723096897517,11
HOUSEHOLD_1_441_WI_3_validation,HOUSEHOLD_1_441,HOUSEHOLD_1,HOUSEHOLD,WI_3,WI,2016-05-01,11614,Sunday,2,5,2016,OrthodoxEaster,Religious,1,1,0,2.77,10.210062417744345,6.0,8.0,0.0,7.389489967739145,6.811658206220501,6,2.77,0.0,1,6.874287349407849,4.325448761551537,9.423125937264162,5
HOUSEHOLD_1_459_CA_3_validation,HOUSEHOLD_1_459,HOUSEHOLD_1,HOUSEHOLD,CA_3,CA,2016-05-01,11614,Sunday,2,5,2016,OrthodoxEaster,Religious,1,1,0,0.97,28.860122979571976,35.0,42.0,34.0,25.54457958103539,27.06471632383028,6,0.97,0.0,1,32.22979614796885,20.279677695652186,44.17991460028551,8
HOUSEHOLD_1_459_TX_1_validation,HOUSEHOLD_1_459,HOUSEHOLD_1,HOUSEHOLD,TX_1,TX,2016-05-01,11614,Sunday,2,5,2016,OrthodoxEaster,Religious,1,1,0,0.96,8.160195423695933,10.0,9.0,9.0,7.840885064115159,7.71022126602879,6,0.96,0.0,1,7.359426967458988,4.630708994855524,10.088144940062453,10
HOUSEHOLD_1_459_TX_3_validation,HOUSEHOLD_1_459,HOUSEHOLD_1,HOUSEHOLD,TX_3,TX,2016-05-01,11614,Sunday,2,5,2016,OrthodoxEaster,Religious,1,1,0,0.96,5.550324980588662,0.0,9.0,0.0,4.251248997819603,2.8485265351691864,6,0.96,0.0,1,5.249610590660512,3.303167364680547,7.196053816640478,0
HOUSEHOLD_1_459_WI_1_validation,HOUSEHOLD_1_459,HOUSEHOLD_1,HOUSEHOLD,WI_1,WI,2016-05-01,11614,Sunday,2,5,2016,OrthodoxEaster,Religious,1,1,0,0.97,8.784448885207876,4.0,3.0,27.0,6.923806325178224,7.6595230098659846,6,0.97,0.0,1,7.520623184839125,4.732137105639075,10.309109264039174,5
HOUSEHOLD_1_459_WI_2_validation,HOUSEHOLD_1_459,HOUSEHOLD_1,HOUSEHOLD,WI_2,WI,2016-05-01,11614,Sunday,2,5,2016,OrthodoxEaster,Religious,1,1,0,0.97,30.234731436965042,26.0,20.0,45.0,24.794797091123137,27.662984987066498,6,0.97,0.0,1,27.929893904719698,17.574087154043998,38.2857006553954,23
HOUSEHOLD_1_459_WI_3_validation,HOUSEHOLD_1_459,HOUSEHOLD_1,HOUSEHOLD,WI_3,WI,2016-05-01,11614,Sunday,2,5,2016,OrthodoxEaster,Religious,1,1,0,0.97,15.726809311757481,15.0,17.0,22.0,11.229733578532954,11.73600482320467,6,0.97,0.0,1,16.297194449815155,10.254543630008394,22.339845269621915,0
HOUSEHOLD_1_474_TX_2_validation,HOUSEHOLD_1_474,HOUSEHOLD_1,HOUSEHOLD,TX_2,TX,2016-05-01,11614,Sunday,2,5,2016,OrthodoxEaster,Religious,1,1,0,0.97,7.925037776094814,3.0,24.0,6.0,7.575790222014329,11.215376126932155,6,0.97,0.0,1,8.443743679251362,5.312984282424928,11.574503076077796,15
HOUSEHOLD_1_521_TX_1_validation,HOUSEHOLD_1_521,HOUSEHOLD_1,HOUSEHOLD,TX_1,TX,2016-05-01,11614,Sunday,2,5,2016,OrthodoxEaster,Religious,1,1,0,0.94,6.680227857511442,34.0,0.0,0.0,12.925237715466565,8.517023714580928,6,0.94,0.0,1,8.981335357989693,5.6512484751807674,12.311422240798619,7
HOUSEHOLD_1_521_TX_2_validation,HOUSEHOLD_1_521,HOUSEHOLD_1,HOUSEHOLD,TX_2,TX,2016-05-01,11614,Sunday,2,5,2016,OrthodoxEaster,Religious,1,1,0,0.94,9.651830117427856,1.0,7.0,1.0,5.726962940153027,8.181740735038257,6,0.94,0.0,1,5.5527922333253406,3.49393574460617,7.611648722044511,6
HOUSEHOLD_1_521_TX_3_validation,HOUSEHOLD_1_521,HOUSEHOLD_1,HOUSEHOLD,TX_3,TX,2016-05-01,11614,Sunday,2,5,2016,OrthodoxEaster,Religious,1,1,0,0.94,6.543743859004189,9.0,10.0,26.0,6.90226932201603,7.54699590193258,6,0.94,0.0,1,8.995267638447665,5.6600149643002124,12.330520312595116,3
HOUSEHOLD_1_535_CA_1_validation,HOUSEHOLD_1_535,HOUSEHOLD_1,HOUSEHOLD,CA_1,CA,2016-05-01,11614,Sunday,2,5,2016,OrthodoxEaster,Religious,1,1,0,6.97,9.4214096848581,11.0,10.0,16.0,8.67945587703718,8.277006826402152,6,6.97,0.0,1,10.805776741080095,6.799226050149543,14.812327432010647,8
FOODS_1_218_CA_2_validation,FOODS_1_218,FOODS_1,FOODS,CA_2,CA,2016-05-02,11614,Monday,3,5,2016,,,1,0,1,0.98,6.597133940305729,9.84588873440915,13.0,7.0,10.978675136120543,9.780383069744422,0,0.98,0.0,0,7.86581091868546,4.949336617381485,10.782285219989435,9
FOODS_2_360_WI_2_validation,FOODS_2_360,FOODS_2,FOODS,WI_2,WI,2016-05-02,11614,Monday,3,5,2016,,,1,0,1,0.94,48.190802313185884,22.9563853480162,42.0,76.0,37.975070093595875,63.70805323768469,0,0.94,0.0,0,44.170232536712916,27.79285588633793,60.54760918708791,87
FOODS_3_007_WI_2_validation,FOODS_3_007,FOODS_3,FOODS,WI_2,WI,2016-05-02,11614,Monday,3,5,2016,,,1,0,1,0.25,29.369535342647737,31.742549507057994,42.0,0.0,30.53728734066152,39.06289326373682,0,0.25,0.0,0,31.41113158311398,19.76455642588411,43.05770674034385,45
FOODS_3_030_TX_3_validation,FOODS_3_030,FOODS_3,FOODS,TX_3,TX,2016-05-02,11614,Monday,3,5,2016,,,1,0,1,1.25,22.747422247318763,15.929534958564926,16.0,14.0,19.203317673880626,18.9436865613273,0,1.25,0.0,0,16.293654442846595,10.252316181841078,22.334992703852112,19
FOODS_3_080_CA_2_validation,FOODS_3_080,FOODS_3,FOODS,CA_2,CA,2016-05-02,11614,Monday,3,5,2016,,,1,0,1,1.68,19.196785324615586,13.865399399887016,13.0,11.0,14.13031867817545,14.318293955258147,0,1.68,0.0,0,14.28542965511014,8.988698154325833,19.582161155894447,16
FOODS_3_090_CA_1_validation,FOODS_3_090,FOODS_3,FOODS,CA_1,CA,2016-05-02,11614,Monday,3,5,2016,,,1,0,1,1.6,67.3416015294575,31.952749491438713,30.0,42.0,50.36037117423307,52.69723565070111,0,1.6,0.0,0,45.41064597775282,28.573350577590556,62.24794137791508,59
FOODS_3_090_CA_2_validation,FOODS_3_090,FOODS_3,FOODS,CA_2,CA,2016-05-02,11614,Monday,3,5,2016,,,1,0,1,1.6,64.75767788523164,49.19081135628468,65.0,19.0,48.52167982573314,50.130419956433286,0,1.6,0.0,0,50.90822662331621,32.03254600923486,69.78390723739756,27
FOODS_3_090_CA_3_validation,FOODS_3_090,FOODS_3,FOODS,CA_3,CA,2016-05-02,11614,Monday,3,5,2016,,,1,0,1,1.6,118.78386274225703,91.54546145842949,86.0,80.0,103.90746886926965,110.36972436017456,0,1.6,0.0,0,84.2778717013661,53.02944105300963,115.52630234972257,114
FOODS_3_090_CA_4_validation,FOODS_3_090,FOODS_3,FOODS,CA_4,CA,2016-05-02,11614,Monday,3,5,2016,,,1,0,1,1.6,28.875721812683874,22.49079519622489,30.0,19.0,26.01579505604189,26.25394876401047,0,1.6,0.0,0,23.876136920394124,15.02337647870507,32.72889736208318,17
FOODS_3_090_TX_1_validation,FOODS_3_090,FOODS_3,FOODS,TX_1,TX,2016-05-02,11614,Monday,3,5,2016,,,1,0,1,1.5,69.66186080867074,42.42687198063126,48.0,56.0,50.33038928953333,51.26116875095476,0,1.5,0.0,0,53.27297977516341,33.52049931582942,73.02546023449739,30
FOODS_3_090_TX_2_validation,FOODS_3_090,FOODS_3,FOODS,TX_2,TX,2016-05-02,11614,Monday,3,5,2016,,,1,0,1,1.5,87.67633655989142,49.88513029322748,43.0,61.0,59.39931295729821,61.135542525038844,0,1.5,0.0,0,49.95658370270437,31.43375191129039,68.47941549411836,92
FOODS_3_090_TX_3_validation,FOODS_3_090,FOODS_3,FOODS,TX_3,TX,2016-05-02,11614,Monday,3,5,2016,,,1,0,1,1.5,79.25677772431469,60.057268868412564,81.0,41.0,62.021763191335985,63.57686936926256,0,1.5,0.0,0,61.529450130576976,38.71564721384199,84.34325304731196,43
FOODS_3_090_WI_1_validation,FOODS_3_090,FOODS_3,FOODS,WI_1,WI,2016-05-02,11614,Monday,3,5,2016,,,1,0,1,1.38,23.65379262709576,14.91052509367269,9.0,14.0,19.172848948787724,21.29321223719693,0,1.38,0.0,0,14.508896521206212,9.129308290340342,19.88848475207208,16
FOODS_3_090_WI_3_validation,FOODS_3_090,FOODS_3,FOODS,WI_3,WI,2016-05-02,11614,Monday,3,5,2016,,,1,0,1,1.38,113.10211873641104,52.09073647959066,70.0,71.0,73.10013469608096,79.8464622454488,0,1.38,0.0,0,69.20336765370715,43.544240398782286,94.862494908632,107
FOODS_3_120_CA_1_validation,FOODS_3_120,FOODS_3,FOODS,CA_1,CA,2016-05-02,11614,Monday,3,5,2016,,,1,0,1,4.98,64.52116587705791,40.332258191054535,6.0,24.0,47.65993131449441,34.98641140005217,0,4.98,0.0,0,49.65351006005999,31.243051487289645,68.06396863283034,30
FOODS_3_120_CA_3_validation,FOODS_3_120,FOODS_3,FOODS,CA_3,CA,2016-05-02,11614,Monday,3,5,2016,,,1,0,1,4.98,78.27580703476075,67.75725005682376,77.0,71.0,67.66904985444329,70.66726246361083,0,4.98,0.0,0,74.4971222390286,46.87518410991605,102.11906036814115,59
FOODS_3_226_WI_1_validation,FOODS_3_226,FOODS_3,FOODS,WI_1,WI,2016-05-02,11614,Monday,3,5,2016,,,1,0,1,1.68,46.57568654376767,32.89769036029934,42.0,29.0,36.86814190267469,37.10989261852581,0,1.68,0.0,0,32.96296378449694,20.741002467841597,45.18492510115229,30
FOODS_3_226_WI_2_validation,FOODS_3_226,FOODS_3,FOODS,WI_2,WI,2016-05-02,11614,Monday,3,5,2016,,,1,0,1,1.68,50.832970059507,34.84186010949206,40.0,33.0,44.91505303852636,45.87162040248874,0,1.68,0.0,0,33.6933177921714,21.20055684452354,46.18607873981926,27
FOODS_3_226_WI_3_validation,FOODS_3_226,FOODS_3,FOODS,WI_3,WI,2016-05-02,11614,Monday,3,5,2016,,,1,0,1,1.68,46.47223137302175,42.16177168738041,49.0,35.0,46.43708435201717,45.43069965943287,0,1.68,0.0,0,37.67694516390057,23.707140466317153,51.64674986148399,48
FOODS_3_234_WI_2_validation,FOODS_3_234,FOODS_3,FOODS,WI_2,WI,2016-05-02,11614,Monday,3,5,2016,,,1,0,1,0.25,36.36979253622035,17.832948320972324,0.0,0.0,27.41021635103068,15.888268373471956,0,0.25,0.0,0,23.58750855070074,14.841765329682264,32.33325177171921,49
FOODS_3_252_CA_1_validation,FOODS_3_252,FOODS_3,FOODS,CA_1,CA,2016-05-02,11614,Monday,3,5,2016,,,1,0,1,1.58,50.501003504469786,30.763499453474868,21.0,33.0,36.90608655661907,37.19080735344049,0,1.58,0.0,0,31.064668383281962,19.54655436363897,42.582782402924956,37
FOODS_3_252_CA_2_validation,FOODS_3_252,FOODS_3,FOODS,CA_2,CA,2016-05-02,11614,Monday,3,5,2016,,,1,0,1,1.58,45.24212421604993,32.37822082367697,43.0,34.0,35.86274122915154,34.465685307287885,0,1.58,0.0,0,34.314856919069825,21.591642568766677,47.03807126937297,33
FOODS_3_252_CA_3_validation,FOODS_3_252,FOODS_3,FOODS,CA_3,CA,2016-05-02,11614,Monday,3,5,2016,,,1,0,1,1.58,55.68036862596359,41.57774664099588,59.0,42.0,42.95465595816501,46.81009256096983,0,1.58,0.0,0,44.06385303163359,27.725919624422797,60.40178643884438,47
FOODS_3_252_CA_4_validation,FOODS_3_252,FOODS_3,FOODS,CA_4,CA,2016-05-02,11614,Monday,3,5,2016,,,1,0,1,1.58,16.076820554697065,13.892120129762471,24.0,22.0,16.64627261132464,16.625853867116877,0,1.58,0.0,0,17.36074760296637,10.923754041984907,23.797741163947833,11
FOODS_3_252_TX_1_validation,FOODS_3_252,FOODS_3,FOODS,TX_1,TX,2016-05-02,11614,Monday,3,5,2016,,,1,0,1,1.58,35.05350574754868,24.37472679313074,17.0,28.0,29.594862937729776,31.0058585915753,0,1.58,0.0,0,25.587244783810434,16.10004217690762,35.074447390713246,30
FOODS_3_252_TX_2_validation,FOODS_3_252,FOODS_3,FOODS,TX_2,TX,2016-05-02,11614,Monday,3,5,2016,,,1,0,1,1.58,68.97179539903311,36.309705066067224,22.0,41.0,48.61103521091843,48.25990165987246,0,1.58,0.0,0,45.15538494859001,28.412734873540924,61.8980350236391,29
FOODS_3_252_TX_3_validation,FOODS_3_252,FOODS_3,FOODS,TX_3,TX,2016-05-02,11614,Monday,3,5,2016,,,1,0,1,1.58,35.40344122518872,22.921062966613103,20.0,23.0,33.1031674213476,33.31150614105119,0,1.58,0.0,0,23.971332545962905,15.083275604213268,32.85938948771254,16
FOODS_3_318_WI_3_validation,FOODS_3_318,FOODS_3,FOODS,WI_3,WI,2016-05-02,11614,Monday,3,5,2016,,,1,0,1,1.48,34.281560556544896,19.41751861038277,18.0,22.0,23.812571402358948,23.84599999344689,0,1.48,0.0,0,22.751038438486557,14.315440428343456,31.18663644862966,21
FOODS_3_377_TX_2_validation,FOODS_3_377,FOODS_3,FOODS,TX_2,TX,2016-05-02,11614,Monday,3,5,2016,,,1,0,1,1.68,32.0041160295783,22.029898646160067,18.0,30.0,27.142657453732188,27.357092934861623,0,1.68,0.0,0,24.118229492889903,15.175706307916077,33.060752677863725,18
FOODS_3_377_TX_3_validation,FOODS_3_377,FOODS_3,FOODS,TX_3,TX,2016-05-02,11614,Monday,3,5,2016,,,1,0,1,1.68,44.84608571351934,35.23133947718986,23.0,44.0,41.79260713115663,42.66243749707488,0,1.68,0.0,0,34.09517559753626,21.453414378429944,46.73693681664258,35
FOODS_3_491_WI_1_validation,FOODS_3_491,FOODS_3,FOODS,WI_1,WI,2016-05-02,11614,Monday,3,5,2016,,,1,0,1,1.38,25.026515370358272,20.34764546938658,13.0,17.0,19.120650402934185,18.70873402930497,0,1.38,0.0,0,18.370345261317766,11.559014501581137,25.181676021054397,13
FOODS_3_541_CA_3_validation,FOODS_3_541,FOODS_3,FOODS,CA_3,CA,2016-05-02,11614,Monday,3,5,2016,,,1,0,1,0.88,4.960821360291209,1.3245393063996143,0.0,0.0,5.136272866787566,1.2840682166968918,0,0.88,0.0,0,4.94596816948473,3.1121090530517153,6.779827285917745,0
FOODS_3_555_CA_2_validation,FOODS_3_555,FOODS_3,FOODS,CA_2,CA,2016-05-02,11614,Monday,3,5,2016,,,1,0,1,1.68,27.77785393561999,24.146987362752494,24.0,17.0,21.670744389677697,20.096257525990854,0,1.68,0.0,0,22.27446462510646,14.015569982710948,30.53335926750197,13
FOODS_3_555_TX_1_validation,FOODS_3_555,FOODS_3,FOODS,TX_1,TX,2016-05-02,11614,Monday,3,5,2016,,,1,0,1,1.68,31.56248160884509,23.73186223898636,32.0,23.0,27.877104925885185,28.897847660042725,0,1.68,0.0,0,24.677736188230135,15.527759898263543,33.82771247819672,15
FOODS_3_555_TX_2_validation,FOODS_3_555,FOODS_3,FOODS,TX_2,TX,2016-05-02,11614,Monday,3,5,2016,,,1,0,1,1.68,47.63533832158085,30.52263936740918,35.0,44.0,40.021320594219006,40.82675871998332,0,1.68,0.0,0,35.372367670173254,22.257050972022004,48.48768436832451,34
FOODS_3_555_TX_3_validation,FOODS_3_555,FOODS_3,FOODS,TX_3,TX,2016-05-02,11614,Monday,3,5,2016,,,1,0,1,1.68,32.42061414813161,16.814062315922087,4.0,30.0,27.539178739905783,28.063366113547875,0,1.68,0.0,0,23.559443812392495,14.82410639554284,32.29478122924215,20
FOODS_3_555_WI_3_validation,FOODS_3_555,FOODS_3,FOODS,WI_3,WI,2016-05-02,11614,Monday,3,5,2016,,,1,0,1,1.68,37.20941412971091,25.481457284423513,41.0,18.0,27.886605000698847,27.150222678746143,0,1.68,0.0,0,27.62287822275607,17.380906314514377,37.864850130997766,26
FOODS_3_586_CA_1_validation,FOODS_3_586,FOODS_3,FOODS,CA_1,CA,2016-05-02,11614,Monday,3,5,2016,,,1,0,1,1.68,52.609930182337685,33.69051777883848,30.0,30.0,37.96418788132464,38.31247554175974,0,1.68,0.0,0,33.30835415897553,20.95832948540785,45.658378832543214,41
FOODS_3_586_CA_2_validation,FOODS_3_586,FOODS_3,FOODS,CA_2,CA,2016-05-02,11614,Monday,3,5,2016,,,1,0,1,1.68,37.04026846048492,27.929751605542382,26.0,26.0,33.029186715251434,33.15015382167,0,1.68,0.0,0,27.31609555925774,17.18787209519146,37.44431902332402,32
FOODS_3_586_CA_3_validation,FOODS_3_586,FOODS_3,FOODS,CA_3,CA,2016-05-02,11614,Monday,3,5,2016,,,1,0,1,1.68,81.85009897156131,69.58650933496875,77.0,60.0,66.4357896255339,69.0375188349549,0,1.68,0.0,0,68.85725928968503,43.326461606824886,94.38805697254517,59
FOODS_3_586_CA_4_validation,FOODS_3_586,FOODS_3,FOODS,CA_4,CA,2016-05-02,11614,Monday,3,5,2016,,,1,0,1,1.68,20.803532893154348,15.72639514190349,14.0,16.0,18.13847647513624,16.463190547355488,0,1.68,0.0,0,16.09440119355082,10.126941771870309,22.06186061523133,16
FOODS_3_586_TX_1_validation,FOODS_3_586,FOODS_3,FOODS,TX_1,TX,2016-05-02,11614,Monday,3,5,2016,,,1,0,1,1.68,62.552254177538565,48.278822882806764,72.0,61.0,50.9152743419449,54.97881858548623,0,1.68,0.0,0,56.51202011646318,35.55857283833025,77.4654673945961,42
FOODS_3_586_TX_2_validation,FOODS_3_586,FOODS_3,FOODS,TX_2,TX,2016-05-02,11614,Monday,3,5,2016,,,1,0,1,1.68,95.4657137387677,58.5426358300446,54.0,68.0,70.15610352325591,74.53902588081398,0,1.68,0.0,0,57.63168438218756,36.263089563536425,79.00027920083869,36
FOODS_3_586_TX_3_validation,FOODS_3_586,FOODS_3,FOODS,TX_3,TX,2016-05-02,11614,Monday,3,5,2016,,,1,0,1,1.68,65.32248040701869,40.934327811109554,49.0,54.0,53.412820824550735,57.85320520613768,0,1.68,0.0,0,51.581863803190046,32.45641294369918,70.70731466268091,47
FOODS_3_586_WI_1_validation,FOODS_3_586,FOODS_3,FOODS,WI_1,WI,2016-05-02,11614,Monday,3,5,2016,,,1,0,1,1.68,17.978409256359715,12.011603178218207,10.0,11.0,15.59284923128945,15.183926593536652,0,1.68,0.0,0,13.083827546633087,8.232624384375338,17.935030708890835,6
FOODS_3_586_WI_3_validation,FOODS_3_586,FOODS_3,FOODS,WI_3,WI,2016-05-02,11614,Monday,3,5,2016,,,1,0,1,1.68,41.284098521783264,31.47197441023093,35.0,21.0,33.2393766023107,32.238415579149105,0,1.68,0.0,0,29.182595131456587,18.362313583107937,40.00287667980523,27
FOODS_3_587_CA_1_validation,FOODS_3_587,FOODS_3,FOODS,CA_1,CA,2016-05-02,11614,Monday,3,5,2016,,,1,0,1,2.48,29.555407608448483,23.655472035413332,16.0,23.0,22.701295583648346,22.389609610197798,0,2.48,0.0,0,22.06763493196416,13.885428312079227,30.249841551849094,25
FOODS_3_587_CA_4_validation,FOODS_3_587,FOODS_3,FOODS,CA_4,CA,2016-05-02,11614,Monday,3,5,2016,,,1,0,1,2.48,20.551456189909207,15.949791957647248,16.0,14.0,15.551199329135045,16.030656975140907,0,2.48,0.0,0,15.852986922834159,9.975038744659466,21.73093510100885,12
FOODS_3_587_TX_1_validation,FOODS_3_587,FOODS_3,FOODS,TX_1,TX,2016-05-02,11614,Monday,3,5,2016,,,1,0,1,2.48,21.68538507543618,23.34327206238683,23.0,16.0,24.351013562229447,24.444896247700218,0,2.48,0.0,0,20.621230882261166,12.975319920111897,28.267141844410435,14
FOODS_3_587_TX_2_validation,FOODS_3_587,FOODS_3,FOODS,TX_2,TX,2016-05-02,11614,Monday,3,5,2016,,,1,0,1,2.48,36.445039339985776,29.559541073997465,23.0,31.0,27.987569954441348,28.854035345753196,0,2.48,0.0,0,28.060419685817543,17.656216769741377,38.46462260189371,28
FOODS_3_635_CA_3_validation,FOODS_3_635,FOODS_3,FOODS,CA_3,CA,2016-05-02,11614,Monday,3,5,2016,,,1,0,1,0.88,4.960821360291209,1.2768884976219868,0.0,0.0,4.973079202582654,1.2432698006456635,0,0.88,0.0,0,4.94596816948473,3.1121090530517153,6.779827285917745,0
FOODS_3_635_CA_4_validation,FOODS_3_635,FOODS_3,FOODS,CA_4,CA,2016-05-02,11614,Monday,3,5,2016,,,1,0,1,1.0,5.702034399374442,1.8965045100745357,0.0,0.0,5.15138014822376,1.28784503705594,0,1.0,0.0,0,5.332333126240797,3.355218154950314,7.309448097531279,0
FOODS_3_694_WI_1_validation,FOODS_3_694,FOODS_3,FOODS,WI_1,WI,2016-05-02,11614,Monday,3,5,2016,,,1,0,1,1.68,29.057166902659496,21.474845086371708,27.0,16.0,21.99652523789622,20.641988452331194,0,1.68,0.0,0,22.492376689519954,14.152684918592364,30.832068460447545,18
FOODS_3_694_WI_2_validation,FOODS_3_694,FOODS_3,FOODS,WI_2,WI,2016-05-02,11614,Monday,3,5,2016,,,1,0,1,1.68,39.05235764690251,31.78884883774515,38.0,32.0,35.779968095494674,36.40927773815938,0,1.68,0.0,0,31.03036861935044,19.52497221790107,42.53576502079981,32
FOODS_3_694_WI_3_validation,FOODS_3_694,FOODS_3,FOODS,WI_3,WI,2016-05-02,11614,Monday,3,5,2016,,,1,0,1,1.68,55.065931359123596,37.491276158349,54.0,29.0,45.438914921799146,44.8240144447355,0,1.68,0.0,0,35.81181805181895,22.533562559687375,49.09007354395053,36
FOODS_3_711_WI_2_validation,FOODS_3_711,FOODS_3,FOODS,WI_2,WI,2016-05-02,11614,Monday,3,5,2016,,,1,0,1,0.25,29.53573037292207,30.82994126145454,47.0,0.0,28.972025204171928,13.74300630104298,0,0.25,0.0,0,25.818661594360798,16.245654588161205,35.39166860056039,1
FOODS_3_714_CA_1_validation,FOODS_3_714,FOODS_3,FOODS,CA_1,CA,2016-05-02,11614,Monday,3,5,2016,,,1,0,1,1.58,29.340553927312445,14.242927373701194,15.0,25.0,18.04132285246117,18.296044998829583,0,1.58,0.0,0,19.253693520621578,12.114836136612658,26.392550904630497,21
FOODS_3_714_TX_1_validation,FOODS_3_714,FOODS_3,FOODS,TX_1,TX,2016-05-02,11614,Monday,3,5,2016,,,1,0,1,1.58,25.26194369532311,15.736729382100336,14.0,14.0,19.705781740869593,20.49787400664597,0,1.58,0.0,0,16.364509847256095,10.296899919132581,22.432119775379608,27
FOODS_3_714_WI_1_validation,FOODS_3_714,FOODS_3,FOODS,WI_1,WI,2016-05-02,11614,Monday,3,5,2016,,,1,0,1,1.58,23.586355706548787,13.32555851888866,16.0,10.0,18.452888326195616,17.934650652977474,0,1.58,0.0,0,15.117121359083557,9.51201637890578,20.722226339261333,21
FOODS_3_808_CA_4_validation,FOODS_3_808,FOODS_3,FOODS,CA_4,CA,2016-05-02,11614,Monday,3,5,2016,,,1,0,1,1.0,5.702034399374442,1.8965045100745357,0.0,0.0,5.185903488776534,1.2964758721941334,0,1.0,0.0,0,5.332333126240797,3.355218154950314,7.309448097531279,0
HOBBIES_1_008_TX_2_validation,HOBBIES_1_008,HOBBIES_1,HOBBIES,TX_2,TX,2016-05-02,11614,Monday,3,5,2016,,,1,0,1,0.48,4.50455622674625,4.030556697664151,0.0,6.0,5.05522272980451,3.7995199681654124,0,0.48,0.0,0,5.238547856139908,3.296206455294697,7.180889256985119,2
HOBBIES_1_015_CA_2_validation,HOBBIES_1_015,HOBBIES_1,HOBBIES,CA_2,CA,2016-05-02,11614,Monday,3,5,2016,,,1,0,1,0.7,6.797167816293211,2.7679844161910307,2.0,0.0,6.7746400412731616,6.800802867461148,0,0.7,0.0,0,4.7076978799321605,2.9621842860940952,6.453211473770225,0
HOBBIES_1_048_WI_3_validation,HOBBIES_1_048,HOBBIES_1,HOBBIES,WI_3,WI,2016-05-02,11614,Monday,3,5,2016,,,1,0,1,0.48,4.6159289585465215,3.6525214130556427,5.0,13.0,5.62300999633724,5.334323927655739,0,0.48,0.0,0,6.064682328325773,3.8160279506674786,8.313336705984067,3
HOBBIES_1_103_WI_3_validation,HOBBIES_1_103,HOBBIES_1,HOBBIES,WI_3,WI,2016-05-02,11614,Monday,3,5,2016,,,1,0,1,0.7,6.186707373647166,2.7679844161910307,1.0,13.0,5.808324171999269,4.487795328714102,0,0.7,0.0,0,5.631336137807233,3.5433572507347857,7.719315024879681,6
HOBBIES_1_178_CA_4_validation,HOBBIES_1_178,HOBBIES_1,HOBBIES,CA_4,CA,2016-05-02,11614,Monday,3,5,2016,,,1,0,1,0.48,5.902209941868883,5.739704532802253,0.0,0.0,6.946651534446724,5.058091455040253,0,0.48,0.0,0,5.002654430739442,3.1477772621442988,6.857531599334585,2
HOBBIES_1_178_WI_2_validation,HOBBIES_1_178,HOBBIES_1,HOBBIES,WI_2,WI,2016-05-02,11614,Monday,3,5,2016,,,1,0,1,0.48,4.914793181666304,5.806139453460608,9.0,1.0,5.9912639044482985,4.247815976112075,0,0.48,0.0,0,5.383120820223116,3.3871748592415316,7.379066781204701,5
HOBBIES_1_234_CA_3_validation,HOBBIES_1_234,HOBBIES_1,HOBBIES,CA_3,CA,2016-05-02,11614,Monday,3,5,2016,,,1,0,1,0.3,28.47204875259823,29.14440724488797,0.0,29.0,30.024476438597123,27.363261966792134,0,0.3,0.0,0,24.255760752000285,15.262243920348713,33.24927758365186,0
HOBBIES_1_254_CA_3_validation,HOBBIES_1_254,HOBBIES_1,HOBBIES,CA_3,CA,2016-05-02,11614,Monday,3,5,2016,,,1,0,1,0.7,9.738786688278607,10.909671618578164,36.0,2.0,11.228884198128872,14.735792478103647,0,0.7,0.0,0,11.64058126420251,7.324502927175714,15.956659601229305,6
HOBBIES_1_254_TX_1_validation,HOBBIES_1_254,HOBBIES_1,HOBBIES,TX_1,TX,2016-05-02,11614,Monday,3,5,2016,,,1,0,1,0.7,7.249320266405143,2.7679844161910307,1.0,1.0,5.184772074842742,3.9033358758535432,0,0.7,0.0,0,4.7076978799321605,2.9621842860940952,6.453211473770225,0
HOBBIES_1_348_CA_1_validation,HOBBIES_1_348,HOBBIES_1,HOBBIES,CA_1,CA,2016-05-02,11614,Monday,3,5,2016,,,1,0,1,0.48,10.887959320448736,5.776115207321522,2.0,1.0,7.069243677418982,6.160168062211888,0,0.48,0.0,0,5.689719950461191,3.5800935955081057,7.799346305414276,26
HOBBIES_1_348_CA_2_validation,HOBBIES_1_348,HOBBIES_1,HOBBIES,CA_2,CA,2016-05-02,11614,Monday,3,5,2016,,,1,0,1,0.48,5.79526136243089,4.762130165484621,1.0,1.0,6.308359991440292,5.755661426431502,0,0.48,0.0,0,4.765979134190577,2.9988560989294215,6.533102169451731,6
HOBBIES_1_354_TX_3_validation,HOBBIES_1_354,HOBBIES_1,HOBBIES,TX_3,TX,2016-05-02,11614,Monday,3,5,2016,,,1,0,1,22.98,27.685744147549315,21.56213327502176,29.0,13.0,23.059064790625122,21.050480483370563,0,22.98,0.0,0,22.720153808722152,14.29600715813299,31.144300459311314,33
HOBBIES_1_370_WI_1_validation,HOBBIES_1_370,HOBBIES_1,HOBBIES,WI_1,WI,2016-05-02,11614,Monday,3,5,2016,,,1,0,1,0.48,5.764485055175856,5.109335813967004,7.0,11.0,6.015650028545996,6.503912507136499,0,0.48,0.0,0,6.039974739619916,3.8004814069260564,8.279468072313776,8
HOBBIES_1_371_CA_1_validation,HOBBIES_1_371,HOBBIES_1,HOBBIES,CA_1,CA,2016-05-02,11614,Monday,3,5,2016,,,1,0,1,0.48,6.735542351303727,5.294116927886895,15.0,4.0,8.40085881669076,9.42164327560126,0,0.48,0.0,0,6.428389313333094,4.0448801716912435,8.811898454974944,13
HOBBIES_1_371_CA_4_validation,HOBBIES_1_371,HOBBIES_1,HOBBIES,CA_4,CA,2016-05-02,11614,Monday,3,5,2016,,,1,0,1,0.48,8.96744073098892,8.915318058836755,16.0,9.0,7.512099797876583,6.913739235183432,0,0.48,0.0,0,8.347547914658277,5.25245584803216,11.442639981284392,9
HOBBIES_1_371_TX_1_validation,HOBBIES_1_371,HOBBIES_1,HOBBIES,TX_1,TX,2016-05-02,11614,Monday,3,5,2016,,,1,0,1,0.48,5.965854122592785,2.548241727702339,0.0,3.0,5.089813963822017,2.379596348098361,0,0.48,0.0,0,4.596325148131889,2.892106179033646,6.300544117230133,0
HOBBIES_1_371_TX_2_validation,HOBBIES_1_371,HOBBIES_1,HOBBIES,TX_2,TX,2016-05-02,11614,Monday,3,5,2016,,,1,0,1,0.48,4.6159289585465215,3.4828674269969575,0.0,2.0,4.913376878797817,3.692629933985168,0,0.48,0.0,0,4.52120459941403,2.844838721637248,6.197570477190813,10
HOBBIES_1_371_TX_3_validation,HOBBIES_1_371,HOBBIES_1,HOBBIES,TX_3,TX,2016-05-02,11614,Monday,3,5,2016,,,1,0,1,0.48,4.6159289585465215,3.243667970559959,0.0,12.0,5.357858767025472,4.625178977470654,0,0.48,0.0,0,5.556215589089373,3.4960897933383865,7.616341384840359,2
HOBBIES_1_371_WI_1_validation,HOBBIES_1_371,HOBBIES_1,HOBBIES,WI_1,WI,2016-05-02,11614,Monday,3,5,2016,,,1,0,1,0.48,5.307579119063914,5.7917995386327625,11.0,4.0,7.1742037892108765,7.257836661588433,0,0.48,0.0,0,6.218239017706225,3.9126491068904348,8.523828928522015,11
HOBBIES_1_371_WI_2_validation,HOBBIES_1_371,HOBBIES_1,HOBBIES,WI_2,WI,2016-05-02,11614,Monday,3,5,2016,,,1,0,1,0.48,5.187167028169513,4.9687296669993835,6.0,9.0,5.822239818559035,3.9555599546397593,0,0.48,0.0,0,5.617142982513114,3.5344266135837583,7.699859351442469,3
HOUSEHOLD_1_110_CA_1_validation,HOUSEHOLD_1_110,HOUSEHOLD_1,HOUSEHOLD,CA_1,CA,2016-05-02,11614,Monday,3,5,2016,,,1,0,1,3.97,9.365561126354242,9.902157059414323,15.0,6.0,8.509329592832973,7.6273323982082415,0,3.97,0.0,0,8.923896738685716,5.615106866297482,12.23268661107395,10
HOUSEHOLD_1_110_CA_4_validation,HOUSEHOLD_1_110,HOUSEHOLD_1,HOUSEHOLD,CA_4,CA,2016-05-02,11614,Monday,3,5,2016,,,1,0,1,3.97,6.194027938411881,6.4483306102219276,7.0,5.0,6.527137008786009,5.560355680767932,0,3.97,0.0,0,5.503747465423117,3.463075726716238,7.544419204129995,8
HOUSEHOLD_1_110_WI_2_validation,HOUSEHOLD_1_110,HOUSEHOLD_1,HOUSEHOLD,WI_2,WI,2016-05-02,11614,Monday,3,5,2016,,,1,0,1,3.97,35.65461052295084,18.146052020954862,11.0,20.0,24.584774082530856,23.25333637777557,0,3.97,0.0,0,22.464766590260744,14.135312053075278,30.79422112744621,23
HOUSEHOLD_1_110_WI_3_validation,HOUSEHOLD_1_110,HOUSEHOLD_1,HOUSEHOLD,WI_3,WI,2016-05-02,11614,Monday,3,5,2016,,,1,0,1,3.97,16.44925429134644,15.562840101618216,16.0,9.0,13.196895778260535,13.942081087422277,0,3.97,0.0,0,14.558988303861724,9.160827112327011,19.95714949539644,7
HOUSEHOLD_1_118_CA_1_validation,HOUSEHOLD_1_118,HOUSEHOLD_1,HOUSEHOLD,CA_1,CA,2016-05-02,11614,Monday,3,5,2016,,,1,0,1,0.97,10.629567370735296,6.718010399089204,11.0,11.0,7.431838516025279,8.965102486149178,0,0.97,0.0,0,8.418152135464432,5.296881535223227,11.539422735705637,7
HOUSEHOLD_1_118_CA_3_validation,HOUSEHOLD_1_118,HOUSEHOLD_1,HOUSEHOLD,CA_3,CA,2016-05-02,11614,Monday,3,5,2016,,,1,0,1,0.97,27.56051260737468,16.41299396194151,13.0,35.0,19.874712992678646,22.432963962455375,0,0.97,0.0,0,20.281331286193524,12.761447817865648,27.8012147545214,32
HOUSEHOLD_1_118_TX_3_validation,HOUSEHOLD_1_118,HOUSEHOLD_1,HOUSEHOLD,TX_3,TX,2016-05-02,11614,Monday,3,5,2016,,,1,0,1,0.97,8.070031632687618,5.647096144311005,5.0,12.0,6.419610507426291,6.676331198285145,0,0.97,0.0,0,6.796776662564284,4.2766773780795635,9.316875947049004,8
HOUSEHOLD_1_151_CA_4_validation,HOUSEHOLD_1_151,HOUSEHOLD_1,HOUSEHOLD,CA_4,CA,2016-05-02,11614,Monday,3,5,2016,,,1,0,1,0.88,4.9849575253037655,5.03797342101336,5.0,2.0,5.012718518963913,3.7888939154552643,0,0.88,0.0,0,4.690858585472714,2.9515886415330215,6.430128529412407,5
HOUSEHOLD_1_191_CA_2_validation,HOUSEHOLD_1_191,HOUSEHOLD_1,HOUSEHOLD,CA_2,CA,2016-05-02,11614,Monday,3,5,2016,,,1,0,1,2.96,13.209583708127537,7.684120289410601,10.0,14.0,10.605749635641391,11.258580266053206,0,2.96,0.0,0,11.16104693219622,7.022769659846305,15.299324204546133,12
HOUSEHOLD_1_191_CA_4_validation,HOUSEHOLD_1_191,HOUSEHOLD_1,HOUSEHOLD,CA_4,CA,2016-05-02,11614,Monday,3,5,2016,,,1,0,1,2.96,5.926937359512192,4.785628746603275,2.0,4.0,6.144425477655678,4.714677797985347,0,2.96,0.0,0,5.165019295624046,3.249940710955482,7.08009788029261,3
HOUSEHOLD_1_234_CA_2_validation,HOUSEHOLD_1_234,HOUSEHOLD_1,HOUSEHOLD,CA_2,CA,2016-05-02,11614,Monday,3,5,2016,,,1,0,1,0.97,4.905396384259247,7.6946962506478025,17.0,6.0,6.8240422951973665,6.456010573799341,0,0.97,0.0,0,8.303579211947126,5.224789799026316,11.382368624867935,5
HOUSEHOLD_1_234_TX_1_validation,HOUSEHOLD_1_234,HOUSEHOLD_1,HOUSEHOLD,TX_1,TX,2016-05-02,11614,Monday,3,5,2016,,,1,0,1,0.97,13.81342193310453,9.382382338782918,9.0,12.0,10.906570083400593,11.512356806564435,0,0.97,0.0,0,9.711971500681685,6.110980377255547,13.312962624107822,5
HOUSEHOLD_1_234_TX_2_validation,HOUSEHOLD_1_234,HOUSEHOLD_1,HOUSEHOLD,TX_2,TX,2016-05-02,11614,Monday,3,5,2016,,,1,0,1,0.97,5.7926277557859285,1.897606208397324,0.0,0.0,5.123008352497097,2.959323516695703,0,0.97,0.0,0,4.670035873965903,2.938486545690746,6.401585202241059,0
HOUSEHOLD_1_303_CA_2_validation,HOUSEHOLD_1_303,HOUSEHOLD_1,HOUSEHOLD,CA_2,CA,2016-05-02,11614,Monday,3,5,2016,,,1,0,1,0.98,7.936525980747376,5.612782572459031,2.0,8.0,6.816942414575746,6.704235603643937,0,0.98,0.0,0,6.156907163139179,3.874057791035194,8.439756535243164,3
HOUSEHOLD_1_303_CA_3_validation,HOUSEHOLD_1_303,HOUSEHOLD_1,HOUSEHOLD,CA_3,CA,2016-05-02,11614,Monday,3,5,2016,,,1,0,1,0.98,15.990613746257493,8.551935392398754,5.0,8.0,12.132802480666845,12.033200620166712,0,0.98,0.0,0,9.591268556392224,6.03503150076038,13.14750561202407,13
HOUSEHOLD_1_303_WI_1_validation,HOUSEHOLD_1_303,HOUSEHOLD_1,HOUSEHOLD,WI_1,WI,2016-05-02,11614,Monday,3,5,2016,,,1,0,1,0.98,4.8982041378548535,4.609751608465462,5.0,3.0,5.929939596169992,4.768199184756784,0,0.98,0.0,0,4.855932876884667,3.05545691951726,6.656408834252074,0
HOUSEHOLD_1_327_CA_2_validation,HOUSEHOLD_1_327,HOUSEHOLD_1,HOUSEHOLD,CA_2,CA,2016-05-02,11614,Monday,3,5,2016,,,1,0,1,0.98,6.425319141618886,5.089115599361882,1.0,4.0,5.896622191221075,4.009869833519554,0,0.98,0.0,0,4.980277231768859,3.133697049512129,6.826857414025589,0
HOUSEHOLD_1_327_WI_1_validation,HOUSEHOLD_1_327,HOUSEHOLD_1,HOUSEHOLD,WI_1,WI,2016-05-02,11614,Monday,3,5,2016,,,1,0,1,0.98,5.5572661403223185,2.1864375316770324,3.0,4.0,5.507666090200715,4.44834509397875,0,0.98,0.0,0,4.810623245710172,3.0269471296163535,6.594299361803991,0
HOUSEHOLD_1_334_CA_1_validation,HOUSEHOLD_1_334,HOUSEHOLD_1,HOUSEHOLD,CA_1,CA,2016-05-02,11614,Monday,3,5,2016,,,1,0,1,0.97,15.47492761028055,9.32583347701624,7.0,5.0,12.633730221012401,12.979861126681671,0,0.97,0.0,0,8.46413547584282,5.325815237377652,11.602455714307988,1
HOUSEHOLD_1_334_CA_3_validation,HOUSEHOLD_1_334,HOUSEHOLD_1,HOUSEHOLD,CA_3,CA,2016-05-02,11614,Monday,3,5,2016,,,1,0,1,0.97,28.585265269693608,18.124915417716846,19.0,15.0,23.302875573717454,23.147147464857934,0,0.97,0.0,0,18.230646075562547,11.47111278329368,24.990179367831413,20
HOUSEHOLD_1_334_TX_1_validation,HOUSEHOLD_1_334,HOUSEHOLD_1,HOUSEHOLD,TX_1,TX,2016-05-02,11614,Monday,3,5,2016,,,1,0,1,0.96,11.723646359945276,11.047220123106454,6.0,7.0,10.548871328239212,9.708646403488375,0,0.96,0.0,0,8.03677688070484,5.0569120606378535,11.016641700771826,6
HOUSEHOLD_1_334_TX_2_validation,HOUSEHOLD_1_334,HOUSEHOLD_1,HOUSEHOLD,TX_2,TX,2016-05-02,11614,Monday,3,5,2016,,,1,0,1,0.96,11.618379880334176,4.4975543906436695,11.0,20.0,9.855941626701876,11.856842549532614,0,0.96,0.0,0,10.777425986695922,6.781387148572256,14.773464824819587,20
HOUSEHOLD_1_334_TX_3_validation,HOUSEHOLD_1_334,HOUSEHOLD_1,HOUSEHOLD,TX_3,TX,2016-05-02,11614,Monday,3,5,2016,,,1,0,1,0.96,14.240113009477314,9.799033584018902,13.0,7.0,10.57517766576585,10.608080130727178,0,0.96,0.0,0,9.858524604129254,6.203194727280271,13.513854480978237,0
HOUSEHOLD_1_334_WI_2_validation,HOUSEHOLD_1_334,HOUSEHOLD_1,HOUSEHOLD,WI_2,WI,2016-05-02,11614,Monday,3,5,2016,,,1,0,1,0.97,21.620230987524295,12.595480165516193,12.0,6.0,18.37419137126661,18.87926212853094,0,0.97,0.0,0,13.265032604690656,8.34664248605238,18.18342272332893,15
HOUSEHOLD_1_334_WI_3_validation,HOUSEHOLD_1_334,HOUSEHOLD_1,HOUSEHOLD,WI_3,WI,2016-05-02,11614,Monday,3,5,2016,,,1,0,1,0.97,11.09971512132951,10.534658179463463,17.0,12.0,11.219392905464856,11.519133940651926,0,0.97,0.0,0,11.603924144700168,7.301437482847567,15.906410806552769,0
HOUSEHOLD_1_389_WI_1_validation,HOUSEHOLD_1_389,HOUSEHOLD_1,HOUSEHOLD,WI_1,WI,2016-05-02,11614,Monday,3,5,2016,,,1,0,1,0.98,6.099953658024067,4.221860318557335,12.0,0.0,5.558001431798108,2.8895003579495264,0,0.98,0.0,0,6.270982367453497,3.945836351654661,8.596128383252333,0
HOUSEHOLD_1_399_CA_4_validation,HOUSEHOLD_1_399,HOUSEHOLD_1,HOUSEHOLD,CA_4,CA,2016-05-02,11614,Monday,3,5,2016,,,1,0,1,0.97,4.905396384259247,2.028278737339062,0.0,0.0,5.197918537288254,2.5494796343220636,0,0.97,0.0,0,4.545691519081712,2.8602464156958782,6.231136622467547,8
HOUSEHOLD_1_409_WI_2_validation,HOUSEHOLD_1_409,HOUSEHOLD_1,HOUSEHOLD,WI_2,WI,2016-05-02,11614,Monday,3,5,2016,,,1,0,1,2.94,13.9699607228093,10.22348688062371,9.0,17.0,11.884413524775075,9.29253195262234,0,2.94,0.0,0,12.146364284848312,7.642752431315897,16.649976138380726,17
HOUSEHOLD_1_441_WI_3_validation,HOUSEHOLD_1_441,HOUSEHOLD_1,HOUSEHOLD,WI_3,WI,2016-05-02,11614,Monday,3,5,2016,,,1,0,1,2.77,6.874287349407849,7.417034529770567,12.0,10.0,7.514388160511695,7.057168468699352,0,2.77,0.0,0,8.167788783142413,5.139347554288832,11.196230011995993,8
HOUSEHOLD_1_459_CA_3_validation,HOUSEHOLD_1_459,HOUSEHOLD_1,HOUSEHOLD,CA_3,CA,2016-05-02,11614,Monday,3,5,2016,,,1,0,1,0.97,32.22979614796885,26.509686100631654,37.0,21.0,25.14883617360237,27.00149475768631,0,0.97,0.0,0,24.96737515360097,15.710006935720926,34.22474337148101,11
HOUSEHOLD_1_459_TX_1_validation,HOUSEHOLD_1_459,HOUSEHOLD_1,HOUSEHOLD,TX_1,TX,2016-05-02,11614,Monday,3,5,2016,,,1,0,1,0.96,7.359426967458988,8.341828650731436,3.0,11.0,7.463660345180728,7.651629372009468,0,0.96,0.0,0,6.7877723141554895,4.271011649300164,9.304532979010816,4
HOUSEHOLD_1_459_TX_3_validation,HOUSEHOLD_1_459,HOUSEHOLD_1,HOUSEHOLD,TX_3,TX,2016-05-02,11614,Monday,3,5,2016,,,1,0,1,0.96,5.249610590660512,2.4307087577439814,1.0,0.0,5.001193367913962,3.036012627692776,0,0.96,0.0,0,4.545691519081712,2.8602464156958782,6.231136622467547,0
HOUSEHOLD_1_459_WI_1_validation,HOUSEHOLD_1_459,HOUSEHOLD_1,HOUSEHOLD,WI_1,WI,2016-05-02,11614,Monday,3,5,2016,,,1,0,1,0.97,7.520623184839125,6.425953930394732,5.0,11.0,7.426752494440955,6.963830980753096,0,0.97,0.0,0,6.50364151040306,4.092230465049051,8.91505255575707,1
HOUSEHOLD_1_459_WI_2_validation,HOUSEHOLD_1_459,HOUSEHOLD_1,HOUSEHOLD,WI_2,WI,2016-05-02,11614,Monday,3,5,2016,,,1,0,1,0.97,27.929893904719698,16.96054811595279,13.0,17.0,25.070496220368806,27.053338340806484,0,0.97,0.0,0,18.282646259516937,11.503832412231704,25.061460106802173,21
HOUSEHOLD_1_459_WI_3_validation,HOUSEHOLD_1_459,HOUSEHOLD_1,HOUSEHOLD,WI_3,WI,2016-05-02,11614,Monday,3,5,2016,,,1,0,1,0.97,16.297194449815155,10.02994724431217,13.0,20.0,11.41504707136369,11.532333196412353,0,0.97,0.0,0,13.473351644348988,8.477721285395173,18.468982003302802,0
HOUSEHOLD_1_474_TX_2_validation,HOUSEHOLD_1_474,HOUSEHOLD_1,HOUSEHOLD,TX_2,TX,2016-05-02,11614,Monday,3,5,2016,,,1,0,1,0.97,8.443743679251362,11.070368930530936,15.0,7.0,8.353467890478809,11.302652686905418,0,0.97,0.0,0,8.752833380745315,5.507470139442604,11.998196622048026,10
HOUSEHOLD_1_521_TX_1_validation,HOUSEHOLD_1_521,HOUSEHOLD_1,HOUSEHOLD,TX_1,TX,2016-05-02,11614,Monday,3,5,2016,,,1,0,1,0.94,8.981335357989693,16.83331299893979,4.0,6.0,9.35114276660795,8.837785691651987,0,0.94,0.0,0,9.8532068132516,6.199848659419445,13.506564967083754,14
HOUSEHOLD_1_521_TX_2_validation,HOUSEHOLD_1_521,HOUSEHOLD_1,HOUSEHOLD,TX_2,TX,2016-05-02,11614,Monday,3,5,2016,,,1,0,1,0.94,5.5527922333253406,4.250049528183309,5.0,1.0,6.377361830628075,8.344340457657019,0,0.94,0.0,0,4.83968986002459,3.0452364655865214,6.634143254462659,2
HOUSEHOLD_1_521_TX_3_validation,HOUSEHOLD_1_521,HOUSEHOLD_1,HOUSEHOLD,TX_3,TX,2016-05-02,11614,Monday,3,5,2016,,,1,0,1,0.94,8.995267638447665,6.180059955264317,3.0,3.0,6.901593270365696,6.93968403187714,0,0.94,0.0,0,5.343635304113198,3.362329727218998,7.3249408810073975,1
HOUSEHOLD_1_535_CA_1_validation,HOUSEHOLD_1_535,HOUSEHOLD_1,HOUSEHOLD,CA_1,CA,2016-05-02,11614,Monday,3,5,2016,,,1,0,1,6.97,10.805776741080095,11.404586935037559,17.0,7.0,8.65170969719148,8.091498852869297,0,6.97,0.0,0,12.589938802341859,7.921859013544171,17.258018591139546,13
FOODS_1_218_CA_2_validation,FOODS_1_218,FOODS_1,FOODS,CA_2,CA,2016-05-03,11614,Tuesday,4,5,2016,,,1,1,1,0.98,7.86581091868546,13.14924191513712,11.0,8.0,10.695806876731444,9.811304888268904,1,0.98,0.0,0,9.298145650762416,5.850592293509601,12.745699008015231,20
FOODS_2_360_WI_2_validation,FOODS_2_360,FOODS_2,FOODS,WI_2,WI,2016-05-03,11614,Tuesday,4,5,2016,,,1,1,1,0.94,44.170232536712916,24.480176462006007,43.0,101.0,41.005619691981124,62.57127582828158,1,0.94,0.0,0,45.267897576067305,28.48353022736367,62.05226492477094,96
FOODS_3_007_WI_2_validation,FOODS_3_007,FOODS_3,FOODS,WI_2,WI,2016-05-03,11614,Tuesday,4,5,2016,,,1,1,1,0.25,31.41113158311398,33.78186106129353,39.0,4.0,30.489941922955232,40.18471939170517,1,0.25,0.0,0,32.08866986268529,20.19087801579087,43.986461709579714,55
FOODS_3_030_TX_3_validation,FOODS_3_030,FOODS_3,FOODS,TX_3,TX,2016-05-03,11614,Tuesday,4,5,2016,,,1,1,1,1.25,16.293654442846595,14.776517828661744,21.0,18.0,19.25533474306372,19.025602791428962,1,1.25,0.0,0,17.378634239658954,10.935008696700049,23.82225978261786,20
FOODS_3_080_CA_2_validation,FOODS_3_080,FOODS_3,FOODS,CA_2,CA,2016-05-03,11614,Tuesday,4,5,2016,,,1,1,1,1.68,14.28542965511014,11.738940978530191,11.0,17.0,14.19032300035018,14.435630728654939,1,1.68,0.0,0,14.415360529155876,9.070453441770553,19.7602676165412,16
FOODS_3_090_CA_1_validation,FOODS_3_090,FOODS_3,FOODS,CA_1,CA,2016-05-03,11614,Tuesday,4,5,2016,,,1,1,1,1.6,45.41064597775282,36.85710709039946,45.0,29.0,52.282927815135096,52.81904443562086,1,1.6,0.0,0,37.02602256706831,23.297566033765023,50.7544791003716,35
FOODS_3_090_CA_2_validation,FOODS_3_090,FOODS_3,FOODS,CA_2,CA,2016-05-03,11614,Tuesday,4,5,2016,,,1,1,1,1.6,50.90822662331621,33.94725323506379,29.0,21.0,48.7670248638805,51.26999947869458,1,1.6,0.0,0,34.874070972492945,21.943512022555165,47.80462992243073,30
FOODS_3_090_CA_3_validation,FOODS_3_090,FOODS_3,FOODS,CA_3,CA,2016-05-03,11614,Tuesday,4,5,2016,,,1,1,1,1.6,84.2778717013661,87.6925133265343,100.0,75.0,102.86924176111772,110.52250549236621,1,1.6,0.0,0,83.49158454045568,52.53469233892265,114.4484767419887,93
FOODS_3_090_CA_4_validation,FOODS_3_090,FOODS_3,FOODS,CA_4,CA,2016-05-03,11614,Tuesday,4,5,2016,,,1,1,1,1.6,23.876136920394124,21.87108228838816,19.0,16.0,26.213701016637494,26.428096511167407,1,1.6,0.0,0,20.433160534436947,12.85698203114499,28.009339037728903,19
FOODS_3_090_TX_1_validation,FOODS_3_090,FOODS_3,FOODS,TX_1,TX,2016-05-03,11614,Tuesday,4,5,2016,,,1,1,1,1.5,53.27297977516341,35.57137947541321,34.0,50.0,51.87983326018077,51.163775171496304,1,1.5,0.0,0,41.116146782737914,25.871159749597105,56.36113381587872,33
FOODS_3_090_TX_2_validation,FOODS_3_090,FOODS_3,FOODS,TX_2,TX,2016-05-03,11614,Tuesday,4,5,2016,,,1,1,1,1.5,49.95658370270437,44.823864701977065,61.0,50.0,59.40952058722348,60.741134800135434,1,1.5,0.0,0,49.58791409299408,31.20177710056613,67.97405108542203,62
FOODS_3_090_TX_3_validation,FOODS_3_090,FOODS_3,FOODS,TX_3,TX,2016-05-03,11614,Tuesday,4,5,2016,,,1,1,1,1.5,61.529450130576976,47.274147555102616,46.0,45.0,62.2320748002166,64.31006401678317,1,1.5,0.0,0,49.32258778543967,31.034828107880056,67.61034746299929,50
FOODS_3_090_WI_1_validation,FOODS_3_090,FOODS_3,FOODS,WI_1,WI,2016-05-03,11614,Tuesday,4,5,2016,,,1,1,1,1.38,14.508896521206212,15.226735260210207,11.0,44.0,19.115473438435373,21.311387112954293,1,1.38,0.0,0,15.411945735376037,9.697526187921744,21.126365282830328,12
FOODS_3_090_WI_3_validation,FOODS_3_090,FOODS_3,FOODS,WI_3,WI,2016-05-03,11614,Tuesday,4,5,2016,,,1,1,1,1.38,69.20336765370715,50.121162307036414,61.0,46.0,75.54479629238331,79.78229680450977,1,1.38,0.0,0,54.609661474362795,34.3615680559787,74.8577548927469,50
FOODS_3_120_CA_1_validation,FOODS_3_120,FOODS_3,FOODS,CA_1,CA,2016-05-03,11614,Tuesday,4,5,2016,,,1,1,1,4.98,49.65351006005999,44.865526591966635,43.0,0.0,48.991538724352324,35.902608187911454,1,4.98,0.0,0,41.99052400975234,26.42133661906478,57.55971140043991,39
FOODS_3_120_CA_3_validation,FOODS_3_120,FOODS_3,FOODS,CA_3,CA,2016-05-03,11614,Tuesday,4,5,2016,,,1,1,1,4.98,74.4971222390286,68.85837616775365,71.0,73.0,68.63188873761541,70.79215968643328,1,4.98,0.0,0,73.49110798074273,46.242178402352685,100.74003755913277,73
FOODS_3_226_WI_1_validation,FOODS_3_226,FOODS_3,FOODS,WI_1,WI,2016-05-03,11614,Tuesday,4,5,2016,,,1,1,1,1.68,32.96296378449694,28.50722611120938,27.0,35.0,36.87746667756006,37.25142703940071,1,1.68,0.0,0,31.608008011200248,19.888435289068056,43.32758073333244,32
FOODS_3_226_WI_2_validation,FOODS_3_226,FOODS_3,FOODS,WI_2,WI,2016-05-03,11614,Tuesday,4,5,2016,,,1,1,1,1.68,33.6933177921714,33.73097544083493,31.0,48.0,44.7509755646234,45.89638175220915,1,1.68,0.0,0,37.614518720259966,23.667860411584414,51.56117702893552,42
FOODS_3_226_WI_3_validation,FOODS_3_226,FOODS_3,FOODS,WI_3,WI,2016-05-03,11614,Tuesday,4,5,2016,,,1,1,1,1.68,37.67694516390057,41.270843141496925,38.0,53.0,45.7963948486629,45.526304843857886,1,1.68,0.0,0,43.142404911216715,27.14612474115617,59.13868508127726,65
FOODS_3_234_WI_2_validation,FOODS_3_234,FOODS_3,FOODS,WI_2,WI,2016-05-03,11614,Tuesday,4,5,2016,,,1,1,1,0.25,23.58750855070074,22.255856662677424,57.0,0.0,28.232296383849025,16.73067939313984,1,0.25,0.0,0,32.13106976173195,20.217556939946853,44.04458258351705,143
FOODS_3_252_CA_1_validation,FOODS_3_252,FOODS_3,FOODS,CA_1,CA,2016-05-03,11614,Tuesday,4,5,2016,,,1,1,1,1.58,31.064668383281962,29.37028005980903,46.0,32.0,36.94911068944866,37.121688367129124,1,1.58,0.0,0,32.72019415003874,20.58824661674963,44.85214168332786,41
FOODS_3_252_CA_2_validation,FOODS_3_252,FOODS_3,FOODS,CA_2,CA,2016-05-03,11614,Tuesday,4,5,2016,,,1,1,1,1.58,34.314856919069825,31.632699205134166,37.0,39.0,36.13940352849338,34.47693019725467,1,1.58,0.0,0,35.95785490060065,22.62545207122461,49.290257729976695,29
FOODS_3_252_CA_3_validation,FOODS_3_252,FOODS_3,FOODS,CA_3,CA,2016-05-03,11614,Tuesday,4,5,2016,,,1,1,1,1.58,44.06385303163359,41.33651648044862,56.0,38.0,43.3098140139704,46.883801597813886,1,1.58,0.0,0,42.19560974946178,26.55038095686286,57.8408385420607,37
FOODS_3_252_CA_4_validation,FOODS_3_252,FOODS_3,FOODS,CA_4,CA,2016-05-03,11614,Tuesday,4,5,2016,,,1,1,1,1.58,17.36074760296637,13.026622758881981,12.0,18.0,17.14179082178234,16.46016628150853,1,1.58,0.0,0,15.700737588569455,9.879240204262542,21.522234972876365,7
FOODS_3_252_TX_1_validation,FOODS_3_252,FOODS_3,FOODS,TX_1,TX,2016-05-03,11614,Tuesday,4,5,2016,,,1,1,1,1.58,25.587244783810434,23.590482653086006,31.0,32.0,29.76807979354116,30.91968876242567,1,1.58,0.0,0,28.088643875412973,17.673976034044152,38.503311716781795,24
FOODS_3_252_TX_2_validation,FOODS_3_252,FOODS_3,FOODS,TX_2,TX,2016-05-03,11614,Tuesday,4,5,2016,,,1,1,1,1.58,45.15538494859001,33.78079194417167,32.0,53.0,49.87470376556454,48.408308265179244,1,1.58,0.0,0,40.19802080140642,25.293455227361694,55.102586375451146,36
FOODS_3_252_TX_3_validation,FOODS_3_252,FOODS_3,FOODS,TX_3,TX,2016-05-03,11614,Tuesday,4,5,2016,,,1,1,1,1.58,23.971332545962905,28.938618916830418,43.0,25.0,33.25320593268328,33.34619658912129,1,1.58,0.0,0,28.9731420624196,18.23052122820336,39.715762896635844,9
FOODS_3_318_WI_3_validation,FOODS_3_318,FOODS_3,FOODS,WI_3,WI,2016-05-03,11614,Tuesday,4,5,2016,,,1,1,1,1.48,22.751038438486557,16.79780189315213,14.0,22.0,24.28878852065949,23.872822794821406,1,1.48,0.0,0,20.29273636873841,12.76862413995719,27.81684859751963,29
FOODS_3_377_TX_2_validation,FOODS_3_377,FOODS_3,FOODS,TX_2,TX,2016-05-03,11614,Tuesday,4,5,2016,,,1,1,1,1.68,24.118229492889903,24.259898233836513,25.0,31.0,27.440990431836447,27.14702970246483,1,1.68,0.0,0,25.157800173875444,15.829826435001182,34.48577391274971,27
FOODS_3_377_TX_3_validation,FOODS_3_377,FOODS_3,FOODS,TX_3,TX,2016-05-03,11614,Tuesday,4,5,2016,,,1,1,1,1.68,34.09517559753626,36.8108599285149,43.0,43.0,41.63029800549183,42.308693768415466,1,1.68,0.0,0,38.252945177193,24.06957200540084,52.43631834898516,43
FOODS_3_491_WI_1_validation,FOODS_3_491,FOODS_3,FOODS,WI_1,WI,2016-05-03,11614,Tuesday,4,5,2016,,,1,1,1,1.38,18.370345261317766,16.044945108417853,17.0,5.0,18.838178944638635,18.757674931494893,1,1.38,0.0,0,14.747636109700045,9.279528350238323,20.215743869161766,5
FOODS_3_541_CA_3_validation,FOODS_3_541,FOODS_3,FOODS,CA_3,CA,2016-05-03,11614,Tuesday,4,5,2016,,,1,1,1,0.88,4.94596816948473,5.0688183609696,0.0,0.0,5.653619847228298,1.460709937035632,1,0.88,0.0,0,5.295503997692938,3.3320444788484447,7.258963516537431,4
FOODS_3_555_CA_2_validation,FOODS_3_555,FOODS_3,FOODS,CA_2,CA,2016-05-03,11614,Tuesday,4,5,2016,,,1,1,1,1.68,22.27446462510646,20.2966076771041,22.0,15.0,21.40324114144255,20.284631262601803,1,1.68,0.0,0,20.316974285913236,12.783875156316794,27.850073415509677,23
FOODS_3_555_TX_1_validation,FOODS_3_555,FOODS_3,FOODS,TX_1,TX,2016-05-03,11614,Tuesday,4,5,2016,,,1,1,1,1.68,24.677736188230135,25.077074191791535,35.0,31.0,28.01222977577716,28.957766809622374,1,1.68,0.0,0,27.633886029264684,17.387832662019207,37.87993939651016,24
FOODS_3_555_TX_2_validation,FOODS_3_555,FOODS_3,FOODS,TX_2,TX,2016-05-03,11614,Tuesday,4,5,2016,,,1,1,1,1.68,35.372367670173254,31.60063681225947,28.0,31.0,40.7141389231853,40.51862899391807,1,1.68,0.0,0,32.14314555280262,20.225155286201012,44.061135819404235,40
FOODS_3_555_TX_3_validation,FOODS_3_555,FOODS_3,FOODS,TX_3,TX,2016-05-03,11614,Tuesday,4,5,2016,,,1,1,1,1.68,23.559443812392495,22.759683991235317,28.0,27.0,28.502804667972978,27.83334624970475,1,1.68,0.0,0,25.735234960335365,16.19316076407676,35.277309156593965,35
FOODS_3_555_WI_3_validation,FOODS_3_555,FOODS_3,FOODS,WI_3,WI,2016-05-03,11614,Tuesday,4,5,2016,,,1,1,1,1.68,27.62287822275607,24.49879475604881,30.0,15.0,28.192522277603498,27.49389690098743,1,1.68,0.0,0,26.459774243325878,16.64905639150885,36.270492095142906,38
FOODS_3_586_CA_1_validation,FOODS_3_586,FOODS_3,FOODS,CA_1,CA,2016-05-03,11614,Tuesday,4,5,2016,,,1,1,1,1.68,33.30835415897553,34.105898052151055,40.0,37.0,37.909593078487084,38.43063104743743,1,1.68,0.0,0,35.03615898665018,22.045501270962006,48.02681670233835,39
FOODS_3_586_CA_2_validation,FOODS_3_586,FOODS_3,FOODS,CA_2,CA,2016-05-03,11614,Tuesday,4,5,2016,,,1,1,1,1.68,27.31609555925774,30.088339931463125,45.0,25.0,32.941521565782196,33.19715723450064,1,1.68,0.0,0,31.32280560345939,19.70897982864706,42.93663137827172,37
FOODS_3_586_CA_3_validation,FOODS_3_586,FOODS_3,FOODS,CA_3,CA,2016-05-03,11614,Tuesday,4,5,2016,,,1,1,1,1.68,68.85725928968503,62.51632520937645,75.0,70.0,66.33161104763622,69.35384952387223,1,1.68,0.0,0,70.55229414240412,44.393013822613774,96.71157446219446,53
FOODS_3_586_CA_4_validation,FOODS_3_586,FOODS_3,FOODS,CA_4,CA,2016-05-03,11614,Tuesday,4,5,2016,,,1,1,1,1.68,16.09440119355082,15.5204497593633,20.0,12.0,18.19104876822872,16.466562018553734,1,1.68,0.0,0,15.724573516377172,9.894238280306775,21.554908752447567,18
FOODS_3_586_TX_1_validation,FOODS_3_586,FOODS_3,FOODS,TX_1,TX,2016-05-03,11614,Tuesday,4,5,2016,,,1,1,1,1.68,56.51202011646318,48.85918525883731,81.0,65.0,52.0914453753244,54.81853358964563,1,1.68,0.0,0,55.88280820223286,35.16265923204269,76.60295717242302,37
FOODS_3_586_TX_2_validation,FOODS_3_586,FOODS_3,FOODS,TX_2,TX,2016-05-03,11614,Tuesday,4,5,2016,,,1,1,1,1.68,57.63168438218756,51.91536903626492,67.0,74.0,70.02596760213348,74.16872889446351,1,1.68,0.0,0,57.09961151995685,35.92829792827124,78.27092511164246,60
FOODS_3_586_TX_3_validation,FOODS_3_586,FOODS_3,FOODS,TX_3,TX,2016-05-03,11614,Tuesday,4,5,2016,,,1,1,1,1.68,51.581863803190046,44.902656049176656,55.0,77.0,54.93389739484795,57.766843199108756,1,1.68,0.0,0,49.77116547061171,31.31708279031695,68.22524815090648,70
FOODS_3_586_WI_1_validation,FOODS_3_586,FOODS_3,FOODS,WI_1,WI,2016-05-03,11614,Tuesday,4,5,2016,,,1,1,1,1.68,13.083827546633087,12.741169811839205,19.0,23.0,15.746024141063007,15.258349005916402,1,1.68,0.0,0,16.988728900418653,10.689671910351633,23.287785890485672,14
FOODS_3_586_WI_3_validation,FOODS_3_586,FOODS_3,FOODS,WI_3,WI,2016-05-03,11614,Tuesday,4,5,2016,,,1,1,1,1.68,29.182595131456587,25.41411602326998,22.0,15.0,32.91232241962865,32.530651119558264,1,1.68,0.0,0,24.39446286358514,15.349518258223311,33.43940746894697,43
FOODS_3_587_CA_1_validation,FOODS_3_587,FOODS_3,FOODS,CA_1,CA,2016-05-03,11614,Tuesday,4,5,2016,,,1,1,1,2.48,22.06763493196416,20.047682485818594,10.0,21.0,22.474461711727034,22.356310857767944,1,2.48,0.0,0,19.128315009644563,12.035945293465488,26.220684725823638,17
FOODS_3_587_CA_4_validation,FOODS_3_587,FOODS_3,FOODS,CA_4,CA,2016-05-03,11614,Tuesday,4,5,2016,,,1,1,1,2.48,15.852986922834159,15.76462376267127,28.0,17.0,15.537370038447461,16.096835079527843,1,2.48,0.0,0,18.6922584183335,11.761569151331235,25.62294768533576,9
FOODS_3_587_TX_1_validation,FOODS_3_587,FOODS_3,FOODS,TX_1,TX,2016-05-03,11614,Tuesday,4,5,2016,,,1,1,1,2.48,20.621230882261166,26.851908498365574,28.0,19.0,23.96215053649721,24.609940207780976,1,2.48,0.0,0,24.241690901767086,15.25339086938167,33.229990934152504,16
FOODS_3_587_TX_2_validation,FOODS_3_587,FOODS_3,FOODS,TX_2,TX,2016-05-03,11614,Tuesday,4,5,2016,,,1,1,1,2.48,28.060419685817543,26.421632743757677,30.0,14.0,27.77340975612993,28.749050334532395,1,2.48,0.0,0,27.154129846971905,17.08595980174028,37.22229989220353,24
FOODS_3_635_CA_3_validation,FOODS_3_635,FOODS_3,FOODS,CA_3,CA,2016-05-03,11614,Tuesday,4,5,2016,,,1,1,1,0.88,4.94596816948473,4.591433210772973,0.0,0.0,5.497233441420188,1.4199115209844038,1,0.88,0.0,0,5.295503997692938,3.3320444788484447,7.258963516537431,4
FOODS_3_635_CA_4_validation,FOODS_3_635,FOODS_3,FOODS,CA_4,CA,2016-05-03,11614,Tuesday,4,5,2016,,,1,1,1,1.0,5.332333126240797,4.1938968411716795,0.0,0.0,5.642212807676083,1.4782855058502542,1,1.0,0.0,0,5.793607384312965,3.645461792857847,7.941752975768083,0
FOODS_3_694_WI_1_validation,FOODS_3_694,FOODS_3,FOODS,WI_1,WI,2016-05-03,11614,Tuesday,4,5,2016,,,1,1,1,1.68,22.492376689519954,17.823176762647467,14.0,16.0,22.141886895488824,20.873859048385476,1,1.68,0.0,0,18.84986551680466,11.860738911663198,25.83899212194612,22
FOODS_3_694_WI_2_validation,FOODS_3_694,FOODS_3,FOODS,WI_2,WI,2016-05-03,11614,Tuesday,4,5,2016,,,1,1,1,1.68,31.03036861935044,31.438381267050417,31.0,33.0,35.67161377858115,36.37464804599333,1,1.68,0.0,0,31.878616407555473,20.058707885103917,43.69852493000703,30
FOODS_3_694_WI_3_validation,FOODS_3_694,FOODS_3,FOODS,WI_3,WI,2016-05-03,11614,Tuesday,4,5,2016,,,1,1,1,1.68,35.81181805181895,38.70446785337585,42.0,43.0,45.19899233515199,45.06729366087189,1,1.68,0.0,0,38.79334033699112,24.409600208455018,53.177080465527226,49
FOODS_3_711_WI_2_validation,FOODS_3_711,FOODS_3,FOODS,WI_2,WI,2016-05-03,11614,Tuesday,4,5,2016,,,1,1,1,0.25,25.818661594360798,39.40967386357787,38.0,0.0,28.256128108872822,14.665101357984437,1,0.25,0.0,0,29.768710698742765,18.731110045313212,40.80631135217232,10
FOODS_3_714_CA_1_validation,FOODS_3_714,FOODS_3,FOODS,CA_1,CA,2016-05-03,11614,Tuesday,4,5,2016,,,1,1,1,1.58,19.253693520621578,8.684700570148417,6.0,19.0,18.757146587735512,18.09081976742321,1,1.58,0.0,0,16.849757842475682,10.60222834567104,23.097287339280324,16
FOODS_3_714_TX_1_validation,FOODS_3_714,FOODS_3,FOODS,TX_1,TX,2016-05-03,11614,Tuesday,4,5,2016,,,1,1,1,1.58,16.364509847256095,14.753920063486195,10.0,23.0,19.795464664463275,20.582320786905115,1,1.58,0.0,0,15.117344588023954,9.512156839333851,20.722532336714057,12
FOODS_3_714_WI_1_validation,FOODS_3_714,FOODS_3,FOODS,WI_1,WI,2016-05-03,11614,Tuesday,4,5,2016,,,1,1,1,1.58,15.117121359083557,11.51493423030452,8.0,7.0,18.708825874794886,18.117404987230458,1,1.58,0.0,0,11.240599785401928,7.072826018111015,15.40837355269284,16
FOODS_3_808_CA_4_validation,FOODS_3_808,FOODS_3,FOODS,CA_4,CA,2016-05-03,11614,Tuesday,4,5,2016,,,1,1,1,1.0,5.332333126240797,4.1938968411716795,0.0,0.0,5.676736148228857,1.4869163409884476,1,1.0,0.0,0,5.793607384312965,3.645461792857847,7.941752975768083,0
HOBBIES_1_008_TX_2_validation,HOBBIES_1_008,HOBBIES_1,HOBBIES,TX_2,TX,2016-05-03,11614,Tuesday,4,5,2016,,,1,1,1,0.48,5.238547856139908,4.427834853566434,0.0,0.0,5.227792895301046,3.7723252487418373,1,0.48,0.0,0,5.050219903485936,3.177706475854235,6.922733331117637,6
HOBBIES_1_015_CA_2_validation,HOBBIES_1_015,HOBBIES_1,HOBBIES,CA_2,CA,2016-05-03,11614,Tuesday,4,5,2016,,,1,1,1,0.7,4.7076978799321605,4.363631443301076,0.0,0.0,7.0517419646647514,6.968934934601583,1,0.7,0.0,0,5.050219903485936,3.177706475854235,6.922733331117637,0
HOBBIES_1_048_WI_3_validation,HOBBIES_1_048,HOBBIES_1,HOBBIES,WI_3,WI,2016-05-03,11614,Tuesday,4,5,2016,,,1,1,1,0.48,6.064682328325773,4.937351103784678,5.0,5.0,5.967604412804403,5.086634010810231,1,0.48,0.0,0,5.125340452203798,3.2249739332506353,7.0257069711569615,9
HOBBIES_1_103_WI_3_validation,HOBBIES_1_103,HOBBIES_1,HOBBIES,WI_3,WI,2016-05-03,11614,Tuesday,4,5,2016,,,1,1,1,0.7,5.631336137807233,5.576029291684247,1.0,0.0,6.21737441794444,4.224628762207218,1,0.7,0.0,0,5.362015748752664,3.3738950964655126,7.350136401039816,1
HOBBIES_1_178_CA_4_validation,HOBBIES_1_178,HOBBIES_1,HOBBIES,CA_4,CA,2016-05-03,11614,Tuesday,4,5,2016,,,1,1,1,0.48,5.002654430739442,4.955686466145111,0.0,0.0,6.841358662723466,5.236757684709519,1,0.48,0.0,0,5.050219903485936,3.177706475854235,6.922733331117637,9
HOBBIES_1_178_WI_2_validation,HOBBIES_1_178,HOBBIES_1,HOBBIES,WI_2,WI,2016-05-03,11614,Tuesday,4,5,2016,,,1,1,1,0.48,5.383120820223116,5.990697455820455,0.0,1.0,5.930832671128657,4.404356005405758,1,0.48,0.0,0,5.286895200034803,3.3266276390691134,7.247162761000493,6
HOBBIES_1_234_CA_3_validation,HOBBIES_1_234,HOBBIES_1,HOBBIES,CA_3,CA,2016-05-03,11614,Tuesday,4,5,2016,,,1,1,1,0.3,24.255760752000285,33.94591716064483,38.0,51.0,29.326098368184596,27.193824850792144,1,0.3,0.0,0,32.36384188711318,20.364022144305917,44.36366162992044,32
HOBBIES_1_254_CA_3_validation,HOBBIES_1_254,HOBBIES_1,HOBBIES,CA_3,CA,2016-05-03,11614,Tuesday,4,5,2016,,,1,1,1,0.7,11.64058126420251,12.435109639046603,12.0,3.0,11.333299861789495,15.080098951825166,1,0.7,0.0,0,8.715034118728312,5.483686034593817,11.946382202862807,12
HOBBIES_1_254_TX_1_validation,HOBBIES_1_254,HOBBIES_1,HOBBIES,TX_1,TX,2016-05-03,11614,Tuesday,4,5,2016,,,1,1,1,0.7,4.7076978799321605,4.7699607259086285,6.0,0.0,5.461873998234333,4.035753657279691,1,0.7,0.0,0,5.050219903485936,3.177706475854235,6.922733331117637,0
HOBBIES_1_348_CA_1_validation,HOBBIES_1_348,HOBBIES_1,HOBBIES,CA_1,CA,2016-05-03,11614,Tuesday,4,5,2016,,,1,1,1,0.48,5.689719950461191,7.284300020326744,11.0,21.0,7.056901497867507,6.327658060442646,1,0.48,0.0,0,8.829681997342453,5.555824934142257,12.103539060542648,15
HOBBIES_1_348_CA_2_validation,HOBBIES_1_348,HOBBIES_1,HOBBIES,CA_2,CA,2016-05-03,11614,Tuesday,4,5,2016,,,1,1,1,0.48,4.765979134190577,6.6869788833471455,12.0,0.0,6.308909844112573,5.890160681224023,1,0.48,0.0,0,6.769673927024901,4.2596237566763815,9.279724097373421,4
HOBBIES_1_354_TX_3_validation,HOBBIES_1_354,HOBBIES_1,HOBBIES,TX_3,TX,2016-05-03,11614,Tuesday,4,5,2016,,,1,1,1,22.98,22.720153808722152,22.51179172675154,29.0,24.0,23.22449629543946,21.397628833682067,1,22.98,0.0,0,25.13911013576425,15.818066262914634,34.46015400861386,40
HOBBIES_1_370_WI_1_validation,HOBBIES_1_370,HOBBIES_1,HOBBIES,WI_1,WI,2016-05-03,11614,Tuesday,4,5,2016,,,1,1,1,0.48,6.039974739619916,5.536539019535964,8.0,5.0,6.14859844649641,6.326768747837209,1,0.48,0.0,0,5.70187801291222,3.5877437086760113,7.81601231714843,1
HOBBIES_1_371_CA_1_validation,HOBBIES_1_371,HOBBIES_1,HOBBIES,CA_1,CA,2016-05-03,11614,Tuesday,4,5,2016,,,1,1,1,0.48,6.428389313333094,7.88852956004362,13.0,32.0,8.56289772889736,9.508371465363155,1,0.48,0.0,0,9.259362295467435,5.826188976103333,12.692535614831536,26
HOBBIES_1_371_CA_4_validation,HOBBIES_1_371,HOBBIES_1,HOBBIES,CA_4,CA,2016-05-03,11614,Tuesday,4,5,2016,,,1,1,1,0.48,8.347547914658277,5.629285896292406,6.0,6.0,7.430989777279657,6.890437374992656,1,0.48,0.0,0,6.1650386410703275,3.8791742910240834,8.450902991116571,12
HOBBIES_1_371_TX_1_validation,HOBBIES_1_371,HOBBIES_1,HOBBIES,TX_1,TX,2016-05-03,11614,Tuesday,4,5,2016,,,1,1,1,0.48,4.596325148131889,4.519907464970339,0.0,0.0,5.382397309597667,2.436607960531643,1,0.48,0.0,0,5.050219903485936,3.177706475854235,6.922733331117637,6
HOBBIES_1_371_TX_2_validation,HOBBIES_1_371,HOBBIES_1,HOBBIES,TX_2,TX,2016-05-03,11614,Tuesday,4,5,2016,,,1,1,1,0.48,4.52120459941403,4.363631443301076,0.0,10.0,5.061710760571685,3.7826729553928127,1,0.48,0.0,0,6.2221626356650725,3.915117931304992,8.529207340025152,1
HOBBIES_1_371_TX_3_validation,HOBBIES_1_371,HOBBIES_1,HOBBIES,TX_3,TX,2016-05-03,11614,Tuesday,4,5,2016,,,1,1,1,0.48,5.556215589089373,5.773656779239417,7.0,3.0,5.688222712529675,4.395043819938132,1,0.48,0.0,0,5.464068622002869,3.4381089490113914,7.490028294994347,8
HOBBIES_1_371_WI_1_validation,HOBBIES_1_371,HOBBIES_1,HOBBIES,WI_1,WI,2016-05-03,11614,Tuesday,4,5,2016,,,1,1,1,0.48,6.218239017706225,5.703203708884527,9.0,8.0,7.235123714792799,7.337059483649369,1,0.48,0.0,0,6.502223700125183,4.091338348470437,8.913109051779928,7
HOBBIES_1_371_WI_2_validation,HOBBIES_1_371,HOBBIES_1,HOBBIES,WI_2,WI,2016-05-03,11614,Tuesday,4,5,2016,,,1,1,1,0.48,5.617142982513114,6.860131772251322,3.0,1.0,5.914870292203855,3.834743632586656,1,0.48,0.0,0,5.554089340058117,3.494751911930245,7.613426768185989,11
HOUSEHOLD_1_110_CA_1_validation,HOUSEHOLD_1_110,HOUSEHOLD_1,HOUSEHOLD,CA_1,CA,2016-05-03,11614,Tuesday,4,5,2016,,,1,1,1,3.97,8.923896738685716,8.714955973123027,11.0,4.0,8.369578118443172,7.731757281732732,1,3.97,0.0,0,8.492091144191598,5.343405542363664,11.640776746019531,9
HOUSEHOLD_1_110_CA_4_validation,HOUSEHOLD_1_110,HOUSEHOLD_1,HOUSEHOLD,CA_4,CA,2016-05-03,11614,Tuesday,4,5,2016,,,1,1,1,3.97,5.503747465423117,6.257257537860067,8.0,5.0,6.392196559529036,5.5783466616759005,1,3.97,0.0,0,6.169028108416997,3.8816845492831287,8.456371667550865,7
HOUSEHOLD_1_110_WI_2_validation,HOUSEHOLD_1_110,HOUSEHOLD_1,HOUSEHOLD,WI_2,WI,2016-05-03,11614,Tuesday,4,5,2016,,,1,1,1,3.97,22.464766590260744,17.064765683145342,24.0,16.0,25.201733306717415,23.34136375599917,1,3.97,0.0,0,20.814439509238614,13.096890924319723,28.531988094157505,29
HOUSEHOLD_1_110_WI_3_validation,HOUSEHOLD_1_110,HOUSEHOLD_1,HOUSEHOLD,WI_3,WI,2016-05-03,11614,Tuesday,4,5,2016,,,1,1,1,3.97,14.558988303861724,11.932245861789717,12.0,6.0,13.053488378581035,14.140616383988768,1,3.97,0.0,0,11.186640311658774,7.038873562094407,15.334407061223141,9
HOUSEHOLD_1_118_CA_1_validation,HOUSEHOLD_1_118,HOUSEHOLD_1,HOUSEHOLD,CA_1,CA,2016-05-03,11614,Tuesday,4,5,2016,,,1,1,1,0.97,8.418152135464432,6.431425815294598,7.0,8.0,7.674715906936027,8.872893633844336,1,0.97,0.0,0,6.622297729593341,4.166891498296547,9.077703960890135,6
HOUSEHOLD_1_118_CA_3_validation,HOUSEHOLD_1_118,HOUSEHOLD_1,HOUSEHOLD,CA_3,CA,2016-05-03,11614,Tuesday,4,5,2016,,,1,1,1,0.97,20.281331286193524,16.991804628943857,22.0,25.0,20.427332610428937,21.907297222676572,1,0.97,0.0,0,20.67609670414526,13.009842669781431,28.342350738509086,20
HOUSEHOLD_1_118_TX_3_validation,HOUSEHOLD_1_118,HOUSEHOLD_1,HOUSEHOLD,TX_3,TX,2016-05-03,11614,Tuesday,4,5,2016,,,1,1,1,0.97,6.796776662564284,7.128263326045615,10.0,12.0,6.583850581462474,6.490501793376727,1,0.97,0.0,0,8.100838455571125,5.097220974941862,11.104455936200388,6
HOUSEHOLD_1_151_CA_4_validation,HOUSEHOLD_1_151,HOUSEHOLD_1,HOUSEHOLD,CA_4,CA,2016-05-03,11614,Tuesday,4,5,2016,,,1,1,1,0.88,4.690858585472714,4.870740427622239,5.0,3.0,4.9631306853152495,3.8849960077935752,1,0.88,0.0,0,4.870740427622239,3.0647741474339774,6.6767067078105,2
HOUSEHOLD_1_191_CA_2_validation,HOUSEHOLD_1_191,HOUSEHOLD_1,HOUSEHOLD,CA_2,CA,2016-05-03,11614,Tuesday,4,5,2016,,,1,1,1,2.96,11.16104693219622,5.847824169359045,4.0,6.0,11.102453441753623,11.157189085060212,1,2.96,0.0,0,7.220309800815551,4.543173495452775,9.897446106178327,12
HOUSEHOLD_1_191_CA_4_validation,HOUSEHOLD_1_191,HOUSEHOLD_1,HOUSEHOLD,CA_4,CA,2016-05-03,11614,Tuesday,4,5,2016,,,1,1,1,2.96,5.165019295624046,5.7725277562797555,7.0,4.0,6.198624127515788,4.75628562997192,1,2.96,0.0,0,5.682507038224509,3.575555076718369,7.789458999730649,0
HOUSEHOLD_1_234_CA_2_validation,HOUSEHOLD_1_234,HOUSEHOLD_1,HOUSEHOLD,CA_2,CA,2016-05-03,11614,Tuesday,4,5,2016,,,1,1,1,0.97,8.303579211947126,6.027697434477603,7.0,2.0,6.911025575382984,6.538281259940311,1,0.97,0.0,0,5.937676716422357,3.736113300785255,8.13924013205946,0
HOUSEHOLD_1_234_TX_1_validation,HOUSEHOLD_1_234,HOUSEHOLD_1,HOUSEHOLD,TX_1,TX,2016-05-03,11614,Tuesday,4,5,2016,,,1,1,1,0.97,9.711971500681685,7.034079535885652,0.0,11.0,10.953654249386132,11.430641503017352,1,0.97,0.0,0,7.631372064728018,4.801822671721776,10.46092145773426,13
HOUSEHOLD_1_234_TX_2_validation,HOUSEHOLD_1_234,HOUSEHOLD_1,HOUSEHOLD,TX_2,TX,2016-05-03,11614,Tuesday,4,5,2016,,,1,1,1,0.97,4.670035873965903,3.9406745090424913,0.0,0.0,5.519069733292609,3.126110512194485,1,0.97,0.0,0,5.131310132038069,3.2287301835982776,7.033890080477861,12
HOUSEHOLD_1_303_CA_2_validation,HOUSEHOLD_1_303,HOUSEHOLD_1,HOUSEHOLD,CA_2,CA,2016-05-03,11614,Tuesday,4,5,2016,,,1,1,1,0.98,6.156907163139179,5.314548310658398,3.0,5.0,6.894674498958624,6.638410859470336,1,0.98,0.0,0,5.484202296717085,3.450777488153211,7.51762710528096,1
HOUSEHOLD_1_303_CA_3_validation,HOUSEHOLD_1_303,HOUSEHOLD_1,HOUSEHOLD,CA_3,CA,2016-05-03,11614,Tuesday,4,5,2016,,,1,1,1,0.98,9.591268556392224,10.272736403435168,12.0,12.0,12.281278646951629,12.090031640037862,1,0.98,0.0,0,10.26867614972247,6.4612708600865965,14.076081439358344,12
HOUSEHOLD_1_303_WI_1_validation,HOUSEHOLD_1_303,HOUSEHOLD_1,HOUSEHOLD,WI_1,WI,2016-05-03,11614,Tuesday,4,5,2016,,,1,1,1,0.98,4.855932876884667,6.1008476210506055,2.0,4.0,5.965108348801306,4.834482501788379,1,0.98,0.0,0,5.472165913982814,3.4432039384679483,7.50112788949768,1
HOUSEHOLD_1_327_CA_2_validation,HOUSEHOLD_1_327,HOUSEHOLD_1,HOUSEHOLD,CA_2,CA,2016-05-03,11614,Tuesday,4,5,2016,,,1,1,1,0.98,4.980277231768859,5.065836631375261,0.0,9.0,5.8810738529935005,4.044879734654157,1,0.98,0.0,0,6.161775014474347,3.877120747303807,8.446429281644885,1
HOUSEHOLD_1_327_WI_1_validation,HOUSEHOLD_1_327,HOUSEHOLD_1,HOUSEHOLD,WI_1,WI,2016-05-03,11614,Tuesday,4,5,2016,,,1,1,1,0.98,4.810623245710172,5.282271227280313,4.0,6.0,5.882549763634019,4.477295924182685,1,0.98,0.0,0,5.783179888101141,3.6389005890147454,7.9274591871875355,0
HOUSEHOLD_1_334_CA_1_validation,HOUSEHOLD_1_334,HOUSEHOLD_1,HOUSEHOLD,CA_1,CA,2016-05-03,11614,Tuesday,4,5,2016,,,1,1,1,0.97,8.46413547584282,10.308189124753893,5.0,12.0,12.510630506559057,13.103580250818913,1,0.97,0.0,0,7.820337561745839,4.920723807724202,10.719951315767474,0
HOUSEHOLD_1_334_CA_3_validation,HOUSEHOLD_1_334,HOUSEHOLD_1,HOUSEHOLD,CA_3,CA,2016-05-03,11614,Tuesday,4,5,2016,,,1,1,1,0.97,18.230646075562547,21.188339726627632,27.0,21.0,23.317979953409697,23.262527681842307,1,0.97,0.0,0,20.988439581446652,13.206375494659508,28.770503668233797,10
HOUSEHOLD_1_334_TX_1_validation,HOUSEHOLD_1_334,HOUSEHOLD_1,HOUSEHOLD,TX_1,TX,2016-05-03,11614,Tuesday,4,5,2016,,,1,1,1,0.96,8.03677688070484,10.287044138432947,5.0,5.0,10.118808007896122,9.745674149227833,1,0.96,0.0,0,6.35525967740548,3.998865439242933,8.711653915568029,14
HOUSEHOLD_1_334_TX_2_validation,HOUSEHOLD_1_334,HOUSEHOLD_1,HOUSEHOLD,TX_2,TX,2016-05-03,11614,Tuesday,4,5,2016,,,1,1,1,0.96,10.777425986695922,7.207929848052455,7.0,21.0,10.753066140423625,11.527464906200324,1,0.96,0.0,0,9.451366598684988,5.947002194019874,12.955731003350103,22
HOUSEHOLD_1_334_TX_3_validation,HOUSEHOLD_1_334,HOUSEHOLD_1,HOUSEHOLD,TX_3,TX,2016-05-03,11614,Tuesday,4,5,2016,,,1,1,1,0.96,9.858524604129254,8.388235549703253,12.0,9.0,10.583676382924471,10.710170295160365,1,0.96,0.0,0,9.14712463644599,5.755566638319393,12.538682634572588,11
HOUSEHOLD_1_334_WI_2_validation,HOUSEHOLD_1_334,HOUSEHOLD_1,HOUSEHOLD,WI_2,WI,2016-05-03,11614,Tuesday,4,5,2016,,,1,1,1,0.97,13.265032604690656,14.006677503330776,17.0,19.0,18.469841719720105,19.138727578698457,1,0.97,0.0,0,16.158510637584186,10.167280806479004,22.149740468689366,37
HOUSEHOLD_1_334_WI_3_validation,HOUSEHOLD_1_334,HOUSEHOLD_1,HOUSEHOLD,WI_3,WI,2016-05-03,11614,Tuesday,4,5,2016,,,1,1,1,0.97,11.603924144700168,9.054310998135866,10.0,10.0,11.372145186212958,11.504988374391218,1,0.97,0.0,0,9.800961006666515,6.166974479464023,13.434947533869009,15
HOUSEHOLD_1_389_WI_1_validation,HOUSEHOLD_1_389,HOUSEHOLD_1,HOUSEHOLD,WI_1,WI,2016-05-03,11614,Tuesday,4,5,2016,,,1,1,1,0.98,6.270982367453497,4.6131055675144435,0.0,2.0,5.850733153068988,3.1134640139300087,1,0.98,0.0,0,5.484202296717085,3.450777488153211,7.51762710528096,7
HOUSEHOLD_1_399_CA_4_validation,HOUSEHOLD_1_399,HOUSEHOLD_1,HOUSEHOLD,CA_4,CA,2016-05-03,11614,Tuesday,4,5,2016,,,1,1,1,0.97,4.545691519081712,4.133357417060146,0.0,0.0,5.557548934680062,2.711825760003553,1,0.97,0.0,0,5.131310132038069,3.2287301835982776,7.033890080477861,0
HOUSEHOLD_1_409_WI_2_validation,HOUSEHOLD_1_409,HOUSEHOLD_1,HOUSEHOLD,WI_2,WI,2016-05-03,11614,Tuesday,4,5,2016,,,1,1,1,2.94,12.146364284848312,8.020020905796866,8.0,8.0,12.159110296807162,9.119187819938352,1,2.94,0.0,0,8.727825673895179,5.491734754940023,11.963916592850335,27
HOUSEHOLD_1_441_WI_3_validation,HOUSEHOLD_1_441,HOUSEHOLD_1,HOUSEHOLD,WI_3,WI,2016-05-03,11614,Tuesday,4,5,2016,,,1,1,1,2.77,8.167788783142413,6.043725543668401,4.0,6.0,7.621638768136244,6.991732353811581,1,2.77,0.0,0,6.632188736575102,4.1731151316312,9.091262341519005,6
HOUSEHOLD_1_459_CA_3_validation,HOUSEHOLD_1_459,HOUSEHOLD_1,HOUSEHOLD,CA_3,CA,2016-05-03,11614,Tuesday,4,5,2016,,,1,1,1,0.97,24.96737515360097,22.80507525266594,27.0,23.0,24.92850603831227,27.14318672745777,1,0.97,0.0,0,21.96809481509191,13.822795539638188,30.11339409054563,25
HOUSEHOLD_1_459_TX_1_validation,HOUSEHOLD_1_459,HOUSEHOLD_1,HOUSEHOLD,TX_1,TX,2016-05-03,11614,Tuesday,4,5,2016,,,1,1,1,0.96,6.7877723141554895,6.575386705144797,7.0,8.0,7.24165229709845,7.5011926689435935,1,0.96,0.0,0,6.670410431048595,4.197165040024833,9.143655822072358,7
HOUSEHOLD_1_459_TX_3_validation,HOUSEHOLD_1_459,HOUSEHOLD_1,HOUSEHOLD,TX_3,TX,2016-05-03,11614,Tuesday,4,5,2016,,,1,1,1,0.96,4.545691519081712,3.9770813953908823,0.0,0.0,5.303333762390781,3.1983587533742655,1,0.96,0.0,0,5.131310132038069,3.2287301835982776,7.033890080477861,14
HOUSEHOLD_1_459_WI_1_validation,HOUSEHOLD_1_459,HOUSEHOLD_1,HOUSEHOLD,WI_1,WI,2016-05-03,11614,Tuesday,4,5,2016,,,1,1,1,0.97,6.50364151040306,6.464666074598768,3.0,6.0,7.4378507201564314,6.803246748981778,1,0.97,0.0,0,6.239352223989145,3.9259339882646045,8.552770459713685,3
HOUSEHOLD_1_459_WI_2_validation,HOUSEHOLD_1_459,HOUSEHOLD_1,HOUSEHOLD,WI_2,WI,2016-05-03,11614,Tuesday,4,5,2016,,,1,1,1,0.97,18.282646259516937,21.317251429670975,32.0,27.0,25.259367383735114,27.099147135789234,1,0.97,0.0,0,21.484772911902194,13.51867905143774,29.45086677236665,61
HOUSEHOLD_1_459_WI_3_validation,HOUSEHOLD_1_459,HOUSEHOLD_1,HOUSEHOLD,WI_3,WI,2016-05-03,11614,Tuesday,4,5,2016,,,1,1,1,0.97,13.473351644348988,8.38785932396317,10.0,11.0,11.906961985654663,11.29923861228196,1,0.97,0.0,0,9.916705318487155,6.239803278257885,13.593607358716426,20
HOUSEHOLD_1_474_TX_2_validation,HOUSEHOLD_1_474,HOUSEHOLD_1,HOUSEHOLD,TX_2,TX,2016-05-03,11614,Tuesday,4,5,2016,,,1,1,1,0.97,8.752833380745315,8.71661317073236,16.0,16.0,8.022391383366578,11.365253879074894,1,0.97,0.0,0,10.766010423474341,6.774204231814572,14.75781661513411,13
HOUSEHOLD_1_521_TX_1_validation,HOUSEHOLD_1_521,HOUSEHOLD_1,HOUSEHOLD,TX_1,TX,2016-05-03,11614,Tuesday,4,5,2016,,,1,1,1,0.94,9.8532068132516,10.223162908935938,3.0,6.0,8.353984740081065,8.975400220696688,1,0.94,0.0,0,7.563929964051476,4.759386658209348,10.368473269893604,15
HOUSEHOLD_1_521_TX_2_validation,HOUSEHOLD_1_521,HOUSEHOLD_1,HOUSEHOLD,TX_2,TX,2016-05-03,11614,Tuesday,4,5,2016,,,1,1,1,0.94,4.83968986002459,5.607960993474379,11.0,0.0,6.4615961637482595,8.481472238372183,1,0.94,0.0,0,6.422607779523429,4.04124230685002,8.803973252196839,3
HOUSEHOLD_1_521_TX_3_validation,HOUSEHOLD_1_521,HOUSEHOLD_1,HOUSEHOLD,TX_3,TX,2016-05-03,11614,Tuesday,4,5,2016,,,1,1,1,0.94,5.343635304113198,7.600108872302976,11.0,10.0,6.782104034486965,7.0233852927383245,1,0.94,0.0,0,8.022642205305187,5.048018220288333,10.99726619032204,9
HOUSEHOLD_1_535_CA_1_validation,HOUSEHOLD_1_535,HOUSEHOLD_1,HOUSEHOLD,CA_1,CA,2016-05-03,11614,Tuesday,4,5,2016,,,1,1,1,6.97,12.589938802341859,9.082200664715966,5.0,8.0,8.82104567823495,8.291139524381508,1,6.97,0.0,0,10.225054988195366,6.433823491433742,14.01628648495699,3
FOODS_1_218_CA_2_validation,FOODS_1_218,FOODS_1,FOODS,CA_2,CA,2016-05-04,11614,Wednesday,5,5,2016,,,1,0,0,0.98,9.298145650762416,13.922568343842986,4.0,6.0,10.14565026753506,9.857667232938988,2,0.98,0.0,0,8.659213389838,5.4485624369937975,11.869864342682202,16
FOODS_2_360_WI_2_validation,FOODS_2_360,FOODS_2,FOODS,WI_2,WI,2016-05-04,11614,Wednesday,5,5,2016,,,1,0,0,0.94,45.267897576067305,31.24294017968355,34.0,86.0,43.97529413684702,60.58084359885542,2,0.94,0.0,0,44.221794897484294,27.825300027556498,60.61828976741209,81
FOODS_3_007_WI_2_validation,FOODS_3_007,FOODS_3,FOODS,WI_2,WI,2016-05-04,11614,Wednesday,5,5,2016,,,1,0,0,0.25,32.08866986268529,26.870679305398806,6.0,75.0,30.2480574660112,41.187886172515356,2,0.25,0.0,0,41.89493766391774,26.36119164400098,57.4286836838345,28
FOODS_3_030_TX_3_validation,FOODS_3_030,FOODS_3,FOODS,TX_3,TX,2016-05-04,11614,Wednesday,5,5,2016,,,1,0,0,1.25,17.378634239658954,17.427494806570955,15.0,18.0,19.627065658920465,19.00341115713107,2,1.25,0.0,0,17.04936004786159,10.727822326283999,23.370897769439182,15
FOODS_3_080_CA_2_validation,FOODS_3_080,FOODS_3,FOODS,CA_2,CA,2016-05-04,11614,Wednesday,5,5,2016,,,1,0,0,1.68,14.415360529155876,10.433118231349555,10.0,15.0,14.572668650439565,14.343322176124792,2,1.68,0.0,0,13.096784520829049,8.240777189915859,17.95279185174224,8
FOODS_3_090_CA_1_validation,FOODS_3_090,FOODS_3,FOODS,CA_1,CA,2016-05-04,11614,Wednesday,5,5,2016,,,1,0,0,1.6,37.02602256706831,32.81953168261117,29.0,53.0,52.30705859751635,53.105688098730454,2,1.6,0.0,0,38.71980327115239,24.363329112384577,53.0762774299202,47
FOODS_3_090_CA_2_validation,FOODS_3_090,FOODS_3,FOODS,CA_2,CA,2016-05-04,11614,Wednesday,5,5,2016,,,1,0,0,1.6,34.874070972492945,35.427460791326574,40.0,29.0,48.899427397798945,51.765502013426484,2,1.6,0.0,0,34.90734055388361,21.964445955384722,47.85023515238249,54
FOODS_3_090_CA_3_validation,FOODS_3_090,FOODS_3,FOODS,CA_3,CA,2016-05-04,11614,Wednesday,5,5,2016,,,1,0,0,1.6,83.49158454045568,87.02731805830891,88.0,113.0,102.26910907739219,110.82577636881105,2,1.6,0.0,0,84.55660373062739,53.204825212776655,115.90838224847812,77
FOODS_3_090_CA_4_validation,FOODS_3_090,FOODS_3,FOODS,CA_4,CA,2016-05-04,11614,Wednesday,5,5,2016,,,1,0,0,1.6,20.433160534436947,24.3074902313806,35.0,22.0,26.008283623215892,26.586423673111586,2,1.6,0.0,0,24.418378915048848,15.364566749787139,33.47219108031056,20
FOODS_3_090_TX_1_validation,FOODS_3_090,FOODS_3,FOODS,TX_1,TX,2016-05-04,11614,Wednesday,5,5,2016,,,1,0,0,1.5,41.116146782737914,41.63913074460803,49.0,43.0,52.67194287551287,50.846494699451235,2,1.5,0.0,0,43.05188989861834,27.089170757529175,59.01460903970751,31
FOODS_3_090_TX_2_validation,FOODS_3_090,FOODS_3,FOODS,TX_2,TX,2016-05-04,11614,Wednesday,5,5,2016,,,1,0,0,1.5,49.58791409299408,43.07526553322886,46.0,31.0,60.090099071654485,60.72641744631379,2,1.5,0.0,0,45.44675999471401,28.59607429017334,62.29744569925467,59
FOODS_3_090_TX_3_validation,FOODS_3_090,FOODS_3,FOODS,TX_3,TX,2016-05-04,11614,Wednesday,5,5,2016,,,1,0,0,1.5,49.32258778543967,48.89192067775992,53.0,61.0,62.52470911883619,64.46444215197745,2,1.5,0.0,0,50.46036509052724,31.75074194520843,69.16998823584605,36
FOODS_3_090_WI_1_validation,FOODS_3_090,FOODS_3,FOODS,WI_1,WI,2016-05-04,11614,Wednesday,5,5,2016,,,1,0,0,1.38,15.411945735376037,15.955664923125374,10.0,10.0,19.141932077744773,20.290385174932005,2,1.38,0.0,0,13.485546342430922,8.485394450486321,18.485698234375523,3
FOODS_3_090_WI_3_validation,FOODS_3_090,FOODS_3,FOODS,WI_3,WI,2016-05-04,11614,Wednesday,5,5,2016,,,1,0,0,1.38,54.609661474362795,53.99709415052294,60.0,43.0,76.18601045914423,80.08978471430844,2,1.38,0.0,0,52.26435010055045,32.88584793232353,71.64285226877738,67
FOODS_3_120_CA_1_validation,FOODS_3_120,FOODS_3,FOODS,CA_1,CA,2016-05-04,11614,Wednesday,5,5,2016,,,1,0,0,4.98,41.99052400975234,39.42265258560047,48.0,0.0,48.580824069750285,37.40226975968833,2,4.98,0.0,0,37.149481119024806,23.375248797594956,50.923713440454655,31
FOODS_3_120_CA_3_validation,FOODS_3_120,FOODS_3,FOODS,CA_3,CA,2016-05-04,11614,Wednesday,5,5,2016,,,1,0,0,4.98,73.49110798074273,67.27342524553048,69.0,63.0,69.29370756804244,70.80969925717409,2,4.98,0.0,0,68.33706336758549,42.99914319654582,93.67498353862514,70
FOODS_3_226_WI_1_validation,FOODS_3_226,FOODS_3,FOODS,WI_1,WI,2016-05-04,11614,Wednesday,5,5,2016,,,1,0,0,1.68,31.608008011200248,31.249933074224924,34.0,22.0,37.3204355204159,37.13028446837215,2,1.68,0.0,0,30.027496442747484,18.893943575396708,41.161049310098264,30
FOODS_3_226_WI_2_validation,FOODS_3_226,FOODS_3,FOODS,WI_2,WI,2016-05-04,11614,Wednesday,5,5,2016,,,1,0,0,1.68,37.614518720259966,41.07784348178853,40.0,43.0,45.30576746168413,45.52547170650414,2,1.68,0.0,0,41.54477461062588,26.140861554754295,56.94868766649746,35
FOODS_3_226_WI_3_validation,FOODS_3_226,FOODS_3,FOODS,WI_3,WI,2016-05-04,11614,Wednesday,5,5,2016,,,1,0,0,1.68,43.142404911216715,40.51346962780056,37.0,36.0,46.063760815765725,45.174247876401346,2,1.68,0.0,0,40.32406179944244,25.37276292154858,55.2753606773363,28
FOODS_3_234_WI_2_validation,FOODS_3_234,FOODS_3,FOODS,WI_2,WI,2016-05-04,11614,Wednesday,5,5,2016,,,1,0,0,0.25,32.13106976173195,25.240730080255755,82.0,0.0,29.643041112285385,17.87821759891598,2,0.25,0.0,0,29.19776670007413,18.371859858867445,40.023673541280814,63
FOODS_3_252_CA_1_validation,FOODS_3_252,FOODS_3,FOODS,CA_1,CA,2016-05-04,11614,Wednesday,5,5,2016,,,1,0,0,1.58,32.72019415003874,29.977171347167367,24.0,34.0,37.42766984519576,37.14740958677337,2,1.58,0.0,0,31.956426352573484,20.107667568225622,43.805185136921345,16
FOODS_3_252_CA_2_validation,FOODS_3_252,FOODS_3,FOODS,CA_2,CA,2016-05-04,11614,Wednesday,5,5,2016,,,1,0,0,1.58,35.95785490060065,29.59584010229061,23.0,40.0,36.75728291356001,34.3682821579904,2,1.58,0.0,0,34.86926090394379,21.940485424452497,47.79803638343508,26
FOODS_3_252_CA_3_validation,FOODS_3_252,FOODS_3,FOODS,CA_3,CA,2016-05-04,11614,Wednesday,5,5,2016,,,1,0,0,1.58,42.19560974946178,36.53782404334083,29.0,60.0,43.432541623829415,47.0336448031518,2,1.58,0.0,0,41.17711953574124,25.90952511106099,56.444713960421495,37
FOODS_3_252_CA_4_validation,FOODS_3_252,FOODS_3,FOODS,CA_4,CA,2016-05-04,11614,Wednesday,5,5,2016,,,1,0,0,1.58,15.700737588569455,15.2731307886943,21.0,20.0,17.52380722602341,16.378049766814584,2,1.58,0.0,0,18.48174066597841,11.629106874890702,25.33437445706612,7
FOODS_3_252_TX_1_validation,FOODS_3_252,FOODS_3,FOODS,TX_1,TX,2016-05-04,11614,Wednesday,5,5,2016,,,1,0,0,1.58,28.088643875412973,25.846674649011494,36.0,30.0,30.410674253873584,30.77999747226185,2,1.58,0.0,0,31.88478507797004,20.062589344584573,43.70698081135551,31
FOODS_3_252_TX_2_validation,FOODS_3_252,FOODS_3,FOODS,TX_2,TX,2016-05-04,11614,Wednesday,5,5,2016,,,1,0,0,1.58,40.19802080140642,32.6826110012375,31.0,50.0,50.79145074516951,47.95109472237233,2,1.58,0.0,0,40.019356139235526,25.181035597160072,54.85767668131098,42
FOODS_3_252_TX_3_validation,FOODS_3_252,FOODS_3,FOODS,TX_3,TX,2016-05-04,11614,Wednesday,5,5,2016,,,1,0,0,1.58,28.9731420624196,28.7694425398266,25.0,16.0,33.25813781062459,33.488094519921994,2,1.58,0.0,0,26.83693119574891,16.88637161996075,36.787490771537065,35
FOODS_3_318_WI_3_validation,FOODS_3_318,FOODS_3,FOODS,WI_3,WI,2016-05-04,11614,Wednesday,5,5,2016,,,1,0,0,1.48,20.29273636873841,15.814672495954941,10.0,16.0,24.788064874314674,23.811849093704918,2,1.48,0.0,0,18.01930127323035,11.338130109302478,24.700472437158226,15
FOODS_3_377_TX_2_validation,FOODS_3_377,FOODS_3,FOODS,TX_2,TX,2016-05-04,11614,Wednesday,5,5,2016,,,1,0,0,1.68,25.157800173875444,23.79808020009583,28.0,13.0,27.569262137556297,26.938379708674667,2,1.68,0.0,0,23.76573455133655,14.953908944655366,32.57756015801773,36
FOODS_3_377_TX_3_validation,FOODS_3_377,FOODS_3,FOODS,TX_3,TX,2016-05-04,11614,Wednesday,5,5,2016,,,1,0,0,1.68,38.252945177193,35.71752472001662,39.0,33.0,41.836310183874424,42.13915609617236,2,1.68,0.0,0,36.10210539509733,22.716217570404336,49.48799321979033,41
FOODS_3_491_WI_1_validation,FOODS_3_491,FOODS_3,FOODS,WI_1,WI,2016-05-04,11614,Wednesday,5,5,2016,,,1,0,0,1.38,14.747636109700045,16.003009230229654,16.0,16.0,18.652849087678952,19.105804792555606,2,1.38,0.0,0,16.962456057309044,10.673140475031188,23.251771639586902,6
FOODS_3_541_CA_3_validation,FOODS_3_541,FOODS_3,FOODS,CA_3,CA,2016-05-04,11614,Wednesday,5,5,2016,,,1,0,0,0.88,5.295503997692938,6.664045736278346,0.0,0.0,5.686003509617346,1.64983507981038,2,0.88,0.0,0,5.877968382286051,3.6985435387405485,8.057393225831554,0
FOODS_3_555_CA_2_validation,FOODS_3_555,FOODS_3,FOODS,CA_2,CA,2016-05-04,11614,Wednesday,5,5,2016,,,1,0,0,1.68,20.316974285913236,16.75789814355725,15.0,18.0,21.40615065698671,20.474523201384415,2,1.68,0.0,0,18.661861985863613,11.742443065309565,25.58128090641766,14
FOODS_3_555_TX_1_validation,FOODS_3_555,FOODS_3,FOODS,TX_1,TX,2016-05-04,11614,Wednesday,5,5,2016,,,1,0,0,1.68,27.633886029264684,23.113119566497723,26.0,30.0,28.377488609701892,28.837548453524683,2,1.68,0.0,0,28.5469180168479,17.962331934338536,39.131504099357265,32
FOODS_3_555_TX_2_validation,FOODS_3_555,FOODS_3,FOODS,TX_2,TX,2016-05-04,11614,Wednesday,5,5,2016,,,1,0,0,1.68,32.14314555280262,31.839507783045402,33.0,33.0,40.791640171834324,40.55945562080389,2,1.68,0.0,0,33.025897157066076,20.780601493108247,45.2711928210239,42
FOODS_3_555_TX_3_validation,FOODS_3_555,FOODS_3,FOODS,TX_3,TX,2016-05-04,11614,Wednesday,5,5,2016,,,1,0,0,1.68,25.735234960335365,23.424264923953153,29.0,24.0,28.927883377844413,27.78817606971672,2,1.68,0.0,0,27.302903402705212,17.179571307877524,37.4262354975329,28
FOODS_3_555_WI_3_validation,FOODS_3_555,FOODS_3,FOODS,WI_3,WI,2016-05-04,11614,Wednesday,5,5,2016,,,1,0,0,1.68,26.459774243325878,22.117048705499545,23.0,20.0,28.472662204357363,27.903174552534782,2,1.68,0.0,0,21.93982268562733,13.805006110543474,30.074639260711187,13
FOODS_3_586_CA_1_validation,FOODS_3_586,FOODS_3,FOODS,CA_1,CA,2016-05-04,11614,Wednesday,5,5,2016,,,1,0,0,1.68,35.03615898665018,31.18447111748899,31.0,27.0,38.042487497701245,38.36049386838922,2,1.68,0.0,0,32.14919400667255,20.228961102858246,44.06942691048686,34
FOODS_3_586_CA_2_validation,FOODS_3_586,FOODS_3,FOODS,CA_2,CA,2016-05-04,11614,Wednesday,5,5,2016,,,1,0,0,1.68,31.32280560345939,32.80307442102623,42.0,27.0,33.11787380463881,33.42297172033847,2,1.68,0.0,0,33.231379178717084,20.90989517998737,45.552863177446795,32
FOODS_3_586_CA_3_validation,FOODS_3_586,FOODS_3,FOODS,CA_3,CA,2016-05-04,11614,Wednesday,5,5,2016,,,1,0,0,1.68,70.55229414240412,56.20583772893736,70.0,75.0,67.47960660949732,69.37357431467237,2,1.68,0.0,0,69.28862838117294,43.59788827372276,94.97936848862312,60
FOODS_3_586_CA_4_validation,FOODS_3_586,FOODS_3,FOODS,CA_4,CA,2016-05-04,11614,Wednesday,5,5,2016,,,1,0,0,1.68,15.724573516377172,13.69466106972215,12.0,18.0,18.220209304944984,16.59958250128149,2,1.68,0.0,0,15.429434519005687,9.70853050497265,21.150338533038724,8
FOODS_3_586_TX_1_validation,FOODS_3_586,FOODS_3,FOODS,TX_1,TX,2016-05-04,11614,Wednesday,5,5,2016,,,1,0,0,1.68,55.88280820223286,45.727578776861215,45.0,44.0,53.094820081523764,54.49291959686822,2,1.68,0.0,0,49.98384023146958,31.450902302683588,68.51677816025557,60
FOODS_3_586_TX_2_validation,FOODS_3_586,FOODS_3,FOODS,TX_2,TX,2016-05-04,11614,Wednesday,5,5,2016,,,1,0,0,1.68,57.09961151995685,54.94561399868927,57.0,72.0,70.76657367123232,73.56514359160487,2,1.68,0.0,0,56.05614346152702,35.27172548786508,76.84056143518896,72
FOODS_3_586_TX_3_validation,FOODS_3_586,FOODS_3,FOODS,TX_3,TX,2016-05-04,11614,Wednesday,5,5,2016,,,1,0,0,1.68,49.77116547061171,50.11579030389522,60.0,45.0,55.62939874076725,56.79438482305918,2,1.68,0.0,0,49.95580852497549,31.43326415286876,68.47835289708222,51
FOODS_3_586_WI_1_validation,FOODS_3_586,FOODS_3,FOODS,WI_1,WI,2016-05-04,11614,Wednesday,5,5,2016,,,1,0,0,1.68,16.988728900418653,14.639436057270258,15.0,6.0,16.35281829657436,15.043660752359926,2,1.68,0.0,0,14.468411533902808,9.103834269646688,19.832988798158926,16
FOODS_3_586_WI_3_validation,FOODS_3_586,FOODS_3,FOODS,WI_3,WI,2016-05-04,11614,Wednesday,5,5,2016,,,1,0,0,1.68,24.39446286358514,26.50175402886326,25.0,35.0,32.76665768253082,32.86616765040059,2,1.68,0.0,0,26.86240786728015,16.90240208708005,36.82241364748025,27
FOODS_3_587_CA_1_validation,FOODS_3_587,FOODS_3,FOODS,CA_1,CA,2016-05-04,11614,Wednesday,5,5,2016,,,1,0,0,2.48,19.128315009644563,20.479512571502536,15.0,21.0,22.343123500845028,22.289464965255256,2,2.48,0.0,0,18.872192363982474,11.874787441869453,25.869597286095498,17
FOODS_3_587_CA_4_validation,FOODS_3_587,FOODS_3,FOODS,CA_4,CA,2016-05-04,11614,Wednesday,5,5,2016,,,1,0,0,2.48,18.6922584183335,15.48871053557363,13.0,10.0,15.955603560684922,16.157272880182607,2,2.48,0.0,0,14.916574772718379,9.38582817356383,20.447321371872928,13
FOODS_3_587_TX_1_validation,FOODS_3_587,FOODS_3,FOODS,TX_1,TX,2016-05-04,11614,Wednesday,5,5,2016,,,1,0,0,2.48,24.241690901767086,27.094892441484212,21.0,15.0,23.589262308411712,24.79714345427266,2,2.48,0.0,0,22.809710541393454,14.352358171515498,31.26706291127141,13
FOODS_3_587_TX_2_validation,FOODS_3_587,FOODS_3,FOODS,TX_2,TX,2016-05-04,11614,Wednesday,5,5,2016,,,1,0,0,2.48,27.154129846971905,21.632542352157365,19.0,25.0,27.87805219944625,29.218840686209965,2,2.48,0.0,0,24.117792132673113,15.175431111504885,33.06015315384134,23
FOODS_3_635_CA_3_validation,FOODS_3_635,FOODS_3,FOODS,CA_3,CA,2016-05-04,11614,Wednesday,5,5,2016,,,1,0,0,0.88,5.295503997692938,7.582593878339074,0.0,0.0,5.597814982408756,1.6090366637591518,2,0.88,0.0,0,5.935538610481759,3.7347679587559286,8.13630926220759,0
FOODS_3_635_CA_4_validation,FOODS_3_635,FOODS_3,FOODS,CA_4,CA,2016-05-04,11614,Wednesday,5,5,2016,,,1,0,0,1.0,5.793607384312965,5.567732667049618,0.0,0.0,5.8707428852676955,1.6852000552900033,2,1.0,0.0,0,6.470448269043258,4.07134456700116,8.869551971085357,0
FOODS_3_694_WI_1_validation,FOODS_3_694,FOODS_3,FOODS,WI_1,WI,2016-05-04,11614,Wednesday,5,5,2016,,,1,0,0,1.68,18.84986551680466,17.673120805813195,12.0,12.0,22.28855671751128,20.97563995969993,2,1.68,0.0,0,17.299870041321505,10.885448576961577,23.714291505681434,18
FOODS_3_694_WI_2_validation,FOODS_3_694,FOODS_3,FOODS,WI_2,WI,2016-05-04,11614,Wednesday,5,5,2016,,,1,0,0,1.68,31.878616407555473,32.99580972379996,32.0,36.0,35.73450451293902,36.33459863197745,2,1.68,0.0,0,33.40865590039899,21.021441488320985,45.79587031247699,25
FOODS_3_694_WI_3_validation,FOODS_3_694,FOODS_3,FOODS,WI_3,WI,2016-05-04,11614,Wednesday,5,5,2016,,,1,0,0,1.68,38.79334033699112,38.78521955400731,34.0,31.0,45.211688404239894,44.917055815764435,2,1.68,0.0,0,35.47078489876407,22.318977199118134,48.62259259841001,39
FOODS_3_711_WI_2_validation,FOODS_3_711,FOODS_3,FOODS,WI_2,WI,2016-05-04,11614,Wednesday,5,5,2016,,,1,0,0,0.25,29.768710698742765,24.885211952881704,8.0,0.0,26.87884765675352,15.72826959722525,2,0.25,0.0,0,34.324561589592385,21.597748955212204,47.051374223972566,27
FOODS_3_714_CA_1_validation,FOODS_3_714,FOODS_3,FOODS,CA_1,CA,2016-05-04,11614,Wednesday,5,5,2016,,,1,0,0,1.58,16.849757842475682,11.29893840586486,10.0,15.0,19.92358334092512,18.014025404654483,2,1.58,0.0,0,15.054974991413506,9.472912553969438,20.63703742885757,13
FOODS_3_714_TX_1_validation,FOODS_3_714,FOODS_3,FOODS,TX_1,TX,2016-05-04,11614,Wednesday,5,5,2016,,,1,0,0,1.58,15.117344588023954,16.004873629235146,20.0,16.0,19.847382453682958,20.30079737933454,2,1.58,0.0,0,17.667427810065366,11.116723793548024,24.218131826582706,21
FOODS_3_714_WI_1_validation,FOODS_3_714,FOODS_3,FOODS,WI_1,WI,2016-05-04,11614,Wednesday,5,5,2016,,,1,0,0,1.58,11.240599785401928,13.205795065641407,13.0,5.0,18.6696352398088,18.268854979566242,2,1.58,0.0,0,11.879202930713012,7.474648788037367,16.283757073388657,13
FOODS_3_808_CA_4_validation,FOODS_3_808,FOODS_3,FOODS,CA_4,CA,2016-05-04,11614,Wednesday,5,5,2016,,,1,0,0,1.0,5.793607384312965,5.809396050919029,0.0,0.0,5.905266225820469,1.6938308904281965,2,1.0,0.0,0,6.470448269043258,4.07134456700116,8.869551971085357,0
HOBBIES_1_008_TX_2_validation,HOBBIES_1_008,HOBBIES_1,HOBBIES,TX_2,TX,2016-05-04,11614,Wednesday,5,5,2016,,,1,0,0,0.48,5.050219903485936,4.5815503503052275,0.0,1.0,5.316705045289546,3.952690245294907,2,0.48,0.0,0,5.20393540022473,3.274427557066729,7.1334432433827315,1
HOBBIES_1_015_CA_2_validation,HOBBIES_1_015,HOBBIES_1,HOBBIES,CA_2,CA,2016-05-04,11614,Wednesday,5,5,2016,,,1,0,0,0.7,5.050219903485936,6.206435785986461,13.0,0.0,7.149826030405447,7.149299931154651,2,0.7,0.0,0,7.04853231457068,4.435087423781024,9.661977205360337,3
HOBBIES_1_048_WI_3_validation,HOBBIES_1_048,HOBBIES_1,HOBBIES,WI_3,WI,2016-05-04,11614,Wednesday,5,5,2016,,,1,0,0,0.48,5.125340452203798,6.324986549850685,1.0,3.0,5.994460034007134,5.091110455531796,2,0.48,0.0,0,5.440610696773597,3.423348720281607,7.457872673265587,2
HOBBIES_1_103_WI_3_validation,HOBBIES_1_103,HOBBIES_1,HOBBIES,WI_3,WI,2016-05-04,11614,Wednesday,5,5,2016,,,1,0,0,0.7,5.362015748752664,5.069013869468662,0.0,2.0,6.1868010546685,4.416129324662671,2,0.7,0.0,0,5.20393540022473,3.274427557066729,7.1334432433827315,0
HOBBIES_1_178_CA_4_validation,HOBBIES_1_178,HOBBIES_1,HOBBIES,CA_4,CA,2016-05-04,11614,Wednesday,5,5,2016,,,1,0,0,0.48,5.050219903485936,5.581970684833236,0.0,0.0,6.854863439486442,5.417122681262589,2,0.48,0.0,0,5.440610696773597,3.423348720281607,7.457872673265587,9
HOBBIES_1_178_WI_2_validation,HOBBIES_1_178,HOBBIES_1,HOBBIES,WI_2,WI,2016-05-04,11614,Wednesday,5,5,2016,,,1,0,0,0.48,5.286895200034803,5.069013869468662,0.0,0.0,5.830289491730707,4.557459405407,2,0.48,0.0,0,5.20393540022473,3.274427557066729,7.1334432433827315,2
HOBBIES_1_234_CA_3_validation,HOBBIES_1_234,HOBBIES_1,HOBBIES,CA_3,CA,2016-05-04,11614,Wednesday,5,5,2016,,,1,0,0,0.3,32.36384188711318,32.79259949775201,0.0,6.0,29.100087614822936,26.5282477753319,2,0.3,0.0,0,25.677686207781388,16.1569498569949,35.19842255856788,39
HOBBIES_1_254_CA_3_validation,HOBBIES_1_254,HOBBIES_1,HOBBIES,CA_3,CA,2016-05-04,11614,Wednesday,5,5,2016,,,1,0,0,0.7,8.715034118728312,8.719092179546573,0.0,18.0,10.801860501744025,15.284207313208318,2,0.7,0.0,0,8.79843858297303,5.536165908977634,12.060711256968426,47
HOBBIES_1_254_TX_1_validation,HOBBIES_1_254,HOBBIES_1,HOBBIES,TX_1,TX,2016-05-04,11614,Wednesday,5,5,2016,,,1,0,0,0.7,5.050219903485936,5.20393540022473,5.0,0.0,5.50191102360252,4.216118653832761,2,0.7,0.0,0,5.20393540022473,3.274427557066729,7.1334432433827315,0
HOBBIES_1_348_CA_1_validation,HOBBIES_1_348,HOBBIES_1,HOBBIES,CA_1,CA,2016-05-04,11614,Wednesday,5,5,2016,,,1,0,0,0.48,8.829681997342453,5.350040587327621,5.0,0.0,7.277670351726894,5.89300384606202,2,0.48,0.0,0,5.505938003067092,3.4644540598957616,7.547421946238423,0
HOBBIES_1_348_CA_2_validation,HOBBIES_1_348,HOBBIES_1,HOBBIES,CA_2,CA,2016-05-04,11614,Wednesday,5,5,2016,,,1,0,0,0.48,6.769673927024901,7.991141270215573,8.0,3.0,6.320723421780824,6.131934750046342,2,0.48,0.0,0,6.176221967537205,3.8862110794441005,8.46623285563031,4
HOBBIES_1_354_TX_3_validation,HOBBIES_1_354,HOBBIES_1,HOBBIES,TX_3,TX,2016-05-04,11614,Wednesday,5,5,2016,,,1,0,0,22.98,25.13911013576425,22.964977960488756,27.0,20.0,23.59982749672699,21.438311338530788,2,22.98,0.0,0,23.965147548729135,15.079383871548455,32.85091122590982,22
HOBBIES_1_370_WI_1_validation,HOBBIES_1_370,HOBBIES_1,HOBBIES,WI_1,WI,2016-05-04,11614,Wednesday,5,5,2016,,,1,0,0,0.48,5.70187801291222,5.069013869468662,2.0,4.0,6.172218302693019,6.351835819726934,2,0.48,0.0,0,5.23866785552735,3.2962819614781624,7.181053749576537,3
HOBBIES_1_371_CA_1_validation,HOBBIES_1_371,HOBBIES_1,HOBBIES,CA_1,CA,2016-05-04,11614,Wednesday,5,5,2016,,,1,0,0,0.48,9.259362295467435,11.06293728734568,28.0,9.0,8.758730976815048,8.696205833058425,2,0.48,0.0,0,11.073263050426444,6.967534162203343,15.178991938649546,2
HOBBIES_1_371_CA_4_validation,HOBBIES_1_371,HOBBIES_1,HOBBIES,CA_4,CA,2016-05-04,11614,Wednesday,5,5,2016,,,1,0,0,0.48,6.1650386410703275,7.530716159137376,9.0,6.0,7.507525883676503,6.896331612173739,2,0.48,0.0,0,6.7282631804461035,4.233567228428459,9.222959132463748,4
HOBBIES_1_371_TX_1_validation,HOBBIES_1_371,HOBBIES_1,HOBBIES,TX_1,TX,2016-05-04,11614,Wednesday,5,5,2016,,,1,0,0,0.48,5.050219903485936,5.190557435835309,0.0,0.0,5.45815622938561,2.6169729570847124,2,0.48,0.0,0,5.20393540022473,3.274427557066729,7.1334432433827315,1
HOBBIES_1_371_TX_2_validation,HOBBIES_1_371,HOBBIES_1,HOBBIES,TX_2,TX,2016-05-04,11614,Wednesday,5,5,2016,,,1,0,0,0.48,6.2221626356650725,4.5815503503052275,1.0,0.0,5.327215216623685,3.647750192380851,2,0.48,0.0,0,5.23866785552735,3.2962819614781624,7.181053749576537,17
HOBBIES_1_371_TX_3_validation,HOBBIES_1_371,HOBBIES_1,HOBBIES,TX_3,TX,2016-05-04,11614,Wednesday,5,5,2016,,,1,0,0,0.48,5.464068622002869,5.956565404295413,0.0,0.0,5.643995832924454,4.483046270723948,2,0.48,0.0,0,5.440610696773597,3.423348720281607,7.457872673265587,0
HOBBIES_1_371_WI_1_validation,HOBBIES_1_371,HOBBIES_1,HOBBIES,WI_1,WI,2016-05-04,11614,Wednesday,5,5,2016,,,1,0,0,0.48,6.502223700125183,9.65945406755587,21.0,11.0,7.3492694278271795,7.283567472939554,2,0.48,0.0,0,9.503473634047968,5.979789056151603,13.027158211944332,10
HOBBIES_1_371_WI_2_validation,HOBBIES_1_371,HOBBIES_1,HOBBIES,WI_2,WI,2016-05-04,11614,Wednesday,5,5,2016,,,1,0,0,0.48,5.554089340058117,5.180386601268934,2.0,1.0,5.7282928018905395,3.9973896804458744,2,0.48,0.0,0,5.23866785552735,3.2962819614781624,7.181053749576537,9
HOUSEHOLD_1_110_CA_1_validation,HOUSEHOLD_1_110,HOUSEHOLD_1,HOUSEHOLD,CA_1,CA,2016-05-04,11614,Wednesday,5,5,2016,,,1,0,0,3.97,8.492091144191598,8.274597069231989,13.0,2.0,8.337740285738683,7.892189108311004,2,3.97,0.0,0,8.228990321145458,5.177856872172252,11.280123770118664,15
HOUSEHOLD_1_110_CA_4_validation,HOUSEHOLD_1_110,HOUSEHOLD_1,HOUSEHOLD,CA_4,CA,2016-05-04,11614,Wednesday,5,5,2016,,,1,0,0,3.97,6.169028108416997,6.216764440285064,2.0,10.0,6.379592355322884,5.620097665547936,2,3.97,0.0,0,7.247347184404559,4.560185996009759,9.934508372799359,4
HOUSEHOLD_1_110_WI_2_validation,HOUSEHOLD_1_110,HOUSEHOLD_1,HOUSEHOLD,WI_2,WI,2016-05-04,11614,Wednesday,5,5,2016,,,1,0,0,3.97,20.814439509238614,17.37007657597896,17.0,29.0,25.737400996159305,23.513308024186266,2,3.97,0.0,0,21.81151252650616,13.724270611624744,29.898754441387574,29
HOUSEHOLD_1_110_WI_3_validation,HOUSEHOLD_1_110,HOUSEHOLD_1,HOUSEHOLD,WI_3,WI,2016-05-04,11614,Wednesday,5,5,2016,,,1,0,0,3.97,11.186640311658774,9.160497200616463,13.0,13.0,12.946973299990901,14.325853537976581,2,3.97,0.0,0,11.363754386475001,7.150317529538274,15.577191243411729,11
HOUSEHOLD_1_118_CA_1_validation,HOUSEHOLD_1_118,HOUSEHOLD_1,HOUSEHOLD,CA_1,CA,2016-05-04,11614,Wednesday,5,5,2016,,,1,0,0,0.97,6.622297729593341,6.939283195769793,15.0,19.0,7.701983323264419,8.82368998132981,2,0.97,0.0,0,9.727605678541927,6.120817736653869,13.334393620429985,5
HOUSEHOLD_1_118_CA_3_validation,HOUSEHOLD_1_118,HOUSEHOLD_1,HOUSEHOLD,CA_3,CA,2016-05-04,11614,Wednesday,5,5,2016,,,1,0,0,0.97,20.67609670414526,17.704316719385535,19.0,21.0,20.953660049743423,21.752872104967476,2,0.97,0.0,0,20.196530342618086,12.708089248791811,27.68497143644436,13
HOUSEHOLD_1_118_TX_3_validation,HOUSEHOLD_1_118,HOUSEHOLD_1,HOUSEHOLD,TX_3,TX,2016-05-04,11614,Wednesday,5,5,2016,,,1,0,0,0.97,8.100838455571125,5.919523748568635,6.0,7.0,6.722789885680403,6.3512460239328385,2,0.97,0.0,0,6.574767022737635,4.136984160029346,9.012549885445925,2
HOUSEHOLD_1_151_CA_4_validation,HOUSEHOLD_1_151,HOUSEHOLD_1,HOUSEHOLD,CA_4,CA,2016-05-04,11614,Wednesday,5,5,2016,,,1,0,0,0.88,4.870740427622239,4.854801938302348,3.0,3.0,4.9631306853152495,3.951808165922941,2,0.88,0.0,0,5.024455924361032,3.1614952286464706,6.887416620075593,3
HOUSEHOLD_1_191_CA_2_validation,HOUSEHOLD_1_191,HOUSEHOLD_1,HOUSEHOLD,CA_2,CA,2016-05-04,11614,Wednesday,5,5,2016,,,1,0,0,2.96,7.220309800815551,7.860326492962659,7.0,9.0,11.298522817675982,11.200771577946481,2,2.96,0.0,0,7.643206147918926,4.809268930203627,10.477143365634225,2
HOUSEHOLD_1_191_CA_4_validation,HOUSEHOLD_1_191,HOUSEHOLD_1,HOUSEHOLD,CA_4,CA,2016-05-04,11614,Wednesday,5,5,2016,,,1,0,0,2.96,5.682507038224509,6.38641842634375,4.0,7.0,6.185764024936467,4.816375167051368,2,2.96,0.0,0,6.623093722892616,4.167392354320677,9.078795091464555,0
HOUSEHOLD_1_234_CA_2_validation,HOUSEHOLD_1_234,HOUSEHOLD_1,HOUSEHOLD,CA_2,CA,2016-05-04,11614,Wednesday,5,5,2016,,,1,0,0,0.97,5.937676716422357,5.963817721725425,7.0,5.0,6.898165472803663,6.678912571241108,2,0.97,0.0,0,5.873797003670178,3.6959188180166547,8.051675189323701,1
HOUSEHOLD_1_234_TX_1_validation,HOUSEHOLD_1_234,HOUSEHOLD_1,HOUSEHOLD,TX_1,TX,2016-05-04,11614,Wednesday,5,5,2016,,,1,0,0,0.97,7.631372064728018,10.519917209801816,19.0,17.0,11.038981753506466,11.310333362471923,2,0.97,0.0,0,12.041240159567407,7.576606081244475,16.50587423789034,24
HOUSEHOLD_1_234_TX_2_validation,HOUSEHOLD_1_234,HOUSEHOLD_1,HOUSEHOLD,TX_2,TX,2016-05-04,11614,Wednesday,5,5,2016,,,1,0,0,0.97,5.131310132038069,4.626233692508968,1.0,0.0,5.689160536577691,3.309371588338702,2,0.97,0.0,0,5.285025628776863,3.325451264810771,7.2445999927429545,5
HOUSEHOLD_1_303_CA_2_validation,HOUSEHOLD_1_303,HOUSEHOLD_1,HOUSEHOLD,CA_2,CA,2016-05-04,11614,Wednesday,5,5,2016,,,1,0,0,0.98,5.484202296717085,5.7672413987812465,0.0,8.0,6.918910782681294,6.655703798638804,2,0.98,0.0,0,6.310502423892592,3.970703217191734,8.65030163059345,4
HOUSEHOLD_1_303_CA_3_validation,HOUSEHOLD_1_303,HOUSEHOLD_1,HOUSEHOLD,CA_3,CA,2016-05-04,11614,Wednesday,5,5,2016,,,1,0,0,0.98,10.26867614972247,10.001117060410282,7.0,15.0,12.280698610706954,12.028198645385093,2,0.98,0.0,0,9.935723052594733,6.25176964368051,13.619676461508957,13
HOUSEHOLD_1_303_WI_1_validation,HOUSEHOLD_1_303,HOUSEHOLD_1,HOUSEHOLD,WI_1,WI,2016-05-04,11614,Wednesday,5,5,2016,,,1,0,0,0.98,5.472165913982814,6.104405093469694,7.0,9.0,5.87529667636305,4.887059855859193,2,0.98,0.0,0,6.65421868101221,4.186976844277057,9.121460517747364,5
HOUSEHOLD_1_327_CA_2_validation,HOUSEHOLD_1_327,HOUSEHOLD_1,HOUSEHOLD,CA_2,CA,2016-05-04,11614,Wednesday,5,5,2016,,,1,0,0,0.98,6.161775014474347,5.219552128114055,0.0,4.0,6.037636479150512,3.943514556599669,2,0.98,0.0,0,5.675656205615376,3.571244386181506,7.780068025049247,1
HOUSEHOLD_1_327_WI_1_validation,HOUSEHOLD_1_327,HOUSEHOLD_1,HOUSEHOLD,WI_1,WI,2016-05-04,11614,Wednesday,5,5,2016,,,1,0,0,0.98,5.783179888101141,6.073827127343726,4.0,4.0,5.954108143751282,4.469552348757725,2,0.98,0.0,0,5.912331502164242,3.720165549396383,8.1044974549321,0
HOUSEHOLD_1_334_CA_1_validation,HOUSEHOLD_1_334,HOUSEHOLD_1,HOUSEHOLD,CA_1,CA,2016-05-04,11614,Wednesday,5,5,2016,,,1,0,0,0.97,7.820337561745839,13.546079968622246,13.0,5.0,12.15522314041505,12.954306592309836,2,0.97,0.0,0,9.186209799489456,5.780159859621956,12.592259739356956,0
HOUSEHOLD_1_334_CA_3_validation,HOUSEHOLD_1_334,HOUSEHOLD_1,HOUSEHOLD,CA_3,CA,2016-05-04,11614,Wednesday,5,5,2016,,,1,0,0,0.97,20.988439581446652,20.92789367939461,19.0,19.0,23.289422789812413,23.26211480975112,2,0.97,0.0,0,20.200401650983782,12.710525158890539,27.690278143077023,8
HOUSEHOLD_1_334_TX_1_validation,HOUSEHOLD_1_334,HOUSEHOLD_1,HOUSEHOLD,TX_1,TX,2016-05-04,11614,Wednesday,5,5,2016,,,1,0,0,0.96,6.35525967740548,10.836040725829161,7.0,6.0,9.557124513463629,9.794076280563742,2,0.96,0.0,0,7.350275687833779,4.624950813809327,10.07560056185823,8
HOUSEHOLD_1_334_TX_2_validation,HOUSEHOLD_1_334,HOUSEHOLD_1,HOUSEHOLD,TX_2,TX,2016-05-04,11614,Wednesday,5,5,2016,,,1,0,0,0.96,9.451366598684988,9.786314421226413,6.0,19.0,11.073557104799702,11.115013713296218,2,0.96,0.0,0,9.424345980998051,5.93000024292739,12.918691719068713,14
HOUSEHOLD_1_334_TX_3_validation,HOUSEHOLD_1_334,HOUSEHOLD_1,HOUSEHOLD,TX_3,TX,2016-05-04,11614,Wednesday,5,5,2016,,,1,0,0,0.96,9.14712463644599,7.865472158422277,6.0,15.0,10.692089109602007,10.715424746462007,2,0.96,0.0,0,8.987505947355173,5.655131142106417,12.319880752603929,13
HOUSEHOLD_1_334_WI_2_validation,HOUSEHOLD_1_334,HOUSEHOLD_1,HOUSEHOLD,WI_2,WI,2016-05-04,11614,Wednesday,5,5,2016,,,1,0,0,0.97,16.158510637584186,15.510431699287096,17.0,24.0,18.77724645318488,19.037245815755035,2,0.97,0.0,0,17.33593704774009,10.908142709504578,23.7637313859756,12
HOUSEHOLD_1_334_WI_3_validation,HOUSEHOLD_1_334,HOUSEHOLD_1,HOUSEHOLD,WI_3,WI,2016-05-04,11614,Wednesday,5,5,2016,,,1,0,0,0.97,9.800961006666515,10.100259888175302,13.0,10.0,11.478809473145905,11.497879838915024,2,0.97,0.0,0,10.408688735665237,6.549369776481172,14.268007694849302,5
HOUSEHOLD_1_389_WI_1_validation,HOUSEHOLD_1_389,HOUSEHOLD_1,HOUSEHOLD,WI_1,WI,2016-05-04,11614,Wednesday,5,5,2016,,,1,0,0,0.98,5.484202296717085,5.219552128114055,0.0,1.0,5.97517554295508,3.237899810241333,2,0.98,0.0,0,5.389206114172742,3.3910038564655642,7.3874083718799195,8
HOUSEHOLD_1_399_CA_4_validation,HOUSEHOLD_1_399,HOUSEHOLD_1,HOUSEHOLD,CA_4,CA,2016-05-04,11614,Wednesday,5,5,2016,,,1,0,0,0.97,5.131310132038069,5.0874041489280595,0.0,0.0,5.700113608248336,2.8950868361477697,2,0.97,0.0,0,5.285025628776863,3.325451264810771,7.2445999927429545,1
HOUSEHOLD_1_409_WI_2_validation,HOUSEHOLD_1_409,HOUSEHOLD_1,HOUSEHOLD,WI_2,WI,2016-05-04,11614,Wednesday,5,5,2016,,,1,0,0,2.94,8.727825673895179,8.849289093045403,13.0,4.0,12.260225263678352,9.145181594006036,2,2.94,0.0,0,8.917785170141885,5.611261336536302,12.224309003747468,10
HOUSEHOLD_1_441_WI_3_validation,HOUSEHOLD_1_441,HOUSEHOLD_1,HOUSEHOLD,WI_3,WI,2016-05-04,11614,Wednesday,5,5,2016,,,1,0,0,2.77,6.632188736575102,5.875136042024949,4.0,7.0,7.705704938551489,7.014310522974978,2,2.77,0.0,0,6.734466454692887,4.237470461381126,9.231462448004647,6
HOUSEHOLD_1_459_CA_3_validation,HOUSEHOLD_1_459,HOUSEHOLD_1,HOUSEHOLD,CA_3,CA,2016-05-04,11614,Wednesday,5,5,2016,,,1,0,0,0.97,21.96809481509191,18.557599001892534,21.0,18.0,24.808937404373122,27.10633297085391,2,0.97,0.0,0,20.106923010293976,12.651706397024544,27.562139623563407,12
HOUSEHOLD_1_459_TX_1_validation,HOUSEHOLD_1_459,HOUSEHOLD_1,HOUSEHOLD,TX_1,TX,2016-05-04,11614,Wednesday,5,5,2016,,,1,0,0,0.96,6.670410431048595,6.4027526964535735,10.0,4.0,7.255227115084707,7.453707327195329,2,0.96,0.0,0,6.928276040984834,4.359419602054673,9.497132479914995,7
HOUSEHOLD_1_459_TX_3_validation,HOUSEHOLD_1_459,HOUSEHOLD_1,HOUSEHOLD,TX_3,TX,2016-05-04,11614,Wednesday,5,5,2016,,,1,0,0,0.96,5.131310132038069,4.66264057885736,0.0,0.0,5.468223581911808,3.3816198295184825,2,0.96,0.0,0,5.285025628776863,3.325451264810771,7.2445999927429545,9
HOUSEHOLD_1_459_WI_1_validation,HOUSEHOLD_1_459,HOUSEHOLD_1,HOUSEHOLD,WI_1,WI,2016-05-04,11614,Wednesday,5,5,2016,,,1,0,0,0.97,6.239352223989145,6.5566861238475225,1.0,5.0,7.405663027212199,6.811795042695676,2,0.97,0.0,0,5.963817721725425,3.7525617809355074,8.175073662515342,4
HOUSEHOLD_1_459_WI_2_validation,HOUSEHOLD_1_459,HOUSEHOLD_1,HOUSEHOLD,WI_2,WI,2016-05-04,11614,Wednesday,5,5,2016,,,1,0,0,0.97,21.484772911902194,24.85770293793289,31.0,48.0,25.283299024053857,26.902174739785742,2,0.97,0.0,0,27.87649412222474,17.540486867742345,38.21250137670714,36
HOUSEHOLD_1_459_WI_3_validation,HOUSEHOLD_1_459,HOUSEHOLD_1,HOUSEHOLD,WI_3,WI,2016-05-04,11614,Wednesday,5,5,2016,,,1,0,0,0.97,9.916705318487155,8.122128340687345,8.0,11.0,12.125368556300947,11.260549516513644,2,0.97,0.0,0,8.633394008957938,5.4323163298156745,11.8344716881002,20
HOUSEHOLD_1_474_TX_2_validation,HOUSEHOLD_1_474,HOUSEHOLD_1,HOUSEHOLD,TX_2,TX,2016-05-04,11614,Wednesday,5,5,2016,,,1,0,0,0.97,10.766010423474341,6.9875751285003265,10.0,8.0,8.315162419472577,11.17832567991326,2,0.97,0.0,0,8.380663433382741,5.27329284133405,11.488034025431434,13
HOUSEHOLD_1_521_TX_1_validation,HOUSEHOLD_1_521,HOUSEHOLD_1,HOUSEHOLD,TX_1,TX,2016-05-04,11614,Wednesday,5,5,2016,,,1,0,0,0.94,7.563929964051476,7.207694602282575,10.0,10.0,7.974094319383286,9.031254862269956,2,0.94,0.0,0,8.236577355919861,5.182630796871751,11.290523914967972,4
HOUSEHOLD_1_521_TX_2_validation,HOUSEHOLD_1_521,HOUSEHOLD_1,HOUSEHOLD,TX_2,TX,2016-05-04,11614,Wednesday,5,5,2016,,,1,0,0,0.94,6.422607779523429,5.33539293547135,5.0,14.0,6.5779742760409805,8.710851087640874,2,0.94,0.0,0,6.865476964684164,4.319905078875086,9.411048850493241,4
HOUSEHOLD_1_521_TX_3_validation,HOUSEHOLD_1_521,HOUSEHOLD_1,HOUSEHOLD,TX_3,TX,2016-05-04,11614,Wednesday,5,5,2016,,,1,0,0,0.94,8.022642205305187,5.968761841730326,2.0,10.0,6.842465939201567,6.952765371499224,2,0.94,0.0,0,6.999344585849821,4.404137451883573,9.594551719816069,9
HOUSEHOLD_1_535_CA_1_validation,HOUSEHOLD_1_535,HOUSEHOLD_1,HOUSEHOLD,CA_1,CA,2016-05-04,11614,Wednesday,5,5,2016,,,1,0,0,6.97,10.225054988195366,6.092734483326784,3.0,6.0,8.984310581589153,8.370605773959914,2,6.97,0.0,0,7.4665484087835345,4.698112098939148,10.234984718627922,4
FOODS_1_218_CA_2_validation,FOODS_1_218,FOODS_1,FOODS,CA_2,CA,2016-05-05,11614,Thursday,6,5,2016,Cinco De Mayo,Cultural,1,1,1,0.98,8.659213389838,12.617380526750429,3.0,6.0,9.393742416962919,9.952639139718915,3,0.98,0.0,1,8.65479101602549,5.445779784719,11.863802247331979,7
FOODS_2_360_WI_2_validation,FOODS_2_360,FOODS_2,FOODS,WI_2,WI,2016-05-05,11614,Thursday,6,5,2016,Cinco De Mayo,Cultural,1,1,1,0.94,44.221794897484294,37.41097857803015,68.0,70.0,45.82941623938999,59.08876484519413,3,0.94,0.0,1,52.90402802820339,33.28834697830778,72.519709078099,92
FOODS_3_007_WI_2_validation,FOODS_3_007,FOODS_3,FOODS,WI_2,WI,2016-05-05,11614,Thursday,6,5,2016,Cinco De Mayo,Cultural,1,1,1,0.25,41.89493766391774,30.289357233613348,16.0,128.0,32.39438008865677,40.00556251765528,3,0.25,0.0,1,35.91970557698294,22.601447700122716,49.23796345384317,93
FOODS_3_030_TX_3_validation,FOODS_3_030,FOODS_3,FOODS,TX_3,TX,2016-05-05,11614,Thursday,6,5,2016,Cinco De Mayo,Cultural,1,1,1,1.25,17.04936004786159,19.498811547212064,24.0,19.0,19.57304640767627,18.969459730268984,3,1.25,0.0,1,20.658035798471822,12.998478361292872,28.317593235650772,33
FOODS_3_080_CA_2_validation,FOODS_3_080,FOODS_3,FOODS,CA_2,CA,2016-05-05,11614,Thursday,6,5,2016,Cinco De Mayo,Cultural,1,1,1,1.68,13.096784520829049,12.750642788752893,16.0,13.0,14.953192406079493,14.275350194725828,3,1.68,0.0,1,15.446078228851508,9.719003083507854,21.173153374195163,14
FOODS_3_090_CA_1_validation,FOODS_3_090,FOODS_3,FOODS,CA_1,CA,2016-05-05,11614,Thursday,6,5,2016,Cinco De Mayo,Cultural,1,1,1,1.6,38.71980327115239,40.044131991115414,53.0,39.0,53.149954538736516,52.59568107270018,3,1.6,0.0,1,44.01482506074611,27.695070175574127,60.3345799459181,73
FOODS_3_090_CA_2_validation,FOODS_3_090,FOODS_3,FOODS,CA_2,CA,2016-05-05,11614,Thursday,6,5,2016,Cinco De Mayo,Cultural,1,1,1,1.6,34.90734055388361,34.27141435480176,24.0,41.0,48.82512450673567,51.97647846177946,3,1.6,0.0,1,36.696184779007815,23.090025036515023,50.30234452150061,48
FOODS_3_090_CA_3_validation,FOODS_3_090,FOODS_3,FOODS,CA_3,CA,2016-05-05,11614,Thursday,6,5,2016,Cinco De Mayo,Cultural,1,1,1,1.6,84.55660373062739,79.73717876961916,77.0,81.0,101.91614988772342,109.80994078776203,3,1.6,0.0,1,78.12386507067121,49.15720833908153,107.0905218022609,83
FOODS_3_090_CA_4_validation,FOODS_3_090,FOODS_3,FOODS,CA_4,CA,2016-05-05,11614,Thursday,6,5,2016,Cinco De Mayo,Cultural,1,1,1,1.6,24.418378915048848,24.735078913893314,31.0,31.0,26.024124863739928,26.67279434864904,3,1.6,0.0,1,28.311405984293266,17.8141427217314,38.80866924685513,29
FOODS_3_090_TX_1_validation,FOODS_3_090,FOODS_3,FOODS,TX_1,TX,2016-05-05,11614,Thursday,6,5,2016,Cinco De Mayo,Cultural,1,1,1,1.5,43.05188989861834,42.04943324047247,39.0,42.0,52.87376561180007,50.84834791011617,3,1.5,0.0,1,43.978751959671996,27.672372208143393,60.2851317112006,53
FOODS_3_090_TX_2_validation,FOODS_3_090,FOODS_3,FOODS,TX_2,TX,2016-05-05,11614,Thursday,6,5,2016,Cinco De Mayo,Cultural,1,1,1,1.5,45.44675999471401,43.97140395637276,35.0,49.0,60.42888399472379,61.242373160410715,3,1.5,0.0,1,46.44810217167835,29.226140224151624,63.67006411920508,47
FOODS_3_090_TX_3_validation,FOODS_3_090,FOODS_3,FOODS,TX_3,TX,2016-05-05,11614,Thursday,6,5,2016,Cinco De Mayo,Cultural,1,1,1,1.5,50.46036509052724,50.25124557104258,43.0,45.0,62.74877260637438,64.08802661949628,3,1.5,0.0,1,48.028952641150624,30.220845181599472,65.83706010070178,47
FOODS_3_090_WI_1_validation,FOODS_3_090,FOODS_3,FOODS,WI_1,WI,2016-05-05,11614,Thursday,6,5,2016,Cinco De Mayo,Cultural,1,1,1,1.38,13.485546342430922,17.561588566568474,26.0,15.0,18.78905799478842,20.414868972875976,3,1.38,0.0,1,18.758280603660037,11.803111723708604,25.71344948361147,0
FOODS_3_090_WI_3_validation,FOODS_3_090,FOODS_3,FOODS,WI_3,WI,2016-05-05,11614,Thursday,6,5,2016,Cinco De Mayo,Cultural,1,1,1,1.38,52.26435010055045,59.30371133370255,70.0,43.0,75.93847559486242,80.42065436075667,3,1.38,0.0,1,52.67767149318551,33.14591860074708,72.20942438562393,45
FOODS_3_120_CA_1_validation,FOODS_3_120,FOODS_3,FOODS,CA_1,CA,2016-05-05,11614,Thursday,6,5,2016,Cinco De Mayo,Cultural,1,1,1,4.98,37.149481119024806,37.66970446199643,47.0,0.0,48.2560852888109,38.72903694251064,3,4.98,0.0,1,37.8920936989975,23.84251653039233,51.94167086760267,26
FOODS_3_120_CA_3_validation,FOODS_3_120,FOODS_3,FOODS,CA_3,CA,2016-05-05,11614,Thursday,6,5,2016,Cinco De Mayo,Cultural,1,1,1,4.98,68.33706336758549,66.52164128967593,66.0,43.0,69.44565587119315,71.00030866315929,3,4.98,0.0,1,63.573924083008556,40.00207399178739,87.14577417422973,52
FOODS_3_226_WI_1_validation,FOODS_3_226,FOODS_3,FOODS,WI_1,WI,2016-05-05,11614,Thursday,6,5,2016,Cinco De Mayo,Cultural,1,1,1,1.68,30.027496442747484,33.61101383386952,24.0,27.0,37.14580171591911,37.416980769898835,3,1.68,0.0,1,29.882417461263657,18.802656774468836,40.96217814805848,35
FOODS_3_226_WI_2_validation,FOODS_3_226,FOODS_3,FOODS,WI_2,WI,2016-05-05,11614,Thursday,6,5,2016,Cinco De Mayo,Cultural,1,1,1,1.68,41.54477461062588,46.44602110072973,50.0,36.0,45.37247190866089,45.473499371169346,3,1.68,0.0,1,45.07157079682311,28.35999721499776,61.78314437864846,40
FOODS_3_226_WI_3_validation,FOODS_3_226,FOODS_3,FOODS,WI_3,WI,2016-05-05,11614,Thursday,6,5,2016,Cinco De Mayo,Cultural,1,1,1,1.68,40.32406179944244,47.61476104431479,43.0,40.0,46.03670255457171,45.32867865495286,3,1.68,0.0,1,43.803425381569944,27.56205297189792,60.04479779124197,43
FOODS_3_234_WI_2_validation,FOODS_3_234,FOODS_3,FOODS,WI_2,WI,2016-05-05,11614,Thursday,6,5,2016,Cinco De Mayo,Cultural,1,1,1,0.25,29.19776670007413,29.403894676016613,41.0,0.0,30.20833205797373,18.920994981061487,3,0.25,0.0,1,31.632328559013526,19.90373829839429,43.360918819632765,82
FOODS_3_252_CA_1_validation,FOODS_3_252,FOODS_3,FOODS,CA_1,CA,2016-05-05,11614,Thursday,6,5,2016,Cinco De Mayo,Cultural,1,1,1,1.58,31.956426352573484,31.72692014201082,35.0,40.0,37.71042056025378,37.074424813650985,3,1.58,0.0,1,35.90898507329593,22.59470212970367,49.22326801688819,28
FOODS_3_252_CA_2_validation,FOODS_3_252,FOODS_3,FOODS,CA_2,CA,2016-05-05,11614,Thursday,6,5,2016,Cinco De Mayo,Cultural,1,1,1,1.58,34.86926090394379,29.908953938245162,25.0,29.0,37.51062874236761,34.18504147598839,3,1.58,0.0,1,32.749394784210025,20.606620280882765,44.892169287537286,21
FOODS_3_252_CA_3_validation,FOODS_3_252,FOODS_3,FOODS,CA_3,CA,2016-05-05,11614,Thursday,6,5,2016,Cinco De Mayo,Cultural,1,1,1,1.58,41.17711953574124,34.92379395576315,46.0,40.0,44.09529812274377,46.361399072285415,3,1.58,0.0,1,41.78876452300131,26.294385230834884,57.28314381516774,30
FOODS_3_252_CA_4_validation,FOODS_3_252,FOODS_3,FOODS,CA_4,CA,2016-05-05,11614,Thursday,6,5,2016,Cinco De Mayo,Cultural,1,1,1,1.58,18.48174066597841,15.692967294152888,12.0,21.0,17.982180065635426,16.323826219170957,3,1.58,0.0,1,18.392662758811987,11.57305714876632,25.212268368857654,10
FOODS_3_252_TX_1_validation,FOODS_3_252,FOODS_3,FOODS,TX_1,TX,2016-05-05,11614,Thursday,6,5,2016,Cinco De Mayo,Cultural,1,1,1,1.58,31.88478507797004,29.111974432233936,32.0,37.0,31.27326145801052,30.847311225046496,3,1.58,0.0,1,33.30305180283051,20.954993129411214,45.651110476249805,41
FOODS_3_252_TX_2_validation,FOODS_3_252,FOODS_3,FOODS,TX_2,TX,2016-05-05,11614,Thursday,6,5,2016,Cinco De Mayo,Cultural,1,1,1,1.58,40.019356139235526,38.45585392275211,39.0,57.0,51.83955719345494,47.59464315591646,3,1.58,0.0,1,44.20880848388837,27.817128698115297,60.60048826966144,55
FOODS_3_252_TX_3_validation,FOODS_3_252,FOODS_3,FOODS,TX_3,TX,2016-05-05,11614,Thursday,6,5,2016,Cinco De Mayo,Cultural,1,1,1,1.58,26.83693119574891,30.674187632328213,21.0,36.0,32.98206476147063,33.875127776913025,3,1.58,0.0,1,29.181645338842678,18.361715953262582,40.001574724422774,35
FOODS_3_318_WI_3_validation,FOODS_3_318,FOODS_3,FOODS,WI_3,WI,2016-05-05,11614,Thursday,6,5,2016,Cinco De Mayo,Cultural,1,1,1,1.48,18.01930127323035,17.344554212259652,14.0,24.0,25.103011842496876,23.883966996320286,3,1.48,0.0,1,19.28516782197843,12.134640440812484,26.435695203144373,34
FOODS_3_377_TX_2_validation,FOODS_3_377,FOODS_3,FOODS,TX_2,TX,2016-05-05,11614,Thursday,6,5,2016,Cinco De Mayo,Cultural,1,1,1,1.68,23.76573455133655,21.654768145091527,22.0,27.0,27.56464133059069,27.322870228365254,3,1.68,0.0,1,24.053090006019865,15.134719148303907,32.97146086373582,30
FOODS_3_377_TX_3_validation,FOODS_3_377,FOODS_3,FOODS,TX_3,TX,2016-05-05,11614,Thursday,6,5,2016,Cinco De Mayo,Cultural,1,1,1,1.68,36.10210539509733,40.6974527654057,42.0,39.0,41.89125028031452,42.249945574568684,3,1.68,0.0,1,40.915992815166334,25.745218588405073,56.086767041927594,56
FOODS_3_491_WI_1_validation,FOODS_3_491,FOODS_3,FOODS,WI_1,WI,2016-05-05,11614,Thursday,6,5,2016,Cinco De Mayo,Cultural,1,1,1,1.38,16.962456057309044,15.339041039291672,12.0,34.0,18.789912920118862,19.140178223173788,3,1.38,0.0,1,18.213925104185105,11.460591590148805,24.967258618221404,0
FOODS_3_541_CA_3_validation,FOODS_3_541,FOODS_3,FOODS,CA_3,CA,2016-05-05,11614,Thursday,6,5,2016,Cinco De Mayo,Cultural,1,1,1,0.88,5.877968382286051,6.03607464356119,0.0,0.0,5.573706744761304,1.8597625220348815,3,0.88,0.0,1,6.476421488677694,4.075103044666844,8.877739932688545,0
FOODS_3_555_CA_2_validation,FOODS_3_555,FOODS_3,FOODS,CA_2,CA,2016-05-05,11614,Thursday,6,5,2016,Cinco De Mayo,Cultural,1,1,1,1.68,18.661861985863613,17.818834954656907,18.0,15.0,21.678145491601907,20.498161129450978,3,1.68,0.0,1,20.393728379324216,12.832170475004212,27.95528628364422,15
FOODS_3_555_TX_1_validation,FOODS_3_555,FOODS_3,FOODS,TX_1,TX,2016-05-05,11614,Thursday,6,5,2016,Cinco De Mayo,Cultural,1,1,1,1.68,28.5469180168479,27.33479595430513,26.0,37.0,29.153745531180487,28.78565266841211,3,1.68,0.0,1,29.9797104716759,18.86387561942031,41.095545323931496,30
FOODS_3_555_TX_2_validation,FOODS_3_555,FOODS_3,FOODS,TX_2,TX,2016-05-05,11614,Thursday,6,5,2016,Cinco De Mayo,Cultural,1,1,1,1.68,33.025897157066076,38.69502569318548,34.0,48.0,40.96112436812299,40.56038051927054,3,1.68,0.0,1,38.53449420730993,24.24672868241118,52.822259732208686,44
FOODS_3_555_TX_3_validation,FOODS_3_555,FOODS_3,FOODS,TX_3,TX,2016-05-05,11614,Thursday,6,5,2016,Cinco De Mayo,Cultural,1,1,1,1.68,27.302903402705212,28.24083063237238,28.0,26.0,29.481974589094705,27.90613690552762,3,1.68,0.0,1,29.549710629176257,18.593310513298047,40.506110745054464,21
FOODS_3_555_WI_3_validation,FOODS_3_555,FOODS_3,FOODS,WI_3,WI,2016-05-05,11614,Thursday,6,5,2016,Cinco De Mayo,Cultural,1,1,1,1.68,21.93982268562733,24.258342367836995,24.0,26.0,28.447344201518472,27.972453934164328,3,1.68,0.0,1,24.933181735203163,15.688491704869433,34.17787176553689,30
FOODS_3_586_CA_1_validation,FOODS_3_586,FOODS_3,FOODS,CA_1,CA,2016-05-05,11614,Thursday,6,5,2016,Cinco De Mayo,Cultural,1,1,1,1.68,32.14919400667255,36.17370085714294,45.0,35.0,38.1803050532989,38.54439365434182,3,1.68,0.0,1,36.17218446207348,22.760312819563328,49.58405610458363,39
FOODS_3_586_CA_2_validation,FOODS_3_586,FOODS_3,FOODS,CA_2,CA,2016-05-05,11614,Thursday,6,5,2016,Cinco De Mayo,Cultural,1,1,1,1.68,33.231379178717084,29.91012843730211,30.0,33.0,33.17906019859464,33.64552097672122,3,1.68,0.0,1,32.616310881558654,20.522881040340923,44.70974072277639,24
FOODS_3_586_CA_3_validation,FOODS_3_586,FOODS_3,FOODS,CA_3,CA,2016-05-05,11614,Thursday,6,5,2016,Cinco De Mayo,Cultural,1,1,1,1.68,69.28862838117294,54.407308070248725,48.0,69.0,69.34857670267382,69.16959675685712,3,1.68,0.0,1,59.387765451668606,37.368053365758804,81.40747753757842,55
FOODS_3_586_CA_4_validation,FOODS_3_586,FOODS_3,FOODS,CA_4,CA,2016-05-05,11614,Thursday,6,5,2016,Cinco De Mayo,Cultural,1,1,1,1.68,15.429434519005687,19.703497058746823,18.0,22.0,18.468034083414064,16.507776591245978,3,1.68,0.0,1,19.311017869050154,12.150905843814888,26.47112989428542,21
FOODS_3_586_TX_1_validation,FOODS_3_586,FOODS_3,FOODS,TX_1,TX,2016-05-05,11614,Thursday,6,5,2016,Cinco De Mayo,Cultural,1,1,1,1.68,49.98384023146958,46.38878391909876,59.0,74.0,53.7028574321821,54.70662817656357,3,1.68,0.0,1,58.24992779102748,36.65210155142407,79.8477540306309,59
FOODS_3_586_TX_2_validation,FOODS_3_586,FOODS_3,FOODS,TX_2,TX,2016-05-05,11614,Thursday,6,5,2016,Cinco De Mayo,Cultural,1,1,1,1.68,56.05614346152702,62.70878841151189,59.0,87.0,70.925220737352,72.99572014380223,3,1.68,0.0,1,65.27476992269662,41.07228260497586,89.47725724041739,92
FOODS_3_586_TX_3_validation,FOODS_3_586,FOODS_3,FOODS,TX_3,TX,2016-05-05,11614,Thursday,6,5,2016,Cinco De Mayo,Cultural,1,1,1,1.68,49.95580852497549,51.86195940465334,55.0,51.0,55.606544200921576,56.971377984665445,3,1.68,0.0,1,51.36947696837706,32.322774600563754,70.41617933619037,62
FOODS_3_586_WI_1_validation,FOODS_3_586,FOODS_3,FOODS,WI_1,WI,2016-05-05,11614,Thursday,6,5,2016,Cinco De Mayo,Cultural,1,1,1,1.68,14.468411533902808,12.8712027077243,6.0,12.0,16.32838622180758,15.346104021427882,3,1.68,0.0,1,12.393128166035856,7.798021547956803,16.98823478411491,23
FOODS_3_586_WI_3_validation,FOODS_3_586,FOODS_3,FOODS,WI_3,WI,2016-05-05,11614,Thursday,6,5,2016,Cinco De Mayo,Cultural,1,1,1,1.68,26.86240786728015,29.43892947975617,31.0,33.0,32.818179659447516,32.57553935994631,3,1.68,0.0,1,31.47147988714449,19.8025288706864,43.14043090360258,31
FOODS_3_587_CA_1_validation,FOODS_3_587,FOODS_3,FOODS,CA_1,CA,2016-05-05,11614,Thursday,6,5,2016,Cinco De Mayo,Cultural,1,1,1,2.48,18.872192363982474,18.529449007488818,10.0,16.0,22.11350632834216,22.21347183539748,3,2.48,0.0,1,17.941370871621125,11.289094632314907,24.593647110927343,20
FOODS_3_587_CA_4_validation,FOODS_3_587,FOODS_3,FOODS,CA_4,CA,2016-05-05,11614,Thursday,6,5,2016,Cinco De Mayo,Cultural,1,1,1,2.48,14.916574772718379,13.715365292783016,15.0,13.0,15.873869880277029,16.33286483635112,3,2.48,0.0,1,14.009354314309304,8.814985639811182,19.203722988807428,5
FOODS_3_587_TX_1_validation,FOODS_3_587,FOODS_3,FOODS,TX_1,TX,2016-05-05,11614,Thursday,6,5,2016,Cinco De Mayo,Cultural,1,1,1,2.48,22.809710541393454,22.532923403093992,17.0,22.0,22.977093465541603,25.076061687893855,3,2.48,0.0,1,22.067666605201858,13.88544824155843,30.249884968845283,15
FOODS_3_587_TX_2_validation,FOODS_3_587,FOODS_3,FOODS,TX_2,TX,2016-05-05,11614,Thursday,6,5,2016,Cinco De Mayo,Cultural,1,1,1,2.48,24.117792132673113,22.382569884030115,19.0,35.0,28.23308788237707,29.18733326237686,3,2.48,0.0,1,23.98852708384625,15.094094775541533,32.882959392150966,29
FOODS_3_635_CA_3_validation,FOODS_3_635,FOODS_3,FOODS,CA_3,CA,2016-05-05,11614,Thursday,6,5,2016,Cinco De Mayo,Cultural,1,1,1,0.88,5.935538610481759,5.430214510651347,0.0,0.0,5.362521372714853,1.8210201855620716,3,0.88,0.0,1,6.201106064513711,3.9018686859680156,8.500343443059407,0
FOODS_3_635_CA_4_validation,FOODS_3_635,FOODS_3,FOODS,CA_4,CA,2016-05-05,11614,Thursday,6,5,2016,Cinco De Mayo,Cultural,1,1,1,1.0,6.470448269043258,5.924701911760917,0.0,0.0,5.999702256981074,1.9162874934701193,3,1.0,0.0,1,7.226242511437736,4.546906483980754,9.905578538894718,0
FOODS_3_694_WI_1_validation,FOODS_3_694,FOODS_3,FOODS,WI_1,WI,2016-05-05,11614,Thursday,6,5,2016,Cinco De Mayo,Cultural,1,1,1,1.68,17.299870041321505,17.699001935415605,14.0,16.0,22.23523517972675,21.16492103260427,3,1.68,0.0,1,17.71549735780557,11.14697018203499,24.284024533576154,19
FOODS_3_694_WI_2_validation,FOODS_3_694,FOODS_3,FOODS,WI_2,WI,2016-05-05,11614,Thursday,6,5,2016,Cinco De Mayo,Cultural,1,1,1,1.68,33.40865590039899,35.759887126329566,32.0,37.0,35.793482538167446,36.24205062842027,3,1.68,0.0,1,34.65234349814209,21.803996349062775,47.500690647221404,41
FOODS_3_694_WI_3_validation,FOODS_3_694,FOODS_3,FOODS,WI_3,WI,2016-05-05,11614,Thursday,6,5,2016,Cinco De Mayo,Cultural,1,1,1,1.68,35.47078489876407,40.5961148242742,34.0,34.0,44.73819773920514,45.07672670500602,3,1.68,0.0,1,36.15394419892196,22.748835655509968,49.55905274233396,43
FOODS_3_711_WI_2_validation,FOODS_3_711,FOODS_3,FOODS,WI_2,WI,2016-05-05,11614,Thursday,6,5,2016,Cinco De Mayo,Cultural,1,1,1,0.25,34.324561589592385,26.037919357100353,20.0,0.0,28.227326176283615,16.95414679685355,3,0.25,0.0,1,34.99770035158093,22.021302274473218,47.97409842868865,52
FOODS_3_714_CA_1_validation,FOODS_3_714,FOODS_3,FOODS,CA_1,CA,2016-05-05,11614,Thursday,6,5,2016,Cinco De Mayo,Cultural,1,1,1,1.58,15.054974991413506,12.807727192680455,12.0,15.0,20.4601599960035,18.015988797204965,3,1.58,0.0,1,14.850833328129134,9.344462249268323,20.357204406989943,20
FOODS_3_714_TX_1_validation,FOODS_3_714,FOODS_3,FOODS,TX_1,TX,2016-05-05,11614,Thursday,6,5,2016,Cinco De Mayo,Cultural,1,1,1,1.58,17.667427810065366,16.994196458378678,14.0,23.0,20.08489019380156,20.36034837255116,3,1.58,0.0,1,18.56410262347053,11.68093078170832,25.447274465232738,19
FOODS_3_714_WI_1_validation,FOODS_3_714,FOODS_3,FOODS,WI_1,WI,2016-05-05,11614,Thursday,6,5,2016,Cinco De Mayo,Cultural,1,1,1,1.58,11.879202930713012,16.51689469168995,15.0,13.0,18.480122077676175,18.514540798520276,3,1.58,0.0,1,14.860750571034982,9.350702390808058,20.37079875126191,16
FOODS_3_808_CA_4_validation,FOODS_3_808,FOODS_3,FOODS,CA_4,CA,2016-05-05,11614,Thursday,6,5,2016,Cinco De Mayo,Cultural,1,1,1,1.0,6.470448269043258,5.924701911760917,0.0,0.0,5.999702256981074,1.9249183286083127,3,1.0,0.0,1,7.226242511437736,4.546906483980754,9.905578538894718,0
HOBBIES_1_008_TX_2_validation,HOBBIES_1_008,HOBBIES_1,HOBBIES,TX_2,TX,2016-05-05,11614,Thursday,6,5,2016,Cinco De Mayo,Cultural,1,1,1,0.48,5.20393540022473,6.1560105687825555,6.0,25.0,5.4056171952780465,4.102830795302934,3,0.48,0.0,1,7.117330897753702,4.4783769651254275,9.756284830381977,7
HOBBIES_1_015_CA_2_validation,HOBBIES_1_015,HOBBIES_1,HOBBIES,CA_2,CA,2016-05-05,11614,Thursday,6,5,2016,Cinco De Mayo,Cultural,1,1,1,0.7,7.04853231457068,8.176549493079149,0.0,6.0,7.270125534488907,7.401033228103604,3,0.7,0.0,1,6.379626600232332,4.01419762872048,8.745055571744183,0
HOBBIES_1_048_WI_3_validation,HOBBIES_1_048,HOBBIES_1,HOBBIES,WI_3,WI,2016-05-05,11614,Thursday,6,5,2016,Cinco De Mayo,Cultural,1,1,1,0.48,5.440610696773597,5.198084343195311,1.0,2.0,5.868120626424692,5.17827512327371,3,0.48,0.0,1,5.160872898797105,3.247331709307982,7.074414088286227,6
HOBBIES_1_103_WI_3_validation,HOBBIES_1_103,HOBBIES_1,HOBBIES,WI_3,WI,2016-05-05,11614,Thursday,6,5,2016,Cinco De Mayo,Cultural,1,1,1,0.7,5.20393540022473,5.333005873951379,4.0,0.0,6.206075559062223,4.530555588956412,3,0.7,0.0,1,5.160872898797105,3.247331709307982,7.074414088286227,6
HOBBIES_1_178_CA_4_validation,HOBBIES_1_178,HOBBIES_1,HOBBIES,CA_4,CA,2016-05-05,11614,Thursday,6,5,2016,Cinco De Mayo,Cultural,1,1,1,0.48,5.440610696773597,10.900671034002249,13.0,0.0,6.834669155477923,5.611430206147358,3,0.48,0.0,1,8.136814686914807,5.119857989864467,11.153771383965147,10
HOBBIES_1_178_WI_2_validation,HOBBIES_1_178,HOBBIES_1,HOBBIES,WI_2,WI,2016-05-05,11614,Thursday,6,5,2016,Cinco De Mayo,Cultural,1,1,1,0.48,5.20393540022473,9.310211893734309,36.0,1.0,5.849563996124431,4.743314241129312,3,0.48,0.0,1,9.01172389082643,5.670369590584149,12.35307819106871,0
HOBBIES_1_234_CA_3_validation,HOBBIES_1_234,HOBBIES_1,HOBBIES,CA_3,CA,2016-05-05,11614,Thursday,6,5,2016,Cinco De Mayo,Cultural,1,1,1,0.3,25.677686207781388,28.224584286461095,54.0,28.0,28.08367143054142,27.231022282752665,3,0.3,0.0,1,27.462552318771795,17.280025823550734,37.64507881399286,11
HOBBIES_1_254_CA_3_validation,HOBBIES_1_254,HOBBIES_1,HOBBIES,CA_3,CA,2016-05-05,11614,Thursday,6,5,2016,Cinco De Mayo,Cultural,1,1,1,0.7,8.79843858297303,11.048797323849891,18.0,13.0,10.813195702233518,14.95558011974307,3,0.7,0.0,1,11.145099178454542,7.012734991790508,15.277463365118575,0
HOBBIES_1_254_TX_1_validation,HOBBIES_1_254,HOBBIES_1,HOBBIES,TX_1,TX,2016-05-05,11614,Thursday,6,5,2016,Cinco De Mayo,Cultural,1,1,1,0.7,5.20393540022473,5.163351887892695,0.0,1.0,5.50191102360252,4.401973489555073,3,0.7,0.0,1,5.160872898797105,3.247331709307982,7.074414088286227,0
HOBBIES_1_348_CA_1_validation,HOBBIES_1_348,HOBBIES_1,HOBBIES,CA_1,CA,2016-05-05,11614,Thursday,6,5,2016,Cinco De Mayo,Cultural,1,1,1,0.48,5.505938003067092,6.542586130787509,8.0,0.0,7.2999414111182475,6.0896444890287,3,0.48,0.0,1,6.002856633728718,3.777125900093475,8.22858736736396,5
HOBBIES_1_348_CA_2_validation,HOBBIES_1_348,HOBBIES_1,HOBBIES,CA_2,CA,2016-05-05,11614,Thursday,6,5,2016,Cinco De Mayo,Cultural,1,1,1,0.48,6.176221967537205,5.555470838095988,0.0,11.0,6.061449235683912,6.245371248886955,3,0.48,0.0,1,6.642863510442843,4.179831927869,9.105895093016684,0
HOBBIES_1_354_TX_3_validation,HOBBIES_1_354,HOBBIES_1,HOBBIES,TX_3,TX,2016-05-05,11614,Thursday,6,5,2016,Cinco De Mayo,Cultural,1,1,1,22.98,23.965147548729135,23.855148910625847,19.0,6.0,23.742708866475617,21.579923750985408,3,22.98,0.0,1,21.45717650801773,13.501314803343629,29.413038212691834,9
HOBBIES_1_370_WI_1_validation,HOBBIES_1_370,HOBBIES_1,HOBBIES,WI_1,WI,2016-05-05,11614,Thursday,6,5,2016,Cinco De Mayo,Cultural,1,1,1,0.48,5.23866785552735,5.163351887892695,1.0,5.0,6.1964545864156895,6.396073957424339,3,0.48,0.0,1,5.160872898797105,3.247331709307982,7.074414088286227,5
HOBBIES_1_371_CA_1_validation,HOBBIES_1_371,HOBBIES_1,HOBBIES,CA_1,CA,2016-05-05,11614,Thursday,6,5,2016,Cinco De Mayo,Cultural,1,1,1,0.48,11.073263050426444,8.49887595527699,16.0,0.0,8.760206085826585,8.770250942002226,3,0.48,0.0,1,8.514810439108272,5.357701009088534,11.671919869128011,8
HOBBIES_1_371_CA_4_validation,HOBBIES_1_371,HOBBIES_1,HOBBIES,CA_4,CA,2016-05-05,11614,Thursday,6,5,2016,Cinco De Mayo,Cultural,1,1,1,0.48,6.7282631804461035,8.871487936457271,14.0,5.0,7.392889743863464,6.922341011475386,3,0.48,0.0,1,7.3936420238627845,4.652237840803601,10.135046206921968,9
HOBBIES_1_371_TX_1_validation,HOBBIES_1_371,HOBBIES_1,HOBBIES,TX_1,TX,2016-05-05,11614,Thursday,6,5,2016,Cinco De Mayo,Cultural,1,1,1,0.48,5.20393540022473,5.319627909561958,0.0,2.0,5.460067367155526,2.8028277928070247,3,0.48,0.0,1,5.160872898797105,3.247331709307982,7.074414088286227,0
HOBBIES_1_371_TX_2_validation,HOBBIES_1_371,HOBBIES_1,HOBBIES,TX_2,TX,2016-05-05,11614,Thursday,6,5,2016,Cinco De Mayo,Cultural,1,1,1,0.48,5.23866785552735,5.163351887892695,0.0,3.0,5.421089145941131,3.8348454729353993,3,0.48,0.0,1,5.160872898797105,3.247331709307982,7.074414088286227,5
HOBBIES_1_371_TX_3_validation,HOBBIES_1_371,HOBBIES_1,HOBBIES,TX_3,TX,2016-05-05,11614,Thursday,6,5,2016,Cinco De Mayo,Cultural,1,1,1,0.48,5.440610696773597,5.537946607354869,0.0,3.0,5.570288017564194,4.677353795608719,3,0.48,0.0,1,5.4361883229610894,3.4205660680068113,7.451810577915367,0
HOBBIES_1_371_WI_1_validation,HOBBIES_1_371,HOBBIES_1,HOBBIES,WI_1,WI,2016-05-05,11614,Thursday,6,5,2016,Cinco De Mayo,Cultural,1,1,1,0.48,9.503473634047968,8.554545007606535,11.0,3.0,7.326986508754621,7.230120102726983,3,0.48,0.0,1,8.218804410109232,5.171447678893371,11.266161141325092,10
HOBBIES_1_371_WI_2_validation,HOBBIES_1_371,HOBBIES_1,HOBBIES,WI_2,WI,2016-05-05,11614,Thursday,6,5,2016,Cinco De Mayo,Cultural,1,1,1,0.48,5.23866785552735,7.723208710125619,8.0,2.0,5.736618695356029,4.148770675286137,3,0.48,0.0,1,6.025694406621807,3.791495915697422,8.259892897546191,0
HOUSEHOLD_1_110_CA_1_validation,HOUSEHOLD_1_110,HOUSEHOLD_1,HOUSEHOLD,CA_1,CA,2016-05-05,11614,Thursday,6,5,2016,Cinco De Mayo,Cultural,1,1,1,3.97,8.228990321145458,6.770822521720867,5.0,5.0,8.331225036012036,8.114653048351913,3,3.97,0.0,1,6.445717800749443,4.0557836269331995,8.835651974565687,12
HOUSEHOLD_1_110_CA_4_validation,HOUSEHOLD_1_110,HOUSEHOLD_1,HOUSEHOLD,CA_4,CA,2016-05-05,11614,Thursday,6,5,2016,Cinco De Mayo,Cultural,1,1,1,3.97,7.247347184404559,6.894084026443603,5.0,5.0,6.526818461625668,5.521788636419528,3,3.97,0.0,1,6.301756910899243,3.9652003531967526,8.638313468601734,2
HOUSEHOLD_1_110_WI_2_validation,HOUSEHOLD_1_110,HOUSEHOLD_1,HOUSEHOLD,WI_2,WI,2016-05-05,11614,Thursday,6,5,2016,Cinco De Mayo,Cultural,1,1,1,3.97,21.81151252650616,23.188216488227397,30.0,19.0,26.371891846234625,23.25657632870434,3,3.97,0.0,1,24.774938035049807,15.588921381130984,33.96095468896863,18
HOUSEHOLD_1_110_WI_3_validation,HOUSEHOLD_1_110,HOUSEHOLD_1,HOUSEHOLD,WI_3,WI,2016-05-05,11614,Thursday,6,5,2016,Cinco De Mayo,Cultural,1,1,1,3.97,11.363754386475001,8.451696408013332,7.0,9.0,13.261724326542122,14.267416194636402,3,3.97,0.0,1,8.532881906452563,5.369071963206492,11.696691849698633,14
HOUSEHOLD_1_118_CA_1_validation,HOUSEHOLD_1_118,HOUSEHOLD_1,HOUSEHOLD,CA_1,CA,2016-05-05,11614,Thursday,6,5,2016,Cinco De Mayo,Cultural,1,1,1,0.97,9.727605678541927,7.383109006239981,7.0,3.0,8.10031510651758,8.492533041277737,3,0.97,0.0,1,6.74851374088487,4.2463093145703965,9.250718167199343,1
HOUSEHOLD_1_118_CA_3_validation,HOUSEHOLD_1_118,HOUSEHOLD_1,HOUSEHOLD,CA_3,CA,2016-05-05,11614,Thursday,6,5,2016,Cinco De Mayo,Cultural,1,1,1,0.97,20.196530342618086,18.566099299201827,52.0,41.0,21.309690567348067,21.724176760060978,3,0.97,0.0,1,26.342887746217787,16.575508905280792,36.11026658715478,16
HOUSEHOLD_1_118_TX_3_validation,HOUSEHOLD_1_118,HOUSEHOLD_1,HOUSEHOLD,TX_3,TX,2016-05-05,11614,Thursday,6,5,2016,Cinco De Mayo,Cultural,1,1,1,0.97,6.574767022737635,5.700546193946147,5.0,3.0,6.816396067704547,6.336059131887754,3,0.97,0.0,1,5.878694488407736,3.699000420256429,8.058388556559043,4
HOUSEHOLD_1_151_CA_4_validation,HOUSEHOLD_1_151,HOUSEHOLD_1,HOUSEHOLD,CA_4,CA,2016-05-05,11614,Thursday,6,5,2016,Cinco De Mayo,Cultural,1,1,1,0.88,5.024455924361032,4.983872412028997,1.0,2.0,4.987366969037917,4.0241101632215495,3,0.88,0.0,1,4.981393422933407,3.134399380887724,6.82838746497909,0
HOUSEHOLD_1_191_CA_2_validation,HOUSEHOLD_1_191,HOUSEHOLD_1,HOUSEHOLD,CA_2,CA,2016-05-05,11614,Thursday,6,5,2016,Cinco De Mayo,Cultural,1,1,1,2.96,7.643206147918926,11.405229640234648,17.0,13.0,11.267505625526878,11.152314654657872,3,2.96,0.0,1,12.00919733340467,7.556444049066091,16.46195061774325,0
HOUSEHOLD_1_191_CA_4_validation,HOUSEHOLD_1_191,HOUSEHOLD_1,HOUSEHOLD,CA_4,CA,2016-05-05,11614,Thursday,6,5,2016,Cinco De Mayo,Cultural,1,1,1,2.96,6.623093722892616,6.515488900070398,4.0,6.0,6.219574781586305,4.802914228583247,3,2.96,0.0,1,6.849446181566435,4.3098181669584275,9.389074196174443,4
HOUSEHOLD_1_234_CA_2_validation,HOUSEHOLD_1_234,HOUSEHOLD_1,HOUSEHOLD,CA_2,CA,2016-05-05,11614,Thursday,6,5,2016,Cinco De Mayo,Cultural,1,1,1,0.97,5.873797003670178,8.040186877437279,11.0,11.0,6.8853053702243425,6.7101196070864715,3,0.97,0.0,1,8.658061318073862,5.447837528776827,11.868285107370898,0
HOUSEHOLD_1_234_TX_1_validation,HOUSEHOLD_1_234,HOUSEHOLD_1,HOUSEHOLD,TX_1,TX,2016-05-05,11614,Thursday,6,5,2016,Cinco De Mayo,Cultural,1,1,1,0.97,12.041240159567407,10.672040283829512,12.0,13.0,11.25631360347298,11.133234796742187,3,0.97,0.0,1,11.455044379942766,7.207759147718696,15.702329612166837,9
HOUSEHOLD_1_234_TX_2_validation,HOUSEHOLD_1_234,HOUSEHOLD_1,HOUSEHOLD,TX_2,TX,2016-05-05,11614,Thursday,6,5,2016,Cinco De Mayo,Cultural,1,1,1,0.97,5.285025628776863,5.881485117972948,7.0,0.0,5.783273670330248,3.4981225036521613,3,0.97,0.0,1,5.619331424763428,3.535803628296733,7.702859221230123,5
HOUSEHOLD_1_303_CA_2_validation,HOUSEHOLD_1_303,HOUSEHOLD_1,HOUSEHOLD,CA_2,CA,2016-05-05,11614,Thursday,6,5,2016,Cinco De Mayo,Cultural,1,1,1,0.98,6.310502423892592,6.819804965478654,7.0,3.0,6.996519500554344,6.59536459949211,3,0.98,0.0,1,6.202035592907392,3.9024535651321983,8.501617620682586,5
HOUSEHOLD_1_303_CA_3_validation,HOUSEHOLD_1_303,HOUSEHOLD_1,HOUSEHOLD,CA_3,CA,2016-05-05,11614,Thursday,6,5,2016,Cinco De Mayo,Cultural,1,1,1,0.98,9.935723052594733,10.382294703042476,10.0,1.0,12.271356609590452,11.84733161154919,3,0.98,0.0,1,8.745083843547842,5.50259396473974,11.987573722355945,16
HOUSEHOLD_1_303_WI_1_validation,HOUSEHOLD_1_303,HOUSEHOLD_1,HOUSEHOLD,WI_1,WI,2016-05-05,11614,Thursday,6,5,2016,Cinco De Mayo,Cultural,1,1,1,0.98,6.65421868101221,7.251984835685143,6.0,5.0,5.9538414745834105,4.8032819516096295,3,0.98,0.0,1,6.211355451457458,3.908317819646769,8.514393083268148,3
HOUSEHOLD_1_327_CA_2_validation,HOUSEHOLD_1_327,HOUSEHOLD_1,HOUSEHOLD,CA_2,CA,2016-05-05,11614,Thursday,6,5,2016,Cinco De Mayo,Cultural,1,1,1,0.98,5.675656205615376,6.383633591516047,0.0,1.0,6.102794204507844,4.003359421085933,3,0.98,0.0,1,5.907909128351734,3.7173828971215874,8.098435359581881,0
HOUSEHOLD_1_327_WI_1_validation,HOUSEHOLD_1_327,HOUSEHOLD_1,HOUSEHOLD,WI_1,WI,2016-05-05,11614,Thursday,6,5,2016,Cinco De Mayo,Cultural,1,1,1,0.98,5.912331502164242,5.804726679342025,5.0,16.0,5.931037340154212,4.537849902406449,3,0.98,0.0,1,7.4379931575645495,4.680144523575631,10.195841791553468,0
HOUSEHOLD_1_334_CA_1_validation,HOUSEHOLD_1_334,HOUSEHOLD_1,HOUSEHOLD,CA_1,CA,2016-05-05,11614,Thursday,6,5,2016,Cinco De Mayo,Cultural,1,1,1,0.97,9.186209799489456,10.381484515588754,9.0,12.0,11.532384544824652,13.103814085148745,3,0.97,0.0,1,8.903817577229704,5.602472628064717,12.205162526394691,0
HOUSEHOLD_1_334_CA_3_validation,HOUSEHOLD_1_334,HOUSEHOLD_1,HOUSEHOLD,CA_3,CA,2016-05-05,11614,Thursday,6,5,2016,Cinco De Mayo,Cultural,1,1,1,0.97,20.200401650983782,24.391721009104383,20.0,12.0,23.185495357182297,23.304986297286256,3,0.97,0.0,1,19.230663240961864,12.100344991630061,26.360981490293664,25
HOUSEHOLD_1_334_TX_1_validation,HOUSEHOLD_1_334,HOUSEHOLD_1,HOUSEHOLD,TX_1,TX,2016-05-05,11614,Thursday,6,5,2016,Cinco De Mayo,Cultural,1,1,1,0.96,7.350275687833779,9.413475508375925,9.0,5.0,9.059158079464288,9.842300412272092,3,0.96,0.0,1,6.853917260842599,4.3126314657536176,9.39520305593158,11
HOUSEHOLD_1_334_TX_2_validation,HOUSEHOLD_1_334,HOUSEHOLD_1,HOUSEHOLD,TX_2,TX,2016-05-05,11614,Thursday,6,5,2016,Cinco De Mayo,Cultural,1,1,1,0.96,9.424345980998051,10.619043087506178,14.0,16.0,11.021847327624224,10.773026069760434,3,0.96,0.0,1,11.675421322208516,7.346425037511623,16.00441760690541,16
HOUSEHOLD_1_334_TX_3_validation,HOUSEHOLD_1_334,HOUSEHOLD_1,HOUSEHOLD,TX_3,TX,2016-05-05,11614,Thursday,6,5,2016,Cinco De Mayo,Cultural,1,1,1,0.96,8.987505947355173,8.897099007822604,7.0,8.0,10.852379650878134,10.500692816010405,3,0.96,0.0,1,7.769826641109007,4.8889412551469915,10.650712027071023,13
HOUSEHOLD_1_334_WI_2_validation,HOUSEHOLD_1_334,HOUSEHOLD_1,HOUSEHOLD,WI_2,WI,2016-05-05,11614,Thursday,6,5,2016,Cinco De Mayo,Cultural,1,1,1,0.97,17.33593704774009,16.669502733024423,29.0,27.0,19.0380329315353,18.799243567460042,3,0.97,0.0,1,21.34639115222076,13.431606285838708,29.261176018602814,25
HOUSEHOLD_1_334_WI_3_validation,HOUSEHOLD_1_334,HOUSEHOLD_1,HOUSEHOLD,WI_3,WI,2016-05-05,11614,Thursday,6,5,2016,Cinco De Mayo,Cultural,1,1,1,0.97,10.408688735665237,9.853887221599663,10.0,7.0,11.522870737073038,11.51247586518878,3,0.97,0.0,1,8.995796576301597,5.660347783321144,12.33124536928205,3
HOUSEHOLD_1_389_WI_1_validation,HOUSEHOLD_1_389,HOUSEHOLD_1,HOUSEHOLD,WI_1,WI,2016-05-05,11614,Thursday,6,5,2016,Cinco De Mayo,Cultural,1,1,1,0.98,5.389206114172742,5.896311872507895,0.0,1.0,5.99941182667775,3.3946571714617884,3,0.98,0.0,1,5.6214590369091,3.537142367405646,7.705775706412554,3
HOUSEHOLD_1_399_CA_4_validation,HOUSEHOLD_1_399,HOUSEHOLD_1,HOUSEHOLD,CA_4,CA,2016-05-05,11614,Thursday,6,5,2016,Cinco De Mayo,Cultural,1,1,1,0.97,5.285025628776863,6.974395518404956,5.0,3.0,5.728345248226737,3.083837751461229,3,0.97,0.0,1,5.672945256470283,3.5695385989447703,7.7763519139957955,4
HOUSEHOLD_1_409_WI_2_validation,HOUSEHOLD_1_409,HOUSEHOLD_1,HOUSEHOLD,WI_2,WI,2016-05-05,11614,Thursday,6,5,2016,Cinco De Mayo,Cultural,1,1,1,2.94,8.917785170141885,9.895716904145269,10.0,7.0,12.270010417549276,9.320816778653963,3,2.94,0.0,1,8.963379201474817,5.639950077105193,12.28680832584444,11
HOUSEHOLD_1_441_WI_3_validation,HOUSEHOLD_1_441,HOUSEHOLD_1,HOUSEHOLD,WI_3,WI,2016-05-05,11614,Thursday,6,5,2016,Cinco De Mayo,Cultural,1,1,1,2.77,6.734466454692887,6.3458349140117125,3.0,5.0,7.8284664260754795,7.0048271820711525,3,2.77,0.0,1,6.10968331959379,3.84434353773202,8.37502310145556,3
HOUSEHOLD_1_459_CA_3_validation,HOUSEHOLD_1_459,HOUSEHOLD_1,HOUSEHOLD,CA_3,CA,2016-05-05,11614,Thursday,6,5,2016,Cinco De Mayo,Cultural,1,1,1,0.97,20.106923010293976,21.561471537493276,7.0,36.0,25.03026940557333,27.181580221221548,3,0.97,0.0,1,20.313663583080956,12.781791991220855,27.84553517494106,13
HOUSEHOLD_1_459_TX_1_validation,HOUSEHOLD_1_459,HOUSEHOLD_1,HOUSEHOLD,TX_1,TX,2016-05-05,11614,Thursday,6,5,2016,Cinco De Mayo,Cultural,1,1,1,0.96,6.928276040984834,7.539489157543499,8.0,5.0,7.330301878589173,7.5582886143733585,3,0.96,0.0,1,6.646648446169919,4.182213490454487,9.11108340188535,5
HOUSEHOLD_1_459_TX_3_validation,HOUSEHOLD_1_459,HOUSEHOLD_1,HOUSEHOLD,TX_3,TX,2016-05-05,11614,Thursday,6,5,2016,Cinco De Mayo,Cultural,1,1,1,0.96,5.285025628776863,6.243046219771778,0.0,0.0,5.557135731900308,3.570370744831942,3,0.96,0.0,1,5.517278551513223,3.471589775750854,7.562967327275591,9
HOUSEHOLD_1_459_WI_1_validation,HOUSEHOLD_1_459,HOUSEHOLD_1,HOUSEHOLD,WI_1,WI,2016-05-05,11614,Thursday,6,5,2016,Cinco De Mayo,Cultural,1,1,1,0.97,5.963817721725425,8.459890587592497,7.0,2.0,7.320967541194759,6.84621710418587,3,0.97,0.0,1,6.297466323460296,3.962500623729418,8.632432023191175,11
HOUSEHOLD_1_459_WI_2_validation,HOUSEHOLD_1_459,HOUSEHOLD_1,HOUSEHOLD,WI_2,WI,2016-05-05,11614,Thursday,6,5,2016,Cinco De Mayo,Cultural,1,1,1,0.97,27.87649412222474,22.54813903214496,29.0,30.0,25.714554907524125,26.183478101293765,3,0.97,0.0,1,28.59179597689054,17.99057010752228,39.1930218462588,15
HOUSEHOLD_1_459_WI_3_validation,HOUSEHOLD_1_459,HOUSEHOLD_1,HOUSEHOLD,WI_3,WI,2016-05-05,11614,Thursday,6,5,2016,Cinco De Mayo,Cultural,1,1,1,0.97,8.633394008957938,8.72174438673605,10.0,16.0,12.198406508911033,11.176027873976427,3,0.97,0.0,1,10.498903161281383,6.606134624344137,14.391671698218628,7
HOUSEHOLD_1_474_TX_2_validation,HOUSEHOLD_1_474,HOUSEHOLD_1,HOUSEHOLD,TX_2,TX,2016-05-05,11614,Thursday,6,5,2016,Cinco De Mayo,Cultural,1,1,1,0.97,8.380663433382741,7.169185451907861,7.0,14.0,8.514175034455779,11.191920802534073,3,0.97,0.0,1,8.140001024187624,5.121862901488038,11.15813914688721,16
HOUSEHOLD_1_521_TX_1_validation,HOUSEHOLD_1_521,HOUSEHOLD_1,HOUSEHOLD,TX_1,TX,2016-05-05,11614,Thursday,6,5,2016,Cinco De Mayo,Cultural,1,1,1,0.94,8.236577355919861,8.242919030917212,14.0,3.0,8.1210775699029,8.968275482124236,3,0.94,0.0,1,7.721231727127747,4.858364294974377,10.584099159281116,11
HOUSEHOLD_1_521_TX_2_validation,HOUSEHOLD_1_521,HOUSEHOLD_1,HOUSEHOLD,TX_2,TX,2016-05-05,11614,Thursday,6,5,2016,Cinco De Mayo,Cultural,1,1,1,0.94,6.865476964684164,7.426720931639976,1.0,10.0,6.796557708785668,8.456046693522454,3,0.94,0.0,1,7.0430349134925665,4.4316283413370625,9.65444148564807,4
HOUSEHOLD_1_521_TX_3_validation,HOUSEHOLD_1_521,HOUSEHOLD_1,HOUSEHOLD,TX_3,TX,2016-05-05,11614,Thursday,6,5,2016,Cinco De Mayo,Cultural,1,1,1,0.94,6.999344585849821,7.251583829700673,6.0,2.0,6.989692045504351,6.845599106708147,3,0.94,0.0,1,5.871092181313432,3.6942168858863065,8.047967476740558,8
HOUSEHOLD_1_535_CA_1_validation,HOUSEHOLD_1_535,HOUSEHOLD_1,HOUSEHOLD,CA_1,CA,2016-05-05,11614,Thursday,6,5,2016,Cinco De Mayo,Cultural,1,1,1,6.97,7.4665484087835345,6.3458349140117125,2.0,4.0,9.18056971379726,8.42298250284504,3,6.97,0.0,1,6.10968331959379,3.84434353773202,8.37502310145556,4
FOODS_1_218_CA_2_validation,FOODS_1_218,FOODS_1,FOODS,CA_2,CA,2016-05-06,11614,Friday,7,5,2016,,,1,1,1,0.98,8.65479101602549,10.695766983810506,3.0,14.0,8.82765820114507,10.047453104576972,4,0.98,0.0,0,10.118497919310949,6.366775502571251,13.870220336050647,4
FOODS_2_360_WI_2_validation,FOODS_2_360,FOODS_2,FOODS,WI_2,WI,2016-05-06,11614,Friday,7,5,2016,,,1,1,1,0.94,52.90402802820339,47.152450594066465,51.0,95.0,48.04270901798616,58.47819441762996,4,0.94,0.0,0,56.67764148214118,35.662785347154184,77.69249761712818,49
FOODS_3_007_WI_2_validation,FOODS_3_007,FOODS_3,FOODS,WI_2,WI,2016-05-06,11614,Friday,7,5,2016,,,1,1,1,0.25,35.91970557698294,30.866210082239622,24.0,87.0,33.198715566280995,36.716980573976095,4,0.25,0.0,0,39.7101307983043,24.98646439290476,54.43379720370383,7
FOODS_3_030_TX_3_validation,FOODS_3_030,FOODS_3,FOODS,TX_3,TX,2016-05-06,11614,Friday,7,5,2016,,,1,1,1,1.25,20.658035798471822,20.831994053616967,20.0,21.0,19.738649872141945,19.02867529450012,4,1.25,0.0,0,22.009857989249667,13.849073822863387,30.17064215563595,13
FOODS_3_080_CA_2_validation,FOODS_3_080,FOODS_3,FOODS,CA_2,CA,2016-05-06,11614,Friday,7,5,2016,,,1,1,1,1.68,15.446078228851508,14.707637682004881,13.0,12.0,15.338254611807866,14.362710131470523,4,1.68,0.0,0,14.838723204874436,9.336842300469009,20.340604109279862,12
FOODS_3_090_CA_1_validation,FOODS_3_090,FOODS_3,FOODS,CA_1,CA,2016-05-06,11614,Friday,7,5,2016,,,1,1,1,1.6,44.01482506074611,64.1456947932562,87.0,42.0,53.71719640582662,52.774781967726824,4,1.6,0.0,0,61.65825469895595,38.796693805649795,84.5198155922621,89
FOODS_3_090_CA_2_validation,FOODS_3_090,FOODS_3,FOODS,CA_2,CA,2016-05-06,11614,Friday,7,5,2016,,,1,1,1,1.6,36.696184779007815,53.94106131732933,91.0,70.0,49.17152028162224,51.822770775315455,4,1.6,0.0,0,54.31611753010461,34.17686392220956,74.45537113799966,101
FOODS_3_090_CA_3_validation,FOODS_3_090,FOODS_3,FOODS,CA_3,CA,2016-05-06,11614,Friday,7,5,2016,,,1,1,1,1.6,78.12386507067121,120.20991619805498,141.0,107.0,101.68567650215944,109.70722168314316,4,1.6,0.0,0,99.52570719067737,62.62370556091738,136.42770882043735,138
FOODS_3_090_CA_4_validation,FOODS_3_090,FOODS_3,FOODS,CA_4,CA,2016-05-06,11614,Friday,7,5,2016,,,1,1,1,1.6,28.311405984293266,27.371569077012254,15.0,30.0,26.535028730939924,26.576773133802373,4,1.6,0.0,0,28.442113914354692,17.89638694945602,38.98784087925336,24
FOODS_3_090_TX_1_validation,FOODS_3_090,FOODS_3,FOODS,TX_1,TX,2016-05-06,11614,Friday,7,5,2016,,,1,1,1,1.5,43.978751959671996,55.42834848000698,59.0,59.0,53.149382571685706,50.9190176229616,4,1.5,0.0,0,58.48366816111851,36.79917599608224,80.16816032615478,63
FOODS_3_090_TX_2_validation,FOODS_3_090,FOODS_3,FOODS,TX_2,TX,2016-05-06,11614,Friday,7,5,2016,,,1,1,1,1.5,46.44810217167835,56.270505425376065,54.0,86.0,60.782698025481736,61.15123395225637,4,1.5,0.0,0,56.958218954353846,35.83933069913253,78.07710720957516,81
FOODS_3_090_TX_3_validation,FOODS_3_090,FOODS_3,FOODS,TX_3,TX,2016-05-06,11614,Friday,7,5,2016,,,1,1,1,1.5,48.028952641150624,64.56969647307575,70.0,56.0,62.431302187818396,64.19620349953738,4,1.5,0.0,0,60.78417064564264,38.24670140735098,83.3216398839343,93
FOODS_3_090_WI_1_validation,FOODS_3_090,FOODS_3,FOODS,WI_1,WI,2016-05-06,11614,Friday,7,5,2016,,,1,1,1,1.38,18.758280603660037,20.711480386292852,21.0,27.0,18.96001400008722,20.54909328014955,4,1.38,0.0,0,22.780096520841855,14.333724395822298,31.226468645861413,0
FOODS_3_090_WI_3_validation,FOODS_3_090,FOODS_3,FOODS,WI_3,WI,2016-05-06,11614,Friday,7,5,2016,,,1,1,1,1.38,52.67767149318551,79.0491216483268,70.0,107.0,74.99189847478858,80.76628548551332,4,1.38,0.0,0,73.77441748628478,46.420442808187886,101.12839216438167,0
FOODS_3_120_CA_1_validation,FOODS_3_120,FOODS_3,FOODS,CA_1,CA,2016-05-06,11614,Friday,7,5,2016,,,1,1,1,4.98,37.8920936989975,46.41031449973538,39.0,58.0,48.287855179811054,40.082326003189124,4,4.98,0.0,0,45.95023640587316,28.912872426245784,62.98760038550054,61
FOODS_3_120_CA_3_validation,FOODS_3_120,FOODS_3,FOODS,CA_3,CA,2016-05-06,11614,Friday,7,5,2016,,,1,1,1,4.98,63.573924083008556,57.36500811705967,43.0,47.0,69.0245534130978,71.73509166612386,4,4.98,0.0,0,59.500603494507786,37.43905347789358,81.56215351112199,59
FOODS_3_226_WI_1_validation,FOODS_3_226,FOODS_3,FOODS,WI_1,WI,2016-05-06,11614,Friday,7,5,2016,,,1,1,1,1.68,29.882417461263657,39.770138346677584,41.0,31.0,36.61314509126113,37.519924250658256,4,1.68,0.0,0,35.757981859329526,22.499687674874753,49.016276043784295,46
FOODS_3_226_WI_2_validation,FOODS_3_226,FOODS_3,FOODS,WI_2,WI,2016-05-06,11614,Friday,7,5,2016,,,1,1,1,1.68,45.07157079682311,55.518783092401854,48.0,53.0,45.17612186524566,45.79748404248446,4,1.68,0.0,0,52.271144752299236,32.89012327266037,71.6521662319381,58
FOODS_3_226_WI_3_validation,FOODS_3_226,FOODS_3,FOODS,WI_3,WI,2016-05-06,11614,Friday,7,5,2016,,,1,1,1,1.68,43.803425381569944,52.1502942406054,55.0,39.0,45.492226031322446,45.464515275723215,4,1.68,0.0,0,48.97911641623123,30.818708569510882,67.13952426295158,72
FOODS_3_234_WI_2_validation,FOODS_3_234,FOODS_3,FOODS,WI_2,WI,2016-05-06,11614,Friday,7,5,2016,,,1,1,1,0.25,31.632328559013526,31.666316788072557,32.0,0.0,30.526679755544713,20.050721001026258,4,0.25,0.0,0,34.42042195261944,21.658066347759515,47.18277755747937,31
FOODS_3_252_CA_1_validation,FOODS_3_252,FOODS_3,FOODS,CA_1,CA,2016-05-06,11614,Friday,7,5,2016,,,1,1,1,1.58,35.90898507329593,34.55300739507907,33.0,45.0,38.30785840758023,36.92831713769727,4,1.58,0.0,0,38.83063570982774,24.4330672554445,53.22820416421098,30
FOODS_3_252_CA_2_validation,FOODS_3_252,FOODS_3,FOODS,CA_2,CA,2016-05-06,11614,Friday,7,5,2016,,,1,1,1,1.58,32.749394784210025,33.78311287481812,27.0,26.0,37.91640600607688,34.318948432567325,4,1.58,0.0,0,32.67758202771366,20.561434157163696,44.79372989826363,25
FOODS_3_252_CA_3_validation,FOODS_3_252,FOODS_3,FOODS,CA_3,CA,2016-05-06,11614,Friday,7,5,2016,,,1,1,1,1.58,41.78876452300131,37.316963256837056,35.0,46.0,45.07600820377778,46.42528351953547,4,1.58,0.0,0,40.8427913880891,25.69915868342855,55.986424092749644,31
FOODS_3_252_CA_4_validation,FOODS_3_252,FOODS_3,FOODS,CA_4,CA,2016-05-06,11614,Friday,7,5,2016,,,1,1,1,1.58,18.392662758811987,18.86654698316569,11.0,14.0,18.367850846301007,16.23070703198567,4,1.58,0.0,0,17.860977553903094,11.2385094357868,24.48344567201939,8
FOODS_3_252_TX_1_validation,FOODS_3_252,FOODS_3,FOODS,TX_1,TX,2016-05-06,11614,Friday,7,5,2016,,,1,1,1,1.58,33.30305180283051,29.848234384598225,17.0,27.0,31.87198679666717,30.715277360861876,4,1.58,0.0,0,30.869827928602305,19.42395657850756,42.31569927869705,39
FOODS_3_252_TX_2_validation,FOODS_3_252,FOODS_3,FOODS,TX_2,TX,2016-05-06,11614,Friday,7,5,2016,,,1,1,1,1.58,44.20880848388837,54.37587690509973,63.0,63.0,52.661407845045844,47.1378148874839,4,1.58,0.0,0,58.116203217011076,36.567959186744176,79.66444724727798,44
FOODS_3_252_TX_3_validation,FOODS_3_252,FOODS_3,FOODS,TX_3,TX,2016-05-06,11614,Friday,7,5,2016,,,1,1,1,1.58,29.181645338842678,35.53687849506704,36.0,41.0,32.76884443382985,33.63161511044312,4,1.58,0.0,0,36.93441138695566,23.239922318071834,50.628900455839485,60
FOODS_3_318_WI_3_validation,FOODS_3_318,FOODS_3,FOODS,WI_3,WI,2016-05-06,11614,Friday,7,5,2016,,,1,1,1,1.48,19.28516782197843,25.294282372818845,33.0,14.0,25.38024235817099,23.715580132819518,4,1.48,0.0,0,25.235695110108402,15.878839596414782,34.592550623802026,43
FOODS_3_377_TX_2_validation,FOODS_3_377,FOODS_3,FOODS,TX_2,TX,2016-05-06,11614,Friday,7,5,2016,,,1,1,1,1.68,24.053090006019865,30.38005967433248,28.0,32.0,27.907258739294736,27.217623442865968,4,1.68,0.0,0,29.07775770458451,18.296347629812846,39.85916777935617,43
FOODS_3_377_TX_3_validation,FOODS_3_377,FOODS_3,FOODS,TX_3,TX,2016-05-06,11614,Friday,7,5,2016,,,1,1,1,1.68,40.915992815166334,49.897338707363936,52.0,44.0,41.92247028742319,42.31837388939606,4,1.68,0.0,0,47.96776345821003,30.182343637785834,65.75318327863422,63
FOODS_3_491_WI_1_validation,FOODS_3_491,FOODS_3,FOODS,WI_1,WI,2016-05-06,11614,Friday,7,5,2016,,,1,1,1,1.38,18.213925104185105,18.91721165723778,16.0,21.0,19.200610643675066,18.576389834037546,4,1.38,0.0,0,18.928977671229738,11.910517972820877,25.9474373696386,0
FOODS_3_541_CA_3_validation,FOODS_3_541,FOODS_3,FOODS,CA_3,CA,2016-05-06,11614,Friday,7,5,2016,,,1,1,1,0.88,6.476421488677694,6.4356008744794275,0.0,0.0,5.636613436920804,2.0910632894876566,4,0.88,0.0,0,6.253782588795129,3.9350138827185597,8.5725512948717,0
FOODS_3_555_CA_2_validation,FOODS_3_555,FOODS_3,FOODS,CA_2,CA,2016-05-06,11614,Friday,7,5,2016,,,1,1,1,1.68,20.393728379324216,19.077684598413416,18.0,15.0,22.04598740941152,20.69079428585541,4,1.68,0.0,0,20.922304063678453,13.164761611083684,28.679846516273223,21
FOODS_3_555_TX_1_validation,FOODS_3_555,FOODS_3,FOODS,TX_1,TX,2016-05-06,11614,Friday,7,5,2016,,,1,1,1,1.68,29.9797104716759,31.138614326919875,30.0,38.0,29.531590462233456,28.534928042400534,4,1.68,0.0,0,33.92652720700876,21.347297200769674,46.50575721324785,24
FOODS_3_555_TX_2_validation,FOODS_3_555,FOODS_3,FOODS,TX_2,TX,2016-05-06,11614,Friday,7,5,2016,,,1,1,1,1.68,38.53449420730993,45.3744506148825,41.0,54.0,40.93819129871219,40.22232674096018,4,1.68,0.0,0,46.52849798080392,29.276726988326686,63.78026897328115,52
FOODS_3_555_TX_3_validation,FOODS_3_555,FOODS_3,FOODS,TX_3,TX,2016-05-06,11614,Friday,7,5,2016,,,1,1,1,1.68,29.549710629176257,32.9478141889591,40.0,35.0,29.668957445780972,28.032912285141062,4,1.68,0.0,0,35.0769039135175,22.07113885119393,48.08266897584107,29
FOODS_3_555_WI_3_validation,FOODS_3_555,FOODS_3,FOODS,WI_3,WI,2016-05-06,11614,Friday,7,5,2016,,,1,1,1,1.68,24.933181735203163,24.998008779699344,26.0,18.0,28.543749825427927,27.934353281850154,4,1.68,0.0,0,24.498814334869945,15.415178437859796,33.582450231880095,32
FOODS_3_586_CA_1_validation,FOODS_3_586,FOODS_3,FOODS,CA_1,CA,2016-05-06,11614,Friday,7,5,2016,,,1,1,1,1.68,36.17218446207348,34.07316638884808,28.0,41.0,38.18008842543183,38.58625738513016,4,1.68,0.0,0,37.80127569814408,23.78537190006904,51.817179496219126,43
FOODS_3_586_CA_2_validation,FOODS_3_586,FOODS_3,FOODS,CA_2,CA,2016-05-06,11614,Friday,7,5,2016,,,1,1,1,1.68,32.616310881558654,31.52002052392809,34.0,36.0,33.56565769063129,33.63181779391975,4,1.68,0.0,0,34.03215264629431,21.413758988344696,46.65054630424392,39
FOODS_3_586_CA_3_validation,FOODS_3_586,FOODS_3,FOODS,CA_3,CA,2016-05-06,11614,Friday,7,5,2016,,,1,1,1,1.68,59.387765451668606,63.072669776788,61.0,58.0,70.06007061430525,68.82630266584529,4,1.68,0.0,0,63.45230211638471,39.92554684676546,86.97905738600396,51
FOODS_3_586_CA_4_validation,FOODS_3_586,FOODS_3,FOODS,CA_4,CA,2016-05-06,11614,Friday,7,5,2016,,,1,1,1,1.68,19.311017869050154,20.34872640552331,8.0,18.0,18.411965627743108,16.411741515140626,4,1.68,0.0,0,18.115301341610184,11.3985354074485,24.83206727577187,12
FOODS_3_586_TX_1_validation,FOODS_3_586,FOODS_3,FOODS,TX_1,TX,2016-05-06,11614,Friday,7,5,2016,,,1,1,1,1.68,58.24992779102748,48.54997164971601,50.0,54.0,55.39730655674334,54.14412559767169,4,1.68,0.0,0,55.574997627734646,34.968978229113645,76.18101702635565,57
FOODS_3_586_TX_2_validation,FOODS_3_586,FOODS_3,FOODS,TX_2,TX,2016-05-06,11614,Friday,7,5,2016,,,1,1,1,1.68,65.27476992269662,77.83292202769631,80.0,79.0,71.29178952466411,72.21981906961284,4,1.68,0.0,0,77.83292202769631,48.974140748078625,106.691703307314,84
FOODS_3_586_TX_3_validation,FOODS_3_586,FOODS_3,FOODS,TX_3,TX,2016-05-06,11614,Friday,7,5,2016,,,1,1,1,1.68,51.36947696837706,57.37012381375286,55.0,68.0,55.53618956716782,56.98457359067891,4,1.68,0.0,0,58.09984645072188,36.55766715923754,79.64202574220621,63
FOODS_3_586_WI_1_validation,FOODS_3_586,FOODS_3,FOODS,WI_1,WI,2016-05-06,11614,Friday,7,5,2016,,,1,1,1,1.68,12.393128166035856,16.73531086008431,13.0,8.0,16.26008985870923,15.360144313072022,4,1.68,0.0,0,14.165897958812078,8.913486252140345,19.41830966548381,27
FOODS_3_586_WI_3_validation,FOODS_3_586,FOODS_3,FOODS,WI_3,WI,2016-05-06,11614,Friday,7,5,2016,,,1,1,1,1.68,31.47147988714449,35.61224462480158,35.0,25.0,33.10854400336014,32.520949355915754,4,1.68,0.0,0,33.11244755950565,20.835060859150936,45.38983425986036,61
FOODS_3_587_CA_1_validation,FOODS_3_587,FOODS_3,FOODS,CA_1,CA,2016-05-06,11614,Friday,7,5,2016,,,1,1,1,2.48,17.941370871621125,20.58273669670613,21.0,22.0,22.02949516607535,22.282806509383953,4,2.48,0.0,0,21.27205863808393,13.384834676670543,29.159282599497317,14
FOODS_3_587_CA_4_validation,FOODS_3_587,FOODS_3,FOODS,CA_4,CA,2016-05-06,11614,Friday,7,5,2016,,,1,1,1,2.48,14.009354314309304,12.696222630262737,9.0,17.0,15.915868311923642,16.36891320471931,4,2.48,0.0,0,14.813951896562704,9.321255662987493,20.306648130137916,10
FOODS_3_587_TX_1_validation,FOODS_3_587,FOODS_3,FOODS,TX_1,TX,2016-05-06,11614,Friday,7,5,2016,,,1,1,1,2.48,22.067666605201858,23.545805105135496,17.0,32.0,22.910628208699865,25.078478352365348,4,2.48,0.0,0,24.327524060937545,15.307398930605048,33.347649191270044,17
FOODS_3_587_TX_2_validation,FOODS_3_587,FOODS_3,FOODS,TX_2,TX,2016-05-06,11614,Friday,7,5,2016,,,1,1,1,2.48,23.98852708384625,27.503188690433582,34.0,28.0,28.462510339493658,28.79406637251423,4,2.48,0.0,0,28.413643371099205,17.878472674156523,38.94881406804189,30
FOODS_3_635_CA_3_validation,FOODS_3_635,FOODS_3,FOODS,CA_3,CA,2016-05-06,11614,Friday,7,5,2016,,,1,1,1,0.88,6.201106064513711,5.505593174868406,0.0,0.0,5.472648737552333,2.042488259294704,4,0.88,0.0,0,6.253782588795129,3.9350138827185597,8.5725512948717,0
FOODS_3_635_CA_4_validation,FOODS_3_635,FOODS_3,FOODS,CA_4,CA,2016-05-06,11614,Friday,7,5,2016,,,1,1,1,1.0,7.226242511437736,6.4356008744794275,0.0,0.0,6.1856366283634765,2.1743675831643245,4,1.0,0.0,0,7.260430564903806,4.568418339102349,9.952442790705263,0
FOODS_3_694_WI_1_validation,FOODS_3_694,FOODS_3,FOODS,WI_1,WI,2016-05-06,11614,Friday,7,5,2016,,,1,1,1,1.68,17.71549735780557,22.31308767970574,18.0,21.0,22.237591668639602,21.226188795383045,4,1.68,0.0,0,21.08905851119522,13.269687079257011,28.908429943133427,27
FOODS_3_694_WI_2_validation,FOODS_3_694,FOODS_3,FOODS,WI_2,WI,2016-05-06,11614,Friday,7,5,2016,,,1,1,1,1.68,34.65234349814209,39.7461097682086,31.0,37.0,35.635262019854956,36.15820575335392,4,1.68,0.0,0,37.417416062222706,23.543839199672284,51.29099292477313,41
FOODS_3_694_WI_3_validation,FOODS_3_694,FOODS_3,FOODS,WI_3,WI,2016-05-06,11614,Friday,7,5,2016,,,1,1,1,1.68,36.15394419892196,51.675198898548686,46.0,48.0,44.1036019355834,45.15365328353894,4,1.68,0.0,0,48.84146810007737,30.732097302280593,66.95083889787415,50
FOODS_3_711_WI_2_validation,FOODS_3_711,FOODS_3,FOODS,WI_2,WI,2016-05-06,11614,Friday,7,5,2016,,,1,1,1,0.25,34.99770035158093,26.124717899266866,26.0,1.0,29.50729488978084,18.20406466655287,4,0.25,0.0,0,31.5516309865551,19.852961658270193,43.25030031484001,26
FOODS_3_714_CA_1_validation,FOODS_3_714,FOODS_3,FOODS,CA_1,CA,2016-05-06,11614,Friday,7,5,2016,,,1,1,1,1.58,14.850833328129134,20.930027293095744,18.0,18.0,20.752032301067597,18.010661416066718,4,1.58,0.0,0,20.2862751295205,12.764558589922306,27.807991669118696,16
FOODS_3_714_TX_1_validation,FOODS_3_714,FOODS_3,FOODS,TX_1,TX,2016-05-06,11614,Friday,7,5,2016,,,1,1,1,1.58,18.56410262347053,20.77639809227425,21.0,24.0,20.309162503100392,20.201923466246537,4,1.58,0.0,0,23.335439516700372,14.683158097321472,31.98772093607927,30
FOODS_3_714_WI_1_validation,FOODS_3_714,FOODS_3,FOODS,WI_1,WI,2016-05-06,11614,Friday,7,5,2016,,,1,1,1,1.58,14.860750571034982,21.323862238112056,18.0,14.0,18.24353006043975,18.580996176057244,4,1.58,0.0,0,19.763728375872347,12.435760986107434,27.091695765637258,18
FOODS_3_808_CA_4_validation,FOODS_3_808,FOODS_3,FOODS,CA_4,CA,2016-05-06,11614,Friday,7,5,2016,,,1,1,1,1.0,7.226242511437736,6.4356008744794275,0.0,0.0,6.1856366283634765,2.1829984183025175,4,1.0,0.0,0,7.260430564903806,4.568418339102349,9.952442790705263,0
HOBBIES_1_008_TX_2_validation,HOBBIES_1_008,HOBBIES_1,HOBBIES,TX_2,TX,2016-05-06,11614,Friday,7,5,2016,,,1,1,1,0.48,7.117330897753702,5.665581957615664,0.0,0.0,5.542948670845353,3.46416404165128,4,0.48,0.0,0,6.119871226388399,3.8507539867847997,8.388988465992,2
HOBBIES_1_015_CA_2_validation,HOBBIES_1_015,HOBBIES_1,HOBBIES,CA_2,CA,2016-05-06,11614,Friday,7,5,2016,,,1,1,1,0.7,6.379626600232332,7.43199252912751,13.0,11.0,7.013422264082219,7.414591320969045,4,0.7,0.0,0,8.842675371739658,5.564000643468637,12.121350100010678,5
HOBBIES_1_048_WI_3_validation,HOBBIES_1_048,HOBBIES_1,HOBBIES,WI_3,WI,2016-05-06,11614,Friday,7,5,2016,,,1,1,1,0.48,5.160872898797105,7.382037282387009,13.0,3.0,5.862804705796377,5.291163441087892,4,0.48,0.0,0,7.773761248388046,4.891416994277066,10.656105502499026,13
HOBBIES_1_103_WI_3_validation,HOBBIES_1_103,HOBBIES_1,HOBBIES,WI_3,WI,2016-05-06,11614,Friday,7,5,2016,,,1,1,1,0.7,5.160872898797105,5.630849502313047,1.0,3.0,6.181485134040185,4.714872478199164,4,0.7,0.0,0,5.97376603928551,3.758821475312918,8.188710603258102,1
HOBBIES_1_178_CA_4_validation,HOBBIES_1_178,HOBBIES_1,HOBBIES,CA_4,CA,2016-05-06,11614,Friday,7,5,2016,,,1,1,1,0.48,8.136814686914807,9.046773302191234,11.0,0.0,6.43983253446543,5.902030730680032,4,0.48,0.0,0,7.895725212055104,4.968159331159891,10.823291092950317,0
HOBBIES_1_178_WI_2_validation,HOBBIES_1_178,HOBBIES_1,HOBBIES,WI_2,WI,2016-05-06,11614,Friday,7,5,2016,,,1,1,1,0.48,9.01172389082643,5.8307992319052016,0.0,13.0,5.806922852851876,5.029447237230256,4,0.48,0.0,0,7.942727537142151,4.997734200306919,10.887720873977383,0
HOBBIES_1_234_CA_3_validation,HOBBIES_1_234,HOBBIES_1,HOBBIES,CA_3,CA,2016-05-06,11614,Friday,7,5,2016,,,1,1,1,0.3,27.462552318771795,30.47359314471987,30.0,4.0,27.97480972087152,27.211827722708797,4,0.3,0.0,0,25.37105390770361,15.964010249555102,34.77809756585212,46
HOBBIES_1_254_CA_3_validation,HOBBIES_1_254,HOBBIES_1,HOBBIES,CA_3,CA,2016-05-06,11614,Friday,7,5,2016,,,1,1,1,0.7,11.145099178454542,10.36469899340242,6.0,27.0,10.826953110034182,14.889333661830731,4,0.7,0.0,0,11.216860114307842,7.057888508851615,15.375831719764069,7
HOBBIES_1_254_TX_1_validation,HOBBIES_1_254,HOBBIES_1,HOBBIES,TX_1,TX,2016-05-06,11614,Friday,7,5,2016,,,1,1,1,0.7,5.160872898797105,5.528796629062842,1.0,3.0,5.5015568823031495,4.550576093083541,4,0.7,0.0,0,5.97376603928551,3.758821475312918,8.188710603258102,0
HOBBIES_1_348_CA_1_validation,HOBBIES_1_348,HOBBIES_1,HOBBIES,CA_1,CA,2016-05-06,11614,Friday,7,5,2016,,,1,1,1,0.48,6.002856633728718,5.674901816165729,1.0,5.0,7.222837197252706,6.304032225947583,4,0.48,0.0,0,6.008498494588128,3.7806758797243507,8.236321109451906,2
HOBBIES_1_348_CA_2_validation,HOBBIES_1_348,HOBBIES_1,HOBBIES,CA_2,CA,2016-05-06,11614,Friday,7,5,2016,,,1,1,1,0.48,6.642863510442843,6.897375725387184,9.0,0.0,6.2167910460191775,6.0897592314027715,4,0.48,0.0,0,6.767531755895388,4.258275856743165,9.276787655047611,2
HOBBIES_1_354_TX_3_validation,HOBBIES_1_354,HOBBIES_1,HOBBIES,TX_3,TX,2016-05-06,11614,Friday,7,5,2016,,,1,1,1,22.98,21.45717650801773,19.86496499249199,8.0,18.0,23.400141380388742,22.13196576912889,4,22.98,0.0,0,19.19445677381445,12.077563107410977,26.311350440217925,32
HOBBIES_1_370_WI_1_validation,HOBBIES_1_370,HOBBIES_1,HOBBIES,WI_1,WI,2016-05-06,11614,Friday,7,5,2016,,,1,1,1,0.48,5.160872898797105,6.870393347300662,5.0,6.0,6.1961004451163175,6.401819418095663,4,0.48,0.0,0,6.7135289012581545,4.224296104539325,9.202761697976985,5
HOBBIES_1_371_CA_1_validation,HOBBIES_1_371,HOBBIES_1,HOBBIES,CA_1,CA,2016-05-06,11614,Friday,7,5,2016,,,1,1,1,0.48,8.514810439108272,10.386435012650294,15.0,11.0,8.762482440659626,9.07435131482752,4,0.48,0.0,0,9.636810057378016,6.063687188110307,13.209932926645724,3
HOBBIES_1_371_CA_4_validation,HOBBIES_1_371,HOBBIES_1,HOBBIES,CA_4,CA,2016-05-06,11614,Friday,7,5,2016,,,1,1,1,0.48,7.3936420238627845,6.378488502572393,0.0,13.0,7.181768899207109,7.007828226613341,4,0.48,0.0,0,7.4936949692414565,4.7151932959192555,10.272196642563657,14
HOBBIES_1_371_TX_1_validation,HOBBIES_1_371,HOBBIES_1,HOBBIES,TX_1,TX,2016-05-06,11614,Friday,7,5,2016,,,1,1,1,0.48,5.160872898797105,6.076485899730032,0.0,0.0,5.437388079903404,2.9157161106212066,4,0.48,0.0,0,5.97376603928551,3.758821475312918,8.188710603258102,0
HOBBIES_1_371_TX_2_validation,HOBBIES_1_371,HOBBIES_1,HOBBIES,TX_2,TX,2016-05-06,11614,Friday,7,5,2016,,,1,1,1,0.48,5.160872898797105,5.528796629062842,0.0,3.0,5.42073500464176,3.912019505035296,4,0.48,0.0,0,5.97376603928551,3.758821475312918,8.188710603258102,6
HOBBIES_1_371_TX_3_validation,HOBBIES_1_371,HOBBIES_1,HOBBIES,TX_3,TX,2016-05-06,11614,Friday,7,5,2016,,,1,1,1,0.48,5.4361883229610894,5.563529084365458,0.0,0.0,5.555751119793654,4.764360521428759,4,0.48,0.0,0,5.97376603928551,3.758821475312918,8.188710603258102,7
HOBBIES_1_371_WI_1_validation,HOBBIES_1_371,HOBBIES_1,HOBBIES,WI_1,WI,2016-05-06,11614,Friday,7,5,2016,,,1,1,1,0.48,8.218804410109232,6.865810221580543,2.0,13.0,7.279023566255006,7.416505974516598,4,0.48,0.0,0,8.122864602558328,5.111080298150945,11.134648906965712,10
HOBBIES_1_371_WI_2_validation,HOBBIES_1_371,HOBBIES_1,HOBBIES,WI_2,WI,2016-05-06,11614,Friday,7,5,2016,,,1,1,1,0.48,6.025694406621807,5.8188627060159295,2.0,0.0,5.494116651998341,4.29254547552263,4,0.48,0.0,0,6.008498494588128,3.7806758797243507,8.236321109451906,0
HOUSEHOLD_1_110_CA_1_validation,HOUSEHOLD_1_110,HOUSEHOLD_1,HOUSEHOLD,CA_1,CA,2016-05-06,11614,Friday,7,5,2016,,,1,1,1,3.97,6.445717800749443,7.696564756480209,11.0,7.0,8.28478150444469,8.166285826950107,4,3.97,0.0,0,8.922888711137986,5.614472593785101,12.231304828490872,4
HOUSEHOLD_1_110_CA_4_validation,HOUSEHOLD_1_110,HOUSEHOLD_1,HOUSEHOLD,CA_4,CA,2016-05-06,11614,Friday,7,5,2016,,,1,1,1,3.97,6.301756910899243,6.959848934289253,7.0,6.0,6.442200302262188,5.568279954665927,4,3.97,0.0,0,7.498218346406379,4.71803950166562,10.278397191147137,5
HOUSEHOLD_1_110_WI_2_validation,HOUSEHOLD_1_110,HOUSEHOLD_1,HOUSEHOLD,WI_2,WI,2016-05-06,11614,Friday,7,5,2016,,,1,1,1,3.97,24.774938035049807,30.792594850459118,33.0,28.0,26.59856635292354,23.4628241156704,4,3.97,0.0,0,28.488286957441122,17.925440016615404,39.05113389826684,26
HOUSEHOLD_1_110_WI_3_validation,HOUSEHOLD_1_110,HOUSEHOLD_1,HOUSEHOLD,WI_3,WI,2016-05-06,11614,Friday,7,5,2016,,,1,1,1,3.97,8.532881906452563,15.385824941048385,25.0,18.0,13.273322254890584,14.250733405581139,4,3.97,0.0,0,15.009994228357959,9.444609694929218,20.5753787617867,14
HOUSEHOLD_1_118_CA_1_validation,HOUSEHOLD_1_118,HOUSEHOLD_1,HOUSEHOLD,CA_1,CA,2016-05-06,11614,Friday,7,5,2016,,,1,1,1,0.97,6.74851374088487,6.51899206517668,1.0,5.0,8.009658640038278,8.626408532023627,4,0.97,0.0,0,6.608345796037609,4.158112643027268,9.05857894904795,8
HOUSEHOLD_1_118_CA_3_validation,HOUSEHOLD_1_118,HOUSEHOLD_1,HOUSEHOLD,CA_3,CA,2016-05-06,11614,Friday,7,5,2016,,,1,1,1,0.97,26.342887746217787,19.747305245481233,14.0,8.0,22.420660345493207,21.200708465283043,4,0.97,0.0,0,18.86650637804655,11.871209697795827,25.861803058297276,16
HOUSEHOLD_1_118_TX_3_validation,HOUSEHOLD_1_118,HOUSEHOLD_1,HOUSEHOLD,TX_3,TX,2016-05-06,11614,Friday,7,5,2016,,,1,1,1,0.97,5.878694488407736,6.407619333376407,3.0,7.0,6.841845824056202,6.438869649330888,4,0.97,0.0,0,6.852588743599077,4.311795534263761,9.393381952934392,5
HOUSEHOLD_1_151_CA_4_validation,HOUSEHOLD_1_151,HOUSEHOLD_1,HOUSEHOLD,CA_4,CA,2016-05-06,11614,Friday,7,5,2016,,,1,1,1,0.88,4.981393422933407,5.518971139257827,4.0,1.0,4.987012827738548,4.130588499754885,4,0.88,0.0,0,5.794286563421812,3.64588914689266,7.942683979950964,1
HOUSEHOLD_1_191_CA_2_validation,HOUSEHOLD_1_191,HOUSEHOLD_1,HOUSEHOLD,CA_2,CA,2016-05-06,11614,Friday,7,5,2016,,,1,1,1,2.96,12.00919733340467,11.581868540527113,9.0,14.0,11.353786724551167,11.11692884513661,4,2.96,0.0,0,12.53276029615676,7.885881073403654,17.179639518909866,11
HOUSEHOLD_1_191_CA_4_validation,HOUSEHOLD_1_191,HOUSEHOLD_1,HOUSEHOLD,CA_4,CA,2016-05-06,11614,Friday,7,5,2016,,,1,1,1,2.96,6.849446181566435,7.452020851457291,3.0,7.0,6.2672829646571655,4.83325159221062,4,2.96,0.0,0,7.507538204956445,4.72390375618019,10.2911726537327,3
HOUSEHOLD_1_234_CA_2_validation,HOUSEHOLD_1_234,HOUSEHOLD_1,HOUSEHOLD,CA_2,CA,2016-05-06,11614,Friday,7,5,2016,,,1,1,1,0.97,8.658061318073862,7.704498616067714,12.0,4.0,6.97357314745814,6.626478939874823,4,0.97,0.0,0,8.525654118633794,5.364524084382058,11.68678415288553,16
HOUSEHOLD_1_234_TX_1_validation,HOUSEHOLD_1_234,HOUSEHOLD_1,HOUSEHOLD,TX_1,TX,2016-05-06,11614,Friday,7,5,2016,,,1,1,1,0.97,11.455044379942766,12.75889033589726,19.0,5.0,11.368171331489162,11.078057810311572,4,0.97,0.0,0,12.229094892847977,7.694808300924749,16.763381484771205,14
HOUSEHOLD_1_234_TX_2_validation,HOUSEHOLD_1_234,HOUSEHOLD_1,HOUSEHOLD,TX_2,TX,2016-05-06,11614,Friday,7,5,2016,,,1,1,1,0.97,5.619331424763428,7.536151488783234,4.0,9.0,5.745823142728888,3.698812911679427,4,0.97,0.0,0,7.6592755635749095,4.819380150540382,10.499170976609436,2
HOUSEHOLD_1_303_CA_2_validation,HOUSEHOLD_1_303,HOUSEHOLD_1,HOUSEHOLD,CA_2,CA,2016-05-06,11614,Friday,7,5,2016,,,1,1,1,0.98,6.202035592907392,7.144913560457911,9.0,9.0,6.908266733044164,6.709723013524516,4,0.98,0.0,0,8.087849920971694,5.089048310919851,11.086651531023538,6
HOUSEHOLD_1_303_CA_3_validation,HOUSEHOLD_1_303,HOUSEHOLD_1,HOUSEHOLD,CA_3,CA,2016-05-06,11614,Friday,7,5,2016,,,1,1,1,0.98,8.745083843547842,14.985037134599981,18.0,12.0,12.037469343948361,12.123941748818755,4,0.98,0.0,0,13.415136344271719,8.44109097234254,18.3891817162009,4
HOUSEHOLD_1_303_WI_1_validation,HOUSEHOLD_1_303,HOUSEHOLD_1,HOUSEHOLD,WI_1,WI,2016-05-06,11614,Friday,7,5,2016,,,1,1,1,0.98,6.211355451457458,6.89765157272779,4.0,9.0,5.805180133979455,4.8465446463045385,4,0.98,0.0,0,7.632262982770161,4.80238325642622,10.462142709114103,0
HOUSEHOLD_1_327_CA_2_validation,HOUSEHOLD_1_327,HOUSEHOLD_1,HOUSEHOLD,CA_2,CA,2016-05-06,11614,Friday,7,5,2016,,,1,1,1,0.98,5.907909128351734,6.238589570260327,4.0,7.0,6.034833566912942,4.178641889955637,4,0.98,0.0,0,7.061594265091502,4.443306282672426,9.679882247510578,6
HOUSEHOLD_1_327_WI_1_validation,HOUSEHOLD_1_327,HOUSEHOLD_1,HOUSEHOLD,WI_1,WI,2016-05-06,11614,Friday,7,5,2016,,,1,1,1,0.98,7.4379931575645495,6.923210583431311,5.0,6.0,6.1643611227574295,4.232063943748039,4,0.98,0.0,0,7.3650405881972265,4.634241205197608,10.095839971196845,0
HOUSEHOLD_1_334_CA_1_validation,HOUSEHOLD_1_334,HOUSEHOLD_1,HOUSEHOLD,CA_1,CA,2016-05-06,11614,Friday,7,5,2016,,,1,1,1,0.97,8.903817577229704,14.142169517348911,13.0,20.0,11.321289267916214,12.993236141478377,4,0.97,0.0,0,12.844810663821455,8.082229844956421,17.607391482686488,0
HOUSEHOLD_1_334_CA_3_validation,HOUSEHOLD_1_334,HOUSEHOLD_1,HOUSEHOLD,CA_3,CA,2016-05-06,11614,Friday,7,5,2016,,,1,1,1,0.97,19.230663240961864,21.93739606319529,21.0,18.0,22.448201390304796,23.56322427017775,4,0.97,0.0,0,20.518911274364267,12.910938232416196,28.12688431631234,20
HOUSEHOLD_1_334_TX_1_validation,HOUSEHOLD_1_334,HOUSEHOLD_1,HOUSEHOLD,TX_1,TX,2016-05-06,11614,Friday,7,5,2016,,,1,1,1,0.96,6.853917260842599,9.850187813423226,7.0,5.0,8.693506901245241,9.908511743016472,4,0.96,0.0,0,7.037960912215691,4.428435671111973,9.647486153319411,9
HOUSEHOLD_1_334_TX_2_validation,HOUSEHOLD_1_334,HOUSEHOLD_1,HOUSEHOLD,TX_2,TX,2016-05-06,11614,Friday,7,5,2016,,,1,1,1,0.96,11.675421322208516,11.301501622453943,6.0,11.0,11.172758504010272,10.618576831267879,4,0.96,0.0,0,10.206900797747409,6.422400486168061,13.991401109326755,28
HOUSEHOLD_1_334_TX_3_validation,HOUSEHOLD_1_334,HOUSEHOLD_1,HOUSEHOLD,TX_3,TX,2016-05-06,11614,Friday,7,5,2016,,,1,1,1,0.96,7.769826641109007,11.409366705718238,11.0,8.0,10.69134074134762,10.492472338907154,4,0.96,0.0,0,9.464348656934387,5.955170782983804,12.973526530884971,6
HOUSEHOLD_1_334_WI_2_validation,HOUSEHOLD_1_334,HOUSEHOLD_1,HOUSEHOLD,WI_2,WI,2016-05-06,11614,Friday,7,5,2016,,,1,1,1,0.97,21.34639115222076,22.78225820611609,20.0,23.0,19.706159848563352,18.597328965753643,4,0.97,0.0,0,20.96812340536178,13.193592121748374,28.742654688975186,24
HOUSEHOLD_1_334_WI_3_validation,HOUSEHOLD_1_334,HOUSEHOLD_1,HOUSEHOLD,WI_3,WI,2016-05-06,11614,Friday,7,5,2016,,,1,1,1,0.97,8.995796576301597,13.04714319167353,13.0,10.0,11.400286359173316,11.58375431434241,4,0.97,0.0,0,11.332169416377063,7.130443590197414,15.533895242556712,9
HOUSEHOLD_1_389_WI_1_validation,HOUSEHOLD_1_389,HOUSEHOLD_1,HOUSEHOLD,WI_1,WI,2016-05-06,11614,Friday,7,5,2016,,,1,1,1,0.98,5.6214590369091,6.616624854868833,0.0,2.0,5.960147135877922,3.5597092799228274,4,0.98,0.0,0,6.7059785857297625,4.219545284375483,9.192411887084042,3
HOUSEHOLD_1_399_CA_4_validation,HOUSEHOLD_1_399,HOUSEHOLD_1,HOUSEHOLD,CA_4,CA,2016-05-06,11614,Friday,7,5,2016,,,1,1,1,0.97,5.672945256470283,6.565720350638873,5.0,3.0,5.542423782236069,3.179300082049454,4,0.97,0.0,0,6.496973064237338,4.088034535966819,8.905911592507858,5
HOUSEHOLD_1_409_WI_2_validation,HOUSEHOLD_1_409,HOUSEHOLD_1,HOUSEHOLD,WI_2,WI,2016-05-06,11614,Friday,7,5,2016,,,1,1,1,2.94,8.963379201474817,16.41882637156887,12.0,6.0,12.136819317167783,9.390937464420919,4,2.94,0.0,0,11.362840856588829,7.149742716977503,15.575938996200154,12
HOUSEHOLD_1_441_WI_3_validation,HOUSEHOLD_1_441,HOUSEHOLD_1,HOUSEHOLD,WI_3,WI,2016-05-06,11614,Friday,7,5,2016,,,1,1,1,2.77,6.10968331959379,9.834636326954044,8.0,5.0,7.794730484015775,7.044458729199503,4,2.77,0.0,0,7.515900709576414,4.72916562310739,10.302635796045438,2
HOUSEHOLD_1_459_CA_3_validation,HOUSEHOLD_1_459,HOUSEHOLD_1,HOUSEHOLD,CA_3,CA,2016-05-06,11614,Friday,7,5,2016,,,1,1,1,0.97,20.313663583080956,25.518102194992355,33.0,40.0,24.85201112637157,26.621353920617302,4,0.97,0.0,0,27.134464036299498,17.07358565266937,37.19534241992963,12
HOUSEHOLD_1_459_TX_1_validation,HOUSEHOLD_1_459,HOUSEHOLD_1,HOUSEHOLD,TX_1,TX,2016-05-06,11614,Friday,7,5,2016,,,1,1,1,0.96,6.646648446169919,7.866542815236874,9.0,6.0,7.202753205535805,7.617097487450855,4,0.96,0.0,0,7.8476401072035085,4.937903153805401,10.757377060601616,6
HOUSEHOLD_1_459_TX_3_validation,HOUSEHOLD_1_459,HOUSEHOLD_1,HOUSEHOLD,TX_3,TX,2016-05-06,11614,Friday,7,5,2016,,,1,1,1,0.96,5.517278551513223,6.894941052384559,0.0,5.0,5.4534546364348,3.767416407385986,4,0.96,0.0,0,6.496973064237338,4.088034535966819,8.905911592507858,0
HOUSEHOLD_1_459_WI_1_validation,HOUSEHOLD_1_459,HOUSEHOLD_1,HOUSEHOLD,WI_1,WI,2016-05-06,11614,Friday,7,5,2016,,,1,1,1,0.97,6.297466323460296,7.774998674606172,8.0,9.0,7.0120497891758715,6.9996980443094525,4,0.97,0.0,0,7.999137827734466,5.0332287627508805,10.965046892718052,5
HOUSEHOLD_1_459_WI_2_validation,HOUSEHOLD_1_459,HOUSEHOLD_1,HOUSEHOLD,WI_2,WI,2016-05-06,11614,Friday,7,5,2016,,,1,1,1,0.97,28.59179597689054,31.645206685195312,27.0,27.0,26.577934471059212,26.133185100468427,4,0.97,0.0,0,29.04911243303994,18.278323411733364,39.81990145434652,30
HOUSEHOLD_1_459_WI_3_validation,HOUSEHOLD_1_459,HOUSEHOLD_1,HOUSEHOLD,WI_3,WI,2016-05-06,11614,Friday,7,5,2016,,,1,1,1,0.97,10.498903161281383,12.61964644227446,11.0,14.0,12.452286333846079,10.979560129736475,4,0.97,0.0,0,12.066301533921013,7.592375234489127,16.5402278333529,18
HOUSEHOLD_1_474_TX_2_validation,HOUSEHOLD_1_474,HOUSEHOLD_1,HOUSEHOLD,TX_2,TX,2016-05-06,11614,Friday,7,5,2016,,,1,1,1,0.97,8.140001024187624,8.161751096334013,16.0,12.0,8.652862973352887,10.982635124826487,4,0.97,0.0,0,10.252623309264015,6.45117006921896,14.05407654930907,12
HOUSEHOLD_1_521_TX_1_validation,HOUSEHOLD_1_521,HOUSEHOLD_1,HOUSEHOLD,TX_1,TX,2016-05-06,11614,Friday,7,5,2016,,,1,1,1,0.94,7.721231727127747,7.289346609679007,11.0,11.0,8.046550812218689,9.136890900950226,4,0.94,0.0,0,9.015278655351828,5.67260632452215,12.357950986181507,12
HOUSEHOLD_1_521_TX_2_validation,HOUSEHOLD_1_521,HOUSEHOLD_1,HOUSEHOLD,TX_2,TX,2016-05-06,11614,Friday,7,5,2016,,,1,1,1,0.94,7.0430349134925665,6.816786074874317,2.0,8.0,6.741745420478895,8.350440797575759,4,0.94,0.0,0,7.093290910808837,4.463250490703706,9.723331330913968,1
HOUSEHOLD_1_521_TX_3_validation,HOUSEHOLD_1_521,HOUSEHOLD_1,HOUSEHOLD,TX_3,TX,2016-05-06,11614,Friday,7,5,2016,,,1,1,1,0.94,5.871092181313432,5.771626896109729,2.0,16.0,6.792478952877603,6.983852398897911,4,0.94,0.0,0,7.635307603744944,4.8042989971212755,10.466316210368612,13
HOUSEHOLD_1_535_CA_1_validation,HOUSEHOLD_1_535,HOUSEHOLD_1,HOUSEHOLD,CA_1,CA,2016-05-06,11614,Friday,7,5,2016,,,1,1,1,6.97,6.10968331959379,7.409424457310147,4.0,6.0,9.146833771737557,8.498328335687676,4,6.97,0.0,0,7.396165473156174,4.653825649119741,10.138505297192607,4
FOODS_1_218_CA_2_validation,FOODS_1_218,FOODS_1,FOODS,CA_2,CA,2016-05-07,11615,Saturday,1,5,2016,,,1,1,0,0.98,10.118497919310949,10.022745508587892,3.0,9.0,8.745191191930848,9.908828030266648,5,0.98,0.0,0,9.743055942716786,6.130539373624216,13.355572511809356,2
FOODS_2_360_WI_2_validation,FOODS_2_360,FOODS_2,FOODS,WI_2,WI,2016-05-07,11615,Saturday,1,5,2016,,,1,1,0,0.94,56.67764148214118,54.391757180182864,46.0,169.0,49.4034505734254,57.109538756277864,5,0.94,0.0,0,60.80388839103712,38.25910823486082,83.34866854721342,48
FOODS_3_007_WI_2_validation,FOODS_3_007,FOODS_3,FOODS,WI_2,WI,2016-05-07,11615,Saturday,1,5,2016,,,1,1,0,0.25,39.7101307983043,30.840818852379613,58.0,85.0,34.46213281143309,35.02805667391552,5,0.25,0.0,0,44.35512089946639,27.909191602179977,60.801050196752804,6
FOODS_3_030_TX_3_validation,FOODS_3_030,FOODS_3,FOODS,TX_3,TX,2016-05-07,11615,Saturday,1,5,2016,,,1,1,0,1.25,22.009857989249667,23.21144827521896,24.0,18.0,19.90691614866091,19.064741651259034,5,1.25,0.0,0,23.09713368821869,14.533210968508856,31.661056407928527,40
FOODS_3_080_CA_2_validation,FOODS_3_080,FOODS_3,FOODS,CA_2,CA,2016-05-07,11615,Saturday,1,5,2016,,,1,1,0,1.68,14.838723204874436,16.219706342088024,16.0,28.0,15.356981115074944,14.464093103073184,5,1.68,0.0,0,19.40186473894073,12.208068639154375,26.595660838727085,16
FOODS_3_090_CA_1_validation,FOODS_3_090,FOODS_3,FOODS,CA_1,CA,2016-05-07,11615,Saturday,1,5,2016,,,1,1,0,1.6,61.65825469895595,79.36178164135303,95.0,83.0,53.361847820926585,53.476862492689534,5,1.6,0.0,0,82.24278506471876,51.74892097511463,112.73664915432289,104
FOODS_3_090_CA_2_validation,FOODS_3_090,FOODS_3,FOODS,CA_2,CA,2016-05-07,11615,Saturday,1,5,2016,,,1,1,0,1.6,54.31611753010461,68.11607984009416,73.0,82.0,49.225099740590146,51.26263211567632,5,1.6,0.0,0,70.67594751008247,44.47081916866642,96.88107585149851,89
FOODS_3_090_CA_3_validation,FOODS_3_090,FOODS_3,FOODS,CA_3,CA,2016-05-07,11615,Saturday,1,5,2016,,,1,1,0,1.6,99.52570719067737,142.35603153168364,139.0,160.0,98.73078950110549,109.44028265423877,5,1.6,0.0,0,135.83741332336498,85.47180840244124,186.20301824428873,173
FOODS_3_090_CA_4_validation,FOODS_3_090,FOODS_3,FOODS,CA_4,CA,2016-05-07,11615,Saturday,1,5,2016,,,1,1,0,1.6,28.442113914354692,32.45882787271013,24.0,32.0,26.687963707703123,26.521134345029328,5,1.6,0.0,0,32.49563738134492,20.446950690688528,44.54432407200132,36
FOODS_3_090_TX_1_validation,FOODS_3_090,FOODS_3,FOODS,TX_1,TX,2016-05-07,11615,Saturday,1,5,2016,,,1,1,0,1.5,58.48366816111851,65.5357002969306,45.0,64.0,53.585856811844494,50.900577200144404,5,1.5,0.0,0,62.48842844713588,39.31905689994884,85.65779999432291,64
FOODS_3_090_TX_2_validation,FOODS_3_090,FOODS_3,FOODS,TX_2,TX,2016-05-07,11615,Saturday,1,5,2016,,,1,1,0,1.5,56.958218954353846,90.09268423101383,83.0,102.0,60.88094281533569,60.11402748634044,5,1.5,0.0,0,83.5163943026409,52.550303172404575,114.48248543287723,92
FOODS_3_090_TX_3_validation,FOODS_3_090,FOODS_3,FOODS,TX_3,TX,2016-05-07,11615,Saturday,1,5,2016,,,1,1,0,1.5,60.78417064564264,83.85128546964373,102.0,97.0,61.89051278389936,64.36706673688175,5,1.5,0.0,0,91.96374970293557,57.86556002702787,126.06193937884328,146
FOODS_3_090_WI_1_validation,FOODS_3_090,FOODS_3,FOODS,WI_1,WI,2016-05-07,11615,Saturday,1,5,2016,,,1,1,0,1.44,22.780096520841855,26.19015578454871,34.0,43.0,19.255530590737077,20.398382441608188,5,1.44,0.04347826086956526,0,36.09613091381044,22.712458298879916,49.479803528740966,45
FOODS_3_090_WI_3_validation,FOODS_3_090,FOODS_3,FOODS,WI_3,WI,2016-05-07,11615,Saturday,1,5,2016,,,1,1,0,1.44,73.77441748628478,104.03699821697626,171.0,131.0,74.23836930878257,79.5796575385949,5,1.44,0.04347826086956526,0,113.35321516115532,71.32426958831434,155.3821607339963,140
FOODS_3_120_CA_1_validation,FOODS_3_120,FOODS_3,FOODS,CA_1,CA,2016-05-07,11615,Saturday,1,5,2016,,,1,1,0,4.98,45.95023640587316,60.39789699404946,59.0,55.0,48.22212973783074,39.65197730339888,5,4.98,0.0,0,59.07173886533802,37.16920267230056,80.97427505837548,57
FOODS_3_120_CA_3_validation,FOODS_3_120,FOODS_3,FOODS,CA_3,CA,2016-05-07,11615,Saturday,1,5,2016,,,1,1,0,4.98,59.500603494507786,67.63184106949883,81.0,61.0,69.32963846701897,72.18154179092771,5,4.98,0.0,0,67.6333449718647,42.55634851710699,92.71034142662242,77
FOODS_3_226_WI_1_validation,FOODS_3_226,FOODS_3,FOODS,WI_1,WI,2016-05-07,11615,Saturday,1,5,2016,,,1,1,0,1.68,35.757981859329526,45.46530504867438,41.0,55.0,36.039979878782844,37.68985217420574,5,1.68,0.0,0,45.277043720924425,28.489285177503863,62.06480226434499,51
FOODS_3_226_WI_2_validation,FOODS_3_226,FOODS_3,FOODS,WI_2,WI,2016-05-07,11615,Saturday,1,5,2016,,,1,1,0,1.68,52.271144752299236,51.95691798493042,43.0,52.0,44.712173530945286,45.77145349792372,5,1.68,0.0,0,52.05718033647145,32.755492281778366,71.35886839116453,60
FOODS_3_226_WI_3_validation,FOODS_3_226,FOODS_3,FOODS,WI_3,WI,2016-05-07,11615,Saturday,1,5,2016,,,1,1,0,1.68,48.97911641623123,54.87621934950034,40.0,55.0,45.03920062784043,45.8209122905886,5,1.68,0.0,0,51.358811840361064,32.31606387370236,70.40155980701977,73
FOODS_3_234_WI_2_validation,FOODS_3_234,FOODS_3,FOODS,WI_2,WI,2016-05-07,11615,Saturday,1,5,2016,,,1,1,0,0.25,34.42042195261944,29.10197539299975,27.0,0.0,30.920123350479987,21.28002178504838,5,0.25,0.0,0,31.195499962460048,19.62887639403481,42.76212353088529,1
FOODS_3_252_CA_1_validation,FOODS_3_252,FOODS_3,FOODS,CA_1,CA,2016-05-07,11615,Saturday,1,5,2016,,,1,1,0,1.58,38.83063570982774,51.45072399432258,49.0,59.0,38.918948166830035,36.70798269876254,5,1.58,0.0,0,52.31156615558948,32.915557284931765,71.7075750262472,45
FOODS_3_252_CA_2_validation,FOODS_3_252,FOODS_3,FOODS,CA_2,CA,2016-05-07,11615,Saturday,1,5,2016,,,1,1,0,1.58,32.67758202771366,48.49823744384582,41.0,41.0,37.758473027919095,34.557433504985674,5,1.58,0.0,0,43.71184176374476,27.504426598986043,59.91925692850347,36
FOODS_3_252_CA_3_validation,FOODS_3_252,FOODS_3,FOODS,CA_3,CA,2016-05-07,11615,Saturday,1,5,2016,,,1,1,0,1.58,40.8427913880891,53.30937870380595,61.0,51.0,45.579697936813794,46.2410974976815,5,1.58,0.0,0,56.1236474579757,35.314200447522374,76.93309446842902,48
FOODS_3_252_CA_4_validation,FOODS_3_252,FOODS_3,FOODS,CA_4,CA,2016-05-07,11615,Saturday,1,5,2016,,,1,1,0,1.58,17.860977553903094,23.695699769918097,20.0,17.0,18.22419807069207,16.368599087482206,5,1.58,0.0,0,22.41109695143919,14.101541967395983,30.7206519354824,16
FOODS_3_252_TX_1_validation,FOODS_3_252,FOODS_3,FOODS,TX_1,TX,2016-05-07,11615,Saturday,1,5,2016,,,1,1,0,1.58,30.869827928602305,39.33844190449935,55.0,55.0,32.0179287315249,30.853485501169096,5,1.58,0.0,0,44.88190974043992,28.24065841815246,61.52316106272739,54
FOODS_3_252_TX_2_validation,FOODS_3_252,FOODS_3,FOODS,TX_2,TX,2016-05-07,11615,Saturday,1,5,2016,,,1,1,0,1.58,58.116203217011076,75.70061223806768,91.0,50.0,53.195740175318896,46.96339357380573,5,1.58,0.0,0,71.767498714091,45.157646553610626,98.37735087457139,75
FOODS_3_252_TX_3_validation,FOODS_3_252,FOODS_3,FOODS,TX_3,TX,2016-05-07,11615,Saturday,1,5,2016,,,1,1,0,1.58,36.93441138695566,49.47854017357905,64.0,45.0,32.968491989813934,33.4864155171201,5,1.58,0.0,0,50.621605739477914,31.85219801328733,69.3910134656685,53
FOODS_3_318_WI_3_validation,FOODS_3_318,FOODS_3,FOODS,WI_3,WI,2016-05-07,11615,Saturday,1,5,2016,,,1,1,0,1.48,25.235695110108402,37.73760967539943,52.0,23.0,25.371872749212354,24.11685495818052,5,1.48,0.0,0,36.45978614631426,22.941277956120587,49.97829433650793,47
FOODS_3_377_TX_2_validation,FOODS_3_377,FOODS_3,FOODS,TX_2,TX,2016-05-07,11615,Saturday,1,5,2016,,,1,1,0,1.68,29.07775770458451,35.87178124703061,39.0,26.0,27.72121560075931,27.11325764660113,5,1.68,0.0,0,34.351011703369075,21.6143919330313,47.08763147370685,38
FOODS_3_377_TX_3_validation,FOODS_3_377,FOODS_3,FOODS,TX_3,TX,2016-05-07,11615,Saturday,1,5,2016,,,1,1,0,1.68,47.96776345821003,49.347648606086075,48.0,57.0,41.646816680401194,42.460079727189274,5,1.68,0.0,0,52.84540276705877,33.25145870897533,72.43934682514222,72
FOODS_3_491_WI_1_validation,FOODS_3_491,FOODS_3,FOODS,WI_1,WI,2016-05-07,11615,Saturday,1,5,2016,,,1,1,0,1.44,18.928977671229738,22.166184945617456,13.0,21.0,19.202291502816774,18.502424750867174,5,1.44,0.04347826086956526,0,26.42527133705915,16.62734642426487,36.22319624985343,10
FOODS_3_541_CA_3_validation,FOODS_3_541,FOODS_3,FOODS,CA_3,CA,2016-05-07,11615,Saturday,1,5,2016,,,1,1,0,0.88,6.253782588795129,5.464009785533584,0.0,0.0,5.610639396108762,2.3144126676589107,5,0.88,0.0,0,5.805275984126665,3.6528039256561735,7.957748042597156,0
FOODS_3_555_CA_2_validation,FOODS_3_555,FOODS_3,FOODS,CA_2,CA,2016-05-07,11615,Saturday,1,5,2016,,,1,1,0,1.68,20.922304063678453,25.81934405563972,23.0,20.0,22.309504475877954,20.902305145272496,5,1.68,0.0,0,24.97235761060784,15.713142004331596,34.23157321688409,20
FOODS_3_555_TX_1_validation,FOODS_3_555,FOODS_3,FOODS,TX_1,TX,2016-05-07,11615,Saturday,1,5,2016,,,1,1,0,1.68,33.92652720700876,33.18178659385061,38.0,34.0,29.929863730817583,28.389446871222276,5,1.68,0.0,0,35.882715493914596,22.57817274799092,49.18725823983827,50
FOODS_3_555_TX_2_validation,FOODS_3_555,FOODS_3,FOODS,TX_2,TX,2016-05-07,11615,Saturday,1,5,2016,,,1,1,0,1.68,46.52849798080392,54.48164556717014,48.0,57.0,41.10305520812955,39.95548738313175,5,1.68,0.0,0,53.92968178624872,33.93371027955238,73.92565329294506,40
FOODS_3_555_TX_3_validation,FOODS_3_555,FOODS_3,FOODS,TX_3,TX,2016-05-07,11615,Saturday,1,5,2016,,,1,1,0,1.68,35.0769039135175,36.1669809787668,50.0,37.0,29.973113120717887,28.035658853480975,5,1.68,0.0,0,39.43395456792835,24.812688396509657,54.05522073934705,2
FOODS_3_555_WI_3_validation,FOODS_3_555,FOODS_3,FOODS,WI_3,WI,2016-05-07,11615,Saturday,1,5,2016,,,1,1,0,1.68,24.498814334869945,36.6431689816728,43.0,41.0,28.472436333309442,28.166453793809797,5,1.68,0.0,0,35.988641701223855,22.644823785245155,49.33245961720256,49
FOODS_3_586_CA_1_validation,FOODS_3_586,FOODS_3,FOODS,CA_1,CA,2016-05-07,11615,Saturday,1,5,2016,,,1,1,0,1.68,37.80127569814408,43.91163079246532,40.0,60.0,38.712675469616975,38.472017231492444,5,1.68,0.0,0,46.41000897369981,29.2021711685034,63.617846778896215,52
FOODS_3_586_CA_2_validation,FOODS_3_586,FOODS_3,FOODS,CA_2,CA,2016-05-07,11615,Saturday,1,5,2016,,,1,1,0,1.68,34.03215264629431,41.912723627013165,39.0,49.0,33.92453370811218,33.56153753128741,5,1.68,0.0,0,43.55016664118742,27.402697150812834,59.697636131562,50
FOODS_3_586_CA_3_validation,FOODS_3_586,FOODS_3,FOODS,CA_3,CA,2016-05-07,11615,Saturday,1,5,2016,,,1,1,0,1.68,63.45230211638471,77.4117782868567,74.0,84.0,70.1143038056762,69.02102774143046,5,1.68,0.0,0,78.16560031299873,49.18346904700119,107.14773157899627,72
FOODS_3_586_CA_4_validation,FOODS_3_586,FOODS_3,FOODS,CA_4,CA,2016-05-07,11615,Saturday,1,5,2016,,,1,1,0,1.68,18.115301341610184,21.172072997540266,20.0,14.0,18.092904904326947,16.415859420198128,5,1.68,0.0,0,20.12307829337379,12.661871646982581,27.584284939765002,9
FOODS_3_586_TX_1_validation,FOODS_3_586,FOODS_3,FOODS,TX_1,TX,2016-05-07,11615,Saturday,1,5,2016,,,1,1,0,1.68,55.574997627734646,56.05032372875572,56.0,52.0,56.400881696460296,54.20037551294792,5,1.68,0.0,0,58.18201782718585,36.60937114839239,79.75466450597932,68
FOODS_3_586_TX_2_validation,FOODS_3_586,FOODS_3,FOODS,TX_2,TX,2016-05-07,11615,Saturday,1,5,2016,,,1,1,0,1.68,77.83292202769631,89.6816816198167,100.0,100.0,71.29178952466411,72.17813771345912,5,1.68,0.0,0,93.02616750209407,58.53405604996708,127.51827895422106,117
FOODS_3_586_TX_3_validation,FOODS_3_586,FOODS_3,FOODS,TX_3,TX,2016-05-07,11615,Saturday,1,5,2016,,,1,1,0,1.68,58.09984645072188,63.38240798224883,66.0,77.0,55.64043565816339,56.63099667820469,5,1.68,0.0,0,67.73865594407654,42.62261243526728,92.8546994528858,72
FOODS_3_586_WI_1_validation,FOODS_3_586,FOODS_3,FOODS,WI_1,WI,2016-05-07,11615,Saturday,1,5,2016,,,1,1,0,1.68,14.165897958812078,22.17281274753018,23.0,15.0,15.893030872813197,15.580354954458167,5,1.68,0.0,0,20.289088817751868,12.766329022791512,27.811848612712225,21
FOODS_3_586_WI_3_validation,FOODS_3_586,FOODS_3,FOODS,WI_3,WI,2016-05-07,11615,Saturday,1,5,2016,,,1,1,0,1.68,33.11244755950565,42.95251912746972,47.0,35.0,32.75143013688929,32.8106796258981,5,1.68,0.0,0,41.63496213300926,26.197609474527273,57.072314791491245,54
FOODS_3_587_CA_1_validation,FOODS_3_587,FOODS_3,FOODS,CA_1,CA,2016-05-07,11615,Saturday,1,5,2016,,,1,1,0,2.48,21.27205863808393,26.058808680160507,24.0,24.0,22.127969729129322,22.256808603601232,5,2.48,0.0,0,25.7421965625166,16.19754115319969,35.28685197183351,25
FOODS_3_587_CA_4_validation,FOODS_3_587,FOODS_3,FOODS,CA_4,CA,2016-05-07,11615,Saturday,1,5,2016,,,1,1,0,2.48,14.813951896562704,14.692224935098212,22.0,17.0,16.21840106425221,16.290840058167976,5,2.48,0.0,0,19.186922788748443,12.072822562723662,26.301023014773225,15
FOODS_3_587_TX_1_validation,FOODS_3_587,FOODS_3,FOODS,TX_1,TX,2016-05-07,11615,Saturday,1,5,2016,,,1,1,0,2.48,24.327524060937545,25.402908349703836,32.0,32.0,23.02230234524302,24.80446135454169,5,2.48,0.0,0,29.100977461804334,18.310957998132505,39.890996925476166,18
FOODS_3_587_TX_2_validation,FOODS_3_587,FOODS_3,FOODS,TX_2,TX,2016-05-07,11615,Saturday,1,5,2016,,,1,1,0,2.48,28.413643371099205,31.968475596727455,38.0,32.0,28.592575293874464,28.808839350053486,5,2.48,0.0,0,34.363697554240005,21.622374141971637,47.10502096650838,24
FOODS_3_635_CA_3_validation,FOODS_3_635,FOODS_3,FOODS,CA_3,CA,2016-05-07,11615,Saturday,1,5,2016,,,1,1,0,0.88,6.253782588795129,5.464009785533584,0.0,0.0,5.579532939541865,2.265837637465959,5,0.88,0.0,0,5.805275984126665,3.6528039256561735,7.957748042597156,0
FOODS_3_635_CA_4_validation,FOODS_3_635,FOODS_3,FOODS,CA_4,CA,2016-05-07,11615,Saturday,1,5,2016,,,1,1,0,1.0,7.260430564903806,6.339189833655706,0.0,0.0,6.303469441281244,2.4336686747680316,5,1.0,0.0,0,7.302337961257118,4.594787370020426,10.009888552493809,0
FOODS_3_694_WI_1_validation,FOODS_3_694,FOODS_3,FOODS,WI_1,WI,2016-05-07,11615,Saturday,1,5,2016,,,1,1,0,1.68,21.08905851119522,27.93527749266032,28.0,24.0,22.062730358852384,21.229369456497157,5,1.68,0.0,0,27.371616592237398,17.222807117708754,37.52042606676604,26
FOODS_3_694_WI_2_validation,FOODS_3_694,FOODS_3,FOODS,WI_2,WI,2016-05-07,11615,Saturday,1,5,2016,,,1,1,0,1.68,37.417416062222706,39.678382298426556,33.0,43.0,35.3025914904284,36.173113469861875,5,1.68,0.0,0,40.00155927533441,25.16983742940713,54.833281121261685,25
FOODS_3_694_WI_3_validation,FOODS_3_694,FOODS_3,FOODS,WI_3,WI,2016-05-07,11615,Saturday,1,5,2016,,,1,1,0,1.68,48.84146810007737,55.75419580491536,46.0,61.0,43.69878325008749,45.18370571568455,5,1.68,0.0,0,55.60142805506513,34.98560881979935,76.2172472903309,59
FOODS_3_711_WI_2_validation,FOODS_3_711,FOODS_3,FOODS,WI_2,WI,2016-05-07,11615,Saturday,1,5,2016,,,1,1,0,0.25,31.5516309865551,25.980981722000084,21.0,1.0,30.282568187964877,19.295194344644127,5,0.25,0.0,0,35.189495910667425,22.141984146113806,48.237007675221044,42
FOODS_3_714_CA_1_validation,FOODS_3_714,FOODS_3,FOODS,CA_1,CA,2016-05-07,11615,Saturday,1,5,2016,,,1,1,0,1.58,20.2862751295205,28.98438520442508,22.0,33.0,20.660067706271132,18.09231409926388,5,1.58,0.0,0,27.334280606073616,17.19931451594439,37.46924669620284,23
FOODS_3_714_TX_1_validation,FOODS_3_714,FOODS_3,FOODS,TX_1,TX,2016-05-07,11615,Saturday,1,5,2016,,,1,1,0,1.58,23.335439516700372,28.41241086528945,32.0,30.0,20.674739849446983,20.178189163271554,5,1.58,0.0,0,30.41520440334735,19.137897724064178,41.69251108263052,34
FOODS_3_714_WI_1_validation,FOODS_3_714,FOODS_3,FOODS,WI_1,WI,2016-05-07,11615,Saturday,1,5,2016,,,1,1,0,1.58,19.763728375872347,29.696817832183925,30.0,24.0,18.020653794405504,18.78684361805268,5,1.58,0.0,0,28.076803006839498,17.66652550605433,38.48708050762467,26
FOODS_3_808_CA_4_validation,FOODS_3_808,FOODS_3,FOODS,CA_4,CA,2016-05-07,11615,Saturday,1,5,2016,,,1,1,0,1.0,7.260430564903806,6.339189833655706,0.0,0.0,6.303469441281244,2.4422995099062246,5,1.0,0.0,0,7.302337961257118,4.594787370020426,10.009888552493809,0
HOBBIES_1_008_TX_2_validation,HOBBIES_1_008,HOBBIES_1,HOBBIES,TX_2,TX,2016-05-07,11615,Saturday,1,5,2016,,,1,1,0,0.48,6.119871226388399,6.02046845395128,1.0,0.0,5.607847137812887,3.682730871165152,5,0.48,0.0,0,6.393990484046601,4.023235691911256,8.764745276181944,2
HOBBIES_1_015_CA_2_validation,HOBBIES_1_015,HOBBIES_1,HOBBIES,CA_2,CA,2016-05-07,11615,Saturday,1,5,2016,,,1,1,0,0.7,8.842675371739658,11.678718804933697,26.0,9.0,7.214948384455383,7.337544012816889,5,0.7,0.0,0,12.16826415847532,7.656532300623548,16.67999601632709,20
HOBBIES_1_048_WI_3_validation,HOBBIES_1_048,HOBBIES_1,HOBBIES,WI_3,WI,2016-05-07,11615,Saturday,1,5,2016,,,1,1,0,0.48,7.773761248388046,7.250160323540835,11.0,3.0,5.9187652723679545,5.4616549142446065,5,0.48,0.0,0,8.13210283268716,5.116893190315414,11.147312475058905,18
HOBBIES_1_103_WI_3_validation,HOBBIES_1_103,HOBBIES_1,HOBBIES,WI_3,WI,2016-05-07,11615,Saturday,1,5,2016,,,1,1,0,0.7,5.97376603928551,10.094678876739351,20.0,2.0,6.230473210750537,4.821078408173648,5,0.7,0.0,0,9.007443163557252,5.667676065346715,12.347210261767788,34
HOBBIES_1_178_CA_4_validation,HOBBIES_1_178,HOBBIES_1,HOBBIES,CA_4,CA,2016-05-07,11615,Saturday,1,5,2016,,,1,1,0,0.48,7.895725212055104,6.49954477928411,10.0,0.0,6.275397093017411,6.184020916824856,5,0.48,0.0,0,7.6944832844616595,4.841533602231598,10.547432966691721,9
HOBBIES_1_178_WI_2_validation,HOBBIES_1_178,HOBBIES_1,HOBBIES,WI_2,WI,2016-05-07,11615,Saturday,1,5,2016,,,1,1,0,0.48,7.942727537142151,5.017192245082552,0.0,4.0,6.108626896457155,4.848830363556763,5,0.48,0.0,0,6.329828633136546,3.9828636817738476,8.676793584499244,8
HOBBIES_1_234_CA_3_validation,HOBBIES_1_234,HOBBIES_1,HOBBIES,CA_3,CA,2016-05-07,11615,Saturday,1,5,2016,,,1,1,0,0.3,25.37105390770361,27.118184983115878,4.0,78.0,27.24587554415491,27.975079647983932,5,0.3,0.0,0,41.99478544126571,26.424018002999585,57.56555287953184,0
HOBBIES_1_254_CA_3_validation,HOBBIES_1_254,HOBBIES_1,HOBBIES,CA_3,CA,2016-05-07,11615,Saturday,1,5,2016,,,1,1,0,0.7,11.216860114307842,15.386032944199854,28.0,9.0,10.948690413020671,14.325650094484583,5,0.7,0.0,0,13.500583279135025,8.494856012963762,18.506310545306288,21
HOBBIES_1_254_TX_1_validation,HOBBIES_1_254,HOBBIES_1,HOBBIES,TX_1,TX,2016-05-07,11615,Saturday,1,5,2016,,,1,1,0,0.7,5.97376603928551,5.610055198214132,7.0,27.0,5.565123940906388,4.656782023058024,5,0.7,0.0,0,8.068241804435177,5.076710464234326,11.059773144636027,0
HOBBIES_1_348_CA_1_validation,HOBBIES_1_348,HOBBIES_1,HOBBIES,CA_1,CA,2016-05-07,11615,Saturday,1,5,2016,,,1,1,0,0.48,6.008498494588128,7.968802659555018,11.0,3.0,7.270493865598762,6.34005002932573,5,0.48,0.0,0,7.934339439232403,4.992456229533903,10.876222648930904,9
HOBBIES_1_348_CA_2_validation,HOBBIES_1_348,HOBBIES_1,HOBBIES,CA_2,CA,2016-05-07,11615,Saturday,1,5,2016,,,1,1,0,0.48,6.767531755895388,6.470161695120644,4.0,8.0,6.19824190752035,6.33145679411332,5,0.48,0.0,0,7.189984229017857,4.524091996482998,9.855876461552716,4
HOBBIES_1_354_TX_3_validation,HOBBIES_1_354,HOBBIES_1,HOBBIES,TX_3,TX,2016-05-07,11615,Saturday,1,5,2016,,,1,1,0,22.98,19.19445677381445,22.968692521446645,17.0,22.0,23.304354492006237,22.17462493962227,5,22.98,0.0,0,21.545610871297164,13.55695959787765,29.534262144716678,28
HOBBIES_1_370_WI_1_validation,HOBBIES_1_370,HOBBIES_1,HOBBIES,WI_1,WI,2016-05-07,11615,Saturday,1,5,2016,,,1,1,0,0.48,6.7135289012581545,8.596431206481123,8.0,16.0,6.173691238538818,6.427302593140596,5,0.48,0.0,0,8.98409626680089,5.652985698108927,12.315206835492853,4
HOBBIES_1_371_CA_1_validation,HOBBIES_1_371,HOBBIES_1,HOBBIES,CA_1,CA,2016-05-07,11615,Saturday,1,5,2016,,,1,1,0,0.48,9.636810057378016,8.939574622328115,1.0,18.0,8.655393161335015,9.025665959733876,5,0.48,0.0,0,10.73872759906735,6.7570372946406385,14.720417903494061,20
HOBBIES_1_371_CA_4_validation,HOBBIES_1_371,HOBBIES_1,HOBBIES,CA_4,CA,2016-05-07,11615,Saturday,1,5,2016,,,1,1,0,0.48,7.4936949692414565,6.291961300850958,0.0,5.0,7.34108410873126,6.811174475514823,5,0.48,0.0,0,6.46118316745033,4.06551476673623,8.85685156816443,11
HOBBIES_1_371_TX_1_validation,HOBBIES_1_371,HOBBIES_1,HOBBIES,TX_1,TX,2016-05-07,11615,Saturday,1,5,2016,,,1,1,0,0.48,5.97376603928551,6.0080231863613545,0.0,3.0,5.422713814125616,3.1290648977385467,5,0.48,0.0,0,6.349810435650059,3.995436659675781,8.704184211624337,0
HOBBIES_1_371_TX_2_validation,HOBBIES_1_371,HOBBIES_1,HOBBIES,TX_2,TX,2016-05-07,11615,Saturday,1,5,2016,,,1,1,0,0.48,5.97376603928551,6.657511455479402,7.0,5.0,5.484302063244998,4.018225435009779,5,0.48,0.0,0,6.688116948602258,4.208306359921867,9.16792753728265,3
HOBBIES_1_371_TX_3_validation,HOBBIES_1_371,HOBBIES_1,HOBBIES,TX_3,TX,2016-05-07,11615,Saturday,1,5,2016,,,1,1,0,0.48,5.97376603928551,6.81371656481667,16.0,2.0,5.614356399067947,4.977709308546099,5,0.48,0.0,0,8.427868866045982,5.302995510116045,11.552742221975919,4
HOBBIES_1_371_WI_1_validation,HOBBIES_1_371,HOBBIES_1,HOBBIES,WI_1,WI,2016-05-07,11615,Saturday,1,5,2016,,,1,1,0,0.48,8.122864602558328,8.33703486115198,12.0,7.0,7.458602763537547,7.242322567465109,5,0.48,0.0,0,8.737362331550061,5.49773542409247,11.976989239007652,20
HOBBIES_1_371_WI_2_validation,HOBBIES_1_371,HOBBIES_1,HOBBIES,WI_2,WI,2016-05-07,11615,Saturday,1,5,2016,,,1,1,0,0.48,6.008498494588128,5.017192245082552,0.0,7.0,5.521207478937226,4.507134707472206,5,0.48,0.0,0,6.622184282153268,4.166820114738627,9.077548449567908,4
HOUSEHOLD_1_110_CA_1_validation,HOUSEHOLD_1_110,HOUSEHOLD_1,HOUSEHOLD,CA_1,CA,2016-05-07,11615,Saturday,1,5,2016,,,1,1,0,3.97,8.922888711137986,8.840648643506155,10.0,4.0,8.459970640824372,8.234960423776466,5,3.97,0.0,0,9.613312520907602,6.048902035139618,13.177723006675585,15
HOUSEHOLD_1_110_CA_4_validation,HOUSEHOLD_1_110,HOUSEHOLD_1,HOUSEHOLD,CA_4,CA,2016-05-07,11615,Saturday,1,5,2016,,,1,1,0,3.97,7.498218346406379,6.719645573990269,5.0,5.0,6.519110218278921,5.62178775275187,5,3.97,0.0,0,7.499379500999219,4.718770124992852,10.279988877005586,4
HOUSEHOLD_1_110_WI_2_validation,HOUSEHOLD_1_110,HOUSEHOLD_1,HOUSEHOLD,WI_2,WI,2016-05-07,11615,Saturday,1,5,2016,,,1,1,0,3.97,28.488286957441122,29.87710243599949,29.0,34.0,26.269379511063825,23.480262935579013,5,3.97,0.0,0,33.0019167222002,20.76551249012949,45.23832095427091,42
HOUSEHOLD_1_110_WI_3_validation,HOUSEHOLD_1_110,HOUSEHOLD_1,HOUSEHOLD,WI_3,WI,2016-05-07,11615,Saturday,1,5,2016,,,1,1,0,3.97,15.009994228357959,15.435911643391188,15.0,21.0,13.219632153077665,14.143947485165352,5,3.97,0.0,0,17.302038511438635,10.886813024780798,23.71726399809647,17
HOUSEHOLD_1_118_CA_1_validation,HOUSEHOLD_1_118,HOUSEHOLD_1,HOUSEHOLD,CA_1,CA,2016-05-07,11615,Saturday,1,5,2016,,,1,1,0,0.97,6.608345796037609,7.402481759871409,10.0,9.0,8.022423458732698,8.683849453310684,5,0.97,0.0,0,9.090640386663146,5.720025539169469,12.461255234156823,10
HOUSEHOLD_1_118_CA_3_validation,HOUSEHOLD_1_118,HOUSEHOLD_1,HOUSEHOLD,CA_3,CA,2016-05-07,11615,Saturday,1,5,2016,,,1,1,0,0.97,18.86650637804655,22.139958486421886,25.0,24.0,22.294831935859683,21.588797978784704,5,0.97,0.0,0,22.801259168829688,14.347040386975621,31.255477950683755,13
HOUSEHOLD_1_118_TX_3_validation,HOUSEHOLD_1_118,HOUSEHOLD_1,HOUSEHOLD,TX_3,TX,2016-05-07,11615,Saturday,1,5,2016,,,1,1,0,0.97,6.852588743599077,6.064193173048612,5.0,2.0,6.905412882659442,6.433604961602283,5,0.97,0.0,0,6.92712321955271,4.358694222130556,9.495552216974865,6
HOUSEHOLD_1_151_CA_4_validation,HOUSEHOLD_1_151,HOUSEHOLD_1,HOUSEHOLD,CA_4,CA,2016-05-07,11615,Saturday,1,5,2016,,,1,1,0,0.88,5.794286563421812,4.837712769218853,1.0,7.0,5.026343602619117,4.301813019877093,5,0.88,0.0,0,6.486884854686111,4.081686818553844,8.892082890818378,6
HOUSEHOLD_1_191_CA_2_validation,HOUSEHOLD_1_191,HOUSEHOLD_1,HOUSEHOLD,CA_2,CA,2016-05-07,11615,Saturday,1,5,2016,,,1,1,0,2.96,12.53276029615676,16.651294608868145,17.0,19.0,11.489628403926828,11.064527427142208,5,2.96,0.0,0,18.06558830919381,11.367254903220394,24.76392171516723,21
HOUSEHOLD_1_191_CA_4_validation,HOUSEHOLD_1_191,HOUSEHOLD_1,HOUSEHOLD,CA_4,CA,2016-05-07,11615,Saturday,1,5,2016,,,1,1,0,2.96,7.507538204956445,6.1719563033230775,5.0,1.0,6.2752140151570455,4.851377956673349,5,2.96,0.0,0,7.528302871344174,4.736969328790938,10.31963641389741,6
HOUSEHOLD_1_234_CA_2_validation,HOUSEHOLD_1_234,HOUSEHOLD_1,HOUSEHOLD,CA_2,CA,2016-05-07,11615,Saturday,1,5,2016,,,1,1,0,0.97,8.525654118633794,7.432002781766494,3.0,7.0,7.090881076396151,6.788109444111745,5,0.97,0.0,0,7.822783497264826,4.922262842714113,10.723304151815539,8
HOUSEHOLD_1_234_TX_1_validation,HOUSEHOLD_1_234,HOUSEHOLD_1,HOUSEHOLD,TX_1,TX,2016-05-07,11615,Saturday,1,5,2016,,,1,1,0,0.97,12.229094892847977,12.165258946502464,11.0,7.0,11.29248626819641,11.336239770770428,5,0.97,0.0,0,11.599679594729606,7.298766721140888,15.900592468318324,14
HOUSEHOLD_1_234_TX_2_validation,HOUSEHOLD_1_234,HOUSEHOLD_1,HOUSEHOLD,TX_2,TX,2016-05-07,11615,Saturday,1,5,2016,,,1,1,0,0.97,7.6592755635749095,6.186279694988788,0.0,3.0,5.763412296270556,3.650929896092816,5,0.97,0.0,0,7.026904061006367,4.4214784636315265,9.632329658381208,0
HOUSEHOLD_1_303_CA_2_validation,HOUSEHOLD_1_303,HOUSEHOLD_1,HOUSEHOLD,CA_2,CA,2016-05-07,11615,Saturday,1,5,2016,,,1,1,0,0.98,8.087849920971694,9.122780113447607,9.0,15.0,7.042971927403275,6.6771462249877915,5,0.98,0.0,0,10.346130382154017,6.510006721233981,14.182254043074053,9
HOUSEHOLD_1_303_CA_3_validation,HOUSEHOLD_1_303,HOUSEHOLD_1,HOUSEHOLD,CA_3,CA,2016-05-07,11615,Saturday,1,5,2016,,,1,1,0,0.98,13.415136344271719,14.745882924523777,13.0,12.0,11.813197802472894,12.174482332542746,5,0.98,0.0,0,14.367365035333934,9.04025364959427,19.6944764210736,16
HOUSEHOLD_1_303_WI_1_validation,HOUSEHOLD_1_303,HOUSEHOLD_1,HOUSEHOLD,WI_1,WI,2016-05-07,11615,Saturday,1,5,2016,,,1,1,0,0.98,7.632262982770161,5.646732303936391,2.0,13.0,5.910124621128365,4.797696895689188,5,0.98,0.0,0,8.947048525909612,5.629674466440634,12.264422585378588,10
HOUSEHOLD_1_327_CA_2_validation,HOUSEHOLD_1_327,HOUSEHOLD_1,HOUSEHOLD,CA_2,CA,2016-05-07,11615,Saturday,1,5,2016,,,1,1,0,0.98,7.061594265091502,6.854308676301065,2.0,13.0,6.1524056661745385,4.180841685137477,5,0.98,0.0,0,8.702026075203644,5.475501095138409,11.92855105526888,7
HOUSEHOLD_1_327_WI_1_validation,HOUSEHOLD_1_327,HOUSEHOLD_1,HOUSEHOLD,WI_1,WI,2016-05-07,11615,Saturday,1,5,2016,,,1,1,0,0.98,7.3650405881972265,6.725923342008273,0.0,5.0,6.227479694866846,4.280815393326511,5,0.98,0.0,0,7.284022283954045,4.583262753768477,9.984781814139614,0
HOUSEHOLD_1_334_CA_1_validation,HOUSEHOLD_1_334,HOUSEHOLD_1,HOUSEHOLD,CA_1,CA,2016-05-07,11615,Saturday,1,5,2016,,,1,1,0,0.97,12.844810663821455,15.257427333476226,10.0,35.0,11.135952288840864,12.737693665186288,5,0.97,0.0,0,16.043609551353466,10.094982583277671,21.992236519429262,0
HOUSEHOLD_1_334_CA_3_validation,HOUSEHOLD_1_334,HOUSEHOLD_1,HOUSEHOLD,CA_3,CA,2016-05-07,11615,Saturday,1,5,2016,,,1,1,0,0.97,20.518911274364267,27.964597850289806,27.0,17.0,22.245560706186073,23.653185387119333,5,0.97,0.0,0,24.85936183122934,15.642042640989533,34.07668102146914,27
HOUSEHOLD_1_334_TX_1_validation,HOUSEHOLD_1_334,HOUSEHOLD_1,HOUSEHOLD,TX_1,TX,2016-05-07,11615,Saturday,1,5,2016,,,1,1,0,0.96,7.037960912215691,10.684484628561489,11.0,12.0,8.291760201072735,9.981296061309889,5,0.96,0.0,0,10.318560500912893,6.492659161754842,14.144461840070944,15
HOUSEHOLD_1_334_TX_2_validation,HOUSEHOLD_1_334,HOUSEHOLD_1,HOUSEHOLD,TX_2,TX,2016-05-07,11615,Saturday,1,5,2016,,,1,1,0,0.96,10.206900797747409,13.960868136696298,24.0,14.0,11.016386957623624,10.590251859758862,5,0.96,0.0,0,15.356952816224084,9.662923465930437,21.05098216651773,34
HOUSEHOLD_1_334_TX_3_validation,HOUSEHOLD_1_334,HOUSEHOLD_1,HOUSEHOLD,TX_3,TX,2016-05-07,11615,Saturday,1,5,2016,,,1,1,0,0.96,9.464348656934387,13.426923645198361,19.0,12.0,10.413481020092785,10.544770505226241,5,0.96,0.0,0,13.110654725015449,8.249504619316333,17.971804830714564,8
HOUSEHOLD_1_334_WI_2_validation,HOUSEHOLD_1_334,HOUSEHOLD_1,HOUSEHOLD,WI_2,WI,2016-05-07,11615,Saturday,1,5,2016,,,1,1,0,0.97,20.96812340536178,25.434758304067383,31.0,28.0,19.44699773416988,18.524761944516563,5,0.97,0.0,0,26.17615647925144,16.470598022806023,35.881714935696856,24
HOUSEHOLD_1_334_WI_3_validation,HOUSEHOLD_1_334,HOUSEHOLD_1,HOUSEHOLD,WI_3,WI,2016-05-07,11615,Saturday,1,5,2016,,,1,1,0,0.97,11.332169416377063,14.84577573787665,15.0,22.0,11.155290105559535,11.631331793498733,5,0.97,0.0,0,14.868650469831916,9.35567317624817,20.38162776341566,14
HOUSEHOLD_1_389_WI_1_validation,HOUSEHOLD_1_389,HOUSEHOLD_1,HOUSEHOLD,WI_1,WI,2016-05-07,11615,Saturday,1,5,2016,,,1,1,0,0.98,6.7059785857297625,6.238601623000124,0.0,4.0,5.97291195457234,3.727779943698891,5,0.98,0.0,0,7.091948692648593,4.462405938303745,9.721491446993442,10
HOUSEHOLD_1_399_CA_4_validation,HOUSEHOLD_1_399,HOUSEHOLD_1,HOUSEHOLD,CA_4,CA,2016-05-07,11615,Saturday,1,5,2016,,,1,1,0,0.97,6.496973064237338,6.690877204387435,7.0,2.0,5.532602741321564,3.3041919772007873,5,0.97,0.0,0,7.109876952308096,4.473686783080717,9.746067121535475,3
HOUSEHOLD_1_409_WI_2_validation,HOUSEHOLD_1_409,HOUSEHOLD_1,HOUSEHOLD,WI_2,WI,2016-05-07,11615,Saturday,1,5,2016,,,1,1,0,2.94,11.362840856588829,15.813593795436116,16.0,7.0,11.414535672170635,9.582467495013377,5,2.94,0.0,0,13.973792032086077,8.792609090536782,19.154974973635372,5
HOUSEHOLD_1_441_WI_3_validation,HOUSEHOLD_1_441,HOUSEHOLD_1,HOUSEHOLD,WI_3,WI,2016-05-07,11615,Saturday,1,5,2016,,,1,1,0,2.77,7.515900709576414,10.210062417744345,4.0,4.0,7.463482538676115,7.134312325970088,5,2.77,0.0,0,7.970902633777293,5.015462574268122,10.926342693286463,6
HOUSEHOLD_1_459_CA_3_validation,HOUSEHOLD_1_459,HOUSEHOLD_1,HOUSEHOLD,CA_3,CA,2016-05-07,11615,Saturday,1,5,2016,,,1,1,0,0.97,27.134464036299498,28.860122979571976,32.0,34.0,25.08291996084402,26.16187049334228,5,0.97,0.0,0,32.062206653060706,20.174226797783927,43.95018650833748,17
HOUSEHOLD_1_459_TX_1_validation,HOUSEHOLD_1_459,HOUSEHOLD_1,HOUSEHOLD,TX_1,TX,2016-05-07,11615,Saturday,1,5,2016,,,1,1,0,0.96,7.8476401072035085,8.160195423695933,8.0,11.0,7.200052818673895,7.683084634136693,5,0.96,0.0,0,9.010980799344225,5.6699020215158145,12.352059577172634,6
HOUSEHOLD_1_459_TX_3_validation,HOUSEHOLD_1_459,HOUSEHOLD_1,HOUSEHOLD,TX_3,TX,2016-05-07,11615,Saturday,1,5,2016,,,1,1,0,0.96,6.496973064237338,5.550324980588662,0.0,8.0,5.396602066699482,3.820879731108748,5,0.96,0.0,0,7.456191452526881,4.691595280345924,10.220787624707839,0
HOUSEHOLD_1_459_WI_1_validation,HOUSEHOLD_1_459,HOUSEHOLD_1,HOUSEHOLD,WI_1,WI,2016-05-07,11615,Saturday,1,5,2016,,,1,1,0,0.97,7.999137827734466,8.784448885207876,8.0,8.0,7.044069668194199,6.963952966728541,5,0.97,0.0,0,8.615203220966775,5.420870296592348,11.809536145341202,10
HOUSEHOLD_1_459_WI_2_validation,HOUSEHOLD_1_459,HOUSEHOLD_1,HOUSEHOLD,WI_2,WI,2016-05-07,11615,Saturday,1,5,2016,,,1,1,0,0.97,29.04911243303994,30.234731436965042,35.0,39.0,26.207063863608443,26.206367687362718,5,0.97,0.0,0,34.01224365950319,21.4012318276541,46.62325549135228,42
HOUSEHOLD_1_459_WI_3_validation,HOUSEHOLD_1_459,HOUSEHOLD_1,HOUSEHOLD,WI_3,WI,2016-05-07,11615,Saturday,1,5,2016,,,1,1,0,0.97,12.066301533921013,15.726809311757481,13.0,26.0,12.37323706122416,10.910499470233656,5,0.97,0.0,0,16.029400457206876,10.086041917059458,21.972758997354294,19
HOUSEHOLD_1_474_TX_2_validation,HOUSEHOLD_1_474,HOUSEHOLD_1,HOUSEHOLD,TX_2,TX,2016-05-07,11615,Saturday,1,5,2016,,,1,1,0,0.97,10.252623309264015,7.925037776094814,9.0,15.0,8.951559003771461,10.92022881444306,5,0.97,0.0,0,10.990392394804484,6.915390171632474,15.065394617976494,6
HOUSEHOLD_1_521_TX_1_validation,HOUSEHOLD_1_521,HOUSEHOLD_1,HOUSEHOLD,TX_1,TX,2016-05-07,11615,Saturday,1,5,2016,,,1,1,0,0.94,9.015278655351828,6.680227857511442,11.0,6.0,8.293112533029092,9.06600799578422,5,0.94,0.0,0,8.913812734549708,5.608761795021791,12.218863674077626,18
HOUSEHOLD_1_521_TX_2_validation,HOUSEHOLD_1_521,HOUSEHOLD_1,HOUSEHOLD,TX_2,TX,2016-05-07,11615,Saturday,1,5,2016,,,1,1,0,0.94,7.093290910808837,9.651830117427856,11.0,31.0,6.781246111326685,8.318058330104646,5,0.94,0.0,0,10.926997442386092,6.875500710443399,14.978494174328786,9
HOUSEHOLD_1_521_TX_3_validation,HOUSEHOLD_1_521,HOUSEHOLD_1,HOUSEHOLD,TX_3,TX,2016-05-07,11615,Saturday,1,5,2016,,,1,1,0,0.94,7.635307603744944,6.543743859004189,9.0,14.0,7.058719053968347,6.685113384745944,5,0.94,0.0,0,9.42578570161748,5.930906145961953,12.920665257273008,3
HOUSEHOLD_1_535_CA_1_validation,HOUSEHOLD_1_535,HOUSEHOLD_1,HOUSEHOLD,CA_1,CA,2016-05-07,11615,Saturday,1,5,2016,,,1,1,0,6.97,7.396165473156174,9.4214096848581,13.0,16.0,9.14493963114413,8.548191388300395,5,6.97,0.0,0,11.279664045167687,7.097406086623758,15.461922003711615,12
FOODS_1_218_CA_2_validation,FOODS_1_218,FOODS_1,FOODS,CA_2,CA,2016-05-08,11615,Sunday,2,5,2016,Mother's day,Cultural,1,0,1,0.98,9.743055942716786,6.597133940305729,1.0,4.0,8.705235539663548,9.935365742506532,6,0.98,0.0,1,6.378701825273894,4.013615740519511,8.743787910028276,3
FOODS_2_360_WI_2_validation,FOODS_2_360,FOODS_2,FOODS,WI_2,WI,2016-05-08,11615,Sunday,2,5,2016,Mother's day,Cultural,1,0,1,0.94,60.80388839103712,48.190802313185884,30.0,79.0,50.31946931783316,53.24539191310061,6,0.94,0.0,1,56.03091056381243,35.255848408449815,76.80597271917505,87
FOODS_3_007_WI_2_validation,FOODS_3_007,FOODS_3,FOODS,WI_2,WI,2016-05-08,11615,Sunday,2,5,2016,Mother's day,Cultural,1,0,1,0.25,44.35512089946639,29.369535342647737,42.0,89.0,36.392747389588344,33.57645384889647,6,0.25,0.0,1,38.26326672881181,24.076066546638007,52.45046691098561,84
FOODS_3_030_TX_3_validation,FOODS_3_030,FOODS_3,FOODS,TX_3,TX,2016-05-08,11615,Sunday,2,5,2016,Mother's day,Cultural,1,0,1,1.25,23.09713368821869,22.747422247318763,17.0,23.0,19.890585493375152,19.24678214012399,6,1.25,0.0,1,20.72130490503976,13.038288637578795,28.404321172500723,28
FOODS_3_080_CA_2_validation,FOODS_3_080,FOODS_3,FOODS,CA_2,CA,2016-05-08,11615,Sunday,2,5,2016,Mother's day,Cultural,1,0,1,1.68,19.40186473894073,19.196785324615586,20.0,21.0,15.811575171768188,14.157016843749636,6,1.68,0.0,1,20.373817020663818,12.819641821882685,27.92799221944495,16
FOODS_3_090_CA_1_validation,FOODS_3_090,FOODS_3,FOODS,CA_1,CA,2016-05-08,11615,Sunday,2,5,2016,Mother's day,Cultural,1,0,1,1.6,82.24278506471876,67.3416015294575,42.0,83.0,53.77341973855027,53.44981910214377,6,1.6,0.0,1,66.57010615674959,41.88733589335198,91.25287642014719,77
FOODS_3_090_CA_2_validation,FOODS_3_090,FOODS_3,FOODS,CA_2,CA,2016-05-08,11615,Sunday,2,5,2016,Mother's day,Cultural,1,0,1,1.6,70.67594751008247,64.75767788523164,60.0,62.0,49.59079512201705,50.858201669607844,6,1.6,0.0,1,67.81020954387425,42.667635492043665,92.95278359570484,62
FOODS_3_090_CA_3_validation,FOODS_3_090,FOODS_3,FOODS,CA_3,CA,2016-05-08,11615,Sunday,2,5,2016,Mother's day,Cultural,1,0,1,1.6,135.83741332336498,118.78386274225703,130.0,124.0,97.79955832848854,108.57733313007324,6,1.6,0.0,1,122.24116253281292,76.91675634329167,167.56556872233418,167
FOODS_3_090_CA_4_validation,FOODS_3_090,FOODS_3,FOODS,CA_4,CA,2016-05-08,11615,Sunday,2,5,2016,Mother's day,Cultural,1,0,1,1.6,32.49563738134492,28.875721812683874,18.0,32.0,26.693222208936668,26.53883568007736,6,1.6,0.0,1,29.970278865193578,18.857941050714516,41.08261667967264,35
FOODS_3_090_TX_1_validation,FOODS_3_090,FOODS_3,FOODS,TX_1,TX,2016-05-08,11615,Sunday,2,5,2016,Mother's day,Cultural,1,0,1,1.5,62.48842844713588,69.66186080867074,58.0,79.0,53.15053226187383,50.846592501827836,6,1.5,0.0,1,68.01573517507497,42.796956618985035,93.2345137311649,74
FOODS_3_090_TX_2_validation,FOODS_3_090,FOODS_3,FOODS,TX_2,TX,2016-05-08,11615,Sunday,2,5,2016,Mother's day,Cultural,1,0,1,1.5,83.5163943026409,87.67633655989142,73.0,69.0,59.94147282556814,59.45389871143475,6,1.5,0.0,1,79.82362133163817,50.22673136601352,109.4205112972628,81
FOODS_3_090_TX_3_validation,FOODS_3_090,FOODS_3,FOODS,TX_3,TX,2016-05-08,11615,Sunday,2,5,2016,Mother's day,Cultural,1,0,1,1.5,91.96374970293557,79.25677772431469,66.0,85.0,63.0494362457982,64.18720065484372,6,1.5,0.0,1,81.47031525930372,51.26286643690039,111.67776408170705,98
FOODS_3_090_WI_1_validation,FOODS_3_090,FOODS_3,FOODS,WI_1,WI,2016-05-08,11615,Sunday,2,5,2016,Mother's day,Cultural,1,0,1,1.44,36.09613091381044,23.65379262709576,27.0,33.0,20.670669894917324,20.151815688529982,6,1.44,0.0,1,31.552141290071308,19.853282752166912,43.250999827975704,38
FOODS_3_090_WI_3_validation,FOODS_3_090,FOODS_3,FOODS,WI_3,WI,2016-05-08,11615,Sunday,2,5,2016,Mother's day,Cultural,1,0,1,1.44,113.35321516115532,113.10211873641104,91.0,108.0,75.5692574436653,78.94941522292187,6,1.44,0.0,1,106.95483878774075,67.29827420092182,146.61140337455967,122
FOODS_3_120_CA_1_validation,FOODS_3_120,FOODS_3,FOODS,CA_1,CA,2016-05-08,11615,Sunday,2,5,2016,Mother's day,Cultural,1,0,1,4.98,59.07173886533802,64.52116587705791,59.0,0.0,48.03267857658625,39.79739654858952,6,4.98,0.0,1,57.542847229908986,36.20719132554144,78.87850313427653,76
FOODS_3_120_CA_3_validation,FOODS_3_120,FOODS_3,FOODS,CA_3,CA,2016-05-08,11615,Sunday,2,5,2016,Mother's day,Cultural,1,0,1,4.98,67.6333449718647,78.27580703476075,98.0,84.0,69.32985331021408,72.41844696849431,6,4.98,0.0,1,83.93111328149843,52.81125323199813,115.05097333099872,48
FOODS_3_226_WI_1_validation,FOODS_3_226,FOODS_3,FOODS,WI_1,WI,2016-05-08,11615,Sunday,2,5,2016,Mother's day,Cultural,1,0,1,1.68,45.277043720924425,46.57568654376767,38.0,52.0,36.013085403389994,37.34260373566733,6,1.68,0.0,1,44.79583103608686,28.186495854643677,61.40516621753004,45
FOODS_3_226_WI_2_validation,FOODS_3_226,FOODS_3,FOODS,WI_2,WI,2016-05-08,11615,Sunday,2,5,2016,Mother's day,Cultural,1,0,1,1.68,52.05718033647145,50.832970059507,38.0,47.0,44.726496724022574,45.7734956527977,6,1.68,0.0,1,47.50977818042879,29.8941694966862,65.12538686417138,53
FOODS_3_226_WI_3_validation,FOODS_3_226,FOODS_3,FOODS,WI_3,WI,2016-05-08,11615,Sunday,2,5,2016,Mother's day,Cultural,1,0,1,1.68,51.358811840361064,46.47223137302175,38.0,45.0,44.53671384082053,45.690869856315786,6,1.68,0.0,1,44.495289323642645,27.997388575327168,60.99319007195812,62
FOODS_3_234_WI_2_validation,FOODS_3_234,FOODS_3,FOODS,WI_2,WI,2016-05-08,11615,Sunday,2,5,2016,Mother's day,Cultural,1,0,1,0.25,31.195499962460048,36.36979253622035,12.0,0.0,31.219198288974315,22.394146783707665,6,0.25,0.0,1,36.181410737576535,22.76611818962134,49.59670328553173,70
FOODS_3_252_CA_1_validation,FOODS_3_252,FOODS_3,FOODS,CA_1,CA,2016-05-08,11615,Sunday,2,5,2016,Mother's day,Cultural,1,0,1,1.58,52.31156615558948,50.501003504469786,52.0,37.0,39.041925618439585,36.46911006146218,6,1.58,0.0,1,48.54225952419224,30.54382886102618,66.5406901873583,69
FOODS_3_252_CA_2_validation,FOODS_3_252,FOODS_3,FOODS,CA_2,CA,2016-05-08,11615,Sunday,2,5,2016,Mother's day,Cultural,1,0,1,1.58,43.71184176374476,45.24212421604993,38.0,48.0,37.0747022164761,34.65428499654798,6,1.58,0.0,1,45.016581319489674,28.325396658672346,61.707765980307,57
FOODS_3_252_CA_3_validation,FOODS_3_252,FOODS_3,FOODS,CA_3,CA,2016-05-08,11615,Sunday,2,5,2016,Mother's day,Cultural,1,0,1,1.58,56.1236474579757,55.68036862596359,39.0,52.0,45.98173633026662,46.424084906894926,6,1.58,0.0,1,53.62891821171247,33.74446339985805,73.51337302356688,57
FOODS_3_252_CA_4_validation,FOODS_3_252,FOODS_3,FOODS,CA_4,CA,2016-05-08,11615,Sunday,2,5,2016,Mother's day,Cultural,1,0,1,1.58,22.41109695143919,16.076820554697065,9.0,16.0,18.04068338233794,16.561852550033603,6,1.58,0.0,1,16.607387182711037,10.449723537997308,22.765050827424766,18
FOODS_3_252_TX_1_validation,FOODS_3_252,FOODS_3,FOODS,TX_1,TX,2016-05-08,11615,Sunday,2,5,2016,Mother's day,Cultural,1,0,1,1.58,44.88190974043992,35.05350574754868,35.0,38.0,32.80985270808784,30.492125134756236,6,1.58,0.0,1,39.127722224265966,24.62000045020849,53.63544399832344,32
FOODS_3_252_TX_2_validation,FOODS_3_252,FOODS_3,FOODS,TX_2,TX,2016-05-08,11615,Sunday,2,5,2016,Mother's day,Cultural,1,0,1,1.58,71.767498714091,68.97179539903311,46.0,61.0,52.63386681475079,47.74080424216612,6,1.58,0.0,1,64.43298558805563,40.54261388112189,88.32335729498936,49
FOODS_3_252_TX_3_validation,FOODS_3_252,FOODS_3,FOODS,TX_3,TX,2016-05-08,11615,Sunday,2,5,2016,Mother's day,Cultural,1,0,1,1.58,50.621605739477914,35.40344122518872,20.0,43.0,33.13178707065663,33.687187150672884,6,1.58,0.0,1,39.72172420386655,24.993759211870355,54.449689195862746,18
FOODS_3_318_WI_3_validation,FOODS_3_318,FOODS_3,FOODS,WI_3,WI,2016-05-08,11615,Sunday,2,5,2016,Mother's day,Cultural,1,0,1,1.48,36.45978614631426,34.281560556544896,14.0,26.0,25.189326530771613,24.597561606263184,6,1.48,0.0,1,30.351433763529602,19.0977718723209,41.60509565473831,57
FOODS_3_377_TX_2_validation,FOODS_3_377,FOODS_3,FOODS,TX_2,TX,2016-05-08,11615,Sunday,2,5,2016,Mother's day,Cultural,1,0,1,1.68,34.351011703369075,32.0041160295783,28.0,30.0,27.503962808807664,27.41150806457859,6,1.68,0.0,1,31.80607409700974,20.013062710359055,43.59908548366043,23
FOODS_3_377_TX_3_validation,FOODS_3_377,FOODS_3,FOODS,TX_3,TX,2016-05-08,11615,Sunday,2,5,2016,Mother's day,Cultural,1,0,1,1.68,52.84540276705877,44.84608571351934,50.0,40.0,42.14649584625444,42.311701254584236,6,1.68,0.0,1,47.90330248812825,30.141783415462182,65.66482156079431,52
FOODS_3_491_WI_1_validation,FOODS_3_491,FOODS_3,FOODS,WI_1,WI,2016-05-08,11615,Sunday,2,5,2016,Mother's day,Cultural,1,0,1,1.44,26.42527133705915,25.026515370358272,36.0,23.0,19.810732415879873,18.69618444147643,6,1.44,0.0,1,27.142882691779437,17.078882850919708,37.20688253263916,28
FOODS_3_541_CA_3_validation,FOODS_3_541,FOODS_3,FOODS,CA_3,CA,2016-05-08,11615,Sunday,2,5,2016,Mother's day,Cultural,1,0,1,0.88,5.805275984126665,4.960821360291209,0.0,0.0,5.659391710193488,2.5217439528062924,6,0.88,0.0,1,4.49473073694124,2.8281808006301663,6.161280673252314,0
FOODS_3_555_CA_2_validation,FOODS_3_555,FOODS_3,FOODS,CA_2,CA,2016-05-08,11615,Sunday,2,5,2016,Mother's day,Cultural,1,0,1,1.68,24.97235761060784,27.77785393561999,36.0,29.0,22.188506412301972,21.079889345651342,6,1.68,0.0,1,29.02591592389718,18.263727671601476,39.78810417619289,24
FOODS_3_555_TX_1_validation,FOODS_3_555,FOODS_3,FOODS,TX_1,TX,2016-05-08,11615,Sunday,2,5,2016,Mother's day,Cultural,1,0,1,1.68,35.882715493914596,31.56248160884509,28.0,34.0,30.31571071654101,28.456686710290654,6,1.68,0.0,1,33.47038497322088,21.060282742405626,45.880487204036136,29
FOODS_3_555_TX_2_validation,FOODS_3_555,FOODS_3,FOODS,TX_2,TX,2016-05-08,11615,Sunday,2,5,2016,Mother's day,Cultural,1,0,1,1.68,53.92968178624872,47.63533832158085,39.0,57.0,41.024203239426484,39.84583316121205,6,1.68,0.0,1,52.1256636991406,32.79858347962736,71.45274391865385,38
FOODS_3_555_TX_3_validation,FOODS_3_555,FOODS_3,FOODS,TX_3,TX,2016-05-08,11615,Sunday,2,5,2016,Mother's day,Cultural,1,0,1,1.68,39.43395456792835,32.42061414813161,17.0,38.0,30.439823633455255,28.122585802335557,6,1.68,0.0,1,34.96794226876362,22.002577851718417,47.93330668580882,1
FOODS_3_555_WI_3_validation,FOODS_3_555,FOODS_3,FOODS,WI_3,WI,2016-05-08,11615,Sunday,2,5,2016,Mother's day,Cultural,1,0,1,1.68,35.988641701223855,37.20941412971091,25.0,28.0,28.37893243610245,27.98747671171065,6,1.68,0.0,1,32.211657537645486,20.268264493734435,44.15505058155654,43
FOODS_3_586_CA_1_validation,FOODS_3_586,FOODS_3,FOODS,CA_1,CA,2016-05-08,11615,Sunday,2,5,2016,Mother's day,Cultural,1,0,1,1.68,46.41000897369981,52.609930182337685,54.0,48.0,39.06958663836476,37.986660409124575,6,1.68,0.0,1,48.79341532437631,30.701861467119706,66.88496918163291,61
FOODS_3_586_CA_2_validation,FOODS_3_586,FOODS_3,FOODS,CA_2,CA,2016-05-08,11615,Sunday,2,5,2016,Mother's day,Cultural,1,0,1,1.68,43.55016664118742,37.04026846048492,36.0,30.0,34.1584541387085,33.36690062561552,6,1.68,0.0,1,35.79342328364677,22.52198817776744,49.064858389526094,38
FOODS_3_586_CA_3_validation,FOODS_3_586,FOODS_3,FOODS,CA_3,CA,2016-05-08,11615,Sunday,2,5,2016,Mother's day,Cultural,1,0,1,1.68,78.16560031299873,81.85009897156131,78.0,85.0,70.22199266655363,68.81265632403755,6,1.68,0.0,1,80.65973973766478,50.75283496628996,110.56664450903959,75
FOODS_3_586_CA_4_validation,FOODS_3_586,FOODS_3,FOODS,CA_4,CA,2016-05-08,11615,Sunday,2,5,2016,Mother's day,Cultural,1,0,1,1.68,20.12307829337379,20.803532893154348,19.0,6.0,17.943048518017452,16.634540787818626,6,1.68,0.0,1,18.849489965294794,11.86050260661357,25.838477323976015,16
FOODS_3_586_TX_1_validation,FOODS_3_586,FOODS_3,FOODS,TX_1,TX,2016-05-08,11615,Sunday,2,5,2016,Mother's day,Cultural,1,0,1,1.68,58.18201782718585,62.552254177538565,58.0,75.0,56.70540942480745,54.42116186391884,6,1.68,0.0,1,60.516446627699366,38.078243723959254,82.95464953143949,42
FOODS_3_586_TX_2_validation,FOODS_3_586,FOODS_3,FOODS,TX_2,TX,2016-05-08,11615,Sunday,2,5,2016,Mother's day,Cultural,1,0,1,1.68,93.02616750209407,95.4657137387677,75.0,114.0,71.76957322213231,71.92907226710534,6,1.68,0.0,1,95.72772239441386,60.23393222175014,131.22151256707758,96
FOODS_3_586_TX_3_validation,FOODS_3_586,FOODS_3,FOODS,TX_3,TX,2016-05-08,11615,Sunday,2,5,2016,Mother's day,Cultural,1,0,1,1.68,67.73865594407654,65.32248040701869,47.0,72.0,56.26275679556734,56.30023439049313,6,1.68,0.0,1,61.903961208456494,38.951297601389555,84.85662481552343,46
FOODS_3_586_WI_1_validation,FOODS_3_586,FOODS_3,FOODS,WI_1,WI,2016-05-08,11615,Sunday,2,5,2016,Mother's day,Cultural,1,0,1,1.68,20.289088817751868,17.978409256359715,14.0,15.0,15.623927454273437,15.769250983663591,6,1.68,0.0,1,17.11414738777851,10.76858790749468,23.459706868062337,13
FOODS_3_586_WI_3_validation,FOODS_3_586,FOODS_3,FOODS,WI_3,WI,2016-05-08,11615,Sunday,2,5,2016,Mother's day,Cultural,1,0,1,1.68,41.63496213300926,41.284098521783264,44.0,38.0,32.56320770910922,33.04764255921986,6,1.68,0.0,1,41.943508772731825,26.391753625452797,57.49526392001085,40
FOODS_3_587_CA_1_validation,FOODS_3_587,FOODS_3,FOODS,CA_1,CA,2016-05-08,11615,Sunday,2,5,2016,Mother's day,Cultural,1,0,1,2.48,25.7421965625166,29.555407608448483,26.0,43.0,22.08273942660876,22.319029909405398,6,2.48,0.0,1,28.999214329033975,18.246926456499164,39.75150220156878,21
FOODS_3_587_CA_4_validation,FOODS_3_587,FOODS_3,FOODS,CA_4,CA,2016-05-08,11615,Sunday,2,5,2016,Mother's day,Cultural,1,0,1,2.48,19.186922788748443,20.551456189909207,29.0,19.0,16.860500757630813,16.368944443480423,6,2.48,0.0,1,21.918022985108223,13.79128927229977,30.044756697916675,20
FOODS_3_587_TX_1_validation,FOODS_3_587,FOODS_3,FOODS,TX_1,TX,2016-05-08,11615,Sunday,2,5,2016,Mother's day,Cultural,1,0,1,2.48,29.100977461804334,21.68538507543618,24.0,24.0,23.550597932685946,24.700924835320414,6,2.48,0.0,1,25.495880842153117,16.042554028943286,34.94920765536295,10
FOODS_3_587_TX_2_validation,FOODS_3_587,FOODS_3,FOODS,TX_2,TX,2016-05-08,11615,Sunday,2,5,2016,Mother's day,Cultural,1,0,1,2.48,34.363697554240005,36.445039339985776,44.0,54.0,28.934749859233403,28.893257119847767,6,2.48,0.0,1,39.06875822244402,24.58289903799027,53.55461740689776,23
FOODS_3_635_CA_3_validation,FOODS_3_635,FOODS_3,FOODS,CA_3,CA,2016-05-08,11615,Sunday,2,5,2016,Mother's day,Cultural,1,0,1,0.88,5.805275984126665,4.960821360291209,0.0,0.0,5.628285253626593,2.4731689226133398,6,0.88,0.0,1,4.49473073694124,2.8281808006301663,6.161280673252314,0
FOODS_3_635_CA_4_validation,FOODS_3_635,FOODS_3,FOODS,CA_4,CA,2016-05-08,11615,Sunday,2,5,2016,Mother's day,Cultural,1,0,1,1.0,7.302337961257118,5.702034399374442,0.0,0.0,6.441062030938588,2.694466459098643,6,1.0,0.0,1,5.587899476686112,3.516025973687068,7.659772979685156,0
FOODS_3_694_WI_1_validation,FOODS_3_694,FOODS_3,FOODS,WI_1,WI,2016-05-08,11615,Sunday,2,5,2016,Mother's day,Cultural,1,0,1,1.68,27.371616592237398,29.057166902659496,24.0,27.0,21.98220737307769,21.349784334791348,6,1.68,0.0,1,28.010861918109594,17.62503396139164,38.39668987482755,19
FOODS_3_694_WI_2_validation,FOODS_3_694,FOODS_3,FOODS,WI_2,WI,2016-05-08,11615,Sunday,2,5,2016,Mother's day,Cultural,1,0,1,1.68,40.00155927533441,39.05235764690251,29.0,34.0,35.34875962998666,36.06602630112382,6,1.68,0.0,1,36.09782418821892,22.713523743386503,49.48212463305134,39
FOODS_3_694_WI_3_validation,FOODS_3_694,FOODS_3,FOODS,WI_3,WI,2016-05-08,11615,Sunday,2,5,2016,Mother's day,Cultural,1,0,1,1.68,55.60142805506513,55.065931359123596,48.0,42.0,43.67695928582317,44.99089957479402,6,1.68,0.0,1,50.13495961802247,31.545989855790886,68.72392938025406,48
FOODS_3_711_WI_2_validation,FOODS_3_711,FOODS_3,FOODS,WI_2,WI,2016-05-08,11615,Sunday,2,5,2016,Mother's day,Cultural,1,0,1,0.25,35.189495910667425,29.53573037292207,18.0,0.0,31.598070214917353,20.516247770025103,6,0.25,0.0,1,41.65216460811393,26.20843364012511,57.09589557610275,36
FOODS_3_714_CA_1_validation,FOODS_3_714,FOODS_3,FOODS,CA_1,CA,2016-05-08,11615,Sunday,2,5,2016,Mother's day,Cultural,1,0,1,1.58,27.334280606073616,29.340553927312445,27.0,25.0,20.42433847793521,17.88996697805222,6,1.58,0.0,1,28.7676654249833,18.101230929187395,39.434099920779204,37
FOODS_3_714_TX_1_validation,FOODS_3_714,FOODS_3,FOODS,TX_1,TX,2016-05-08,11615,Sunday,2,5,2016,Mother's day,Cultural,1,0,1,1.58,30.41520440334735,25.26194369532311,20.0,34.0,20.960853212026684,20.193017891962533,6,1.58,0.0,1,29.02953911331955,18.266007459949456,39.793070766689645,14
FOODS_3_714_WI_1_validation,FOODS_3_714,FOODS_3,FOODS,WI_1,WI,2016-05-08,11615,Sunday,2,5,2016,Mother's day,Cultural,1,0,1,1.58,28.076803006839498,23.586355706548787,15.0,25.0,17.789223105070587,18.93244372543981,6,1.58,0.0,1,25.119159676318855,15.805513006742139,34.43280634589557,28
FOODS_3_808_CA_4_validation,FOODS_3_808,FOODS_3,FOODS,CA_4,CA,2016-05-08,11615,Sunday,2,5,2016,Mother's day,Cultural,1,0,1,1.0,7.302337961257118,5.702034399374442,0.0,0.0,6.441062030938588,2.7030972942368363,6,1.0,0.0,1,5.587899476686112,3.516025973687068,7.659772979685156,0
HOBBIES_1_008_TX_2_validation,HOBBIES_1_008,HOBBIES_1,HOBBIES,TX_2,TX,2016-05-08,11615,Sunday,2,5,2016,Mother's day,Cultural,1,0,1,0.48,6.393990484046601,4.50455622674625,2.0,2.0,5.661207427826503,3.9110876741668155,6,0.48,0.0,1,4.674210212804938,2.9411131290504238,6.407307296559451,4
HOBBIES_1_015_CA_2_validation,HOBBIES_1_015,HOBBIES_1,HOBBIES,CA_2,CA,2016-05-08,11615,Sunday,2,5,2016,Mother's day,Cultural,1,0,1,0.7,12.16826415847532,6.797167816293211,0.0,27.0,7.284883434961328,7.450696304191007,6,0.7,0.0,1,9.297127102838768,5.849951401351477,12.74430280432606,16
HOBBIES_1_048_WI_3_validation,HOBBIES_1_048,HOBBIES_1,HOBBIES,WI_3,WI,2016-05-08,11615,Sunday,2,5,2016,Mother's day,Cultural,1,0,1,0.48,8.13210283268716,4.6159289585465215,2.0,3.0,6.044757059388857,5.644944301126292,6,0.48,0.0,1,4.929543834455408,3.1017745098473193,6.7573131590634965,2
HOBBIES_1_103_WI_3_validation,HOBBIES_1_103,HOBBIES_1,HOBBIES,WI_3,WI,2016-05-08,11615,Sunday,2,5,2016,Mother's day,Cultural,1,0,1,0.7,9.007443163557252,6.186707373647166,0.0,3.0,6.0751538231530935,5.071344235443549,6,0.7,0.0,1,5.216795784508663,3.2825195861668512,7.151071982850474,0
HOBBIES_1_178_CA_4_validation,HOBBIES_1_178,HOBBIES_1,HOBBIES,CA_4,CA,2016-05-08,11615,Sunday,2,5,2016,Mother's day,Cultural,1,0,1,0.48,7.6944832844616595,5.902209941868883,13.0,0.0,6.446102593757061,6.458823891269915,6,0.48,0.0,1,6.675019812286336,4.200065361374947,9.149974263197725,17
HOBBIES_1_178_WI_2_validation,HOBBIES_1_178,HOBBIES_1,HOBBIES,WI_2,WI,2016-05-08,11615,Sunday,2,5,2016,Mother's day,Cultural,1,0,1,0.48,6.329828633136546,4.914793181666304,6.0,0.0,6.296146380464868,4.932038529025924,6,0.48,0.0,1,4.674210212804938,2.9411131290504238,6.407307296559451,4
HOBBIES_1_234_CA_3_validation,HOBBIES_1_234,HOBBIES_1,HOBBIES,CA_3,CA,2016-05-08,11615,Sunday,2,5,2016,Mother's day,Cultural,1,0,1,0.3,41.99478544126571,28.47204875259823,32.0,0.0,29.371104181033456,26.689179128029135,6,0.3,0.0,1,30.695669899628367,19.31437261838921,42.07696718086752,3
HOBBIES_1_254_CA_3_validation,HOBBIES_1_254,HOBBIES_1,HOBBIES,CA_3,CA,2016-05-08,11615,Sunday,2,5,2016,Mother's day,Cultural,1,0,1,0.7,13.500583279135025,9.738786688278607,9.0,20.0,10.679340460868554,14.486385211596547,6,0.7,0.0,1,10.64745239043812,6.6996049793971295,14.595299801479111,12
HOBBIES_1_254_TX_1_validation,HOBBIES_1_254,HOBBIES_1,HOBBIES,TX_1,TX,2016-05-08,11615,Sunday,2,5,2016,Mother's day,Cultural,1,0,1,0.7,8.068241804435177,7.249320266405143,0.0,2.0,5.9162934560808225,3.9806478017878506,6,0.7,0.0,1,5.396932849924844,3.3958656840108796,7.398000015838808,2
HOBBIES_1_348_CA_1_validation,HOBBIES_1_348,HOBBIES_1,HOBBIES,CA_1,CA,2016-05-08,11615,Sunday,2,5,2016,Mother's day,Cultural,1,0,1,0.48,7.934339439232403,10.887959320448736,26.0,5.0,7.265570548409818,6.516276437869747,6,0.48,0.0,1,9.494984021830165,5.974447210402791,13.015520833257538,15
HOBBIES_1_348_CA_2_validation,HOBBIES_1_348,HOBBIES_1,HOBBIES,CA_2,CA,2016-05-08,11615,Sunday,2,5,2016,Mother's day,Cultural,1,0,1,0.48,7.189984229017857,5.79526136243089,3.0,0.0,6.301073698077095,6.302527659435387,6,0.48,0.0,1,5.060898368769192,3.1844255948097016,6.937371142728683,8
HOBBIES_1_354_TX_3_validation,HOBBIES_1_354,HOBBIES_1,HOBBIES,TX_3,TX,2016-05-08,11615,Sunday,2,5,2016,Mother's day,Cultural,1,0,1,22.98,21.545610871297164,27.685744147549315,23.0,16.0,23.101057113413457,22.158396756454312,6,22.98,0.0,1,22.87095071377233,14.390891798975257,31.351009628569404,32
HOBBIES_1_370_WI_1_validation,HOBBIES_1_370,HOBBIES_1,HOBBIES,WI_1,WI,2016-05-08,11615,Sunday,2,5,2016,Mother's day,Cultural,1,0,1,0.48,8.98409626680089,5.764485055175856,6.0,9.0,6.229071961441641,6.1767346026692,6,0.48,0.0,1,6.143080181549062,3.8653575582175885,8.420802804880536,2
HOBBIES_1_371_CA_1_validation,HOBBIES_1_371,HOBBIES_1,HOBBIES,CA_1,CA,2016-05-08,11615,Sunday,2,5,2016,Mother's day,Cultural,1,0,1,0.48,10.73872759906735,6.735542351303727,2.0,0.0,8.912415015154904,8.766334802557711,6,0.48,0.0,1,5.828664747996121,3.6675206365777897,7.989808859414452,8
HOBBIES_1_371_CA_4_validation,HOBBIES_1_371,HOBBIES_1,HOBBIES,CA_4,CA,2016-05-08,11615,Sunday,2,5,2016,Mother's day,Cultural,1,0,1,0.48,6.46118316745033,8.96744073098892,9.0,6.0,7.365258661102599,6.863359588638049,6,0.48,0.0,1,6.2939898059695105,3.9603131245006686,8.627666487438352,5
HOBBIES_1_371_TX_1_validation,HOBBIES_1_371,HOBBIES_1,HOBBIES,TX_1,TX,2016-05-08,11615,Sunday,2,5,2016,Mother's day,Cultural,1,0,1,0.48,6.349810435650059,5.965854122592785,0.0,3.0,5.471540564024002,3.2487009847260486,6,0.48,0.0,1,4.949525636968921,3.114347487749252,6.784703786188589,1
HOBBIES_1_371_TX_2_validation,HOBBIES_1_371,HOBBIES_1,HOBBIES,TX_2,TX,2016-05-08,11615,Sunday,2,5,2016,Mother's day,Cultural,1,0,1,0.48,6.688116948602258,4.6159289585465215,2.0,8.0,5.488674276548265,4.078515326031288,6,0.48,0.0,1,5.470203957776193,3.4419694336221656,7.498438481930221,2
HOBBIES_1_371_TX_3_validation,HOBBIES_1_371,HOBBIES_1,HOBBIES,TX_3,TX,2016-05-08,11615,Sunday,2,5,2016,Mother's day,Cultural,1,0,1,0.48,8.427868866045982,4.6159289585465215,1.0,8.0,5.84494958495785,5.207276053762027,6,0.48,0.0,1,5.614164847626392,3.5325527073586116,7.695776987894172,0
HOBBIES_1_371_WI_1_validation,HOBBIES_1_371,HOBBIES_1,HOBBIES,WI_1,WI,2016-05-08,11615,Sunday,2,5,2016,Mother's day,Cultural,1,0,1,0.48,8.737362331550061,5.307579119063914,3.0,2.0,7.515792402165844,7.304371222163327,6,0.48,0.0,1,4.94148036034468,3.109285227468023,6.7736754932213366,10
HOBBIES_1_371_WI_2_validation,HOBBIES_1_371,HOBBIES_1,HOBBIES,WI_2,WI,2016-05-08,11615,Sunday,2,5,2016,Mother's day,Cultural,1,0,1,0.48,6.622184282153268,5.187167028169513,4.0,1.0,5.750492055661614,4.49364128897768,6,0.48,0.0,1,4.785582944605209,3.0111912361108732,6.559974653099545,0
HOUSEHOLD_1_110_CA_1_validation,HOUSEHOLD_1_110,HOUSEHOLD_1,HOUSEHOLD,CA_1,CA,2016-05-08,11615,Sunday,2,5,2016,Mother's day,Cultural,1,0,1,3.97,9.613312520907602,9.365561126354242,13.0,10.0,8.570351194738864,8.435435870951737,6,3.97,0.0,1,10.447897284423417,6.574040634716813,14.32175393413002,11
HOUSEHOLD_1_110_CA_4_validation,HOUSEHOLD_1_110,HOUSEHOLD_1,HOUSEHOLD,CA_4,CA,2016-05-08,11615,Sunday,2,5,2016,Mother's day,Cultural,1,0,1,3.97,7.499379500999219,6.194027938411881,8.0,3.0,6.630500779280198,5.711051306358985,6,3.97,0.0,1,6.105798508968812,3.841899131722702,8.369697886214922,4
HOUSEHOLD_1_110_WI_2_validation,HOUSEHOLD_1_110,HOUSEHOLD_1,HOUSEHOLD,WI_2,WI,2016-05-08,11615,Sunday,2,5,2016,Mother's day,Cultural,1,0,1,3.97,33.0019167222002,35.65461052295084,26.0,14.0,26.715781551949643,23.44461710422902,6,3.97,0.0,1,28.460248804042486,17.907797810270225,39.01269979781475,22
HOUSEHOLD_1_110_WI_3_validation,HOUSEHOLD_1_110,HOUSEHOLD_1,HOUSEHOLD,WI_3,WI,2016-05-08,11615,Sunday,2,5,2016,Mother's day,Cultural,1,0,1,3.97,17.302038511438635,16.44925429134644,17.0,22.0,13.48622170565587,14.011877432002445,6,3.97,0.0,1,17.79973526943481,11.19997447935517,24.399496059514448,18
HOUSEHOLD_1_118_CA_1_validation,HOUSEHOLD_1_118,HOUSEHOLD_1,HOUSEHOLD,CA_1,CA,2016-05-08,11615,Sunday,2,5,2016,Mother's day,Cultural,1,0,1,0.97,9.090640386663146,10.629567370735296,9.0,28.0,8.263588976845803,8.687086609977225,6,0.97,0.0,1,9.793340994724813,6.1621798048249,13.424502184624727,3
HOUSEHOLD_1_118_CA_3_validation,HOUSEHOLD_1_118,HOUSEHOLD_1,HOUSEHOLD,CA_3,CA,2016-05-08,11615,Sunday,2,5,2016,Mother's day,Cultural,1,0,1,0.97,22.801259168829688,27.56051260737468,31.0,24.0,22.389303461917937,21.545985806242907,6,0.97,0.0,1,26.279079989368604,16.535359698706753,36.02280028003046,36
HOUSEHOLD_1_118_TX_3_validation,HOUSEHOLD_1_118,HOUSEHOLD_1,HOUSEHOLD,TX_3,TX,2016-05-08,11615,Sunday,2,5,2016,Mother's day,Cultural,1,0,1,0.97,6.92712321955271,8.070031632687618,11.0,17.0,7.0286886035885985,6.609573648014878,6,0.97,0.0,1,8.942297949395249,5.6266853019998315,12.257910596790666,2
HOUSEHOLD_1_151_CA_4_validation,HOUSEHOLD_1_151,HOUSEHOLD_1,HOUSEHOLD,CA_4,CA,2016-05-08,11615,Sunday,2,5,2016,Mother's day,Cultural,1,0,1,0.88,6.486884854686111,4.9849575253037655,8.0,5.0,5.261939614828726,4.283487478973025,6,0.88,0.0,1,4.834593001100797,3.042029412840665,6.627156589360928,9
HOUSEHOLD_1_191_CA_2_validation,HOUSEHOLD_1_191,HOUSEHOLD_1,HOUSEHOLD,CA_2,CA,2016-05-08,11615,Sunday,2,5,2016,Mother's day,Cultural,1,0,1,2.96,18.06558830919381,13.209583708127537,8.0,11.0,11.691670361116211,11.031155581041988,6,2.96,0.0,1,12.764861775051648,8.03192429263665,17.497799257466646,15
HOUSEHOLD_1_191_CA_4_validation,HOUSEHOLD_1_191,HOUSEHOLD_1,HOUSEHOLD,CA_4,CA,2016-05-08,11615,Sunday,2,5,2016,Mother's day,Cultural,1,0,1,2.96,7.528302871344174,5.926937359512192,5.0,3.0,6.4689778105886315,5.084531630649927,6,2.96,0.0,1,5.909897134659454,3.7186337932486495,8.101160476070259,1
HOUSEHOLD_1_234_CA_2_validation,HOUSEHOLD_1_234,HOUSEHOLD_1,HOUSEHOLD,CA_2,CA,2016-05-08,11615,Sunday,2,5,2016,Mother's day,Cultural,1,0,1,0.97,7.822783497264826,4.905396384259247,3.0,17.0,7.146706892895913,6.817494569014061,6,0.97,0.0,1,7.016301799327889,4.414807293615515,9.617796305040262,12
HOUSEHOLD_1_234_TX_1_validation,HOUSEHOLD_1_234,HOUSEHOLD_1,HOUSEHOLD,TX_1,TX,2016-05-08,11615,Sunday,2,5,2016,Mother's day,Cultural,1,0,1,0.97,11.599679594729606,13.81342193310453,11.0,18.0,11.211689217943142,11.500514042010769,6,0.97,0.0,1,13.136214480923117,8.265587364903904,18.00684159694233,18
HOUSEHOLD_1_234_TX_2_validation,HOUSEHOLD_1_234,HOUSEHOLD_1,HOUSEHOLD,TX_2,TX,2016-05-08,11615,Sunday,2,5,2016,Mother's day,Cultural,1,0,1,0.97,7.026904061006367,5.7926277557859285,0.0,0.0,5.883501491415925,3.7947478982716154,6,0.97,0.0,1,5.350365794481918,3.366564695841967,7.334166893121869,0
HOUSEHOLD_1_303_CA_2_validation,HOUSEHOLD_1_303,HOUSEHOLD_1,HOUSEHOLD,CA_2,CA,2016-05-08,11615,Sunday,2,5,2016,Mother's day,Cultural,1,0,1,0.98,10.346130382154017,7.936525980747376,6.0,15.0,7.21773625150419,6.510936595779007,6,0.98,0.0,1,8.989208981328842,5.656202727540349,12.322215235117335,12
HOUSEHOLD_1_303_CA_3_validation,HOUSEHOLD_1_303,HOUSEHOLD_1,HOUSEHOLD,CA_3,CA,2016-05-08,11615,Sunday,2,5,2016,Mother's day,Cultural,1,0,1,0.98,14.367365035333934,15.990613746257493,14.0,16.0,11.759123818302914,12.259031083804672,6,0.98,0.0,1,14.801180266102387,9.313219479693187,20.28914105251159,32
HOUSEHOLD_1_303_WI_1_validation,HOUSEHOLD_1_303,HOUSEHOLD_1,HOUSEHOLD,WI_1,WI,2016-05-08,11615,Sunday,2,5,2016,Mother's day,Cultural,1,0,1,0.98,8.947048525909612,4.8982041378548535,1.0,9.0,6.381598367124539,4.652948628757388,6,0.98,0.0,1,6.417801834662849,4.0382183034604795,8.797385365865217,6
HOUSEHOLD_1_327_CA_2_validation,HOUSEHOLD_1_327,HOUSEHOLD_1,HOUSEHOLD,CA_2,CA,2016-05-08,11615,Sunday,2,5,2016,Mother's day,Cultural,1,0,1,0.98,8.702026075203644,6.425319141618886,3.0,5.0,6.416365294589192,4.02734261639475,6,0.98,0.0,1,5.766832861786436,3.6286146901085727,7.905051033464299,4
HOUSEHOLD_1_327_WI_1_validation,HOUSEHOLD_1_327,HOUSEHOLD_1,HOUSEHOLD,WI_1,WI,2016-05-08,11615,Sunday,2,5,2016,Mother's day,Cultural,1,0,1,0.98,7.284022283954045,5.5572661403223185,0.0,11.0,6.307208115144813,4.362387617753442,6,0.98,0.0,1,6.62648901205693,4.169528742947516,9.083449281166345,0
HOUSEHOLD_1_334_CA_1_validation,HOUSEHOLD_1_334,HOUSEHOLD_1,HOUSEHOLD,CA_1,CA,2016-05-08,11615,Sunday,2,5,2016,Mother's day,Cultural,1,0,1,0.97,16.043609551353466,15.47492761028055,9.0,11.0,11.248264034251898,12.06067972059177,6,0.97,0.0,1,11.143684582371975,7.011844897652392,15.275524267091557,4
HOUSEHOLD_1_334_CA_3_validation,HOUSEHOLD_1_334,HOUSEHOLD_1,HOUSEHOLD,CA_3,CA,2016-05-08,11615,Sunday,2,5,2016,Mother's day,Cultural,1,0,1,0.97,24.85936183122934,28.585265269693608,29.0,42.0,21.80195556060601,23.93387688109181,6,0.97,0.0,1,28.506919248580413,17.937163853071013,39.07667464408981,8
HOUSEHOLD_1_334_TX_1_validation,HOUSEHOLD_1_334,HOUSEHOLD_1,HOUSEHOLD,TX_1,TX,2016-05-08,11615,Sunday,2,5,2016,Mother's day,Cultural,1,0,1,0.96,10.318560500912893,11.723646359945276,16.0,9.0,8.239485325694366,9.921244650628207,6,0.96,0.0,1,10.896097766865772,6.85605797312122,14.936137560610323,10
HOUSEHOLD_1_334_TX_2_validation,HOUSEHOLD_1_334,HOUSEHOLD_1,HOUSEHOLD,TX_2,TX,2016-05-08,11615,Sunday,2,5,2016,Mother's day,Cultural,1,0,1,0.96,15.356952816224084,11.618379880334176,0.0,12.0,11.215827626127592,10.638714460338289,6,0.96,0.0,1,10.97519394575891,6.905826982132206,15.044560909385615,23
HOUSEHOLD_1_334_TX_3_validation,HOUSEHOLD_1_334,HOUSEHOLD_1,HOUSEHOLD,TX_3,TX,2016-05-08,11615,Sunday,2,5,2016,Mother's day,Cultural,1,0,1,0.96,13.110654725015449,14.240113009477314,14.0,7.0,10.368299745780941,10.584436745405364,6,0.96,0.0,1,11.47141742257999,7.218061416651942,15.724773428508037,3
HOUSEHOLD_1_334_WI_2_validation,HOUSEHOLD_1_334,HOUSEHOLD_1,HOUSEHOLD,WI_2,WI,2016-05-08,11615,Sunday,2,5,2016,Mother's day,Cultural,1,0,1,0.97,26.17615647925144,21.620230987524295,15.0,21.0,19.552911759196174,18.4596246759184,6,0.97,0.0,1,19.501520398472145,12.27077411351004,26.73226668343425,22
HOUSEHOLD_1_334_WI_3_validation,HOUSEHOLD_1_334,HOUSEHOLD_1,HOUSEHOLD,WI_3,WI,2016-05-08,11615,Sunday,2,5,2016,Mother's day,Cultural,1,0,1,0.97,14.868650469831916,11.09971512132951,12.0,18.0,11.158557924410287,11.376640738849874,6,0.97,0.0,1,13.590694617180693,8.551555995920534,18.629833238440852,8
HOUSEHOLD_1_389_WI_1_validation,HOUSEHOLD_1_389,HOUSEHOLD_1,HOUSEHOLD,WI_1,WI,2016-05-08,11615,Sunday,2,5,2016,Mother's day,Cultural,1,0,1,0.98,7.091948692648593,6.099953658024067,0.0,3.0,6.094818678807835,3.838206682722055,6,0.98,0.0,1,5.454546279877795,3.432117287496759,7.476975272258832,5
HOUSEHOLD_1_399_CA_4_validation,HOUSEHOLD_1_399,HOUSEHOLD_1,HOUSEHOLD,CA_4,CA,2016-05-08,11615,Sunday,2,5,2016,Mother's day,Cultural,1,0,1,0.97,7.109876952308096,4.905396384259247,0.0,4.0,5.5924598481673735,3.486687582640362,6,0.97,0.0,1,5.038643483969543,3.1704223448723234,6.906864623066762,5
HOUSEHOLD_1_409_WI_2_validation,HOUSEHOLD_1_409,HOUSEHOLD_1,HOUSEHOLD,WI_2,WI,2016-05-08,11615,Sunday,2,5,2016,Mother's day,Cultural,1,0,1,2.94,13.973792032086077,13.9699607228093,15.0,3.0,11.151706848834914,9.83153149615931,6,2.94,0.0,1,11.796278553397222,7.422470994626694,16.170086112167752,9
HOUSEHOLD_1_441_WI_3_validation,HOUSEHOLD_1_441,HOUSEHOLD_1,HOUSEHOLD,WI_3,WI,2016-05-08,11615,Sunday,2,5,2016,Mother's day,Cultural,1,0,1,2.77,7.970902633777293,6.874287349407849,6.0,6.0,7.143602569537964,7.276130277176421,6,2.77,0.0,1,6.649659996632098,4.184108422475056,9.11521157078914,7
HOUSEHOLD_1_459_CA_3_validation,HOUSEHOLD_1_459,HOUSEHOLD_1,HOUSEHOLD,CA_3,CA,2016-05-08,11615,Sunday,2,5,2016,Mother's day,Cultural,1,0,1,0.97,32.062206653060706,32.22979614796885,35.0,30.0,25.540360485628124,26.092663588094446,6,0.97,0.0,1,29.103151558025445,18.31232598601679,39.893977130034095,15
HOUSEHOLD_1_459_TX_1_validation,HOUSEHOLD_1_459,HOUSEHOLD_1,HOUSEHOLD,TX_1,TX,2016-05-08,11615,Sunday,2,5,2016,Mother's day,Cultural,1,0,1,0.96,9.010980799344225,7.359426967458988,10.0,8.0,7.321593586623651,7.612048234113273,6,0.96,0.0,1,7.391710107114023,4.651022237427774,10.132397976800274,7
HOUSEHOLD_1_459_TX_3_validation,HOUSEHOLD_1_459,HOUSEHOLD_1,HOUSEHOLD,TX_3,TX,2016-05-08,11615,Sunday,2,5,2016,Mother's day,Cultural,1,0,1,0.96,7.456191452526881,5.249610590660512,0.0,9.0,5.6688687055477995,3.8014579972704228,6,0.96,0.0,1,5.964927881009939,3.7532603169230585,8.17659544509682,0
HOUSEHOLD_1_459_WI_1_validation,HOUSEHOLD_1_459,HOUSEHOLD_1,HOUSEHOLD,WI_1,WI,2016-05-08,11615,Sunday,2,5,2016,Mother's day,Cultural,1,0,1,0.97,8.615203220966775,7.520623184839125,4.0,13.0,7.019891716159756,6.985924510334496,6,0.97,0.0,1,7.799594581364805,4.90767188041311,10.6915172823165,9
HOUSEHOLD_1_459_WI_2_validation,HOUSEHOLD_1_459,HOUSEHOLD_1,HOUSEHOLD,WI_2,WI,2016-05-08,11615,Sunday,2,5,2016,Mother's day,Cultural,1,0,1,0.97,34.01224365950319,27.929893904719698,26.0,19.0,26.746708466828178,26.028233532344974,6,0.97,0.0,1,26.603521554169003,16.739505276761854,36.46753783157615,19
HOUSEHOLD_1_459_WI_3_validation,HOUSEHOLD_1_459,HOUSEHOLD_1,HOUSEHOLD,WI_3,WI,2016-05-08,11615,Sunday,2,5,2016,Mother's day,Cultural,1,0,1,0.97,16.029400457206876,16.297194449815155,15.0,14.0,12.41646436771693,10.554406629419613,6,0.97,0.0,1,14.242981851233653,8.9619890874254,19.523974615041904,11
HOUSEHOLD_1_474_TX_2_validation,HOUSEHOLD_1_474,HOUSEHOLD_1,HOUSEHOLD,TX_2,TX,2016-05-08,11615,Sunday,2,5,2016,Mother's day,Cultural,1,0,1,0.97,10.990392394804484,8.443743679251362,3.0,11.0,9.38946680644427,10.777028542828933,6,0.97,0.0,1,7.724373790711664,4.860341348645104,10.588406232778224,6
HOUSEHOLD_1_521_TX_1_validation,HOUSEHOLD_1_521,HOUSEHOLD_1,HOUSEHOLD,TX_1,TX,2016-05-08,11615,Sunday,2,5,2016,Mother's day,Cultural,1,0,1,0.94,8.913812734549708,8.981335357989693,34.0,11.0,8.612196086891702,9.170072736303853,6,0.94,0.0,1,9.739695983674432,6.128425215466445,13.350966751882419,9
HOUSEHOLD_1_521_TX_2_validation,HOUSEHOLD_1_521,HOUSEHOLD_1,HOUSEHOLD,TX_2,TX,2016-05-08,11615,Sunday,2,5,2016,Mother's day,Cultural,1,0,1,0.94,10.926997442386092,5.5527922333253406,1.0,11.0,6.9634128720350015,7.601165381618436,6,0.94,0.0,1,6.861918529834379,4.317666035490409,9.406171024178349,0
HOUSEHOLD_1_521_TX_3_validation,HOUSEHOLD_1_521,HOUSEHOLD_1,HOUSEHOLD,TX_3,TX,2016-05-08,11615,Sunday,2,5,2016,Mother's day,Cultural,1,0,1,0.94,9.42578570161748,8.995267638447665,9.0,4.0,7.470439317198817,6.52174858837514,6,0.94,0.0,1,6.674328214215385,4.199630193063319,9.149026235367451,0
HOUSEHOLD_1_535_CA_1_validation,HOUSEHOLD_1_535,HOUSEHOLD_1,HOUSEHOLD,CA_1,CA,2016-05-08,11615,Sunday,2,5,2016,Mother's day,Cultural,1,0,1,6.97,11.279664045167687,10.805776741080095,11.0,10.0,9.410404539759785,8.379607961342098,6,6.97,0.0,1,10.318380496567366,6.492545899167194,14.144215093967539,14
FOODS_1_218_CA_2_validation,FOODS_1_218,FOODS_1,FOODS,CA_2,CA,2016-05-09,11615,Monday,3,5,2016,,,1,1,1,0.98,6.378701825273894,7.86581091868546,9.84588873440915,19.0,8.674030951801857,10.020319379123455,0,0.98,0.0,0,8.675090922284637,5.4585529203074925,11.891628924261783,17
FOODS_2_360_WI_2_validation,FOODS_2_360,FOODS_2,FOODS,WI_2,WI,2016-05-09,11615,Monday,3,5,2016,,,1,1,1,0.94,56.03091056381243,44.170232536712916,22.9563853480162,122.0,51.439484782208375,52.42506729037963,0,0.94,0.0,0,40.57742703273691,25.532185750253607,55.62266831522021,117
FOODS_3_007_WI_2_validation,FOODS_3_007,FOODS_3,FOODS,WI_2,WI,2016-05-09,11615,Monday,3,5,2016,,,1,1,1,0.25,38.26326672881181,31.41113158311398,31.742549507057994,12.0,37.66328044475464,31.764427660639747,0,0.25,0.0,0,24.618901400419038,15.490739790267101,33.747063010570976,88
FOODS_3_030_TX_3_validation,FOODS_3_030,FOODS_3,FOODS,TX_3,TX,2016-05-09,11615,Monday,3,5,2016,,,1,1,1,1.25,20.72130490503976,16.293654442846595,15.929534958564926,16.0,19.601140158763865,19.16540017244684,0,1.25,0.0,0,16.7553450715031,10.542821809033729,22.967868333972472,19
FOODS_3_080_CA_2_validation,FOODS_3_080,FOODS_3,FOODS,CA_2,CA,2016-05-09,11615,Monday,3,5,2016,,,1,1,1,1.68,20.373817020663818,14.28542965511014,13.865399399887016,12.0,15.979722556917938,14.134653165916204,0,1.68,0.0,0,14.48946197508404,9.117079657875232,19.861844292292847,13
FOODS_3_090_CA_1_validation,FOODS_3_090,FOODS_3,FOODS,CA_1,CA,2016-05-09,11615,Monday,3,5,2016,,,1,1,1,1.6,66.57010615674959,45.41064597775282,31.952749491438713,48.0,53.663206113877706,52.86303717917054,0,1.6,0.0,0,50.718259824008676,31.913014832396367,69.52350481562098,72
FOODS_3_090_CA_2_validation,FOODS_3_090,FOODS_3,FOODS,CA_2,CA,2016-05-09,11615,Monday,3,5,2016,,,1,1,1,1.6,67.81020954387425,50.90822662331621,49.19081135628468,27.0,50.0268710732517,51.06570915331764,0,1.6,0.0,0,45.92366810770407,28.896155084276955,62.95118113113118,41
FOODS_3_090_CA_3_validation,FOODS_3_090,FOODS_3,FOODS,CA_3,CA,2016-05-09,11615,Monday,3,5,2016,,,1,1,1,1.6,122.24116253281292,84.2778717013661,91.54546145842949,107.0,98.29345829856797,108.5145175062451,0,1.6,0.0,0,84.26961093415036,53.02424320143511,115.51497866686562,119
FOODS_3_090_CA_4_validation,FOODS_3_090,FOODS_3,FOODS,CA_4,CA,2016-05-09,11615,Monday,3,5,2016,,,1,1,1,1.6,29.970278865193578,23.876136920394124,22.49079519622489,23.0,26.849587502152335,26.466345639548557,0,1.6,0.0,0,22.92583134489369,14.425423866933908,31.426238822853474,28
FOODS_3_090_TX_1_validation,FOODS_3_090,FOODS_3,FOODS,TX_1,TX,2016-05-09,11615,Monday,3,5,2016,,,1,1,1,1.5,68.01573517507497,53.27297977516341,42.42687198063126,55.0,52.915371457074436,50.454297329509075,0,1.5,0.0,0,51.65894856197852,32.504916324120835,70.8129807998362,43
FOODS_3_090_TX_2_validation,FOODS_3_090,FOODS_3,FOODS,TX_2,TX,2016-05-09,11615,Monday,3,5,2016,,,1,1,1,1.5,79.82362133163817,49.95658370270437,49.88513029322748,53.0,58.819656364389104,59.840456616136116,0,1.5,0.0,0,48.78713589888173,30.697910318171715,66.87636147959174,47
FOODS_3_090_TX_3_validation,FOODS_3_090,FOODS_3,FOODS,TX_3,TX,2016-05-09,11615,Monday,3,5,2016,,,1,1,1,1.5,81.47031525930372,61.529450130576976,60.057268868412564,74.0,63.36565589365377,64.06114048553316,0,1.5,0.0,0,68.82664652043701,43.30719939707119,94.34609364380283,64
FOODS_3_090_WI_1_validation,FOODS_3_090,FOODS_3,FOODS,WI_1,WI,2016-05-09,11615,Monday,3,5,2016,,,1,1,1,1.44,31.552141290071308,14.508896521206212,14.91052509367269,10.0,21.799005418199545,20.100106448889672,0,1.44,0.0,0,17.32319954999325,10.900128003244289,23.746271096742213,7
FOODS_3_090_WI_3_validation,FOODS_3_090,FOODS_3,FOODS,WI_3,WI,2016-05-09,11615,Monday,3,5,2016,,,1,1,1,1.44,106.95483878774075,69.20336765370715,52.09073647959066,50.0,74.69107459385525,78.91208803676977,0,1.44,0.0,0,57.68030083414557,36.29368007586508,79.06692159242606,47
FOODS_3_120_CA_1_validation,FOODS_3_120,FOODS_3,FOODS,CA_1,CA,2016-05-09,11615,Monday,3,5,2016,,,1,1,1,4.98,57.542847229908986,49.65351006005999,40.332258191054535,2.0,47.035775912707834,41.85249823537198,0,4.98,0.0,0,41.65936007163415,26.212961179808914,57.10575896345938,32
FOODS_3_120_CA_3_validation,FOODS_3_120,FOODS_3,FOODS,CA_3,CA,2016-05-09,11615,Monday,3,5,2016,,,1,1,1,4.98,83.93111328149843,74.4971222390286,67.75725005682376,57.0,70.13775420260518,72.41598672854784,0,4.98,0.0,0,68.2371512830817,42.936276374108125,93.53802619205527,63
FOODS_3_226_WI_1_validation,FOODS_3_226,FOODS_3,FOODS,WI_1,WI,2016-05-09,11615,Monday,3,5,2016,,,1,1,1,1.68,44.79583103608686,32.96296378449694,32.89769036029934,33.0,35.75882033086416,37.08531198695614,0,1.68,0.0,0,31.98376686894993,20.12487080642178,43.84266293147809,31
FOODS_3_226_WI_2_validation,FOODS_3_226,FOODS_3,FOODS,WI_2,WI,2016-05-09,11615,Monday,3,5,2016,,,1,1,1,1.68,47.50977818042879,33.6933177921714,34.84186010949206,46.0,44.251755027011406,45.79170201638444,0,1.68,0.0,0,36.50365871313539,22.9688835143664,50.03843391190438,44
FOODS_3_226_WI_3_validation,FOODS_3_226,FOODS_3,FOODS,WI_3,WI,2016-05-09,11615,Monday,3,5,2016,,,1,1,1,1.68,44.495289323642645,37.67694516390057,42.16177168738041,45.0,44.25429354805208,45.672844475017314,0,1.68,0.0,0,37.04808693005345,23.311449403298116,50.78472445680879,34
FOODS_3_234_WI_2_validation,FOODS_3_234,FOODS_3,FOODS,WI_2,WI,2016-05-09,11615,Monday,3,5,2016,,,1,1,1,0.25,36.181410737576535,23.58750855070074,17.832948320972324,0.0,31.192286603453766,23.6863400243354,0,0.25,0.0,0,29.15700773919208,18.346213448133017,39.967802030251136,54
FOODS_3_252_CA_1_validation,FOODS_3_252,FOODS_3,FOODS,CA_1,CA,2016-05-09,11615,Monday,3,5,2016,,,1,1,1,1.58,48.54225952419224,31.064668383281962,30.763499453474868,32.0,38.762105049828506,36.88133361589762,0,1.58,0.0,0,31.413263183717135,19.765897674615854,43.06062869281842,36
FOODS_3_252_CA_2_validation,FOODS_3_252,FOODS_3,FOODS,CA_2,CA,2016-05-09,11615,Monday,3,5,2016,,,1,1,1,1.58,45.016581319489674,34.314856919069825,32.37822082367697,23.0,37.04248180268177,34.547734329386905,0,1.58,0.0,0,30.772795567663735,19.36290173978478,42.182689395542695,19
FOODS_3_252_CA_3_validation,FOODS_3_252,FOODS_3,FOODS,CA_3,CA,2016-05-09,11615,Monday,3,5,2016,,,1,1,1,1.58,53.62891821171247,44.06385303163359,41.57774664099588,58.0,45.6886719853736,46.48226055731323,0,1.58,0.0,0,45.01481352154352,28.324284322360494,61.705342720726556,57
FOODS_3_252_CA_4_validation,FOODS_3_252,FOODS_3,FOODS,CA_4,CA,2016-05-09,11615,Monday,3,5,2016,,,1,1,1,1.58,16.607387182711037,17.36074760296637,13.892120129762471,12.0,18.116478614911365,16.58354494941614,0,1.58,0.0,0,15.290353017292505,9.621017446707514,20.959688587877494,22
FOODS_3_252_TX_1_validation,FOODS_3_252,FOODS_3,FOODS,TX_1,TX,2016-05-09,11615,Monday,3,5,2016,,,1,1,1,1.58,39.127722224265966,25.587244783810434,24.37472679313074,23.0,33.391883633333165,30.532400928480023,0,1.58,0.0,0,27.225977742966453,17.13116803598386,37.320787449949044,36
FOODS_3_252_TX_2_validation,FOODS_3_252,FOODS_3,FOODS,TX_2,TX,2016-05-09,11615,Monday,3,5,2016,,,1,1,1,1.58,64.43298558805563,45.15538494859001,36.309705066067224,45.0,51.985465413182574,47.86341087031097,0,1.58,0.0,0,48.41911686188205,30.46634486172411,66.37188886204,62
FOODS_3_252_TX_3_validation,FOODS_3_252,FOODS_3,FOODS,TX_3,TX,2016-05-09,11615,Monday,3,5,2016,,,1,1,1,1.58,39.72172420386655,23.971332545962905,22.921062966613103,38.0,33.748684639039176,33.570105872239544,0,1.58,0.0,0,30.68992133548013,19.310755498764756,42.0690871721955,27
FOODS_3_318_WI_3_validation,FOODS_3_318,FOODS_3,FOODS,WI_3,WI,2016-05-09,11615,Monday,3,5,2016,,,1,1,1,1.48,30.351433763529602,22.751038438486557,19.41751861038277,35.0,24.627879846055144,24.752969954960665,0,1.48,0.0,0,25.378253544939966,15.968540415430446,34.787966674449486,20
FOODS_3_377_TX_2_validation,FOODS_3_377,FOODS_3,FOODS,TX_2,TX,2016-05-09,11615,Monday,3,5,2016,,,1,1,1,1.68,31.80607409700974,24.118229492889903,22.029898646160067,22.0,27.47567110415501,27.476010710900372,0,1.68,0.0,0,23.558534021456506,14.823533935609568,32.293534107303444,26
FOODS_3_377_TX_3_validation,FOODS_3_377,FOODS_3,FOODS,TX_3,TX,2016-05-09,11615,Monday,3,5,2016,,,1,1,1,1.68,47.90330248812825,34.09517559753626,35.23133947718986,38.0,42.58324109977,42.59396205773167,0,1.68,0.0,0,34.92120209208821,21.973167931963932,47.86923625221249,38
FOODS_3_491_WI_1_validation,FOODS_3_491,FOODS_3,FOODS,WI_1,WI,2016-05-09,11615,Monday,3,5,2016,,,1,1,1,1.44,27.142882691779437,18.370345261317766,20.34764546938658,17.0,20.11307060465433,18.84414453761141,0,1.44,0.0,0,19.676085672856352,12.380614321158635,26.97155702455407,6
FOODS_3_541_CA_3_validation,FOODS_3_541,FOODS_3,FOODS,CA_3,CA,2016-05-09,11615,Monday,3,5,2016,,,1,1,1,0.88,4.49473073694124,4.94596816948473,1.3245393063996143,0.0,5.592807335429207,2.6822700505541937,0,0.88,0.0,0,4.269757307861218,2.6866227029344087,5.852891912788026,0
FOODS_3_555_CA_2_validation,FOODS_3_555,FOODS_3,FOODS,CA_2,CA,2016-05-09,11615,Monday,3,5,2016,,,1,1,1,1.68,29.02591592389718,22.27446462510646,24.146987362752494,14.0,22.366800982055857,21.08081491436196,0,1.68,0.0,0,20.838124068415162,13.1117937559808,28.564454380849526,16
FOODS_3_555_TX_1_validation,FOODS_3_555,FOODS_3,FOODS,TX_1,TX,2016-05-09,11615,Monday,3,5,2016,,,1,1,1,1.68,33.47038497322088,24.677736188230135,23.73186223898636,19.0,30.588268340023266,28.437771887905686,0,1.68,0.0,0,24.099818952942744,15.164122002057697,33.03551590382779,23
FOODS_3_555_TX_2_validation,FOODS_3_555,FOODS_3,FOODS,TX_2,TX,2016-05-09,11615,Monday,3,5,2016,,,1,1,1,1.68,52.1256636991406,35.372367670173254,30.52263936740918,35.0,41.6656782933636,39.67174972189565,0,1.68,0.0,0,34.86071896515923,21.9351106537077,47.78632727661076,46
FOODS_3_555_TX_3_validation,FOODS_3_555,FOODS_3,FOODS,TX_3,TX,2016-05-09,11615,Monday,3,5,2016,,,1,1,1,1.68,34.96794226876362,23.559443812392495,16.814062315922087,23.0,30.80372765068841,28.01429802621998,0,1.68,0.0,0,23.753543188478343,14.946237878158385,32.5608484987983,16
FOODS_3_555_WI_3_validation,FOODS_3_555,FOODS_3,FOODS,WI_3,WI,2016-05-09,11615,Monday,3,5,2016,,,1,1,1,1.68,32.211657537645486,27.62287822275607,25.481457284423513,21.0,27.664967208664535,28.137893052340843,0,1.68,0.0,0,24.59286343242903,15.474356143399998,33.71137072145807,18
FOODS_3_586_CA_1_validation,FOODS_3_586,FOODS_3,FOODS,CA_1,CA,2016-05-09,11615,Monday,3,5,2016,,,1,1,1,1.68,48.79341532437631,33.30835415897553,33.69051777883848,36.0,38.524370230084564,38.01499667070944,0,1.68,0.0,0,33.23658097133489,20.913168259259866,45.55999368340991,48
FOODS_3_586_CA_2_validation,FOODS_3_586,FOODS_3,FOODS,CA_2,CA,2016-05-09,11615,Monday,3,5,2016,,,1,1,1,1.68,35.79342328364677,27.31609555925774,27.929751605542382,38.0,33.980333399160195,33.57380860003148,0,1.68,0.0,0,29.96698656080464,18.85586946231299,41.07810365929629,18
FOODS_3_586_CA_3_validation,FOODS_3_586,FOODS_3,FOODS,CA_3,CA,2016-05-09,11615,Monday,3,5,2016,,,1,1,1,1.68,80.65973973766478,68.85725928968503,69.58650933496875,76.0,70.05194134742557,68.65764702895414,0,1.68,0.0,0,74.73700430974785,47.026123044087946,102.44788557540774,70
FOODS_3_586_CA_4_validation,FOODS_3_586,FOODS_3,FOODS,CA_4,CA,2016-05-09,11615,Monday,3,5,2016,,,1,1,1,1.68,18.849489965294794,16.09440119355082,15.72639514190349,13.0,17.66389952832323,17.09345114372201,0,1.68,0.0,0,15.360048047799998,9.664871051899171,21.055225043700823,21
FOODS_3_586_TX_1_validation,FOODS_3_586,FOODS_3,FOODS,TX_1,TX,2016-05-09,11615,Monday,3,5,2016,,,1,1,1,1.68,60.516446627699366,56.51202011646318,48.278822882806764,38.0,56.41457977483042,53.9038921006224,0,1.68,0.0,0,47.976848880146036,30.18806037976414,65.76563738052793,56
FOODS_3_586_TX_2_validation,FOODS_3_586,FOODS_3,FOODS,TX_2,TX,2016-05-09,11615,Monday,3,5,2016,,,1,1,1,1.68,95.72772239441386,57.63168438218756,58.5426358300446,66.0,71.80700303008176,71.2764909240487,0,1.68,0.0,0,63.79298740694084,40.139913324803615,87.44606148907806,72
FOODS_3_586_TX_3_validation,FOODS_3_586,FOODS_3,FOODS,TX_3,TX,2016-05-09,11615,Monday,3,5,2016,,,1,1,1,1.68,61.903961208456494,51.581863803190046,40.934327811109554,58.0,55.77439691005846,55.93966157650943,0,1.68,0.0,0,49.37700940148021,31.069071353723487,67.68494744923693,45
FOODS_3_586_WI_1_validation,FOODS_3_586,FOODS_3,FOODS,WI_1,WI,2016-05-09,11615,Monday,3,5,2016,,,1,1,1,1.68,17.11414738777851,13.083827546633087,12.011603178218207,10.0,15.500461473047551,15.844756247512823,0,1.68,0.0,0,12.88177706429229,8.105489895490877,17.658064233093704,11
FOODS_3_586_WI_3_validation,FOODS_3_586,FOODS_3,FOODS,WI_3,WI,2016-05-09,11615,Monday,3,5,2016,,,1,1,1,1.68,41.943508772731825,29.182595131456587,31.47197441023093,32.0,32.657409173530446,33.188482158246,0,1.68,0.0,0,30.578026139848618,19.240348646277045,41.915703633420186,28
FOODS_3_587_CA_1_validation,FOODS_3_587,FOODS_3,FOODS,CA_1,CA,2016-05-09,11615,Monday,3,5,2016,,,1,1,1,2.48,28.999214329033975,22.06763493196416,23.655472035413332,33.0,22.00328324383526,21.819001849728043,0,2.48,0.0,0,24.54161329825115,15.442108461838044,33.641118134664254,23
FOODS_3_587_CA_4_validation,FOODS_3_587,FOODS_3,FOODS,CA_4,CA,2016-05-09,11615,Monday,3,5,2016,,,1,1,1,2.48,21.918022985108223,15.852986922834159,15.949791957647248,21.0,17.055724585516387,16.47315955009143,0,2.48,0.0,0,17.59046871126008,11.068299481077856,24.1126379414423,13
FOODS_3_587_TX_1_validation,FOODS_3_587,FOODS_3,FOODS,TX_1,TX,2016-05-09,11615,Monday,3,5,2016,,,1,1,1,2.48,25.495880842153117,20.621230882261166,23.34327206238683,29.0,24.09495447078837,24.754349151111597,0,2.48,0.0,0,22.255922166665115,14.003902670911982,30.50794166241825,21
FOODS_3_587_TX_2_validation,FOODS_3_587,FOODS_3,FOODS,TX_2,TX,2016-05-09,11615,Monday,3,5,2016,,,1,1,1,2.48,39.06875822244402,28.060419685817543,29.559541073997465,32.0,29.309566842441722,28.35999848493506,0,2.48,0.0,0,29.92293938509884,18.828154036419004,41.01772473377868,26
FOODS_3_635_CA_3_validation,FOODS_3_635,FOODS_3,FOODS,CA_3,CA,2016-05-09,11615,Monday,3,5,2016,,,1,1,1,0.88,4.49473073694124,4.94596816948473,1.2768884976219868,0.0,5.56170087886231,2.633695020361241,0,0.88,0.0,0,4.269757307861218,2.6866227029344087,5.852891912788026,0
FOODS_3_635_CA_4_validation,FOODS_3_635,FOODS_3,FOODS,CA_4,CA,2016-05-09,11615,Monday,3,5,2016,,,1,1,1,1.0,5.587899476686112,5.332333126240797,1.8965045100745357,0.0,6.424757041983113,2.894034297551719,0,1.0,0.0,0,5.077223542228785,3.1946977434316226,6.959749341025947,0
FOODS_3_694_WI_1_validation,FOODS_3_694,FOODS_3,FOODS,WI_1,WI,2016-05-09,11615,Monday,3,5,2016,,,1,1,1,1.68,28.010861918109594,22.492376689519954,21.474845086371708,21.0,21.832735232427698,21.38588654615241,0,1.68,0.0,0,21.12442481484578,13.291940314618078,28.956909315073485,25
FOODS_3_694_WI_2_validation,FOODS_3_694,FOODS_3,FOODS,WI_2,WI,2016-05-09,11615,Monday,3,5,2016,,,1,1,1,1.68,36.09782418821892,31.03036861935044,31.78884883774515,45.0,34.926683421603286,36.14094859356021,0,1.68,0.0,0,32.1586601813002,20.23491742258109,44.08240294001931,19
FOODS_3_694_WI_3_validation,FOODS_3_694,FOODS_3,FOODS,WI_3,WI,2016-05-09,11615,Monday,3,5,2016,,,1,1,1,1.68,50.13495961802247,35.81181805181895,37.491276158349,41.0,42.97253475138016,45.28143384686625,0,1.68,0.0,0,36.54630998891187,22.995720610142136,50.09689936768161,41
FOODS_3_711_WI_2_validation,FOODS_3_711,FOODS_3,FOODS,WI_2,WI,2016-05-09,11615,Monday,3,5,2016,,,1,1,1,0.25,41.65216460811393,25.818661594360798,30.82994126145454,0.0,33.328989391373334,22.003825077457744,0,0.25,0.0,0,28.890788266495363,18.17870245681897,39.60287407617175,4
FOODS_3_714_CA_1_validation,FOODS_3_714,FOODS_3,FOODS,CA_1,CA,2016-05-09,11615,Monday,3,5,2016,,,1,1,1,1.58,28.7676654249833,19.253693520621578,14.242927373701194,7.0,20.342497263316762,18.02452645751591,0,1.58,0.0,0,18.167775760591947,11.431553435217932,24.903998085965963,5
FOODS_3_714_TX_1_validation,FOODS_3_714,FOODS_3,FOODS,TX_1,TX,2016-05-09,11615,Monday,3,5,2016,,,1,1,1,1.58,29.02953911331955,16.364509847256095,15.736729382100336,19.0,21.49908112888332,20.01550143172394,0,1.58,0.0,0,18.98450816499582,11.945458948267522,26.023557381724117,23
FOODS_3_714_WI_1_validation,FOODS_3_714,FOODS_3,FOODS,WI_1,WI,2016-05-09,11615,Monday,3,5,2016,,,1,1,1,1.58,25.119159676318855,15.117121359083557,13.32555851888866,15.0,18.008195100752026,18.93669942816548,0,1.58,0.0,0,16.066032904033534,10.109091836811885,22.022973971255183,10
FOODS_3_808_CA_4_validation,FOODS_3_808,FOODS_3,FOODS,CA_4,CA,2016-05-09,11615,Monday,3,5,2016,,,1,1,1,1.0,5.587899476686112,5.332333126240797,1.8965045100745357,0.0,6.424757041983113,2.9026651326899118,0,1.0,0.0,0,5.077223542228785,3.1946977434316226,6.959749341025947,0
HOBBIES_1_008_TX_2_validation,HOBBIES_1_008,HOBBIES_1,HOBBIES,TX_2,TX,2016-05-09,11615,Monday,3,5,2016,,,1,1,1,0.48,4.674210212804938,5.238547856139908,4.030556697664151,1.0,5.685443711549174,4.006595181766992,0,0.48,0.0,0,4.690858585472714,2.9515886415330215,6.430128529412407,2
HOBBIES_1_015_CA_2_validation,HOBBIES_1_015,HOBBIES_1,HOBBIES,CA_2,CA,2016-05-09,11615,Monday,3,5,2016,,,1,1,1,0.7,9.297127102838768,4.7076978799321605,2.7679844161910307,0.0,7.642020475896408,6.818450843578107,0,0.7,0.0,0,5.033249281730319,3.1670281973470207,6.899470366113617,1
HOBBIES_1_048_WI_3_validation,HOBBIES_1_048,HOBBIES_1,HOBBIES,WI_3,WI,2016-05-09,11615,Monday,3,5,2016,,,1,1,1,0.48,4.929543834455408,6.064682328325773,3.6525214130556427,4.0,6.0895591845186985,5.713856580928271,0,0.48,0.0,0,4.9275338820215815,3.1005098047478996,6.754557959295263,2
HOBBIES_1_103_WI_3_validation,HOBBIES_1_103,HOBBIES_1,HOBBIES,WI_3,WI,2016-05-09,11615,Monday,3,5,2016,,,1,1,1,0.7,5.216795784508663,5.631336137807233,2.7679844161910307,0.0,5.9365950247047365,5.150515513461715,0,0.7,0.0,0,4.9275338820215815,3.1005098047478996,6.754557959295263,0
HOBBIES_1_178_CA_4_validation,HOBBIES_1_178,HOBBIES_1,HOBBIES,CA_4,CA,2016-05-09,11615,Monday,3,5,2016,,,1,1,1,0.48,6.675019812286336,5.002654430739442,5.739704532802253,0.0,6.5565040038166975,6.697217455994427,0,0.48,0.0,0,4.877351865990848,3.068934205989871,6.685769525991825,0
HOBBIES_1_178_WI_2_validation,HOBBIES_1_178,HOBBIES_1,HOBBIES,WI_2,WI,2016-05-09,11615,Monday,3,5,2016,,,1,1,1,0.48,4.674210212804938,5.383120820223116,5.806139453460608,2.0,6.261777384913245,5.0989746080546725,0,0.48,0.0,0,4.690858585472714,2.9515886415330215,6.430128529412407,1
HOBBIES_1_234_CA_3_validation,HOBBIES_1_234,HOBBIES_1,HOBBIES,CA_3,CA,2016-05-09,11615,Monday,3,5,2016,,,1,1,1,0.3,30.695669899628367,24.255760752000285,29.14440724488797,8.0,29.688764344894906,27.785453053015864,0,0.3,0.0,0,24.61178289873718,15.486260676619553,33.737305120854806,65
HOBBIES_1_254_CA_3_validation,HOBBIES_1_254,HOBBIES_1,HOBBIES,CA_3,CA,2016-05-09,11615,Monday,3,5,2016,,,1,1,1,0.7,10.64745239043812,11.64058126420251,10.909671618578164,8.0,10.80914984689134,14.152365654112197,0,0.7,0.0,0,9.059788763007987,5.70061303710952,12.418964488906454,2
HOBBIES_1_254_TX_1_validation,HOBBIES_1_254,HOBBIES_1,HOBBIES,TX_1,TX,2016-05-09,11615,Monday,3,5,2016,,,1,1,1,0.7,5.396932849924844,4.7076978799321605,2.7679844161910307,0.0,5.651666682297924,4.101966832142309,0,0.7,0.0,0,4.690858585472714,2.9515886415330215,6.430128529412407,4
HOBBIES_1_348_CA_1_validation,HOBBIES_1_348,HOBBIES_1,HOBBIES,CA_1,CA,2016-05-09,11615,Monday,3,5,2016,,,1,1,1,0.48,9.494984021830165,5.689719950461191,5.776115207321522,3.0,7.0665740771785925,6.676811581506536,0,0.48,0.0,0,5.269924578279184,3.3159493605618984,7.22389979599647,12
HOBBIES_1_348_CA_2_validation,HOBBIES_1_348,HOBBIES_1,HOBBIES,CA_2,CA,2016-05-09,11615,Monday,3,5,2016,,,1,1,1,0.48,5.060898368769192,4.765979134190577,4.762130165484621,10.0,6.1961646989825665,6.483274029748571,0,0.48,0.0,0,5.862801317651851,3.6890000969837784,8.036602538319922,0
HOBBIES_1_354_TX_3_validation,HOBBIES_1_354,HOBBIES_1,HOBBIES,TX_3,TX,2016-05-09,11615,Monday,3,5,2016,,,1,1,1,22.98,22.87095071377233,22.720153808722152,21.56213327502176,16.0,22.413229480016746,22.40378785337475,0,22.98,0.0,0,21.12057374685152,13.289517140194352,28.951630353508687,36
HOBBIES_1_370_WI_1_validation,HOBBIES_1_370,HOBBIES_1,HOBBIES,WI_1,WI,2016-05-09,11615,Monday,3,5,2016,,,1,1,1,0.48,6.143080181549062,6.039974739619916,5.109335813967004,5.0,6.283156979494956,6.074701752010237,0,0.48,0.0,0,5.002654430739442,3.1477772621442988,6.857531599334585,1
HOBBIES_1_371_CA_1_validation,HOBBIES_1_371,HOBBIES_1,HOBBIES,CA_1,CA,2016-05-09,11615,Monday,3,5,2016,,,1,1,1,0.48,5.828664747996121,6.428389313333094,5.294116927886895,0.0,8.782861071825247,8.974501400700431,0,0.48,0.0,0,5.002654430739442,3.1477772621442988,6.857531599334585,8
HOBBIES_1_371_CA_4_validation,HOBBIES_1_371,HOBBIES_1,HOBBIES,CA_4,CA,2016-05-09,11615,Monday,3,5,2016,,,1,1,1,0.48,6.2939898059695105,8.347547914658277,8.915318058836755,2.0,6.983337100385541,6.873859224565533,0,0.48,0.0,0,5.707885188442139,3.591523552118044,7.8242468247662345,0
HOBBIES_1_371_TX_1_validation,HOBBIES_1_371,HOBBIES_1,HOBBIES,TX_1,TX,2016-05-09,11615,Monday,3,5,2016,,,1,1,1,0.48,4.949525636968921,4.596325148131889,2.548241727702339,0.0,5.32635078036345,3.318326900332081,0,0.48,0.0,0,4.690858585472714,2.9515886415330215,6.430128529412407,2
HOBBIES_1_371_TX_2_validation,HOBBIES_1_371,HOBBIES_1,HOBBIES,TX_2,TX,2016-05-09,11615,Monday,3,5,2016,,,1,1,1,0.48,5.470203957776193,4.52120459941403,3.4828674269969575,0.0,5.610713562152503,3.988165467380437,0,0.48,0.0,0,4.690858585472714,2.9515886415330215,6.430128529412407,5
HOBBIES_1_371_TX_3_validation,HOBBIES_1_371,HOBBIES_1,HOBBIES,TX_3,TX,2016-05-09,11615,Monday,3,5,2016,,,1,1,1,0.48,5.614164847626392,5.556215589089373,3.243667970559959,2.0,5.987554711969259,5.122067655462969,0,0.48,0.0,0,5.002654430739442,3.1477772621442988,6.857531599334585,0
HOBBIES_1_371_WI_1_validation,HOBBIES_1_371,HOBBIES_1,HOBBIES,WI_1,WI,2016-05-09,11615,Monday,3,5,2016,,,1,1,1,0.48,4.94148036034468,6.218239017706225,5.7917995386327625,1.0,7.463492579491667,7.4094240921756365,0,0.48,0.0,0,4.9275338820215815,3.1005098047478996,6.754557959295263,7
HOBBIES_1_371_WI_2_validation,HOBBIES_1_371,HOBBIES_1,HOBBIES,WI_2,WI,2016-05-09,11615,Monday,3,5,2016,,,1,1,1,0.48,4.785582944605209,5.617142982513114,4.9687296669993835,0.0,5.6931229008667135,4.628840679856437,0,0.48,0.0,0,4.9275338820215815,3.1005098047478996,6.754557959295263,13
HOUSEHOLD_1_110_CA_1_validation,HOUSEHOLD_1_110,HOUSEHOLD_1,HOUSEHOLD,CA_1,CA,2016-05-09,11615,Monday,3,5,2016,,,1,1,1,3.97,10.447897284423417,8.923896738685716,9.902157059414323,8.0,8.724970645891602,8.451432202538287,0,3.97,0.0,0,8.923490320540012,5.614851139299808,12.232129501780214,9
HOUSEHOLD_1_110_CA_4_validation,HOUSEHOLD_1_110,HOUSEHOLD_1,HOUSEHOLD,CA_4,CA,2016-05-09,11615,Monday,3,5,2016,,,1,1,1,3.97,6.105798508968812,5.503747465423117,6.4483306102219276,3.0,6.617896575074046,5.821972681679299,0,3.97,0.0,0,5.401694592172912,3.39886187417036,7.404527310175464,2
HOUSEHOLD_1_110_WI_2_validation,HOUSEHOLD_1_110,HOUSEHOLD_1,HOUSEHOLD,WI_2,WI,2016-05-09,11615,Monday,3,5,2016,,,1,1,1,3.97,28.460248804042486,22.464766590260744,18.146052020954862,19.0,25.688015592105593,23.961054561516256,0,3.97,0.0,0,20.665320289439684,13.00306191895259,28.32757865992678,19
HOUSEHOLD_1_110_WI_3_validation,HOUSEHOLD_1_110,HOUSEHOLD_1,HOUSEHOLD,WI_3,WI,2016-05-09,11615,Monday,3,5,2016,,,1,1,1,3.97,17.79973526943481,14.558988303861724,15.562840101618216,19.0,13.679147559668493,13.861867977339402,0,3.97,0.0,0,16.687133074298696,10.49990136014441,22.874364788452983,19
HOUSEHOLD_1_118_CA_1_validation,HOUSEHOLD_1_118,HOUSEHOLD_1,HOUSEHOLD,CA_1,CA,2016-05-09,11615,Monday,3,5,2016,,,1,1,1,0.97,9.793340994724813,8.418152135464432,6.718010399089204,7.0,8.144128065987163,8.036848788360254,0,0.97,0.0,0,7.075952182690131,4.452340591792599,9.699563773587663,7
HOUSEHOLD_1_118_CA_3_validation,HOUSEHOLD_1_118,HOUSEHOLD_1,HOUSEHOLD,CA_3,CA,2016-05-09,11615,Monday,3,5,2016,,,1,1,1,0.97,26.279079989368604,20.281331286193524,16.41299396194151,16.0,22.20624165934564,21.62738152014893,0,0.97,0.0,0,17.769760794920742,11.181113898312367,24.358407691529116,27
HOUSEHOLD_1_118_TX_3_validation,HOUSEHOLD_1_118,HOUSEHOLD_1,HOUSEHOLD,TX_3,TX,2016-05-09,11615,Monday,3,5,2016,,,1,1,1,0.97,8.942297949395249,6.796776662564284,5.647096144311005,6.0,7.153298077403973,6.321798574778995,0,0.97,0.0,0,6.083398166085843,3.8278043564454047,8.33899197572628,9
HOUSEHOLD_1_151_CA_4_validation,HOUSEHOLD_1_151,HOUSEHOLD_1,HOUSEHOLD,CA_4,CA,2016-05-09,11615,Monday,3,5,2016,,,1,1,1,0.88,4.834593001100797,4.690858585472714,5.03797342101336,7.0,5.240458968514017,4.277580086155196,0,0.88,0.0,0,5.238547856139908,3.296206455294697,7.180889256985119,3
HOUSEHOLD_1_191_CA_2_validation,HOUSEHOLD_1_191,HOUSEHOLD_1,HOUSEHOLD,CA_2,CA,2016-05-09,11615,Monday,3,5,2016,,,1,1,1,2.96,12.764861775051648,11.16104693219622,7.684120289410601,10.0,11.628138656391084,11.094186358722405,0,2.96,0.0,0,10.193983855510192,6.414272869592968,13.973694841427415,7
HOUSEHOLD_1_191_CA_4_validation,HOUSEHOLD_1_191,HOUSEHOLD_1,HOUSEHOLD,CA_4,CA,2016-05-09,11615,Monday,3,5,2016,,,1,1,1,2.96,5.909897134659454,5.165019295624046,4.785628746603275,2.0,6.466543492752526,5.188456528316336,0,2.96,0.0,0,5.165019295624046,3.249940710955482,7.08009788029261,5
HOUSEHOLD_1_234_CA_2_validation,HOUSEHOLD_1_234,HOUSEHOLD_1,HOUSEHOLD,CA_2,CA,2016-05-09,11615,Monday,3,5,2016,,,1,1,1,0.97,7.016301799327889,8.303579211947126,7.6946962506478025,5.0,7.44826480933429,6.460933918990057,0,0.97,0.0,0,5.95569184613591,3.747448806059906,8.163934886211914,9
HOUSEHOLD_1_234_TX_1_validation,HOUSEHOLD_1_234,HOUSEHOLD_1,HOUSEHOLD,TX_1,TX,2016-05-09,11615,Monday,3,5,2016,,,1,1,1,0.97,13.136214480923117,9.711971500681685,9.382382338782918,12.0,11.114945296202938,11.326807416329453,0,0.97,0.0,0,9.711971500681685,6.110980377255547,13.312962624107822,3
HOUSEHOLD_1_234_TX_2_validation,HOUSEHOLD_1_234,HOUSEHOLD_1,HOUSEHOLD,TX_2,TX,2016-05-09,11615,Monday,3,5,2016,,,1,1,1,0.97,5.350365794481918,4.670035873965903,1.897606208397324,0.0,5.820321211229637,3.9858323909316833,0,0.97,0.0,0,4.715345505140396,2.9669963355916513,6.463694674689141,0
HOUSEHOLD_1_303_CA_2_validation,HOUSEHOLD_1_303,HOUSEHOLD_1,HOUSEHOLD,CA_2,CA,2016-05-09,11615,Monday,3,5,2016,,,1,1,1,0.98,8.989208981328842,6.156907163139179,5.612782572459031,8.0,7.368119537301543,6.296265487969323,0,0.98,0.0,0,6.325232855197621,3.9799719199105614,8.67049379048468,5
HOUSEHOLD_1_303_CA_3_validation,HOUSEHOLD_1_303,HOUSEHOLD_1,HOUSEHOLD,CA_3,CA,2016-05-09,11615,Monday,3,5,2016,,,1,1,1,0.98,14.801180266102387,9.591268556392224,8.551935392398754,11.0,11.58920474970933,12.216216093308331,0,0.98,0.0,0,10.048779419977375,6.322907130291815,13.774651709662935,14
HOUSEHOLD_1_303_WI_1_validation,HOUSEHOLD_1_303,HOUSEHOLD_1,HOUSEHOLD,WI_1,WI,2016-05-09,11615,Monday,3,5,2016,,,1,1,1,0.98,6.417801834662849,4.855932876884667,4.609751608465462,5.0,6.598683752382825,4.560727265709632,0,0.98,0.0,0,4.980277231768859,3.133697049512129,6.826857414025589,5
HOUSEHOLD_1_327_CA_2_validation,HOUSEHOLD_1_327,HOUSEHOLD_1,HOUSEHOLD,CA_2,CA,2016-05-09,11615,Monday,3,5,2016,,,1,1,1,0.98,5.766832861786436,4.980277231768859,5.089115599361882,3.0,6.322295826041699,4.054729504315694,0,0.98,0.0,0,4.980277231768859,3.133697049512129,6.826857414025589,2
HOUSEHOLD_1_327_WI_1_validation,HOUSEHOLD_1_327,HOUSEHOLD_1,HOUSEHOLD,WI_1,WI,2016-05-09,11615,Monday,3,5,2016,,,1,1,1,0.98,6.62648901205693,4.810623245710172,2.1864375316770324,4.0,6.459954239678329,4.206190796755476,0,0.98,0.0,0,5.091649963569131,3.2037751565725783,6.979524770565683,0
HOUSEHOLD_1_334_CA_1_validation,HOUSEHOLD_1_334,HOUSEHOLD_1,HOUSEHOLD,CA_1,CA,2016-05-09,11615,Monday,3,5,2016,,,1,1,1,0.97,11.143684582371975,8.46413547584282,9.32583347701624,14.0,10.629515030264958,12.06581131281934,0,0.97,0.0,0,8.639781166527857,5.436335266091742,11.843227066963973,3
HOUSEHOLD_1_334_CA_3_validation,HOUSEHOLD_1_334,HOUSEHOLD_1,HOUSEHOLD,CA_3,CA,2016-05-09,11615,Monday,3,5,2016,,,1,1,1,0.97,28.506919248580413,18.230646075562547,18.124915417716846,22.0,21.79076327187555,23.451981139969686,0,0.97,0.0,0,19.666838947557718,12.374796083651466,26.95888181146397,0
HOUSEHOLD_1_334_TX_1_validation,HOUSEHOLD_1_334,HOUSEHOLD_1,HOUSEHOLD,TX_1,TX,2016-05-09,11615,Monday,3,5,2016,,,1,1,1,0.96,10.896097766865772,8.03677688070484,11.047220123106454,11.0,8.12126409811158,9.988962428016267,0,0.96,0.0,0,8.888857906636508,5.593059683078335,12.18465613019468,12
HOUSEHOLD_1_334_TX_2_validation,HOUSEHOLD_1_334,HOUSEHOLD_1,HOUSEHOLD,TX_2,TX,2016-05-09,11615,Monday,3,5,2016,,,1,1,1,0.96,10.97519394575891,10.777425986695922,4.4975543906436695,10.0,11.123943921188268,10.602114244115393,0,0.96,0.0,0,8.293087838278028,5.218188402119641,11.367987274436414,18
HOUSEHOLD_1_334_TX_3_validation,HOUSEHOLD_1_334,HOUSEHOLD_1,HOUSEHOLD,TX_3,TX,2016-05-09,11615,Monday,3,5,2016,,,1,1,1,0.96,11.47141742257999,9.858524604129254,9.799033584018902,8.0,9.972771804795608,10.74413022478322,0,0.96,0.0,0,8.441771718771385,5.311743482676183,11.571799954866586,5
HOUSEHOLD_1_334_WI_2_validation,HOUSEHOLD_1_334,HOUSEHOLD_1,HOUSEHOLD,WI_2,WI,2016-05-09,11615,Monday,3,5,2016,,,1,1,1,0.97,19.501520398472145,13.265032604690656,12.595480165516193,8.0,19.250238817903007,18.406107547292404,0,0.97,0.0,0,13.852466180933838,8.716268267708676,18.988664094159,10
HOUSEHOLD_1_334_WI_3_validation,HOUSEHOLD_1_334,HOUSEHOLD_1,HOUSEHOLD,WI_3,WI,2016-05-09,11615,Monday,3,5,2016,,,1,1,1,0.97,13.590694617180693,11.603924144700168,10.534658179463463,7.0,11.514412138103312,11.219165546606328,0,0.97,0.0,0,9.94448392426215,6.2572821716820055,13.631685676842293,11
HOUSEHOLD_1_389_WI_1_validation,HOUSEHOLD_1_389,HOUSEHOLD_1,HOUSEHOLD,WI_1,WI,2016-05-09,11615,Monday,3,5,2016,,,1,1,1,0.98,5.454546279877795,6.270982367453497,4.221860318557335,3.0,6.0026176247869385,3.9258690498605473,0,0.98,0.0,0,5.092608173433533,3.2043780827321373,6.9808382641349285,5
HOUSEHOLD_1_399_CA_4_validation,HOUSEHOLD_1_399,HOUSEHOLD_1,HOUSEHOLD,CA_4,CA,2016-05-09,11615,Monday,3,5,2016,,,1,1,1,0.97,5.038643483969543,4.545691519081712,2.028278737339062,6.0,5.611495148125987,3.5237819927821312,0,0.97,0.0,0,5.26303477580759,3.311614149353327,7.214455402261853,5
HOUSEHOLD_1_409_WI_2_validation,HOUSEHOLD_1_409,HOUSEHOLD_1,HOUSEHOLD,WI_2,WI,2016-05-09,11615,Monday,3,5,2016,,,1,1,1,2.94,11.796278553397222,12.146364284848312,10.22348688062371,4.0,10.84118082463319,10.14568430163778,0,2.94,0.0,0,9.23144149855981,5.808620612974606,12.654262384145015,16
HOUSEHOLD_1_441_WI_3_validation,HOUSEHOLD_1_441,HOUSEHOLD_1,HOUSEHOLD,WI_3,WI,2016-05-09,11615,Monday,3,5,2016,,,1,1,1,2.77,6.649659996632098,8.167788783142413,7.417034529770567,0.0,7.111512947712856,7.299332419913282,0,2.77,0.0,0,6.043211890826014,3.8025182917642466,8.28390548988778,6
HOUSEHOLD_1_459_CA_3_validation,HOUSEHOLD_1_459,HOUSEHOLD_1,HOUSEHOLD,CA_3,CA,2016-05-09,11615,Monday,3,5,2016,,,1,1,1,0.97,29.103151558025445,24.96737515360097,26.509686100631654,16.0,25.093696972779068,26.060633286595355,0,0.97,0.0,0,22.962064275261962,14.44822240237807,31.475906148145857,13
HOUSEHOLD_1_459_TX_1_validation,HOUSEHOLD_1_459,HOUSEHOLD_1,HOUSEHOLD,TX_1,TX,2016-05-09,11615,Monday,3,5,2016,,,1,1,1,0.96,7.391710107114023,6.7877723141554895,8.341828650731436,13.0,7.326205463717228,7.590323595081631,0,0.96,0.0,0,7.0934974866917955,4.4633804726715365,9.723614500712054,3
HOUSEHOLD_1_459_TX_3_validation,HOUSEHOLD_1_459,HOUSEHOLD_1,HOUSEHOLD,TX_3,TX,2016-05-09,11615,Monday,3,5,2016,,,1,1,1,0.96,5.964927881009939,4.545691519081712,2.4307087577439814,4.0,5.7710568898834325,3.693062564449349,0,0.96,0.0,0,4.83968986002459,3.0452364655865214,6.634143254462659,0
HOUSEHOLD_1_459_WI_1_validation,HOUSEHOLD_1_459,HOUSEHOLD_1,HOUSEHOLD,WI_1,WI,2016-05-09,11615,Monday,3,5,2016,,,1,1,1,0.97,7.799594581364805,6.50364151040306,6.425953930394732,10.0,7.059744772806282,6.800195745383237,0,0.97,0.0,0,6.695715101708515,4.213087280513784,9.178342922903246,7
HOUSEHOLD_1_459_WI_2_validation,HOUSEHOLD_1_459,HOUSEHOLD_1,HOUSEHOLD,WI_2,WI,2016-05-09,11615,Monday,3,5,2016,,,1,1,1,0.97,26.603521554169003,18.282646259516937,16.96054811595279,7.0,26.55722670246379,26.299787873565293,0,0.97,0.0,0,16.967609856562344,10.67638335585132,23.258836357273367,26
HOUSEHOLD_1_459_WI_3_validation,HOUSEHOLD_1_459,HOUSEHOLD_1,HOUSEHOLD,WI_3,WI,2016-05-09,11615,Monday,3,5,2016,,,1,1,1,0.97,14.242981851233653,13.473351644348988,10.02994724431217,3.0,12.123005425062429,10.563084552677958,0,0.97,0.0,0,9.353591462179924,5.885479985009686,12.821702939350162,12
HOUSEHOLD_1_474_TX_2_validation,HOUSEHOLD_1_474,HOUSEHOLD_1,HOUSEHOLD,TX_2,TX,2016-05-09,11615,Monday,3,5,2016,,,1,1,1,0.97,7.724373790711664,8.752833380745315,11.070368930530936,55.0,9.286699679510027,10.660041892497208,0,0.97,0.0,0,9.81888240391147,6.178251006262854,13.459513801560087,11
HOUSEHOLD_1_521_TX_1_validation,HOUSEHOLD_1_521,HOUSEHOLD_1,HOUSEHOLD,TX_1,TX,2016-05-09,11615,Monday,3,5,2016,,,1,1,1,0.94,9.739695983674432,9.8532068132516,16.83331299893979,17.0,8.720533319132377,9.125061878577942,0,0.94,0.0,0,11.70356022040831,7.364130634642387,16.042989806174234,19
HOUSEHOLD_1_521_TX_2_validation,HOUSEHOLD_1_521,HOUSEHOLD_1,HOUSEHOLD,TX_2,TX,2016-05-09,11615,Monday,3,5,2016,,,1,1,1,0.94,6.861918529834379,4.83968986002459,4.250049528183309,15.0,7.150430914393437,7.45337675768395,0,0.94,0.0,0,6.415911629217229,4.037028945729523,8.794794312704935,6
HOUSEHOLD_1_521_TX_3_validation,HOUSEHOLD_1_521,HOUSEHOLD_1,HOUSEHOLD,TX_3,TX,2016-05-09,11615,Monday,3,5,2016,,,1,1,1,0.94,6.674328214215385,5.343635304113198,6.180059955264317,4.0,7.138876542308493,6.617260310311404,0,0.94,0.0,0,4.951062591824861,3.115314572646971,6.786810611002752,12
HOUSEHOLD_1_535_CA_1_validation,HOUSEHOLD_1_535,HOUSEHOLD_1,HOUSEHOLD,CA_1,CA,2016-05-09,11615,Monday,3,5,2016,,,1,1,1,6.97,10.318380496567366,12.589938802341859,11.404586935037559,6.0,9.340776504829396,8.390978693362362,0,6.97,0.0,0,11.014130715808543,6.930326831386326,15.09793460023076,7
FOODS_1_218_CA_2_validation,FOODS_1_218,FOODS_1,FOODS,CA_2,CA,2016-05-10,11615,Tuesday,4,5,2016,,,1,0,0,0.98,8.675090922284637,9.298145650762416,13.14924191513712,17.0,8.789642380887454,9.65157262634791,1,0.98,0.0,0,10.81222538102178,6.8032836724501085,14.82116708959345,43
FOODS_2_360_WI_2_validation,FOODS_2_360,FOODS_2,FOODS,WI_2,WI,2016-05-10,11615,Tuesday,4,5,2016,,,1,0,0,0.94,40.57742703273691,45.267897576067305,24.480176462006007,123.0,50.92622685306895,49.517118255834525,1,0.94,0.0,0,39.93129629789132,25.125626459845275,54.73696613593737,18
FOODS_3_007_WI_2_validation,FOODS_3_007,FOODS_3,FOODS,WI_2,WI,2016-05-10,11615,Tuesday,4,5,2016,,,1,0,0,0.25,24.618901400419038,32.08866986268529,33.78186106129353,1.0,36.69296184722679,32.21510271065472,1,0.25,0.0,0,24.24942754780159,15.258258932688827,33.24059616291436,19
FOODS_3_030_TX_3_validation,FOODS_3_030,FOODS_3,FOODS,TX_3,TX,2016-05-10,11615,Tuesday,4,5,2016,,,1,0,0,1.25,16.7553450715031,17.378634239658954,14.776517828661744,4.0,19.667095962857655,19.19237678214338,1,1.25,0.0,0,15.115512116229556,9.511003808852177,20.720020423606936,12
FOODS_3_080_CA_2_validation,FOODS_3_080,FOODS_3,FOODS,CA_2,CA,2016-05-10,11615,Tuesday,4,5,2016,,,1,0,0,1.68,14.48946197508404,14.415360529155876,11.738940978530191,9.0,16.008870031199923,14.223562522169205,1,1.68,0.0,0,11.94135670405188,7.513757272779065,16.368956135324694,9
FOODS_3_090_CA_1_validation,FOODS_3_090,FOODS_3,FOODS,CA_1,CA,2016-05-10,11615,Tuesday,4,5,2016,,,1,0,0,1.6,50.718259824008676,37.02602256706831,36.85710709039946,26.0,54.421436663342824,52.96011788717085,1,1.6,0.0,0,35.232786901383534,22.169223764224252,48.29635003854282,46
FOODS_3_090_CA_2_validation,FOODS_3_090,FOODS_3,FOODS,CA_2,CA,2016-05-10,11615,Tuesday,4,5,2016,,,1,0,0,1.6,45.92366810770407,34.874070972492945,33.94725323506379,34.0,49.314791285307116,51.741554442878495,1,1.6,0.0,0,37.00405854411239,23.283745800326344,50.724371287898435,26
FOODS_3_090_CA_3_validation,FOODS_3_090,FOODS_3,FOODS,CA_3,CA,2016-05-10,11615,Tuesday,4,5,2016,,,1,0,0,1.6,84.26961093415036,83.49158454045568,87.6925133265343,84.0,98.29227818896571,107.70271789675049,1,1.6,0.0,0,76.11049583916757,47.89035331741829,104.33063836091685,119
FOODS_3_090_CA_4_validation,FOODS_3_090,FOODS_3,FOODS,CA_4,CA,2016-05-10,11615,Tuesday,4,5,2016,,,1,0,0,1.6,22.92583134489369,20.433160534436947,21.87108228838816,26.0,26.71382956279513,26.463696759009046,1,1.6,0.0,0,23.2031650631752,14.599928179498114,31.806401946852283,16
FOODS_3_090_TX_1_validation,FOODS_3_090,FOODS_3,FOODS,TX_1,TX,2016-05-10,11615,Tuesday,4,5,2016,,,1,0,0,1.5,51.65894856197852,41.116146782737914,35.57137947541321,35.0,52.68479556947659,50.33497406386545,1,1.5,0.0,0,41.24590872413855,25.952808741005104,56.539008707272,28
FOODS_3_090_TX_2_validation,FOODS_3_090,FOODS_3,FOODS,TX_2,TX,2016-05-10,11615,Tuesday,4,5,2016,,,1,0,0,1.5,48.78713589888173,49.58791409299408,44.823864701977065,48.0,58.652592392414434,59.689997183953324,1,1.5,0.0,0,47.14458665764604,29.66438317271389,64.62479014257818,36
FOODS_3_090_TX_3_validation,FOODS_3_090,FOODS_3,FOODS,TX_3,TX,2016-05-10,11615,Tuesday,4,5,2016,,,1,0,0,1.5,68.82664652043701,49.32258778543967,47.274147555102616,43.0,64.40811252077664,63.876377861263045,1,1.5,0.0,0,52.16386957320112,32.82262343347847,71.50511571292377,60
FOODS_3_090_WI_1_validation,FOODS_3_090,FOODS_3,FOODS,WI_1,WI,2016-05-10,11615,Tuesday,4,5,2016,,,1,0,0,1.44,17.32319954999325,15.411945735376037,15.226735260210207,20.0,22.201048708026267,20.36164928996086,1,1.44,0.0,0,17.45583440088129,10.98358469080357,23.928084110959013,6
FOODS_3_090_WI_3_validation,FOODS_3_090,FOODS_3,FOODS,WI_3,WI,2016-05-10,11615,Tuesday,4,5,2016,,,1,0,0,1.44,57.68030083414557,54.609661474362795,50.121162307036414,52.0,73.04492219106073,79.18638449513212,1,1.44,0.0,0,50.280675044915284,31.637677121794795,68.92367296803577,51
FOODS_3_120_CA_1_validation,FOODS_3_120,FOODS_3,FOODS,CA_1,CA,2016-05-10,11615,Tuesday,4,5,2016,,,1,0,0,4.98,41.65936007163415,41.99052400975234,44.865526591966635,0.0,45.89375448578985,43.268903952216064,1,4.98,0.0,0,40.12151757235573,25.24531775790015,54.99771738681131,24
FOODS_3_120_CA_3_validation,FOODS_3_120,FOODS_3,FOODS,CA_3,CA,2016-05-10,11615,Tuesday,4,5,2016,,,1,0,0,4.98,68.2371512830817,73.49110798074273,68.85837616775365,86.0,69.2434726374699,72.81731356008646,1,4.98,0.0,0,71.6731256970137,45.098265030975256,98.24798636305215,66
FOODS_3_226_WI_1_validation,FOODS_3_226,FOODS_3,FOODS,WI_1,WI,2016-05-10,11615,Tuesday,4,5,2016,,,1,0,0,1.68,31.98376686894993,31.608008011200248,28.50722611120938,26.0,35.61893505721459,37.04901794656149,1,1.68,0.0,0,31.053402177747518,19.539465425935404,42.56733892955963,18
FOODS_3_226_WI_2_validation,FOODS_3_226,FOODS_3,FOODS,WI_2,WI,2016-05-10,11615,Tuesday,4,5,2016,,,1,0,0,1.68,36.50365871313539,37.614518720259966,33.73097544083493,38.0,44.653232301434834,45.452546970425,1,1.68,0.0,0,36.23194235173081,22.79791376300272,49.66597094045889,36
FOODS_3_226_WI_3_validation,FOODS_3_226,FOODS_3,FOODS,WI_3,WI,2016-05-10,11615,Tuesday,4,5,2016,,,1,0,0,1.68,37.04808693005345,43.142404911216715,41.270843141496925,45.0,44.1644566575025,45.38884757966208,1,1.68,0.0,0,40.41906127883171,25.432538627681634,55.40558392998179,43
FOODS_3_234_WI_2_validation,FOODS_3_234,FOODS_3,FOODS,WI_2,WI,2016-05-10,11615,Tuesday,4,5,2016,,,1,0,0,0.25,29.15700773919208,32.13106976173195,22.255856662677424,0.0,31.987929344666814,24.727661729306543,1,0.25,0.0,0,29.571335263871244,18.606917196377495,40.535753331364994,68
FOODS_3_252_CA_1_validation,FOODS_3_252,FOODS_3,FOODS,CA_1,CA,2016-05-10,11615,Tuesday,4,5,2016,,,1,0,0,1.58,31.413263183717135,32.72019415003874,29.37028005980903,18.0,38.81190430703354,36.86037872960179,1,1.58,0.0,0,29.22040560744427,18.38610474402714,40.0547064708614,34
FOODS_3_252_CA_2_validation,FOODS_3_252,FOODS_3,FOODS,CA_2,CA,2016-05-10,11615,Tuesday,4,5,2016,,,1,0,0,1.58,30.772795567663735,35.95785490060065,31.632699205134166,16.0,36.53647303819518,34.82533417108918,1,1.58,0.0,0,30.099840065304818,18.93946373140586,41.26021639920378,29
FOODS_3_252_CA_3_validation,FOODS_3_252,FOODS_3,FOODS,CA_3,CA,2016-05-10,11615,Tuesday,4,5,2016,,,1,0,0,1.58,45.01481352154352,42.19560974946178,41.33651648044862,35.0,45.82452348393217,46.01850389736836,1,1.58,0.0,0,39.93206119598624,25.126107750101156,54.73801464187133,37
FOODS_3_252_CA_4_validation,FOODS_3_252,FOODS_3,FOODS,CA_4,CA,2016-05-10,11615,Tuesday,4,5,2016,,,1,0,0,1.58,15.290353017292505,15.700737588569455,13.026622758881981,16.0,17.8207079598151,16.70105755717659,1,1.58,0.0,0,15.531953744083458,9.77303779607186,21.290869692095054,19
FOODS_3_252_TX_1_validation,FOODS_3_252,FOODS_3,FOODS,TX_1,TX,2016-05-10,11615,Tuesday,4,5,2016,,,1,0,0,1.58,27.225977742966453,28.088643875412973,23.590482653086006,23.0,33.62598834178402,30.683328705014535,1,1.58,0.0,0,26.37530101337519,16.595904026863234,36.15469799988714,41
FOODS_3_252_TX_2_validation,FOODS_3_252,FOODS_3,FOODS,TX_2,TX,2016-05-10,11615,Tuesday,4,5,2016,,,1,0,0,1.58,48.41911686188205,40.19802080140642,33.78079194417167,37.0,52.451712829367146,47.985522186806755,1,1.58,0.0,0,38.83738512240386,24.437314130325444,53.23745611448228,38
FOODS_3_252_TX_3_validation,FOODS_3_252,FOODS_3,FOODS,TX_3,TX,2016-05-10,11615,Tuesday,4,5,2016,,,1,0,0,1.58,30.68992133548013,28.9731420624196,28.938618916830418,32.0,34.70848303754163,33.30903163422098,1,1.58,0.0,0,31.258119926008796,19.668278215636526,42.847961636381065,46
FOODS_3_318_WI_3_validation,FOODS_3_318,FOODS_3,FOODS,WI_3,WI,2016-05-10,11615,Tuesday,4,5,2016,,,1,0,0,1.48,25.378253544939966,20.29273636873841,16.79780189315213,22.0,25.0031962898342,24.409336152994236,1,1.48,0.0,0,20.769557938081952,13.068650478945733,28.470465397218174,19
FOODS_3_377_TX_2_validation,FOODS_3_377,FOODS_3,FOODS,TX_2,TX,2016-05-10,11615,Tuesday,4,5,2016,,,1,0,0,1.68,23.558534021456506,25.157800173875444,24.259898233836513,27.0,27.395714608235952,27.531672640238103,1,1.68,0.0,0,25.027539613356296,15.74786370176963,34.30721552494296,25
FOODS_3_377_TX_3_validation,FOODS_3_377,FOODS_3,FOODS,TX_3,TX,2016-05-10,11615,Tuesday,4,5,2016,,,1,0,0,1.68,34.92120209208821,38.252945177193,36.8108599285149,56.0,42.70124488470599,42.484004989591945,1,1.68,0.0,0,40.798999522920184,25.671603904389933,55.926395141450435,42
FOODS_3_491_WI_1_validation,FOODS_3_491,FOODS_3,FOODS,WI_1,WI,2016-05-10,11615,Tuesday,4,5,2016,,,1,0,0,1.44,19.676085672856352,14.747636109700045,16.044945108417853,7.0,20.299604949159836,18.939719025927708,1,1.44,0.0,0,16.00841522283432,10.072837558350848,21.94399288731779,0
FOODS_3_541_CA_3_validation,FOODS_3_541,FOODS_3,FOODS,CA_3,CA,2016-05-10,11615,Tuesday,4,5,2016,,,1,0,0,0.88,4.269757307861218,5.295503997692938,5.0688183609696,0.0,5.496205783768706,2.8347613829778084,1,0.88,0.0,0,4.418009363761421,2.7799060702126535,6.056112657310188,0
FOODS_3_555_CA_2_validation,FOODS_3_555,FOODS_3,FOODS,CA_2,CA,2016-05-10,11615,Tuesday,4,5,2016,,,1,0,0,1.68,20.838124068415162,20.316974285913236,20.2966076771041,14.0,22.1616094739571,21.325033631091067,1,1.68,0.0,0,19.898547152949224,12.52059184677713,27.276502459121318,12
FOODS_3_555_TX_1_validation,FOODS_3_555,FOODS_3,FOODS,TX_1,TX,2016-05-10,11615,Tuesday,4,5,2016,,,1,0,0,1.68,24.099818952942744,27.633886029264684,25.077074191791535,26.0,30.50570873498221,28.619908279082214,1,1.68,0.0,0,25.639098511939856,16.13266965270532,35.14552737117439,29
FOODS_3_555_TX_2_validation,FOODS_3_555,FOODS_3,FOODS,TX_2,TX,2016-05-10,11615,Tuesday,4,5,2016,,,1,0,0,1.68,34.86071896515923,32.14314555280262,31.60063681225947,32.0,41.59258562121873,39.666775399222765,1,1.68,0.0,0,32.34753280867478,20.35376012301588,44.341305494333675,25
FOODS_3_555_TX_3_validation,FOODS_3_555,FOODS_3,FOODS,TX_3,TX,2016-05-10,11615,Tuesday,4,5,2016,,,1,0,0,1.68,23.753543188478343,25.735234960335365,22.759683991235317,23.0,30.83145613298638,28.041210282951344,1,1.68,0.0,0,23.135754600237867,14.557512073128482,31.713997127347252,26
FOODS_3_555_WI_3_validation,FOODS_3_555,FOODS_3,FOODS,WI_3,WI,2016-05-10,11615,Tuesday,4,5,2016,,,1,0,0,1.68,24.59286343242903,26.459774243325878,24.49879475604881,17.0,27.23210795290353,28.26620960349902,1,1.68,0.0,0,23.44554505093964,14.752438856549007,32.13865124533027,12
FOODS_3_586_CA_1_validation,FOODS_3_586,FOODS_3,FOODS,CA_1,CA,2016-05-10,11615,Tuesday,4,5,2016,,,1,0,0,1.68,33.23658097133489,35.03615898665018,34.105898052151055,29.0,38.51411691756447,37.916303133971404,1,1.68,0.0,0,32.07550977354082,20.182597405976566,43.96842214110508,41
FOODS_3_586_CA_2_validation,FOODS_3_586,FOODS_3,FOODS,CA_2,CA,2016-05-10,11615,Tuesday,4,5,2016,,,1,0,0,1.68,29.96698656080464,31.32280560345939,30.088339931463125,24.0,34.35903211366689,33.28691526291736,1,1.68,0.0,0,30.050478773528404,18.908404549918302,41.192552997138506,37
FOODS_3_586_CA_3_validation,FOODS_3_586,FOODS_3,FOODS,CA_3,CA,2016-05-10,11615,Tuesday,4,5,2016,,,1,0,0,1.68,74.73700430974785,70.55229414240412,62.51632520937645,60.0,70.89190492172024,68.61254004001657,1,1.68,0.0,0,71.29244956280148,44.85873545800471,97.72616366759826,73
FOODS_3_586_CA_4_validation,FOODS_3_586,FOODS_3,FOODS,CA_4,CA,2016-05-10,11615,Tuesday,4,5,2016,,,1,0,0,1.68,15.360048047799998,15.724573516377172,15.5204497593633,15.0,17.55899193607311,17.177738574000582,1,1.68,0.0,0,16.419252638052306,10.331345255007832,22.50716002109678,25
FOODS_3_586_TX_1_validation,FOODS_3_586,FOODS_3,FOODS,TX_1,TX,2016-05-10,11615,Tuesday,4,5,2016,,,1,0,0,1.68,47.976848880146036,55.88280820223286,48.85918525883731,39.0,55.19526959821368,54.260208132056185,1,1.68,0.0,0,44.54243165823028,28.02705154144922,61.05781177501134,49
FOODS_3_586_TX_2_validation,FOODS_3_586,FOODS_3,FOODS,TX_2,TX,2016-05-10,11615,Tuesday,4,5,2016,,,1,0,0,1.68,63.79298740694084,57.09961151995685,51.91536903626492,53.0,72.68718917647507,71.19766904572516,1,1.68,0.0,0,55.929713111660156,35.19217280517118,76.66725341814913,62
FOODS_3_586_TX_3_validation,FOODS_3_586,FOODS_3,FOODS,TX_3,TX,2016-05-10,11615,Tuesday,4,5,2016,,,1,0,0,1.68,49.37700940148021,49.77116547061171,44.902656049176656,43.0,55.459417709814204,55.63169762656229,1,1.68,0.0,0,44.25507756206083,27.846242192606688,60.66391293151498,74
FOODS_3_586_WI_1_validation,FOODS_3_586,FOODS_3,FOODS,WI_1,WI,2016-05-10,11615,Tuesday,4,5,2016,,,1,0,0,1.68,12.88177706429229,16.988728900418653,12.741169811839205,11.0,15.471597118427436,15.947676856951833,1,1.68,0.0,0,14.062993988301212,8.848736870978193,19.27725110562423,17
FOODS_3_586_WI_3_validation,FOODS_3_586,FOODS_3,FOODS,WI_3,WI,2016-05-10,11615,Tuesday,4,5,2016,,,1,0,0,1.68,30.578026139848618,24.39446286358514,25.41411602326998,16.0,32.85675646044359,33.1376973775263,1,1.68,0.0,0,25.827325672433894,16.251106211561044,35.40354513330674,31
FOODS_3_587_CA_1_validation,FOODS_3_587,FOODS_3,FOODS,CA_1,CA,2016-05-10,11615,Tuesday,4,5,2016,,,1,0,0,2.48,24.54161329825115,19.128315009644563,20.047682485818594,16.0,22.356708724733405,21.51691661037987,1,2.48,0.0,0,20.125880200966982,12.663634667222052,27.588125734711912,10
FOODS_3_587_CA_4_validation,FOODS_3_587,FOODS_3,FOODS,CA_4,CA,2016-05-10,11615,Tuesday,4,5,2016,,,1,0,0,2.48,17.59046871126008,18.6922584183335,15.76462376267127,10.0,17.303936269577235,16.351390575493575,1,2.48,0.0,0,16.04333385981604,10.094809112260457,21.991858607371626,9
FOODS_3_587_TX_1_validation,FOODS_3_587,FOODS_3,FOODS,TX_1,TX,2016-05-10,11615,Tuesday,4,5,2016,,,1,0,0,2.48,22.255922166665115,24.241690901767086,26.851908498365574,32.0,24.32848179713179,24.513489228492492,1,2.48,0.0,0,25.445979699116286,16.01115516148581,34.88080423674676,25
FOODS_3_587_TX_2_validation,FOODS_3_587,FOODS_3,FOODS,TX_2,TX,2016-05-10,11615,Tuesday,4,5,2016,,,1,0,0,2.48,29.92293938509884,27.154129846971905,26.421632743757677,23.0,29.57564108519619,28.28581774868858,1,2.48,0.0,0,26.726600686060998,16.81694930136477,36.63625207075722,24
FOODS_3_635_CA_3_validation,FOODS_3_635,FOODS_3,FOODS,CA_3,CA,2016-05-10,11615,Tuesday,4,5,2016,,,1,0,0,0.88,4.269757307861218,5.295503997692938,4.591433210772973,0.0,5.465099327201808,2.786186352784856,1,0.88,0.0,0,4.418009363761421,2.7799060702126535,6.056112657310188,0
FOODS_3_635_CA_4_validation,FOODS_3_635,FOODS_3,FOODS,CA_4,CA,2016-05-10,11615,Tuesday,4,5,2016,,,1,0,0,1.0,5.077223542228785,5.793607384312965,4.1938968411716795,0.0,6.388312815695683,3.0753637097741757,1,1.0,0.0,0,5.605519110791131,3.527112624658257,7.683925596924005,0
FOODS_3_694_WI_1_validation,FOODS_3_694,FOODS_3,FOODS,WI_1,WI,2016-05-10,11615,Tuesday,4,5,2016,,,1,0,0,1.68,21.12442481484578,18.84986551680466,17.823176762647467,17.0,21.637313536045674,21.390330289539754,1,1.68,0.0,0,20.56391135570964,12.93925324693793,28.188569464481347,15
FOODS_3_694_WI_2_validation,FOODS_3_694,FOODS_3,FOODS,WI_2,WI,2016-05-10,11615,Tuesday,4,5,2016,,,1,0,0,1.68,32.1586601813002,31.878616407555473,31.438381267050417,37.0,35.087867930453264,35.68232931432093,1,1.68,0.0,0,33.06449638640436,20.804888954520884,45.32410381828783,25
FOODS_3_694_WI_3_validation,FOODS_3_694,FOODS_3,FOODS,WI_3,WI,2016-05-10,11615,Tuesday,4,5,2016,,,1,0,0,1.68,36.54630998891187,38.79334033699112,38.70446785337585,34.0,43.07746217096485,45.122373489327394,1,1.68,0.0,0,36.0288924221236,22.670150400502568,49.38763444374463,31
FOODS_3_711_WI_2_validation,FOODS_3_711,FOODS_3,FOODS,WI_2,WI,2016-05-10,11615,Tuesday,4,5,2016,,,1,0,0,0.25,28.890788266495363,29.768710698742765,39.40967386357787,0.0,33.7678646302497,23.035638944118293,1,0.25,0.0,0,31.67576056748421,19.931066647894752,43.42045448707367,55
FOODS_3_714_CA_1_validation,FOODS_3_714,FOODS_3,FOODS,CA_1,CA,2016-05-10,11615,Tuesday,4,5,2016,,,1,0,0,1.58,18.167775760591947,16.849757842475682,8.684700570148417,5.0,20.187366154741103,18.42337559182277,1,1.58,0.0,0,14.683693442162603,9.23929425497113,20.128092629354075,6
FOODS_3_714_TX_1_validation,FOODS_3_714,FOODS_3,FOODS,TX_1,TX,2016-05-10,11615,Tuesday,4,5,2016,,,1,0,0,1.58,18.98450816499582,15.117344588023954,14.753920063486195,19.0,21.873366602846136,20.014948151902367,1,1.58,0.0,0,18.541663229522538,11.666811434664925,25.41651502438015,15
FOODS_3_714_WI_1_validation,FOODS_3_714,FOODS_3,FOODS,WI_1,WI,2016-05-10,11615,Tuesday,4,5,2016,,,1,0,0,1.58,16.066032904033534,11.240599785401928,11.51493423030452,8.0,18.143753892887737,18.974772031880963,1,1.58,0.0,0,12.32354249720447,7.754236755472912,16.892848238936025,9
FOODS_3_808_CA_4_validation,FOODS_3_808,FOODS_3,FOODS,CA_4,CA,2016-05-10,11615,Tuesday,4,5,2016,,,1,0,0,1.0,5.077223542228785,5.793607384312965,4.1938968411716795,0.0,6.388312815695683,3.0839945449123687,1,1.0,0.0,0,5.605519110791131,3.527112624658257,7.683925596924005,0
HOBBIES_1_008_TX_2_validation,HOBBIES_1_008,HOBBIES_1,HOBBIES,TX_2,TX,2016-05-10,11615,Tuesday,4,5,2016,,,1,0,0,0.48,4.690858585472714,5.050219903485936,4.427834853566434,1.0,5.607202387168146,4.1384115598195885,1,0.48,0.0,0,5.050219903485936,3.177706475854235,6.922733331117637,31
HOBBIES_1_015_CA_2_validation,HOBBIES_1_015,HOBBIES_1,HOBBIES,CA_2,CA,2016-05-10,11615,Tuesday,4,5,2016,,,1,0,0,0.7,5.033249281730319,5.050219903485936,4.363631443301076,0.0,7.688527819010432,6.9982097464970465,1,0.7,0.0,0,5.050219903485936,3.177706475854235,6.922733331117637,7
HOBBIES_1_048_WI_3_validation,HOBBIES_1_048,HOBBIES_1,HOBBIES,WI_3,WI,2016-05-10,11615,Tuesday,4,5,2016,,,1,0,0,0.48,4.9275338820215815,5.125340452203798,4.937351103784678,8.0,5.927109406475241,5.74698279100047,1,0.48,0.0,0,5.734840916656922,3.608484673365528,7.861197159948316,2
HOBBIES_1_103_WI_3_validation,HOBBIES_1_103,HOBBIES_1,HOBBIES,WI_3,WI,2016-05-10,11615,Tuesday,4,5,2016,,,1,0,0,0.7,4.9275338820215815,5.362015748752664,5.576029291684247,11.0,5.836051845306786,5.3264988663910575,1,0.7,0.0,0,6.2221626356650725,3.915117931304992,8.529207340025152,0
HOBBIES_1_178_CA_4_validation,HOBBIES_1_178,HOBBIES_1,HOBBIES,CA_4,CA,2016-05-10,11615,Tuesday,4,5,2016,,,1,0,0,0.48,4.877351865990848,5.050219903485936,4.955686466145111,0.0,6.538603637424041,6.871408594065529,1,0.48,0.0,0,5.050219903485936,3.177706475854235,6.922733331117637,24
HOBBIES_1_178_WI_2_validation,HOBBIES_1_178,HOBBIES_1,HOBBIES,WI_2,WI,2016-05-10,11615,Tuesday,4,5,2016,,,1,0,0,0.48,4.690858585472714,5.286895200034803,5.990697455820455,0.0,6.162882779948902,5.195076700392983,1,0.48,0.0,0,5.050219903485936,3.177706475854235,6.922733331117637,1
HOBBIES_1_234_CA_3_validation,HOBBIES_1_234,HOBBIES_1,HOBBIES,CA_3,CA,2016-05-10,11615,Tuesday,4,5,2016,,,1,0,0,0.3,24.61178289873718,32.36384188711318,33.94591716064483,20.0,29.739624651571607,28.378731013685048,1,0.3,0.0,0,25.268868535193647,15.899713025638503,34.63802404474879,18
HOBBIES_1_254_CA_3_validation,HOBBIES_1_254,HOBBIES_1,HOBBIES,CA_3,CA,2016-05-10,11615,Tuesday,4,5,2016,,,1,0,0,0.7,9.059788763007987,8.715034118728312,12.435109639046603,60.0,10.440465203863551,14.190215252791052,1,0.7,0.0,0,11.828026272955627,7.442447339412137,16.213605206499118,14
HOBBIES_1_254_TX_1_validation,HOBBIES_1_254,HOBBIES_1,HOBBIES,TX_1,TX,2016-05-10,11615,Tuesday,4,5,2016,,,1,0,0,0.7,4.690858585472714,5.050219903485936,4.7699607259086285,2.0,5.649261068803717,4.269497495909191,1,0.7,0.0,0,5.050219903485936,3.177706475854235,6.922733331117637,0
HOBBIES_1_348_CA_1_validation,HOBBIES_1_348,HOBBIES_1,HOBBIES,CA_1,CA,2016-05-10,11615,Tuesday,4,5,2016,,,1,0,0,0.48,5.269924578279184,8.829681997342453,7.284300020326744,4.0,7.00660330972402,6.757880316445081,1,0.48,0.0,0,5.730136033416872,3.6055242601111024,7.854747806722641,3
HOBBIES_1_348_CA_2_validation,HOBBIES_1_348,HOBBIES_1,HOBBIES,CA_2,CA,2016-05-10,11615,Tuesday,4,5,2016,,,1,0,0,0.48,5.862801317651851,6.769673927024901,6.6869788833471455,7.0,6.352853582334177,6.335516933950423,1,0.48,0.0,0,6.203831483975514,3.9035835782377983,8.50407938971323,14
HOBBIES_1_354_TX_3_validation,HOBBIES_1_354,HOBBIES_1,HOBBIES,TX_3,TX,2016-05-10,11615,Tuesday,4,5,2016,,,1,0,0,22.98,21.12057374685152,25.13911013576425,22.51179172675154,20.0,22.18471804260665,22.586665487190878,1,22.98,0.0,0,22.347715565053544,14.061661042245126,30.63377008786196,26
HOBBIES_1_370_WI_1_validation,HOBBIES_1_370,HOBBIES_1,HOBBIES,WI_1,WI,2016-05-10,11615,Tuesday,4,5,2016,,,1,0,0,0.48,5.002654430739442,5.70187801291222,5.536539019535964,3.0,6.134968363940603,6.074796553108075,1,0.48,0.0,0,5.286895200034803,3.3266276390691134,7.247162761000493,1
HOBBIES_1_371_CA_1_validation,HOBBIES_1_371,HOBBIES_1,HOBBIES,CA_1,CA,2016-05-10,11615,Tuesday,4,5,2016,,,1,0,0,0.48,5.002654430739442,9.259362295467435,7.88852956004362,6.0,8.579184660026154,9.153167630369696,1,0.48,0.0,0,6.515634694993415,4.099776833537397,8.931492556449435,4
HOBBIES_1_371_CA_4_validation,HOBBIES_1_371,HOBBIES_1,HOBBIES,CA_4,CA,2016-05-10,11615,Tuesday,4,5,2016,,,1,0,0,0.48,5.707885188442139,6.1650386410703275,5.629285896292406,3.0,6.606242425211808,7.006283695581322,1,0.48,0.0,0,5.362015748752664,3.3738950964655126,7.350136401039816,9
HOBBIES_1_371_TX_1_validation,HOBBIES_1_371,HOBBIES_1,HOBBIES,TX_1,TX,2016-05-10,11615,Tuesday,4,5,2016,,,1,0,0,0.48,4.690858585472714,5.050219903485936,4.519907464970339,2.0,5.339855557126425,3.4858575640989633,1,0.48,0.0,0,5.050219903485936,3.177706475854235,6.922733331117637,0
HOBBIES_1_371_TX_2_validation,HOBBIES_1_371,HOBBIES_1,HOBBIES,TX_2,TX,2016-05-10,11615,Tuesday,4,5,2016,,,1,0,0,0.48,4.690858585472714,6.2221626356650725,4.363631443301076,4.0,5.6349498458751714,4.1556961311473195,1,0.48,0.0,0,5.286895200034803,3.3266276390691134,7.247162761000493,9
HOBBIES_1_371_TX_3_validation,HOBBIES_1_371,HOBBIES_1,HOBBIES,TX_3,TX,2016-05-10,11615,Tuesday,4,5,2016,,,1,0,0,0.48,5.002654430739442,5.464068622002869,5.773656779239417,10.0,5.908474546490697,5.229305313703663,1,0.48,0.0,0,6.2221626356650725,3.915117931304992,8.529207340025152,3
HOBBIES_1_371_WI_1_validation,HOBBIES_1_371,HOBBIES_1,HOBBIES,WI_1,WI,2016-05-10,11615,Tuesday,4,5,2016,,,1,0,0,0.48,4.9275338820215815,6.502223700125183,5.703203708884527,2.0,7.279106131536717,7.549693159390693,1,0.48,0.0,0,5.4789687913402565,3.4474844545338454,7.5104531281466675,2
HOBBIES_1_371_WI_2_validation,HOBBIES_1_371,HOBBIES_1,HOBBIES,WI_2,WI,2016-05-10,11615,Tuesday,4,5,2016,,,1,0,0,0.48,4.9275338820215815,5.554089340058117,6.860131772251322,16.0,5.594607315082208,4.804824032785779,1,0.48,0.0,0,6.853797110677379,4.312555864697547,9.395038356657212,4
HOUSEHOLD_1_110_CA_1_validation,HOUSEHOLD_1_110,HOUSEHOLD_1,HOUSEHOLD,CA_1,CA,2016-05-10,11615,Tuesday,4,5,2016,,,1,0,0,3.97,8.923490320540012,8.492091144191598,8.714955973123027,0.0,8.724912586156503,8.48441399970043,1,3.97,0.0,0,7.40759834499381,4.661019456829182,10.154177233158437,8
HOUSEHOLD_1_110_CA_4_validation,HOUSEHOLD_1_110,HOUSEHOLD_1,HOUSEHOLD,CA_4,CA,2016-05-10,11615,Tuesday,4,5,2016,,,1,0,0,3.97,5.401694592172912,6.169028108416997,6.257257537860067,2.0,6.60331759318116,5.907747488542618,1,3.97,0.0,0,5.580454164974304,3.51134122417249,7.649567105776118,5
HOUSEHOLD_1_110_WI_2_validation,HOUSEHOLD_1_110,HOUSEHOLD_1,HOUSEHOLD,WI_2,WI,2016-05-10,11615,Tuesday,4,5,2016,,,1,0,0,3.97,20.665320289439684,20.814439509238614,17.064765683145342,8.0,25.43095183484544,24.020530286139103,1,3.97,0.0,0,18.267226128894023,11.494129735937324,25.040322521850722,31
HOUSEHOLD_1_110_WI_3_validation,HOUSEHOLD_1_110,HOUSEHOLD_1,HOUSEHOLD,WI_3,WI,2016-05-10,11615,Tuesday,4,5,2016,,,1,0,0,3.97,16.687133074298696,11.186640311658774,11.932245861789717,12.0,13.983168241159492,13.779265587135782,1,3.97,0.0,0,13.042844353887013,8.206836882151824,17.878851825622203,7
HOUSEHOLD_1_118_CA_1_validation,HOUSEHOLD_1_118,HOUSEHOLD_1,HOUSEHOLD,CA_1,CA,2016-05-10,11615,Tuesday,4,5,2016,,,1,0,0,0.97,7.075952182690131,6.622297729593341,6.431425815294598,3.0,7.9523852155908346,8.039561366313473,1,0.97,0.0,0,5.883736544627404,3.702172989967661,8.065300099287148,2
HOUSEHOLD_1_118_CA_3_validation,HOUSEHOLD_1_118,HOUSEHOLD_1,HOUSEHOLD,CA_3,CA,2016-05-10,11615,Tuesday,4,5,2016,,,1,0,0,0.97,17.769760794920742,20.67609670414526,16.991804628943857,20.0,21.8474458748781,21.69058726282467,1,0.97,0.0,0,17.127380307449194,10.776914343835198,23.47784627106319,23
HOUSEHOLD_1_118_TX_3_validation,HOUSEHOLD_1_118,HOUSEHOLD_1,HOUSEHOLD,TX_3,TX,2016-05-10,11615,Tuesday,4,5,2016,,,1,0,0,0.97,6.083398166085843,8.100838455571125,7.128263326045615,7.0,7.051386863621339,6.324777080710632,1,0.97,0.0,0,6.658124059041705,4.189434191737593,9.126813926345816,6
HOUSEHOLD_1_151_CA_4_validation,HOUSEHOLD_1_151,HOUSEHOLD_1,HOUSEHOLD,CA_4,CA,2016-05-10,11615,Tuesday,4,5,2016,,,1,0,0,0.88,5.238547856139908,4.870740427622239,4.870740427622239,3.0,5.318700292895043,4.214671081017335,1,0.88,0.0,0,4.870740427622239,3.0647741474339774,6.6767067078105,3
HOUSEHOLD_1_191_CA_2_validation,HOUSEHOLD_1_191,HOUSEHOLD_1,HOUSEHOLD,CA_2,CA,2016-05-10,11615,Tuesday,4,5,2016,,,1,0,0,2.96,10.193983855510192,7.220309800815551,5.847824169359045,5.0,11.489986788293079,11.101114353562053,1,2.96,0.0,0,6.864694121453811,4.319412497155832,9.40997574575179,8
HOUSEHOLD_1_191_CA_4_validation,HOUSEHOLD_1_191,HOUSEHOLD_1,HOUSEHOLD,CA_4,CA,2016-05-10,11615,Tuesday,4,5,2016,,,1,0,0,2.96,5.165019295624046,5.682507038224509,5.7725277562797555,1.0,6.4665434927525265,5.30149293173148,1,2.96,0.0,0,5.580454164974304,3.51134122417249,7.649567105776118,7
HOUSEHOLD_1_234_CA_2_validation,HOUSEHOLD_1_234,HOUSEHOLD_1,HOUSEHOLD,CA_2,CA,2016-05-10,11615,Tuesday,4,5,2016,,,1,0,0,0.97,5.95569184613591,5.937676716422357,6.027697434477603,6.0,7.1128523285041165,6.495065770637767,1,0.97,0.0,0,6.1279794921888735,3.8558558812041555,8.400103103173592,1
HOUSEHOLD_1_234_TX_1_validation,HOUSEHOLD_1_234,HOUSEHOLD_1,HOUSEHOLD,TX_1,TX,2016-05-10,11615,Tuesday,4,5,2016,,,1,0,0,0.97,9.711971500681685,7.631372064728018,7.034079535885652,10.0,11.114945296202938,11.245092112782372,1,0.97,0.0,0,8.204130709150293,5.162214672122759,11.246046746177827,4
HOUSEHOLD_1_234_TX_2_validation,HOUSEHOLD_1_234,HOUSEHOLD_1,HOUSEHOLD,TX_2,TX,2016-05-10,11615,Tuesday,4,5,2016,,,1,0,0,0.97,4.715345505140396,5.131310132038069,3.9406745090424913,0.0,5.826794015683135,4.15423758754384,1,0.97,0.0,0,5.131310132038069,3.2287301835982776,7.033890080477861,3
HOUSEHOLD_1_303_CA_2_validation,HOUSEHOLD_1_303,HOUSEHOLD_1,HOUSEHOLD,CA_2,CA,2016-05-10,11615,Tuesday,4,5,2016,,,1,0,0,0.98,6.325232855197621,5.484202296717085,5.314548310658398,3.0,7.392166064738463,6.236452375654951,1,0.98,0.0,0,5.484202296717085,3.450777488153211,7.51762710528096,5
HOUSEHOLD_1_303_CA_3_validation,HOUSEHOLD_1_303,HOUSEHOLD_1,HOUSEHOLD,CA_3,CA,2016-05-10,11615,Tuesday,4,5,2016,,,1,0,0,0.98,10.048779419977375,10.26867614972247,10.272736403435168,8.0,11.65456344450721,12.182243929736094,1,0.98,0.0,0,9.242673321633045,5.8156879164975335,12.669658726768557,12
HOUSEHOLD_1_303_WI_1_validation,HOUSEHOLD_1_303,HOUSEHOLD_1,HOUSEHOLD,WI_1,WI,2016-05-10,11615,Tuesday,4,5,2016,,,1,0,0,0.98,4.980277231768859,5.472165913982814,6.1008476210506055,5.0,6.616447231651994,4.560022881129949,1,0.98,0.0,0,5.235490617433949,3.294282775253071,7.176698459614827,2
HOUSEHOLD_1_327_CA_2_validation,HOUSEHOLD_1_327,HOUSEHOLD_1,HOUSEHOLD,CA_2,CA,2016-05-10,11615,Tuesday,4,5,2016,,,1,0,0,0.98,4.980277231768859,6.161775014474347,5.065836631375261,1.0,6.3222958260417,4.125453691164582,1,0.98,0.0,0,5.472165913982814,3.4432039384679483,7.50112788949768,0
HOUSEHOLD_1_327_WI_1_validation,HOUSEHOLD_1_327,HOUSEHOLD_1,HOUSEHOLD,WI_1,WI,2016-05-10,11615,Tuesday,4,5,2016,,,1,0,0,0.98,5.091649963569131,5.783179888101141,5.282271227280313,4.0,6.500100913658181,4.245178295454372,1,0.98,0.0,0,5.472165913982814,3.4432039384679483,7.50112788949768,0
HOUSEHOLD_1_334_CA_1_validation,HOUSEHOLD_1_334,HOUSEHOLD_1,HOUSEHOLD,CA_1,CA,2016-05-10,11615,Tuesday,4,5,2016,,,1,0,0,0.97,8.639781166527857,7.820337561745839,10.308189124753893,22.0,10.654607271791393,11.874374925909622,1,0.97,0.0,0,10.111913691891871,6.362632565727321,13.861194818056422,1
HOUSEHOLD_1_334_CA_3_validation,HOUSEHOLD_1_334,HOUSEHOLD_1,HOUSEHOLD,CA_3,CA,2016-05-10,11615,Tuesday,4,5,2016,,,1,0,0,0.97,19.666838947557718,20.988439581446652,21.188339726627632,25.0,21.995933682160576,23.368653959525314,1,0.97,0.0,0,20.498585339949205,12.898148719354804,28.099021960543606,12
HOUSEHOLD_1_334_TX_1_validation,HOUSEHOLD_1_334,HOUSEHOLD_1,HOUSEHOLD,TX_1,TX,2016-05-10,11615,Tuesday,4,5,2016,,,1,0,0,0.96,8.888857906636508,6.35525967740548,10.287044138432947,14.0,8.242989958958962,9.91356449611043,1,0.96,0.0,0,8.83558265829065,5.559537756329259,12.111627560252039,2
HOUSEHOLD_1_334_TX_2_validation,HOUSEHOLD_1_334,HOUSEHOLD_1,HOUSEHOLD,TX_2,TX,2016-05-10,11615,Tuesday,4,5,2016,,,1,0,0,0.96,8.293087838278028,9.451366598684988,7.207929848052455,8.0,10.769038471414285,10.541153095482466,1,0.96,0.0,0,7.141933563826671,4.4938574893001055,9.790009638353238,25
HOUSEHOLD_1_334_TX_3_validation,HOUSEHOLD_1_334,HOUSEHOLD_1,HOUSEHOLD,TX_3,TX,2016-05-10,11615,Tuesday,4,5,2016,,,1,0,0,0.96,8.441771718771385,9.14712463644599,8.388235549703253,6.0,9.770378535458766,10.759907786167913,1,0.96,0.0,0,7.242811212232231,4.557331865215107,9.928290559249353,7
HOUSEHOLD_1_334_WI_2_validation,HOUSEHOLD_1_334,HOUSEHOLD_1,HOUSEHOLD,WI_2,WI,2016-05-10,11615,Tuesday,4,5,2016,,,1,0,0,0.97,13.852466180933838,16.158510637584186,14.006677503330776,10.0,19.334157900223463,18.61512419661147,1,0.97,0.0,0,13.061687162560844,8.218693180746818,17.90468114437487,24
HOUSEHOLD_1_334_WI_3_validation,HOUSEHOLD_1_334,HOUSEHOLD_1,HOUSEHOLD,WI_3,WI,2016-05-10,11615,Tuesday,4,5,2016,,,1,0,0,0.97,9.94448392426215,9.800961006666515,9.054310998135866,11.0,11.277349249469308,11.324325686758547,1,0.97,0.0,0,8.843446262164704,5.564485704226913,12.122406820102496,6
HOUSEHOLD_1_389_WI_1_validation,HOUSEHOLD_1_389,HOUSEHOLD_1,HOUSEHOLD,WI_1,WI,2016-05-10,11615,Tuesday,4,5,2016,,,1,0,0,0.98,5.092608173433533,5.484202296717085,4.6131055675144435,6.0,5.834278454212659,4.000605056054602,1,0.98,0.0,0,5.783179888101141,3.6389005890147454,7.9274591871875355,4
HOUSEHOLD_1_399_CA_4_validation,HOUSEHOLD_1_399,HOUSEHOLD_1,HOUSEHOLD,CA_4,CA,2016-05-10,11615,Tuesday,4,5,2016,,,1,0,0,0.97,5.26303477580759,5.131310132038069,4.133357417060146,0.0,5.7139727562296825,3.497461806203831,1,0.97,0.0,0,5.131310132038069,3.2287301835982776,7.033890080477861,0
HOUSEHOLD_1_409_WI_2_validation,HOUSEHOLD_1_409,HOUSEHOLD_1,HOUSEHOLD,WI_2,WI,2016-05-10,11615,Tuesday,4,5,2016,,,1,0,0,2.94,9.23144149855981,8.727825673895179,8.020020905796866,1.0,10.424763283734832,10.332521498014916,1,2.94,0.0,0,7.54124827266652,4.745114852431633,10.337381692901406,13
HOUSEHOLD_1_441_WI_3_validation,HOUSEHOLD_1_441,HOUSEHOLD_1,HOUSEHOLD,WI_3,WI,2016-05-10,11615,Tuesday,4,5,2016,,,1,0,0,2.77,6.043211890826014,6.632188736575102,6.043725543668401,8.0,6.8080019630962285,7.51516141601421,1,2.77,0.0,0,6.705860448733878,4.219470950048655,9.192249947419102,1
HOUSEHOLD_1_459_CA_3_validation,HOUSEHOLD_1_459,HOUSEHOLD_1,HOUSEHOLD,CA_3,CA,2016-05-10,11615,Tuesday,4,5,2016,,,1,0,0,0.97,22.962064275261962,21.96809481509191,22.80507525266594,21.0,24.807223990159205,26.309278439283286,1,0.97,0.0,0,20.452431121342503,12.869107496961048,28.035754745723956,16
HOUSEHOLD_1_459_TX_1_validation,HOUSEHOLD_1_459,HOUSEHOLD_1,HOUSEHOLD,TX_1,TX,2016-05-10,11615,Tuesday,4,5,2016,,,1,0,0,0.96,7.0934974866917955,6.670410431048595,6.575386705144797,6.0,7.369880488365271,7.379377076749196,1,0.96,0.0,0,6.533478688544803,4.111004656275216,8.955952720814391,8
HOUSEHOLD_1_459_TX_3_validation,HOUSEHOLD_1_459,HOUSEHOLD_1,HOUSEHOLD,TX_3,TX,2016-05-10,11615,Tuesday,4,5,2016,,,1,0,0,0.96,4.83968986002459,5.131310132038069,3.9770813953908823,0.0,5.8130566528752725,3.723051488021656,1,0.96,0.0,0,5.131310132038069,3.2287301835982776,7.033890080477861,0
HOUSEHOLD_1_459_WI_1_validation,HOUSEHOLD_1_459,HOUSEHOLD_1,HOUSEHOLD,WI_1,WI,2016-05-10,11615,Tuesday,4,5,2016,,,1,0,0,0.97,6.695715101708515,6.239352223989145,6.464666074598768,11.0,7.0871838572784895,6.682185570444256,1,0.97,0.0,0,6.863605685501088,4.3187276299536865,9.408483741048489,9
HOUSEHOLD_1_459_WI_2_validation,HOUSEHOLD_1_459,HOUSEHOLD_1,HOUSEHOLD,WI_2,WI,2016-05-10,11615,Tuesday,4,5,2016,,,1,0,0,0.97,16.967609856562344,21.484772911902194,21.317251429670975,15.0,26.369364359184566,26.65577393987109,1,0.97,0.0,0,18.30652630007848,11.518858244964987,25.094194355191974,21
HOUSEHOLD_1_459_WI_3_validation,HOUSEHOLD_1_459,HOUSEHOLD_1,HOUSEHOLD,WI_3,WI,2016-05-10,11615,Tuesday,4,5,2016,,,1,0,0,0.97,9.353591462179924,9.916705318487155,8.38785932396317,0.0,11.534468256181134,10.789998533470097,1,0.97,0.0,0,7.1723903701099845,4.513021563817636,9.831759176402333,3
HOUSEHOLD_1_474_TX_2_validation,HOUSEHOLD_1_474,HOUSEHOLD_1,HOUSEHOLD,TX_2,TX,2016-05-10,11615,Tuesday,4,5,2016,,,1,0,0,0.97,9.81888240391147,10.766010423474341,8.71661317073236,7.0,9.438992397105194,9.04643054977976,1,0.97,0.0,0,8.62834637991584,5.4291402535652695,11.827552506266409,12
HOUSEHOLD_1_521_TX_1_validation,HOUSEHOLD_1_521,HOUSEHOLD_1,HOUSEHOLD,TX_1,TX,2016-05-10,11615,Tuesday,4,5,2016,,,1,0,0,0.94,11.70356022040831,7.563929964051476,10.223162908935938,8.0,8.984869520154765,8.935903315021095,1,0.94,0.0,0,9.732601706005898,6.1239613440866565,13.34124206792514,8
HOUSEHOLD_1_521_TX_2_validation,HOUSEHOLD_1_521,HOUSEHOLD_1,HOUSEHOLD,TX_2,TX,2016-05-10,11615,Tuesday,4,5,2016,,,1,0,0,0.94,6.415911629217229,6.422607779523429,5.607960993474379,6.0,7.375605452849527,7.1468021730131355,1,0.94,0.0,0,5.928303593789116,3.7302155313693004,8.126391656208932,4
HOUSEHOLD_1_521_TX_3_validation,HOUSEHOLD_1_521,HOUSEHOLD_1,HOUSEHOLD,TX_3,TX,2016-05-10,11615,Tuesday,4,5,2016,,,1,0,0,0.94,4.951062591824861,8.022642205305187,7.600108872302976,11.0,7.082794726267301,6.651226831448007,1,0.94,0.0,0,7.071799333780109,4.449727530356302,9.693871137203915,9
HOUSEHOLD_1_535_CA_1_validation,HOUSEHOLD_1_535,HOUSEHOLD_1,HOUSEHOLD,CA_1,CA,2016-05-10,11615,Tuesday,4,5,2016,,,1,0,0,6.97,11.014130715808543,10.225054988195366,9.082200664715966,11.0,9.115661063896065,8.570054790355524,1,6.97,0.0,0,9.85083910319172,6.198358845563016,13.503319360820425,6
FOODS_1_218_CA_2_validation,FOODS_1_218,FOODS_1,FOODS,CA_2,CA,2016-05-11,11615,Wednesday,5,5,2016,,,0,1,1,0.98,10.81222538102178,8.659213389838,13.922568343842986,19.0,9.00593948521022,9.430580675670114,2,0.98,0.0,0,12.517331680847768,7.876173058363159,17.158490303332375,7
FOODS_2_360_WI_2_validation,FOODS_2_360,FOODS_2,FOODS,WI_2,WI,2016-05-11,11615,Wednesday,5,5,2016,,,0,1,1,0.94,39.93129629789132,44.221794897484294,31.24294017968355,40.0,50.16385524190095,46.55037883790207,2,0.94,0.0,0,40.05681279043637,25.20460412394889,54.909021456923846,72
FOODS_3_007_WI_2_validation,FOODS_3_007,FOODS_3,FOODS,WI_2,WI,2016-05-11,11615,Wednesday,5,5,2016,,,0,1,1,0.25,24.24942754780159,41.89493766391774,26.870679305398806,3.0,35.57307008795768,33.04543940879049,2,0.25,0.0,0,23.811072967738095,14.98243684683735,32.63970908863884,38
FOODS_3_030_TX_3_validation,FOODS_3_030,FOODS_3,FOODS,TX_3,TX,2016-05-11,11615,Wednesday,5,5,2016,,,0,1,1,1.25,15.115512116229556,17.04936004786159,17.427494806570955,17.0,19.34379280236774,19.589359357723005,2,1.25,0.0,0,17.30421260519056,10.88818101111142,23.7202441992697,13
FOODS_3_080_CA_2_validation,FOODS_3_080,FOODS_3,FOODS,CA_2,CA,2016-05-11,11615,Wednesday,5,5,2016,,,0,1,1,1.68,11.94135670405188,13.096784520829049,10.433118231349555,10.0,15.655440913327924,14.328610975885343,2,1.68,0.0,0,11.884344145618549,7.4778837505164875,16.29080454072061,16
FOODS_3_090_CA_1_validation,FOODS_3_090,FOODS_3,FOODS,CA_1,CA,2016-05-11,11615,Wednesday,5,5,2016,,,0,1,1,1.6,35.232786901383534,38.71980327115239,32.81953168261117,41.0,54.16526013967357,53.28986027650598,2,1.6,0.0,0,38.05937271138092,23.94777206600938,52.170973356752455,30
FOODS_3_090_CA_2_validation,FOODS_3_090,FOODS_3,FOODS,CA_2,CA,2016-05-11,11615,Wednesday,5,5,2016,,,0,1,1,1.6,37.00405854411239,34.90734055388361,35.427460791326574,37.0,49.61907522410989,51.84884224802538,2,1.6,0.0,0,36.300115277901426,22.84080962756117,49.75942092824168,50
FOODS_3_090_CA_3_validation,FOODS_3_090,FOODS_3,FOODS,CA_3,CA,2016-05-11,11615,Wednesday,5,5,2016,,,0,1,1,1.6,76.11049583916757,84.55660373062739,87.02731805830891,88.0,97.23783694592456,107.42094989100647,2,1.6,0.0,0,78.0500480909278,49.11076111519001,106.9893350666656,125
FOODS_3_090_CA_4_validation,FOODS_3_090,FOODS_3,FOODS,CA_4,CA,2016-05-11,11615,Wednesday,5,5,2016,,,0,1,1,1.6,23.2031650631752,24.418378915048848,24.3074902313806,17.0,27.109544495472026,26.363809796979588,2,1.6,0.0,0,23.095447143735157,14.532149758615116,31.6587445288552,13
FOODS_3_090_TX_1_validation,FOODS_3_090,FOODS_3,FOODS,TX_1,TX,2016-05-11,11615,Wednesday,5,5,2016,,,0,1,1,1.5,41.24590872413855,43.05188989861834,41.63913074460803,35.0,52.703332989676674,50.5580422325847,2,1.5,0.0,0,41.640745766581496,26.201248660584056,57.080242872578935,37
FOODS_3_090_TX_2_validation,FOODS_3_090,FOODS_3,FOODS,TX_2,TX,2016-05-11,11615,Wednesday,5,5,2016,,,0,1,1,1.5,47.14458665764604,45.44675999471401,43.07526553322886,34.0,58.30354561593614,59.65944670744068,2,1.5,0.0,0,43.543284966395056,27.39836705371403,59.68820287907608,69
FOODS_3_090_TX_3_validation,FOODS_3_090,FOODS_3,FOODS,TX_3,TX,2016-05-11,11615,Wednesday,5,5,2016,,,0,1,1,1.5,52.16386957320112,50.46036509052724,48.89192067775992,48.0,64.81400991902828,64.20365891744879,2,1.5,0.0,0,52.176273701148894,32.830428376324576,71.52211902597321,37
FOODS_3_090_WI_1_validation,FOODS_3_090,FOODS_3,FOODS,WI_1,WI,2016-05-11,11615,Wednesday,5,5,2016,,,0,1,1,1.44,17.45583440088129,13.485546342430922,15.955664923125374,24.0,22.49303280309844,20.270786232849478,2,1.44,0.0,0,19.010278041382,11.961673906158326,26.058882176605675,12
FOODS_3_090_WI_3_validation,FOODS_3_090,FOODS_3,FOODS,WI_3,WI,2016-05-11,11615,Wednesday,5,5,2016,,,0,1,1,1.44,50.280675044915284,52.26435010055045,53.99709415052294,52.0,72.42649555828253,79.12498003245052,2,1.44,0.0,0,50.853952390935824,31.99839550034551,69.70950928152614,55
FOODS_3_120_CA_1_validation,FOODS_3_120,FOODS_3,FOODS,CA_1,CA,2016-05-11,11615,Wednesday,5,5,2016,,,0,1,1,4.98,40.12151757235573,37.149481119024806,39.42265258560047,0.0,45.62675356616177,44.70181529408591,2,4.98,0.0,0,37.73482636187756,23.743560555176,51.72609216857912,24
FOODS_3_120_CA_3_validation,FOODS_3_120,FOODS_3,FOODS,CA_3,CA,2016-05-11,11615,Wednesday,5,5,2016,,,0,1,1,4.98,71.6731256970137,68.33706336758549,67.27342524553048,89.0,68.98376088265147,72.30563947783696,2,4.98,0.0,0,74.25981484510635,46.72586521750221,101.79376447271048,55
FOODS_3_226_WI_1_validation,FOODS_3_226,FOODS_3,FOODS,WI_1,WI,2016-05-11,11615,Wednesday,5,5,2016,,,0,1,1,1.68,31.053402177747518,30.027496442747484,31.249933074224924,32.0,35.539705652435636,37.22949659576676,2,1.68,0.0,0,32.14881237824902,20.22872097408445,44.06890378241359,31
FOODS_3_226_WI_2_validation,FOODS_3_226,FOODS_3,FOODS,WI_2,WI,2016-05-11,11615,Wednesday,5,5,2016,,,0,1,1,1.68,36.23194235173081,41.54477461062588,41.07784348178853,43.0,44.45572139164495,45.38940205441537,2,1.68,0.0,0,41.037503021122085,25.821675411222127,56.253330631022045,30
FOODS_3_226_WI_3_validation,FOODS_3_226,FOODS_3,FOODS,WI_3,WI,2016-05-11,11615,Wednesday,5,5,2016,,,0,1,1,1.68,40.41906127883171,40.32406179944244,40.51346962780056,45.0,43.77540756716178,45.22524262533465,2,1.68,0.0,0,41.62465930453328,26.19112671429239,57.058191894774176,34
FOODS_3_234_WI_2_validation,FOODS_3_234,FOODS_3,FOODS,WI_2,WI,2016-05-11,11615,Wednesday,5,5,2016,,,0,1,1,0.25,29.571335263871244,29.19776670007413,25.240730080255755,1.0,31.62225298782957,25.783780845873377,2,0.25,0.0,0,25.762515367890853,16.21032618051599,35.31470455526571,115
FOODS_3_252_CA_1_validation,FOODS_3_252,FOODS_3,FOODS,CA_1,CA,2016-05-11,11615,Wednesday,5,5,2016,,,0,1,1,1.58,29.22040560744427,31.956426352573484,29.977171347167367,37.0,38.31193451523433,37.26110750129624,2,1.58,0.0,0,33.45269180426011,21.049149821729003,45.85623378679122,30
FOODS_3_252_CA_2_validation,FOODS_3_252,FOODS_3,FOODS,CA_2,CA,2016-05-11,11615,Wednesday,5,5,2016,,,0,1,1,1.58,30.099840065304818,34.86926090394379,29.59584010229061,27.0,35.69961377601007,35.32889988770721,2,1.58,0.0,0,32.27769168604284,20.30981459353206,44.245568778553626,28
FOODS_3_252_CA_3_validation,FOODS_3_252,FOODS_3,FOODS,CA_3,CA,2016-05-11,11615,Wednesday,5,5,2016,,,0,1,1,1.58,39.93206119598624,41.17711953574124,36.53782404334083,43.0,45.501159404864225,46.19464894008215,2,1.58,0.0,0,41.63532533656555,26.19783800998017,57.07281266315093,55
FOODS_3_252_CA_4_validation,FOODS_3_252,FOODS_3,FOODS,CA_4,CA,2016-05-11,11615,Wednesday,5,5,2016,,,0,1,1,1.58,15.531953744083458,18.48174066597841,15.2731307886943,12.0,17.796595982031384,16.684341619465282,2,1.58,0.0,0,15.870971782540233,9.986355203397407,21.75558836168306,20
FOODS_3_252_TX_1_validation,FOODS_3_252,FOODS_3,FOODS,TX_1,TX,2016-05-11,11615,Wednesday,5,5,2016,,,0,1,1,1.58,26.37530101337519,31.88478507797004,25.846674649011494,26.0,33.38122507577862,30.803875169777942,2,1.58,0.0,0,27.66640595424485,17.408294894987012,37.92451701350269,48
FOODS_3_252_TX_2_validation,FOODS_3_252,FOODS_3,FOODS,TX_2,TX,2016-05-11,11615,Wednesday,5,5,2016,,,0,1,1,1.58,38.83738512240386,40.019356139235526,32.6826110012375,31.0,52.257336303795356,48.051143084035466,2,1.58,0.0,0,37.283238513764765,23.459411813776722,51.107065213752804,48
FOODS_3_252_TX_3_validation,FOODS_3_252,FOODS_3,FOODS,TX_3,TX,2016-05-11,11615,Wednesday,5,5,2016,,,0,1,1,1.58,31.258119926008796,26.83693119574891,28.7694425398266,36.0,35.034908446625806,33.282535917292726,2,1.58,0.0,0,32.934357808722474,20.723002975501885,45.145712641943064,27
FOODS_3_318_WI_3_validation,FOODS_3_318,FOODS_3,FOODS,WI_3,WI,2016-05-11,11615,Wednesday,5,5,2016,,,0,1,1,1.48,20.769557938081952,18.01930127323035,15.814672495954941,23.0,25.07131365688328,24.36539179364002,2,1.48,0.0,0,20.5728187442874,12.944857966515976,28.200779522058824,39
FOODS_3_377_TX_2_validation,FOODS_3_377,FOODS_3,FOODS,TX_2,TX,2016-05-11,11615,Wednesday,5,5,2016,,,0,1,1,1.68,25.027539613356296,23.76573455133655,23.79808020009583,21.0,27.37710595673322,27.461227626429398,2,1.68,0.0,0,23.45047349960436,14.755539941954613,32.14540705725411,11
FOODS_3_377_TX_3_validation,FOODS_3_377,FOODS_3,FOODS,TX_3,TX,2016-05-11,11615,Wednesday,5,5,2016,,,0,1,1,1.68,40.798999522920184,36.10210539509733,35.71752472001662,41.0,43.06496693409559,41.941112115410526,2,1.68,0.0,0,38.857063411672925,24.44969613119651,53.26443069214934,49
FOODS_3_491_WI_1_validation,FOODS_3_491,FOODS_3,FOODS,WI_1,WI,2016-05-11,11615,Wednesday,5,5,2016,,,0,1,1,1.44,16.00841522283432,16.962456057309044,16.003009230229654,12.0,20.479716251036162,19.261448141028932,2,1.44,0.0,0,17.15785954098886,10.796092530062538,23.51962655191518,14
FOODS_3_541_CA_3_validation,FOODS_3_541,FOODS_3,FOODS,CA_3,CA,2016-05-11,11615,Wednesday,5,5,2016,,,0,1,1,0.88,4.418009363761421,5.877968382286051,6.664045736278346,0.0,5.370849407492774,2.992547431683573,2,0.88,0.0,0,4.910453030299287,3.0897621671859046,6.7311438934126695,0
FOODS_3_555_CA_2_validation,FOODS_3_555,FOODS_3,FOODS,CA_2,CA,2016-05-11,11615,Wednesday,5,5,2016,,,0,1,1,1.68,19.898547152949224,18.661861985863613,16.75789814355725,17.0,22.101834169247955,21.53569602941069,2,1.68,0.0,0,19.002680088912317,11.956893111811237,26.048467066013398,23
FOODS_3_555_TX_1_validation,FOODS_3_555,FOODS_3,FOODS,TX_1,TX,2016-05-11,11615,Wednesday,5,5,2016,,,0,1,1,1.68,25.639098511939856,28.5469180168479,23.113119566497723,21.0,30.220739089650092,28.607018940222925,2,1.68,0.0,0,24.17929423905205,15.214129553444835,33.14445892465927,36
FOODS_3_555_TX_2_validation,FOODS_3_555,FOODS_3,FOODS,TX_2,TX,2016-05-11,11615,Wednesday,5,5,2016,,,0,1,1,1.68,32.34753280867478,33.025897157066076,31.839507783045402,23.0,41.62178380062903,39.67918728524687,2,1.68,0.0,0,30.442651951359135,19.15516830885657,41.730135593861704,38
FOODS_3_555_TX_3_validation,FOODS_3_555,FOODS_3,FOODS,TX_3,TX,2016-05-11,11615,Wednesday,5,5,2016,,,0,1,1,1.68,23.135754600237867,27.302903402705212,23.424264923953153,18.0,30.460101795829598,28.04605866153127,2,1.68,0.0,0,23.437491386981904,14.747371318777992,32.127611455185814,12
FOODS_3_555_WI_3_validation,FOODS_3_555,FOODS_3,FOODS,WI_3,WI,2016-05-11,11615,Wednesday,5,5,2016,,,0,1,1,1.68,23.44554505093964,21.93982268562733,22.117048705499545,16.0,26.801503782562637,28.496407641032583,2,1.68,0.0,0,21.18238005806655,13.328406994329436,29.036353121803664,16
FOODS_3_586_CA_1_validation,FOODS_3_586,FOODS_3,FOODS,CA_1,CA,2016-05-11,11615,Wednesday,5,5,2016,,,0,1,1,1.68,32.07550977354082,32.14919400667255,31.18447111748899,20.0,38.09116702997743,38.02614276874072,2,1.68,0.0,0,30.442651951359135,19.15516830885657,41.730135593861704,34
FOODS_3_586_CA_2_validation,FOODS_3_586,FOODS_3,FOODS,CA_2,CA,2016-05-11,11615,Wednesday,5,5,2016,,,0,1,1,1.68,30.050478773528404,33.231379178717084,32.80307442102623,29.0,34.177271137962464,33.503003790543374,2,1.68,0.0,0,32.36323933490497,20.363643005557375,44.362835664252565,30
FOODS_3_586_CA_3_validation,FOODS_3_586,FOODS_3,FOODS,CA_3,CA,2016-05-11,11615,Wednesday,5,5,2016,,,0,1,1,1.68,71.29244956280148,69.28862838117294,56.20583772893736,52.0,70.99764141034845,69.01584181011661,2,1.68,0.0,0,63.19490290995956,39.76358575580932,86.62622006410979,59
FOODS_3_586_CA_4_validation,FOODS_3_586,FOODS_3,FOODS,CA_4,CA,2016-05-11,11615,Wednesday,5,5,2016,,,0,1,1,1.68,16.419252638052306,15.429434519005687,13.69466106972215,13.0,17.658231810598128,17.228426168216735,2,1.68,0.0,0,14.309561008430943,9.00388211842722,19.615239898434666,37
FOODS_3_586_TX_1_validation,FOODS_3_586,FOODS_3,FOODS,TX_1,TX,2016-05-11,11615,Wednesday,5,5,2016,,,0,1,1,1.68,44.54243165823028,49.98384023146958,45.727578776861215,47.0,53.575215806213315,54.458152119850126,2,1.68,0.0,0,48.99117028730403,30.82629312323313,67.15604745137493,52
FOODS_3_586_TX_2_validation,FOODS_3_586,FOODS_3,FOODS,TX_2,TX,2016-05-11,11615,Wednesday,5,5,2016,,,0,1,1,1.68,55.929713111660156,56.05614346152702,54.94561399868927,62.0,72.52006083243269,71.30230165685589,2,1.68,0.0,0,54.42137430998287,34.243093741393444,74.5996548785723,69
FOODS_3_586_TX_3_validation,FOODS_3_586,FOODS_3,FOODS,TX_3,TX,2016-05-11,11615,Wednesday,5,5,2016,,,0,1,1,1.68,44.25507756206083,49.95580852497549,50.11579030389522,67.0,54.67140515144979,55.67652182520733,2,1.68,0.0,0,48.6017382579942,30.58125415362535,66.62222236236305,62
FOODS_3_586_WI_1_validation,FOODS_3_586,FOODS_3,FOODS,WI_1,WI,2016-05-11,11615,Wednesday,5,5,2016,,,0,1,1,1.68,14.062993988301212,14.468411533902808,14.639436057270258,16.0,15.053634988124946,16.057069499391165,2,1.68,0.0,0,15.522156349314397,9.766873065545441,21.277439633083354,15
FOODS_3_586_WI_3_validation,FOODS_3_586,FOODS_3,FOODS,WI_3,WI,2016-05-11,11615,Wednesday,5,5,2016,,,0,1,1,1.68,25.827325672433894,26.86240786728015,26.50175402886326,27.0,33.061451147421984,33.48867329439894,2,1.68,0.0,0,28.000851859949933,17.618735418507264,38.3829683013926,32
FOODS_3_587_CA_1_validation,FOODS_3_587,FOODS_3,FOODS,CA_1,CA,2016-05-11,11615,Wednesday,5,5,2016,,,0,1,1,2.48,20.125880200966982,18.872192363982474,20.479512571502536,23.0,22.49921803777946,21.66426947470012,2,2.48,0.0,0,20.830349708491912,13.106901962287484,28.55379745469634,21
FOODS_3_587_CA_4_validation,FOODS_3_587,FOODS_3,FOODS,CA_4,CA,2016-05-11,11615,Wednesday,5,5,2016,,,0,1,1,2.48,16.04333385981604,14.916574772718379,15.48871053557363,14.0,16.92551847550331,16.56722392762986,2,2.48,0.0,0,14.975051047129794,9.422622697254317,20.527479397005273,5
FOODS_3_587_TX_1_validation,FOODS_3_587,FOODS_3,FOODS,TX_1,TX,2016-05-11,11615,Wednesday,5,5,2016,,,0,1,1,2.48,25.445979699116286,22.809710541393454,27.094892441484212,29.0,24.500523053895957,24.279417074889498,2,2.48,0.0,0,26.328605564278146,16.566522250658565,36.090688877897726,21
FOODS_3_587_TX_2_validation,FOODS_3_587,FOODS_3,FOODS,TX_2,TX,2016-05-11,11615,Wednesday,5,5,2016,,,0,1,1,2.48,26.726600686060998,24.117792132673113,21.632542352157365,22.0,29.51456549078035,28.41891063033362,2,2.48,0.0,0,24.716437173615684,15.552111386759464,33.880762960471905,31
FOODS_3_635_CA_3_validation,FOODS_3_635,FOODS_3,FOODS,CA_3,CA,2016-05-11,11615,Wednesday,5,5,2016,,,0,1,1,0.88,4.418009363761421,5.935538610481759,7.582593878339074,0.0,5.339742950925877,2.94397240149062,2,0.88,0.0,0,5.148262421208638,3.2393969268505236,7.057127915566752,0
FOODS_3_635_CA_4_validation,FOODS_3_635,FOODS_3,FOODS,CA_4,CA,2016-05-11,11615,Wednesday,5,5,2016,,,0,1,1,1.0,5.605519110791131,6.470448269043258,5.567732667049618,0.0,6.36144306233542,3.275560820873859,2,1.0,0.0,0,6.045684698972559,3.804074235586692,8.287295162358426,0
FOODS_3_694_WI_1_validation,FOODS_3_694,FOODS_3,FOODS,WI_1,WI,2016-05-11,11615,Wednesday,5,5,2016,,,0,1,1,1.68,20.56391135570964,17.299870041321505,17.673120805813195,16.0,21.88217722731782,21.517612837957962,2,1.68,0.0,0,20.76600232829218,13.066413213149293,28.46559144343507,20
FOODS_3_694_WI_2_validation,FOODS_3_694,FOODS_3,FOODS,WI_2,WI,2016-05-11,11615,Wednesday,5,5,2016,,,0,1,1,1.68,33.06449638640436,33.40865590039899,32.99580972379996,27.0,35.257279356003096,35.54177561383537,2,1.68,0.0,0,31.666115034691746,19.924997472174994,43.4072325972085,28
FOODS_3_694_WI_3_validation,FOODS_3_694,FOODS_3,FOODS,WI_3,WI,2016-05-11,11615,Wednesday,5,5,2016,,,0,1,1,1.68,36.0288924221236,35.47078489876407,38.78521955400731,37.0,42.6825410402695,45.19483393297465,2,1.68,0.0,0,36.732557178974865,23.11291132921643,50.3522030287333,32
FOODS_3_711_WI_2_validation,FOODS_3_711,FOODS_3,FOODS,WI_2,WI,2016-05-11,11615,Wednesday,5,5,2016,,,0,1,1,0.25,31.67576056748421,34.324561589592385,24.885211952881704,2.0,34.040300325784195,24.16691610724273,2,0.25,0.0,0,26.938749004585684,16.95043756494556,36.92706044422581,60
FOODS_3_714_CA_1_validation,FOODS_3_714,FOODS_3,FOODS,CA_1,CA,2016-05-11,11615,Wednesday,5,5,2016,,,0,1,1,1.58,14.683693442162603,15.054974991413506,11.29893840586486,11.0,19.8779283832678,18.769221786185717,2,1.58,0.0,0,13.251287160598428,8.337993558373961,18.164580762822897,5
FOODS_3_714_TX_1_validation,FOODS_3_714,FOODS_3,FOODS,TX_1,TX,2016-05-11,11615,Wednesday,5,5,2016,,,0,1,1,1.58,18.541663229522538,17.667427810065366,16.004873629235146,13.0,22.362554980203072,19.998578981528173,2,1.58,0.0,0,18.035200204173627,11.348134057008346,24.72226635133891,20
FOODS_3_714_WI_1_validation,FOODS_3_714,FOODS_3,FOODS,WI_1,WI,2016-05-11,11615,Wednesday,5,5,2016,,,0,1,1,1.58,12.32354249720447,11.879202930713012,13.205795065641407,13.0,18.298459994573815,19.129184263923978,2,1.58,0.0,0,13.690501798382188,8.614356810954714,18.766646785809662,12
FOODS_3_808_CA_4_validation,FOODS_3_808,FOODS_3,FOODS,CA_4,CA,2016-05-11,11615,Wednesday,5,5,2016,,,0,1,1,1.0,5.605519110791131,6.470448269043258,5.809396050919029,0.0,6.36144306233542,3.2841916560120517,2,1.0,0.0,0,6.045684698972559,3.804074235586692,8.287295162358426,0
HOBBIES_1_008_TX_2_validation,HOBBIES_1_008,HOBBIES_1,HOBBIES,TX_2,TX,2016-05-11,11615,Wednesday,5,5,2016,,,0,1,1,0.48,5.050219903485936,5.20393540022473,4.5815503503052275,4.0,5.607202387168146,4.283062270658372,2,0.48,0.0,0,5.20393540022473,3.274427557066729,7.1334432433827315,0
HOBBIES_1_015_CA_2_validation,HOBBIES_1_015,HOBBIES_1,HOBBIES,CA_2,CA,2016-05-11,11615,Wednesday,5,5,2016,,,0,1,1,0.7,5.050219903485936,7.04853231457068,6.206435785986461,0.0,7.688527819010432,7.178574743050116,2,0.7,0.0,0,5.63268428807905,3.544205535746339,7.721163040411761,0
HOBBIES_1_048_WI_3_validation,HOBBIES_1_048,HOBBIES_1,HOBBIES,WI_3,WI,2016-05-11,11615,Wednesday,5,5,2016,,,0,1,1,0.48,5.734840916656922,5.440610696773597,6.324986549850685,11.0,6.0141809013971175,5.666084252309646,2,0.48,0.0,0,6.410610587706484,4.033693416928918,8.78752775848405,2
HOBBIES_1_103_WI_3_validation,HOBBIES_1_103,HOBBIES_1,HOBBIES,WI_3,WI,2016-05-11,11615,Wednesday,5,5,2016,,,0,1,1,0.7,6.2221626356650725,5.20393540022473,5.069013869468662,2.0,5.958929972008559,5.155861817664811,2,0.7,0.0,0,5.23866785552735,3.2962819614781624,7.181053749576537,0
HOBBIES_1_178_CA_4_validation,HOBBIES_1_178,HOBBIES_1,HOBBIES,CA_4,CA,2016-05-11,11615,Wednesday,5,5,2016,,,0,1,1,0.48,5.050219903485936,5.440610696773597,5.581970684833236,4.0,6.538603637424041,7.0517735906185965,2,0.48,0.0,0,5.20393540022473,3.274427557066729,7.1334432433827315,0
HOBBIES_1_178_WI_2_validation,HOBBIES_1_178,HOBBIES_1,HOBBIES,WI_2,WI,2016-05-11,11615,Wednesday,5,5,2016,,,0,1,1,0.48,5.050219903485936,5.20393540022473,5.069013869468662,0.0,6.129072023299064,5.375441696946052,2,0.48,0.0,0,5.20393540022473,3.274427557066729,7.1334432433827315,2
HOBBIES_1_234_CA_3_validation,HOBBIES_1_234,HOBBIES_1,HOBBIES,CA_3,CA,2016-05-11,11615,Wednesday,5,5,2016,,,0,1,1,0.3,25.268868535193647,25.677686207781388,32.79259949775201,68.0,28.726057029868816,28.56690488994196,2,0.3,0.0,0,36.534701957927524,22.988416588547864,50.080987327307184,1
HOBBIES_1_254_CA_3_validation,HOBBIES_1_254,HOBBIES_1,HOBBIES,CA_3,CA,2016-05-11,11615,Wednesday,5,5,2016,,,0,1,1,0.7,11.828026272955627,8.79843858297303,8.719092179546573,5.0,10.885178368753168,12.469787619682323,2,0.7,0.0,0,7.368613637316736,4.636489444193651,10.100737830439822,20
HOBBIES_1_254_TX_1_validation,HOBBIES_1_254,HOBBIES_1,HOBBIES,TX_1,TX,2016-05-11,11615,Wednesday,5,5,2016,,,0,1,1,0.7,5.050219903485936,5.20393540022473,5.20393540022473,1.0,5.649261068803717,4.37843392103369,2,0.7,0.0,0,5.20393540022473,3.274427557066729,7.1334432433827315,6
HOBBIES_1_348_CA_1_validation,HOBBIES_1_348,HOBBIES_1,HOBBIES,CA_1,CA,2016-05-11,11615,Wednesday,5,5,2016,,,0,1,1,0.48,5.730136033416872,5.505938003067092,5.350040587327621,6.0,6.563811029163223,6.81967088906711,2,0.48,0.0,0,6.023032422743407,3.789820938454714,8.2562439070321,13
HOBBIES_1_348_CA_2_validation,HOBBIES_1_348,HOBBIES_1,HOBBIES,CA_2,CA,2016-05-11,11615,Wednesday,5,5,2016,,,0,1,1,0.48,6.203831483975514,6.176221967537205,7.991141270215573,13.0,6.272018947612835,6.3070823440924055,2,0.48,0.0,0,7.18902915908883,4.523491046037995,9.854567272139665,0
HOBBIES_1_354_TX_3_validation,HOBBIES_1_354,HOBBIES_1,HOBBIES,TX_3,TX,2016-05-11,11615,Wednesday,5,5,2016,,,0,1,1,22.98,22.347715565053544,23.965147548729135,22.964977960488756,21.0,21.78594738964798,22.67051247165708,2,22.98,0.0,0,22.409956716433218,14.100824507120644,30.71908892574579,32
HOBBIES_1_370_WI_1_validation,HOBBIES_1_370,HOBBIES_1,HOBBIES,WI_1,WI,2016-05-11,11615,Wednesday,5,5,2016,,,0,1,1,0.48,5.286895200034803,5.23866785552735,5.069013869468662,1.0,6.075685104958116,6.156471381680747,2,0.48,0.0,0,5.20393540022473,3.274427557066729,7.1334432433827315,3
HOBBIES_1_371_CA_1_validation,HOBBIES_1_371,HOBBIES_1,HOBBIES,CA_1,CA,2016-05-11,11615,Wednesday,5,5,2016,,,0,1,1,0.48,6.515634694993415,11.073263050426444,11.06293728734568,4.0,8.187223574244152,9.17158315519089,2,0.48,0.0,0,7.627762558956071,4.799551493419573,10.45597362449257,19
HOBBIES_1_371_CA_4_validation,HOBBIES_1_371,HOBBIES_1,HOBBIES,CA_4,CA,2016-05-11,11615,Wednesday,5,5,2016,,,0,1,1,0.48,5.362015748752664,6.7282631804461035,7.530716159137376,0.0,6.491524869166427,7.090641400893918,2,0.48,0.0,0,5.972546552238606,3.7580541479568375,8.187038956520375,7
HOBBIES_1_371_TX_1_validation,HOBBIES_1_371,HOBBIES_1,HOBBIES,TX_1,TX,2016-05-11,11615,Wednesday,5,5,2016,,,0,1,1,0.48,5.050219903485936,5.20393540022473,5.190557435835309,0.0,5.339855557126426,3.594793989223461,2,0.48,0.0,0,5.20393540022473,3.274427557066729,7.1334432433827315,0
HOBBIES_1_371_TX_2_validation,HOBBIES_1_371,HOBBIES_1,HOBBIES,TX_2,TX,2016-05-11,11615,Wednesday,5,5,2016,,,0,1,1,0.48,5.286895200034803,5.23866785552735,4.5815503503052275,1.0,5.501340212213705,4.201656674005705,2,0.48,0.0,0,5.20393540022473,3.274427557066729,7.1334432433827315,14
HOBBIES_1_371_TX_3_validation,HOBBIES_1_371,HOBBIES_1,HOBBIES,TX_3,TX,2016-05-11,11615,Wednesday,5,5,2016,,,0,1,1,0.48,6.2221626356650725,5.440610696773597,5.956565404295413,8.0,6.0167736912995835,5.094382550691702,2,0.48,0.0,0,5.923288868698334,3.7270601589894543,8.119517578407214,0
HOBBIES_1_371_WI_1_validation,HOBBIES_1_371,HOBBIES_1,HOBBIES,WI_1,WI,2016-05-11,11615,Wednesday,5,5,2016,,,0,1,1,0.48,5.4789687913402565,9.503473634047968,9.65945406755587,10.0,7.132926858853159,7.673942044795702,2,0.48,0.0,0,7.998900567849187,5.033079473751922,10.964721661946452,7
HOBBIES_1_371_WI_2_validation,HOBBIES_1_371,HOBBIES_1,HOBBIES,WI_2,WI,2016-05-11,11615,Wednesday,5,5,2016,,,0,1,1,0.48,6.853797110677379,5.23866785552735,5.180386601268934,0.0,5.780279853742103,4.478173929595686,2,0.48,0.0,0,5.350040587327621,3.3663600685386115,7.333721106116631,2
HOUSEHOLD_1_110_CA_1_validation,HOUSEHOLD_1_110,HOUSEHOLD_1,HOUSEHOLD,CA_1,CA,2016-05-11,11615,Wednesday,5,5,2016,,,0,1,1,3.97,7.40759834499381,8.228990321145458,8.274597069231989,5.0,8.569985043413961,8.74897108345021,2,3.97,0.0,0,6.954731141787878,4.37606571781751,9.533396565758247,7
HOUSEHOLD_1_110_CA_4_validation,HOUSEHOLD_1_110,HOUSEHOLD_1,HOUSEHOLD,CA_4,CA,2016-05-11,11615,Wednesday,5,5,2016,,,0,1,1,3.97,5.580454164974304,7.247347184404559,6.216764440285064,5.0,6.519235601260775,6.035620851577414,2,3.97,0.0,0,6.2674780435308755,3.943631356023734,8.591324731038016,9
HOUSEHOLD_1_110_WI_2_validation,HOUSEHOLD_1_110,HOUSEHOLD_1,HOUSEHOLD,WI_2,WI,2016-05-11,11615,Wednesday,5,5,2016,,,0,1,1,3.97,18.267226128894023,21.81151252650616,17.37007657597896,17.0,25.067064209081927,24.387216933599603,2,3.97,0.0,0,17.502624981596913,11.01302632585918,23.992223637334646,28
HOUSEHOLD_1_110_WI_3_validation,HOUSEHOLD_1_110,HOUSEHOLD_1,HOUSEHOLD,WI_3,WI,2016-05-11,11615,Wednesday,5,5,2016,,,0,1,1,3.97,13.042844353887013,11.363754386475001,9.160497200616463,4.0,14.248340247192099,13.816510028346032,2,3.97,0.0,0,9.909637912689254,6.235356315234359,13.583919510144149,18
HOUSEHOLD_1_118_CA_1_validation,HOUSEHOLD_1_118,HOUSEHOLD_1,HOUSEHOLD,CA_1,CA,2016-05-11,11615,Wednesday,5,5,2016,,,0,1,1,0.97,5.883736544627404,9.727605678541927,6.939283195769793,4.0,7.846876474881414,8.142551957193023,2,0.97,0.0,0,6.393432837903507,4.022884809020212,8.763980866786802,9
HOUSEHOLD_1_118_CA_3_validation,HOUSEHOLD_1_118,HOUSEHOLD_1,HOUSEHOLD,CA_3,CA,2016-05-11,11615,Wednesday,5,5,2016,,,0,1,1,0.97,17.127380307449194,20.196530342618086,17.704316719385535,9.0,21.340486389635803,21.58799370237643,2,0.97,0.0,0,17.42639642177896,10.965061684158854,23.887731159399067,27
HOUSEHOLD_1_118_TX_3_validation,HOUSEHOLD_1_118,HOUSEHOLD_1,HOUSEHOLD,TX_3,TX,2016-05-11,11615,Wednesday,5,5,2016,,,0,1,1,0.97,6.658124059041705,6.574767022737635,5.919523748568635,3.0,6.845284806974279,6.312567225676408,2,0.97,0.0,0,6.075190453525696,3.822639887995957,8.327741019055436,6
HOUSEHOLD_1_151_CA_4_validation,HOUSEHOLD_1_151,HOUSEHOLD_1,HOUSEHOLD,CA_4,CA,2016-05-11,11615,Wednesday,5,5,2016,,,0,1,1,0.88,4.870740427622239,5.024455924361032,4.854801938302348,1.0,5.318700292895044,4.281483239146701,2,0.88,0.0,0,5.024455924361032,3.1614952286464706,6.887416620075593,5
HOUSEHOLD_1_191_CA_2_validation,HOUSEHOLD_1_191,HOUSEHOLD_1,HOUSEHOLD,CA_2,CA,2016-05-11,11615,Wednesday,5,5,2016,,,0,1,1,2.96,6.864694121453811,7.643206147918926,7.860326492962659,10.0,11.43918454838426,11.167710572185403,2,2.96,0.0,0,8.126673873967011,5.113477173268264,11.139870574665757,9
HOUSEHOLD_1_191_CA_4_validation,HOUSEHOLD_1_191,HOUSEHOLD_1,HOUSEHOLD,CA_4,CA,2016-05-11,11615,Wednesday,5,5,2016,,,0,1,1,2.96,5.580454164974304,6.623093722892616,6.38641842634375,6.0,6.451964510859639,5.465080580480563,2,2.96,0.0,0,6.815167314198069,4.288249169785409,9.342085458610729,6
HOUSEHOLD_1_234_CA_2_validation,HOUSEHOLD_1_234,HOUSEHOLD_1,HOUSEHOLD,CA_2,CA,2016-05-11,11615,Wednesday,5,5,2016,,,0,1,1,0.97,6.1279794921888735,5.873797003670178,5.963817721725425,3.0,7.1400384393279035,6.499636466787371,2,0.97,0.0,0,5.771744130419973,3.631704965470776,7.91178329536917,1
HOUSEHOLD_1_234_TX_1_validation,HOUSEHOLD_1_234,HOUSEHOLD_1,HOUSEHOLD,TX_1,TX,2016-05-11,11615,Wednesday,5,5,2016,,,0,1,1,0.97,8.204130709150293,12.041240159567407,10.519917209801816,3.0,11.196767959691837,11.180953923823452,2,0.97,0.0,0,8.462048409240435,5.324502010392554,11.599594808088316,10
HOUSEHOLD_1_234_TX_2_validation,HOUSEHOLD_1_234,HOUSEHOLD_1,HOUSEHOLD,TX_2,TX,2016-05-11,11615,Wednesday,5,5,2016,,,0,1,1,0.97,5.131310132038069,5.285025628776863,4.626233692508968,0.0,5.826794015683135,4.337498663688057,2,0.97,0.0,0,5.285025628776863,3.325451264810771,7.2445999927429545,7
HOUSEHOLD_1_303_CA_2_validation,HOUSEHOLD_1_303,HOUSEHOLD_1,HOUSEHOLD,CA_2,CA,2016-05-11,11615,Wednesday,5,5,2016,,,0,1,1,0.98,5.484202296717085,6.310502423892592,5.7672413987812465,6.0,7.392166064738463,6.3251738862519895,2,0.98,0.0,0,6.173570681388799,3.8845428334421164,8.462598529335482,7
HOUSEHOLD_1_303_CA_3_validation,HOUSEHOLD_1_303,HOUSEHOLD_1,HOUSEHOLD,CA_3,CA,2016-05-11,11615,Wednesday,5,5,2016,,,0,1,1,0.98,9.242673321633045,9.935723052594733,10.001117060410282,10.0,11.507991611923005,12.226625119794416,2,0.98,0.0,0,9.501653577357486,5.978643837519089,13.024663317195882,7
HOUSEHOLD_1_303_WI_1_validation,HOUSEHOLD_1_303,HOUSEHOLD_1,HOUSEHOLD,WI_1,WI,2016-05-11,11615,Wednesday,5,5,2016,,,0,1,1,0.98,5.235490617433949,6.65421868101221,6.104405093469694,2.0,6.582636475002156,4.568433260324019,2,0.98,0.0,0,5.81795500202706,3.6607818351451735,7.975128168908946,8
HOUSEHOLD_1_327_CA_2_validation,HOUSEHOLD_1_327,HOUSEHOLD_1,HOUSEHOLD,CA_2,CA,2016-05-11,11615,Wednesday,5,5,2016,,,0,1,1,0.98,5.472165913982814,5.675656205615376,5.219552128114055,4.0,6.223780240257194,4.285173902378254,2,0.98,0.0,0,5.6258814107216075,3.5399250196804415,7.711837801762774,3
HOUSEHOLD_1_327_WI_1_validation,HOUSEHOLD_1_327,HOUSEHOLD_1,HOUSEHOLD,WI_1,WI,2016-05-11,11615,Wednesday,5,5,2016,,,0,1,1,0.98,5.472165913982814,5.912331502164242,6.073827127343726,1.0,6.455670345926991,4.297755649525188,2,0.98,0.0,0,5.6258814107216075,3.5399250196804415,7.711837801762774,0
HOUSEHOLD_1_334_CA_1_validation,HOUSEHOLD_1_334,HOUSEHOLD_1,HOUSEHOLD,CA_1,CA,2016-05-11,11615,Wednesday,5,5,2016,,,0,1,1,0.97,10.111913691891871,9.186209799489456,13.546079968622246,13.0,10.981975290383684,11.449800414905761,2,0.97,0.0,0,10.90370489850038,6.860844543195383,14.946565253805376,5
HOUSEHOLD_1_334_CA_3_validation,HOUSEHOLD_1_334,HOUSEHOLD_1,HOUSEHOLD,CA_3,CA,2016-05-11,11615,Wednesday,5,5,2016,,,0,1,1,0.97,20.498585339949205,20.200401650983782,20.92789367939461,27.0,21.925954504803798,23.20788915023778,2,0.97,0.0,0,21.679385535323313,13.641133480263978,29.717637590382648,16
HOUSEHOLD_1_334_TX_1_validation,HOUSEHOLD_1_334,HOUSEHOLD_1,HOUSEHOLD,TX_1,TX,2016-05-11,11615,Wednesday,5,5,2016,,,0,1,1,0.96,8.83558265829065,7.350275687833779,10.836040725829161,10.0,8.597321813371128,9.72912101962081,2,0.96,0.0,0,8.693735737128941,5.4702846369463956,11.917186837311487,3
HOUSEHOLD_1_334_TX_2_validation,HOUSEHOLD_1_334,HOUSEHOLD_1,HOUSEHOLD,TX_2,TX,2016-05-11,11615,Wednesday,5,5,2016,,,0,1,1,0.96,7.141933563826671,9.424345980998051,9.786314421226413,18.0,10.439119466434525,10.510507865619132,2,0.96,0.0,0,9.346975843058503,5.8813172958346245,12.812634390282383,12
HOUSEHOLD_1_334_TX_3_validation,HOUSEHOLD_1_334,HOUSEHOLD_1,HOUSEHOLD,TX_3,TX,2016-05-11,11615,Wednesday,5,5,2016,,,0,1,1,0.96,7.242811212232231,8.987505947355173,7.865472158422277,11.0,9.498333760571088,10.804293900890496,2,0.96,0.0,0,7.914557692792266,4.980009131196038,10.849106254388493,8
HOUSEHOLD_1_334_WI_2_validation,HOUSEHOLD_1_334,HOUSEHOLD_1,HOUSEHOLD,WI_2,WI,2016-05-11,11615,Wednesday,5,5,2016,,,0,1,1,0.97,13.061687162560844,17.33593704774009,15.510431699287096,14.0,18.891754546648702,18.72447016670293,2,0.97,0.0,0,15.13600952237142,9.523901215594853,20.748117829147986,16
HOUSEHOLD_1_334_WI_3_validation,HOUSEHOLD_1_334,HOUSEHOLD_1,HOUSEHOLD,WI_3,WI,2016-05-11,11615,Wednesday,5,5,2016,,,0,1,1,0.97,8.843446262164704,10.408688735665237,10.100259888175302,5.0,11.140561428826194,11.247305910407288,2,0.97,0.0,0,8.032734307264908,5.054368386888059,11.011100227641757,7
HOUSEHOLD_1_389_WI_1_validation,HOUSEHOLD_1_389,HOUSEHOLD_1,HOUSEHOLD,WI_1,WI,2016-05-11,11615,Wednesday,5,5,2016,,,0,1,1,0.98,5.783179888101141,5.389206114172742,5.219552128114055,0.0,5.876989538696095,3.9928614806296427,2,0.98,0.0,0,5.712063091963768,3.5941523784523213,7.829973805475214,5
HOUSEHOLD_1_399_CA_4_validation,HOUSEHOLD_1_399,HOUSEHOLD_1,HOUSEHOLD,CA_4,CA,2016-05-11,11615,Wednesday,5,5,2016,,,0,1,1,0.97,5.131310132038069,5.285025628776863,5.0874041489280595,0.0,5.7139727562296825,3.680722882348048,2,0.97,0.0,0,5.285025628776863,3.325451264810771,7.2445999927429545,0
HOUSEHOLD_1_409_WI_2_validation,HOUSEHOLD_1_409,HOUSEHOLD_1,HOUSEHOLD,WI_2,WI,2016-05-11,11615,Wednesday,5,5,2016,,,0,1,1,2.94,7.54124827266652,8.917785170141885,8.849289093045403,3.0,10.25525222641645,10.566137507753007,2,2.94,0.0,0,7.305960846310759,4.597066966853087,10.01485472576843,14
HOUSEHOLD_1_441_WI_3_validation,HOUSEHOLD_1_441,HOUSEHOLD_1,HOUSEHOLD,WI_3,WI,2016-05-11,11615,Wednesday,5,5,2016,,,0,1,1,2.77,6.705860448733878,6.734466454692887,5.875136042024949,4.0,6.818526493404625,7.468942146326134,2,2.77,0.0,0,6.378850775331148,4.013709463084184,8.743992087578112,5
HOUSEHOLD_1_459_CA_3_validation,HOUSEHOLD_1_459,HOUSEHOLD_1,HOUSEHOLD,CA_3,CA,2016-05-11,11615,Wednesday,5,5,2016,,,0,1,1,0.97,20.452431121342503,20.106923010293976,18.557599001892534,9.0,24.590700605337865,26.289722407902666,2,0.97,0.0,0,18.27893271998078,11.501495773657957,25.056369666303603,10
HOUSEHOLD_1_459_TX_1_validation,HOUSEHOLD_1_459,HOUSEHOLD_1,HOUSEHOLD,TX_1,TX,2016-05-11,11615,Wednesday,5,5,2016,,,0,1,1,0.96,6.533478688544803,6.928276040984834,6.4027526964535735,5.0,7.35031881086473,7.398429887054368,2,0.96,0.0,0,6.075190453525696,3.822639887995957,8.327741019055436,6
HOUSEHOLD_1_459_TX_3_validation,HOUSEHOLD_1_459,HOUSEHOLD_1,HOUSEHOLD,TX_3,TX,2016-05-11,11615,Wednesday,5,5,2016,,,0,1,1,0.96,5.131310132038069,5.285025628776863,4.66264057885736,3.0,5.813056652875271,3.9063125641658725,2,0.96,0.0,0,5.248618742428471,3.302543272539956,7.194694212316986,7
HOUSEHOLD_1_459_WI_1_validation,HOUSEHOLD_1_459,HOUSEHOLD_1,HOUSEHOLD,WI_1,WI,2016-05-11,11615,Wednesday,5,5,2016,,,0,1,1,0.97,6.863605685501088,5.963817721725425,6.5566861238475225,1.0,7.1763629232087665,6.534457202069295,2,0.97,0.0,0,5.985169735470449,3.7659969250771037,8.204342545863794,11
HOUSEHOLD_1_459_WI_2_validation,HOUSEHOLD_1_459,HOUSEHOLD_1,HOUSEHOLD,WI_2,WI,2016-05-11,11615,Wednesday,5,5,2016,,,0,1,1,0.97,18.30652630007848,27.87649412222474,24.85770293793289,33.0,25.915329128924032,26.773864164873892,2,0.97,0.0,0,23.298994140022714,14.660225886111501,31.937762393933927,30
HOUSEHOLD_1_459_WI_3_validation,HOUSEHOLD_1_459,HOUSEHOLD_1,HOUSEHOLD,WI_3,WI,2016-05-11,11615,Wednesday,5,5,2016,,,0,1,1,0.97,7.1723903701099845,8.633394008957938,8.122128340687345,0.0,11.142423263555823,11.046155332402597,2,0.97,0.0,0,6.779021846961521,4.265505668016096,9.292538025906946,8
HOUSEHOLD_1_474_TX_2_validation,HOUSEHOLD_1_474,HOUSEHOLD_1,HOUSEHOLD,TX_2,TX,2016-05-11,11615,Wednesday,5,5,2016,,,0,1,1,0.97,8.62834637991584,8.380663433382741,6.9875751285003265,0.0,9.133611819453977,9.104585777633899,2,0.97,0.0,0,6.840253400035841,4.30403387202491,9.376472928046772,32
HOUSEHOLD_1_521_TX_1_validation,HOUSEHOLD_1_521,HOUSEHOLD_1,HOUSEHOLD,TX_1,TX,2016-05-11,11615,Wednesday,5,5,2016,,,0,1,1,0.94,9.732601706005898,8.236577355919861,7.207694602282575,4.0,9.294679769005397,8.997781947378447,2,0.94,0.0,0,7.0239659874696985,4.419629764865447,9.62830221007395,5
HOUSEHOLD_1_521_TX_2_validation,HOUSEHOLD_1_521,HOUSEHOLD_1,HOUSEHOLD,TX_2,TX,2016-05-11,11615,Wednesday,5,5,2016,,,0,1,1,0.94,5.928303593789116,6.865476964684164,5.33539293547135,4.0,7.304990569173198,7.144241587077033,2,0.94,0.0,0,5.764141823325668,3.6269214311006523,7.901362215550683,0
HOUSEHOLD_1_521_TX_3_validation,HOUSEHOLD_1_521,HOUSEHOLD_1,HOUSEHOLD,TX_3,TX,2016-05-11,11615,Wednesday,5,5,2016,,,0,1,1,0.94,7.071799333780109,6.999344585849821,5.968761841730326,4.0,6.946960030335147,6.510933950511583,2,0.94,0.0,0,5.875514555125939,3.696999538161102,8.054029572090776,11
HOUSEHOLD_1_535_CA_1_validation,HOUSEHOLD_1_535,HOUSEHOLD_1,HOUSEHOLD,CA_1,CA,2016-05-11,11615,Wednesday,5,5,2016,,,0,1,1,6.97,9.85083910319172,7.4665484087835345,6.092734483326784,5.0,9.062201651752687,8.529013329755228,2,6.97,0.0,0,7.110932729421795,4.474351100642205,9.747514358201386,7
FOODS_1_218_CA_2_validation,FOODS_1_218,FOODS_1,FOODS,CA_2,CA,2016-05-12,11615,Thursday,6,5,2016,,,0,1,1,0.98,12.517331680847768,8.65479101602549,12.617380526750429,14.0,9.557099241068759,9.199056807128965,3,0.98,0.0,0,13.291963386624213,8.363587910565679,18.220338862682745,2
FOODS_2_360_WI_2_validation,FOODS_2_360,FOODS_2,FOODS,WI_2,WI,2016-05-12,11615,Thursday,6,5,2016,,,0,1,1,0.94,40.05681279043637,52.90402802820339,37.41097857803015,84.0,49.56885779803696,46.552407866131944,3,0.94,0.0,0,48.61569883343939,30.590038446556473,66.6413592203223,50
FOODS_3_007_WI_2_validation,FOODS_3_007,FOODS_3,FOODS,WI_2,WI,2016-05-12,11615,Thursday,6,5,2016,,,0,1,1,0.25,23.811072967738095,35.91970557698294,30.289357233613348,43.0,32.989660845646306,33.78869201478114,3,0.25,0.0,0,28.939002831223775,18.209040093099368,39.66896556934818,63
FOODS_3_030_TX_3_validation,FOODS_3_030,FOODS_3,FOODS,TX_3,TX,2016-05-12,11615,Thursday,6,5,2016,,,0,1,1,1.25,17.30421260519056,20.658035798471822,19.498811547212064,20.0,19.380200310557594,19.600224093622664,3,1.25,0.0,0,19.997516190984832,12.582865284188783,27.41216709778088,22
FOODS_3_080_CA_2_validation,FOODS_3_080,FOODS_3,FOODS,CA_2,CA,2016-05-12,11615,Thursday,6,5,2016,,,0,1,1,1.68,11.884344145618549,15.446078228851508,12.750642788752893,9.0,15.482235145440711,14.395908981086007,3,1.68,0.0,0,13.152149826530938,8.27561422549625,18.028685427565627,14
FOODS_3_090_CA_1_validation,FOODS_3_090,FOODS_3,FOODS,CA_1,CA,2016-05-12,11615,Thursday,6,5,2016,,,0,1,1,1.6,38.05937271138092,44.01482506074611,40.044131991115414,44.0,54.070912916849075,53.18483787334103,3,1.6,0.0,0,42.41422890706747,26.6879408109179,58.140517003217035,35
FOODS_3_090_CA_2_validation,FOODS_3_090,FOODS_3,FOODS,CA_2,CA,2016-05-12,11615,Thursday,6,5,2016,,,0,1,1,1.6,36.300115277901426,36.696184779007815,34.27141435480176,49.0,49.818043041826726,51.82384636509328,3,1.6,0.0,0,39.47237633431925,24.83686419443676,54.10788847420174,25
FOODS_3_090_CA_3_validation,FOODS_3_090,FOODS_3,FOODS,CA_3,CA,2016-05-12,11615,Thursday,6,5,2016,,,0,1,1,1.6,78.0500480909278,78.12386507067121,79.73717876961916,90.0,96.30832899739605,107.06559446568245,3,1.6,0.0,0,78.27413859299692,49.251763656309244,107.2965135296846,89
FOODS_3_090_CA_4_validation,FOODS_3_090,FOODS_3,FOODS,CA_4,CA,2016-05-12,11615,Thursday,6,5,2016,,,0,1,1,1.6,23.095447143735157,28.311405984293266,24.735078913893314,17.0,26.920554242427215,26.581504337827273,3,1.6,0.0,0,24.89195706505914,15.662552259897703,34.12136187022058,38
FOODS_3_090_TX_1_validation,FOODS_3_090,FOODS_3,FOODS,TX_1,TX,2016-05-12,11615,Thursday,6,5,2016,,,0,1,1,1.5,41.640745766581496,43.978751959671996,42.04943324047247,36.0,52.501740970814275,50.79521172424832,3,1.5,0.0,0,42.37345593399088,26.662285583410707,58.08462628457106,54
FOODS_3_090_TX_2_validation,FOODS_3_090,FOODS_3,FOODS,TX_2,TX,2016-05-12,11615,Thursday,6,5,2016,,,0,1,1,1.5,43.543284966395056,46.44810217167835,43.97140395637276,40.0,58.031620611890574,60.00027831338336,3,1.5,0.0,0,45.748442495302015,28.785899377811347,62.71098561279268,51
FOODS_3_090_TX_3_validation,FOODS_3_090,FOODS_3,FOODS,TX_3,TX,2016-05-12,11615,Thursday,6,5,2016,,,0,1,1,1.5,52.176273701148894,48.028952641150624,50.25124557104258,48.0,65.05913972054564,64.35281154963268,3,1.5,0.0,0,53.52746435353556,33.6806264604197,73.37430224665141,61
FOODS_3_090_WI_1_validation,FOODS_3_090,FOODS_3,FOODS,WI_1,WI,2016-05-12,11615,Thursday,6,5,2016,,,0,1,1,1.44,19.010278041382,18.758280603660037,17.561588566568474,15.0,23.282280188662885,20.09258187718455,3,1.44,0.0,0,20.663858245050342,13.0021419693241,28.325574520776584,33
FOODS_3_090_WI_3_validation,FOODS_3_090,FOODS_3,FOODS,WI_3,WI,2016-05-12,11615,Thursday,6,5,2016,,,0,1,1,1.44,50.853952390935824,52.67767149318551,59.30371133370255,68.0,72.22501017119471,79.08404976069824,3,1.44,0.0,0,57.083907213106976,35.91841644221136,78.2493979840026,56
FOODS_3_120_CA_1_validation,FOODS_3_120,FOODS_3,FOODS,CA_1,CA,2016-05-12,11615,Thursday,6,5,2016,,,0,1,1,4.98,37.73482636187756,37.8920936989975,37.66970446199643,38.0,45.710374315140726,46.04948766415297,3,4.98,0.0,0,38.97711452242223,24.525234860074082,53.42899418477037,25
FOODS_3_120_CA_3_validation,FOODS_3_120,FOODS_3,FOODS,CA_3,CA,2016-05-12,11615,Thursday,6,5,2016,,,0,1,1,4.98,74.25981484510635,63.573924083008556,66.52164128967593,142.0,69.82986823658302,71.77920429373361,3,4.98,0.0,0,80.84934555998719,50.8721390086818,110.82655211129257,31
FOODS_3_226_WI_1_validation,FOODS_3_226,FOODS_3,FOODS,WI_1,WI,2016-05-12,11615,Thursday,6,5,2016,,,0,1,1,1.68,32.14881237824902,29.882417461263657,33.61101383386952,40.0,35.8427507860787,37.234811323561374,3,1.68,0.0,0,34.140421108019964,21.48188382221954,46.79895839382039,36
FOODS_3_226_WI_2_validation,FOODS_3_226,FOODS_3,FOODS,WI_2,WI,2016-05-12,11615,Thursday,6,5,2016,,,0,1,1,1.68,41.037503021122085,45.07157079682311,46.44602110072973,58.0,44.383254021715835,45.31931287659831,3,1.68,0.0,0,48.72712976100844,30.660153171640466,66.79410635037641,39
FOODS_3_226_WI_3_validation,FOODS_3_226,FOODS_3,FOODS,WI_3,WI,2016-05-12,11615,Thursday,6,5,2016,,,0,1,1,1.68,41.62465930453328,43.803425381569944,47.61476104431479,53.0,43.96120721074619,45.10469474335368,3,1.68,0.0,0,47.54604682602478,29.916990504916214,65.17510314713334,30
FOODS_3_234_WI_2_validation,FOODS_3_234,FOODS_3,FOODS,WI_2,WI,2016-05-12,11615,Thursday,6,5,2016,,,0,1,1,0.25,25.762515367890853,31.632328559013526,29.403894676016613,0.0,31.131502797517673,26.66815639472662,3,0.25,0.0,0,29.756738010536356,18.72357657358842,40.789899447484295,5
FOODS_3_252_CA_1_validation,FOODS_3_252,FOODS_3,FOODS,CA_1,CA,2016-05-12,11615,Thursday,6,5,2016,,,0,1,1,1.58,33.45269180426011,35.90898507329593,31.72692014201082,27.0,38.525686722618126,37.13441792287695,3,1.58,0.0,0,32.68902741760504,20.56863584150053,44.80941899370955,20
FOODS_3_252_CA_2_validation,FOODS_3_252,FOODS_3,FOODS,CA_2,CA,2016-05-12,11615,Thursday,6,5,2016,,,0,1,1,1.58,32.27769168604284,32.749394784210025,29.908953938245162,8.0,35.329389602024214,35.51738887649445,3,1.58,0.0,0,30.28911355669507,19.058558664060808,41.51966844932934,16
FOODS_3_252_CA_3_validation,FOODS_3_252,FOODS_3,FOODS,CA_3,CA,2016-05-12,11615,Thursday,6,5,2016,,,0,1,1,1.58,41.63532533656555,41.78876452300131,34.92379395576315,30.0,45.56661737641055,46.1459105592452,3,1.58,0.0,0,38.39813844960176,24.160930720625363,52.63534617857816,39
FOODS_3_252_CA_4_validation,FOODS_3_252,FOODS_3,FOODS,CA_4,CA,2016-05-12,11615,Thursday,6,5,2016,,,0,1,1,1.58,15.870971782540233,18.392662758811987,15.692967294152888,15.0,17.42362899868307,16.822590611698864,3,1.58,0.0,0,17.999953857473976,11.32595630112877,24.673951413819182,14
FOODS_3_252_TX_1_validation,FOODS_3_252,FOODS_3,FOODS,TX_1,TX,2016-05-12,11615,Thursday,6,5,2016,,,0,1,1,1.58,27.66640595424485,33.30305180283051,29.111974432233936,26.0,32.77859948667503,30.863389668143828,3,1.58,0.0,0,31.59619119412904,19.880999894798347,43.31138249345974,39
FOODS_3_252_TX_2_validation,FOODS_3_252,FOODS_3,FOODS,TX_2,TX,2016-05-12,11615,Thursday,6,5,2016,,,0,1,1,1.58,37.283238513764765,44.20880848388837,38.45585392275211,32.0,51.86646235729954,48.27554445952706,3,1.58,0.0,0,37.75811726287654,23.758215688684512,51.75801883706856,48
FOODS_3_252_TX_3_validation,FOODS_3_252,FOODS_3,FOODS,TX_3,TX,2016-05-12,11615,Thursday,6,5,2016,,,0,1,1,1.58,32.934357808722474,29.181645338842678,30.674187632328213,33.0,35.90596939133631,33.17304869617567,3,1.58,0.0,0,32.9492958854711,20.732402333178992,45.16618943776321,36
FOODS_3_318_WI_3_validation,FOODS_3_318,FOODS_3,FOODS,WI_3,WI,2016-05-12,11615,Thursday,6,5,2016,,,0,1,1,1.48,20.5728187442874,19.28516782197843,17.344554212259652,18.0,25.43610186703429,24.278706748793137,3,1.48,0.0,0,20.521752389776474,12.912725923054733,28.130778856498214,15
FOODS_3_377_TX_2_validation,FOODS_3_377,FOODS_3,FOODS,TX_2,TX,2016-05-12,11615,Thursday,6,5,2016,,,0,1,1,1.68,23.45047349960436,24.053090006019865,21.654768145091527,22.0,27.332068663628622,27.548744537129554,3,1.68,0.0,0,23.46201259034777,14.762800584873446,32.16122459582209,22
FOODS_3_377_TX_3_validation,FOODS_3_377,FOODS_3,FOODS,TX_3,TX,2016-05-12,11615,Thursday,6,5,2016,,,0,1,1,1.68,38.857063411672925,40.915992815166334,40.6974527654057,42.0,43.45853236503496,41.864578665827416,3,1.68,0.0,0,42.405914753063094,26.6827093672331,58.129120138893086,52
FOODS_3_491_WI_1_validation,FOODS_3_491,FOODS_3,FOODS,WI_1,WI,2016-05-12,11615,Thursday,6,5,2016,,,0,1,1,1.44,17.15785954098886,18.213925104185105,15.339041039291672,24.0,20.507631034418996,19.445657410349963,3,1.44,0.0,0,19.388722325059938,12.19979915099436,26.577645499125516,25
FOODS_3_541_CA_3_validation,FOODS_3_541,FOODS_3,FOODS,CA_3,CA,2016-05-12,11615,Thursday,6,5,2016,,,0,1,1,0.88,4.910453030299287,6.476421488677694,6.03607464356119,0.0,5.232632928637521,3.1679207541942622,3,0.88,0.0,0,5.428841822251665,3.4159434924902303,7.4417401520131,0
FOODS_3_555_CA_2_validation,FOODS_3_555,FOODS_3,FOODS,CA_2,CA,2016-05-12,11615,Thursday,6,5,2016,,,0,1,1,1.68,19.002680088912317,20.393728379324216,17.818834954656907,11.0,22.150522469683487,21.607220318300417,3,1.68,0.0,0,20.194594936176056,12.706871449626274,27.68231842272584,14
FOODS_3_555_TX_1_validation,FOODS_3_555,FOODS_3,FOODS,TX_1,TX,2016-05-12,11615,Thursday,6,5,2016,,,0,1,1,1.68,24.17929423905205,29.9797104716759,27.33479595430513,25.0,29.596792835679256,28.72056516304621,3,1.68,0.0,0,27.488467580421748,17.29633226096184,37.680602899881656,28
FOODS_3_555_TX_2_validation,FOODS_3_555,FOODS_3,FOODS,TX_2,TX,2016-05-12,11615,Thursday,6,5,2016,,,0,1,1,1.68,30.442651951359135,38.53449420730993,38.69502569318548,41.0,41.25274877124234,39.94499628350968,3,1.68,0.0,0,37.47861972876986,23.582349856881223,51.37488960065849,54
FOODS_3_555_TX_3_validation,FOODS_3_555,FOODS_3,FOODS,TX_3,TX,2016-05-12,11615,Thursday,6,5,2016,,,0,1,1,1.68,23.437491386981904,29.549710629176257,28.24083063237238,30.0,29.907900079297697,28.240254782494908,3,1.68,0.0,0,28.400807388797695,17.870395999306126,38.931218778289264,14
FOODS_3_555_WI_3_validation,FOODS_3_555,FOODS_3,FOODS,WI_3,WI,2016-05-12,11615,Thursday,6,5,2016,,,0,1,1,1.68,21.18238005806655,24.933181735203163,24.258342367836995,28.0,26.693297692911095,28.681492643106385,3,1.68,0.0,0,25.32216394791137,15.933247640242024,34.71108025558072,32
FOODS_3_586_CA_1_validation,FOODS_3_586,FOODS_3,FOODS,CA_1,CA,2016-05-12,11615,Thursday,6,5,2016,,,0,1,1,1.68,30.442651951359135,36.17218446207348,36.17370085714294,43.0,37.84737530778979,38.3990946241464,3,1.68,0.0,0,36.196503354697995,22.77561478740936,49.61739192198663,44
FOODS_3_586_CA_2_validation,FOODS_3_586,FOODS_3,FOODS,CA_2,CA,2016-05-12,11615,Thursday,6,5,2016,,,0,1,1,1.68,32.36323933490497,32.616310881558654,29.91012843730211,18.0,34.05325116027502,33.6231194810757,3,1.68,0.0,0,30.107124446868973,18.94404722022642,41.27020167351153,28
FOODS_3_586_CA_3_validation,FOODS_3_586,FOODS_3,FOODS,CA_3,CA,2016-05-12,11615,Thursday,6,5,2016,,,0,1,1,1.68,63.19490290995956,59.387765451668606,54.407308070248725,63.0,70.1271092001751,69.41565977118661,3,1.68,0.0,0,60.848994263089835,38.28748981516033,83.41049871101934,55
FOODS_3_586_CA_4_validation,FOODS_3_586,FOODS_3,FOODS,CA_4,CA,2016-05-12,11615,Thursday,6,5,2016,,,0,1,1,1.68,14.309561008430943,19.311017869050154,19.703497058746823,23.0,17.498249880516024,17.275196204232124,3,1.68,0.0,0,19.251319514319054,12.113342361025571,26.389296667612538,14
FOODS_3_586_TX_1_validation,FOODS_3_586,FOODS_3,FOODS,TX_1,TX,2016-05-12,11615,Thursday,6,5,2016,,,0,1,1,1.68,48.99117028730403,58.24992779102748,46.38878391909876,42.0,53.43340581418967,54.5292653443967,3,1.68,0.0,0,49.61823638166751,31.220856533723833,68.01561622961118,56
FOODS_3_586_TX_2_validation,FOODS_3_586,FOODS_3,FOODS,TX_2,TX,2016-05-12,11615,Thursday,6,5,2016,,,0,1,1,1.68,54.42137430998287,65.27476992269662,62.70878841151189,69.0,72.2865223822121,71.03163645364098,3,1.68,0.0,0,62.30589701307454,39.20420421409584,85.40758981205325,87
FOODS_3_586_TX_3_validation,FOODS_3_586,FOODS_3,FOODS,TX_3,TX,2016-05-12,11615,Thursday,6,5,2016,,,0,1,1,1.68,48.6017382579942,51.36947696837706,51.86195940465334,55.0,54.47796654188103,55.01944104870712,3,1.68,0.0,0,51.60613682613727,32.471686049362305,70.74058760291224,58
FOODS_3_586_WI_1_validation,FOODS_3_586,FOODS_3,FOODS,WI_1,WI,2016-05-12,11615,Thursday,6,5,2016,,,0,1,1,1.68,15.522156349314397,12.393128166035856,12.8712027077243,18.0,15.204169961755174,16.040003654723822,3,1.68,0.0,0,16.495009812631757,10.379013291024913,22.611006334238603,16
FOODS_3_586_WI_3_validation,FOODS_3_586,FOODS_3,FOODS,WI_3,WI,2016-05-12,11615,Thursday,6,5,2016,,,0,1,1,1.68,28.000851859949933,31.47147988714449,29.43892947975617,29.0,33.22408600351766,33.52441800368287,3,1.68,0.0,0,31.783013811100542,19.998552684801922,43.56747493739916,30
FOODS_3_587_CA_1_validation,FOODS_3_587,FOODS_3,FOODS,CA_1,CA,2016-05-12,11615,Thursday,6,5,2016,,,0,1,1,2.48,20.830349708491912,17.941370871621125,18.529449007488818,21.0,22.77895480128081,21.586781964289116,3,2.48,0.0,0,21.69242401777367,13.649337572543052,29.73551046300429,12
FOODS_3_587_CA_4_validation,FOODS_3_587,FOODS_3,FOODS,CA_4,CA,2016-05-12,11615,Thursday,6,5,2016,,,0,1,1,2.48,14.975051047129794,14.009354314309304,13.715365292783016,15.0,16.933872228990655,16.602047179313068,3,2.48,0.0,0,15.264897487402514,9.605000282361486,20.924794692443545,10
FOODS_3_587_TX_1_validation,FOODS_3_587,FOODS_3,FOODS,TX_1,TX,2016-05-12,11615,Thursday,6,5,2016,,,0,1,1,2.48,26.328605564278146,22.067666605201858,22.532923403093992,24.0,25.003222342879486,24.18401013075658,3,2.48,0.0,0,23.16392929382003,14.575240193480122,31.752618394159935,26
FOODS_3_587_TX_2_validation,FOODS_3_587,FOODS_3,FOODS,TX_2,TX,2016-05-12,11615,Thursday,6,5,2016,,,0,1,1,2.48,24.716437173615684,23.98852708384625,22.382569884030115,20.0,29.600086210915,28.515926243677033,3,2.48,0.0,0,23.1586035652435,14.571889131049238,31.745317999437763,24
FOODS_3_635_CA_3_validation,FOODS_3_635,FOODS_3,FOODS,CA_3,CA,2016-05-12,11615,Thursday,6,5,2016,,,0,1,1,0.88,5.148262421208638,6.201106064513711,5.430214510651347,0.0,5.22727492388686,3.1278389165337868,3,0.88,0.0,0,5.428841822251665,3.4159434924902303,7.4417401520131,0
FOODS_3_635_CA_4_validation,FOODS_3_635,FOODS_3,FOODS,CA_4,CA,2016-05-12,11615,Thursday,6,5,2016,,,0,1,1,1.0,6.045684698972559,7.226242511437736,5.924701911760917,0.0,6.300762552325321,3.49147813155145,3,1.0,0.0,0,6.405468891619777,4.030458151680305,8.780479631559249,0
FOODS_3_694_WI_1_validation,FOODS_3_694,FOODS_3,FOODS,WI_1,WI,2016-05-12,11615,Thursday,6,5,2016,,,0,1,1,1.68,20.76600232829218,17.71549735780557,17.699001935415605,14.0,22.377338982599344,21.687827206825535,3,1.68,0.0,0,20.776699786660654,13.073144282960572,28.480255290360734,24
FOODS_3_694_WI_2_validation,FOODS_3_694,FOODS_3,FOODS,WI_2,WI,2016-05-12,11615,Thursday,6,5,2016,,,0,1,1,1.68,31.666115034691746,34.65234349814209,35.759887126329566,45.0,35.008344946616354,35.708422579360075,3,1.68,0.0,0,36.51489809178939,22.975955572022492,50.05384061155629,48
FOODS_3_694_WI_3_validation,FOODS_3_694,FOODS_3,FOODS,WI_3,WI,2016-05-12,11615,Thursday,6,5,2016,,,0,1,1,1.68,36.732557178974865,36.15394419892196,40.5961148242742,51.0,42.86279422315675,45.185282403652344,3,1.68,0.0,0,40.518795204611536,25.49529334883628,55.54229706038679,40
FOODS_3_711_WI_2_validation,FOODS_3_711,FOODS_3,FOODS,WI_2,WI,2016-05-12,11615,Thursday,6,5,2016,,,0,1,1,0.25,26.938749004585684,34.99770035158093,26.037919357100353,0.0,32.98518424221181,25.05758571454936,3,0.25,0.0,0,27.216671687058625,17.125312466387264,37.308030907729986,49
FOODS_3_714_CA_1_validation,FOODS_3_714,FOODS_3,FOODS,CA_1,CA,2016-05-12,11615,Thursday,6,5,2016,,,0,1,1,1.58,13.251287160598428,14.850833328129134,12.807727192680455,9.0,19.620258693151364,18.84962489906423,3,1.58,0.0,0,14.060002372089848,8.84685448201498,19.273150262164716,21
FOODS_3_714_TX_1_validation,FOODS_3_714,FOODS_3,FOODS,TX_1,TX,2016-05-12,11615,Thursday,6,5,2016,,,0,1,1,1.58,18.035200204173627,18.56410262347053,16.994196458378678,21.0,22.41509389364711,20.17840756024866,3,1.58,0.0,0,19.137152326853,12.041505922637901,26.232798731068094,21
FOODS_3_714_WI_1_validation,FOODS_3_714,FOODS_3,FOODS,WI_1,WI,2016-05-12,11615,Thursday,6,5,2016,,,0,1,1,1.58,13.690501798382188,14.860750571034982,16.51689469168995,22.0,18.557216975669412,19.153845042437634,3,1.58,0.0,0,18.172153965353683,11.434308295380433,24.909999635326933,15
FOODS_3_808_CA_4_validation,FOODS_3_808,FOODS_3,FOODS,CA_4,CA,2016-05-12,11615,Thursday,6,5,2016,,,0,1,1,1.0,6.045684698972559,7.226242511437736,5.924701911760917,0.0,6.300762552325321,3.500108966689644,3,1.0,0.0,0,6.405468891619777,4.030458151680305,8.780479631559249,0
HOBBIES_1_008_TX_2_validation,HOBBIES_1_008,HOBBIES_1,HOBBIES,TX_2,TX,2016-05-12,11615,Thursday,6,5,2016,,,0,1,1,0.48,5.20393540022473,7.117330897753702,6.1560105687825555,0.0,5.607202387168146,4.326059963523542,3,0.48,0.0,0,5.800394889420816,3.6497326363752203,7.951057142466412,0
HOBBIES_1_015_CA_2_validation,HOBBIES_1_015,HOBBIES_1,HOBBIES,CA_2,CA,2016-05-12,11615,Thursday,6,5,2016,,,0,1,1,0.7,5.63268428807905,6.379626600232332,8.176549493079149,26.0,7.486263815225913,7.379742039052938,3,0.7,0.0,0,7.66405859237015,4.8223897346510345,10.505727450089266,0
HOBBIES_1_048_WI_3_validation,HOBBIES_1_048,HOBBIES_1,HOBBIES,WI_3,WI,2016-05-12,11615,Thursday,6,5,2016,,,0,1,1,0.48,6.410610587706484,5.160872898797105,5.198084343195311,1.0,6.15275231438753,5.502177487584878,3,0.48,0.0,0,5.367738329253998,3.3774958666230925,7.357980791884905,14
HOBBIES_1_103_WI_3_validation,HOBBIES_1_103,HOBBIES_1,HOBBIES,WI_3,WI,2016-05-12,11615,Thursday,6,5,2016,,,0,1,1,0.7,5.23866785552735,5.160872898797105,5.333005873951379,1.0,5.963891751337505,5.271528526790788,3,0.7,0.0,0,5.333005873951379,3.355641462211659,7.310370285691099,10
HOBBIES_1_178_CA_4_validation,HOBBIES_1_178,HOBBIES_1,HOBBIES,CA_4,CA,2016-05-12,11615,Thursday,6,5,2016,,,0,1,1,0.48,5.20393540022473,8.136814686914807,10.900671034002249,38.0,6.504792880774203,7.094771283483767,3,0.48,0.0,0,10.744268090183796,6.760523490259168,14.728012690108423,3
HOBBIES_1_178_WI_2_validation,HOBBIES_1_178,HOBBIES_1,HOBBIES,WI_2,WI,2016-05-12,11615,Thursday,6,5,2016,,,0,1,1,0.48,5.20393540022473,9.01172389082643,9.310211893734309,0.0,6.129072023299064,5.561296532668363,3,0.48,0.0,0,6.4050961964487625,4.03022364390023,8.779968748997295,6
HOBBIES_1_234_CA_3_validation,HOBBIES_1_234,HOBBIES_1,HOBBIES,CA_3,CA,2016-05-12,11615,Thursday,6,5,2016,,,0,1,1,0.3,36.534701957927524,27.462552318771795,28.224584286461095,0.0,30.27705927988969,27.443144245582232,3,0.3,0.0,0,26.835441645059785,16.8854343627796,36.78544892733997,24
HOBBIES_1_254_CA_3_validation,HOBBIES_1_254,HOBBIES_1,HOBBIES,CA_3,CA,2016-05-12,11615,Thursday,6,5,2016,,,0,1,1,0.7,7.368613637316736,11.145099178454542,11.048797323849891,10.0,10.68091766223084,12.554380963872209,3,0.7,0.0,0,8.967415892476968,5.642490049499208,12.292341735454729,0
HOBBIES_1_254_TX_1_validation,HOBBIES_1_254,HOBBIES_1,HOBBIES,TX_1,TX,2016-05-12,11615,Thursday,6,5,2016,,,0,1,1,0.7,5.20393540022473,5.160872898797105,5.163351887892695,0.0,5.649261068803717,4.528574471041716,3,0.7,0.0,0,5.333005873951379,3.355641462211659,7.310370285691099,24
HOBBIES_1_348_CA_1_validation,HOBBIES_1_348,HOBBIES_1,HOBBIES,CA_1,CA,2016-05-12,11615,Thursday,6,5,2016,,,0,1,1,0.48,6.023032422743407,6.002856633728718,6.542586130787509,4.0,6.637681660545554,6.8204934755936595,3,0.48,0.0,0,5.7451066266681865,3.6149440778677993,7.875269175468573,1
HOBBIES_1_348_CA_2_validation,HOBBIES_1_348,HOBBIES_1,HOBBIES,CA_2,CA,2016-05-12,11615,Thursday,6,5,2016,,,0,1,1,0.48,7.18902915908883,6.642863510442843,5.555470838095988,7.0,6.416705689263068,6.09954767120272,3,0.48,0.0,0,6.494189347190899,4.086282961608777,8.90209573277302,0
HOBBIES_1_354_TX_3_validation,HOBBIES_1_354,HOBBIES_1,HOBBIES,TX_3,TX,2016-05-12,11615,Thursday,6,5,2016,,,0,1,1,22.98,22.409956716433218,21.45717650801773,23.855148910625847,30.0,21.563777270748567,22.72086806867255,3,22.98,0.0,0,23.700710058297616,14.912994141623455,32.488425974971776,10
HOBBIES_1_370_WI_1_validation,HOBBIES_1_370,HOBBIES_1,HOBBIES,WI_1,WI,2016-05-12,11615,Thursday,6,5,2016,,,0,1,1,0.48,5.20393540022473,5.160872898797105,5.163351887892695,6.0,6.07072332562917,6.306611931688773,3,0.48,0.0,0,5.8806951446185725,3.700259275973335,8.061131013263811,8
HOBBIES_1_371_CA_1_validation,HOBBIES_1_371,HOBBIES_1,HOBBIES,CA_1,CA,2016-05-12,11615,Thursday,6,5,2016,,,0,1,1,0.48,7.627762558956071,8.514810439108272,8.49887595527699,1.0,7.695009218319812,9.301146103725035,3,0.48,0.0,0,6.5794375993598715,4.139922986825424,9.018952211894318,8
HOBBIES_1_371_CA_4_validation,HOBBIES_1_371,HOBBIES_1,HOBBIES,CA_4,CA,2016-05-12,11615,Thursday,6,5,2016,,,0,1,1,0.48,5.972546552238606,7.3936420238627845,8.871487936457271,8.0,6.38356535085107,7.303946634902439,3,0.48,0.0,0,6.975335296095953,4.389030292791577,9.56164029940033,2
HOBBIES_1_371_TX_1_validation,HOBBIES_1_371,HOBBIES_1,HOBBIES,TX_1,TX,2016-05-12,11615,Thursday,6,5,2016,,,0,1,1,0.48,5.20393540022473,5.160872898797105,5.319627909561958,1.0,5.339855557126425,3.7806488249457737,3,0.48,0.0,0,5.333005873951379,3.355641462211659,7.310370285691099,0
HOBBIES_1_371_TX_2_validation,HOBBIES_1_371,HOBBIES_1,HOBBIES,TX_2,TX,2016-05-12,11615,Thursday,6,5,2016,,,0,1,1,0.48,5.20393540022473,5.160872898797105,5.163351887892695,6.0,5.496378432884759,4.3517972240137315,3,0.48,0.0,0,5.8806951446185725,3.700259275973335,8.061131013263811,6
HOBBIES_1_371_TX_3_validation,HOBBIES_1_371,HOBBIES_1,HOBBIES,TX_3,TX,2016-05-12,11615,Thursday,6,5,2016,,,0,1,1,0.48,5.923288868698334,5.4361883229610894,5.537946607354869,8.0,6.08572771586026,5.020214296002357,3,0.48,0.0,0,6.052359342424983,3.808274064134385,8.296444620715581,2
HOBBIES_1_371_WI_1_validation,HOBBIES_1_371,HOBBIES_1,HOBBIES,WI_1,WI,2016-05-12,11615,Thursday,6,5,2016,,,0,1,1,0.48,7.998900567849187,8.218804410109232,8.554545007606535,10.0,6.91798784939619,7.602474207933172,3,0.48,0.0,0,7.775560864950281,4.892549351543316,10.658572378357245,3
HOBBIES_1_371_WI_2_validation,HOBBIES_1_371,HOBBIES_1,HOBBIES,WI_2,WI,2016-05-12,11615,Thursday,6,5,2016,,,0,1,1,0.48,5.350040587327621,6.025694406621807,7.723208710125619,0.0,5.796190243999284,4.669246807714529,3,0.48,0.0,0,5.94818356227492,3.742724433120987,8.153642691428853,2
HOUSEHOLD_1_110_CA_1_validation,HOUSEHOLD_1_110,HOUSEHOLD_1,HOUSEHOLD,CA_1,CA,2016-05-12,11615,Thursday,6,5,2016,,,0,1,1,3.97,6.954731141787878,6.445717800749443,6.770822521720867,3.0,8.387948017791448,8.818782909942632,3,3.97,0.0,0,6.456540658617667,4.062593600794211,8.85048771644112,5
HOUSEHOLD_1_110_CA_4_validation,HOUSEHOLD_1_110,HOUSEHOLD_1,HOUSEHOLD,CA_4,CA,2016-05-12,11615,Thursday,6,5,2016,,,0,1,1,3.97,6.2674780435308755,6.301756910899243,6.894084026443603,4.0,6.379254295421679,6.080887924560659,3,3.97,0.0,0,6.345167926817394,3.992515493733762,8.697820359901026,4
HOUSEHOLD_1_110_WI_2_validation,HOUSEHOLD_1_110,HOUSEHOLD_1,HOUSEHOLD,WI_2,WI,2016-05-12,11615,Thursday,6,5,2016,,,0,1,1,3.97,17.502624981596913,24.774938035049807,23.188216488227397,21.0,24.451508845523467,24.405167825799488,3,3.97,0.0,0,22.072853357212853,13.88871185695914,30.256994857466566,1
HOUSEHOLD_1_110_WI_3_validation,HOUSEHOLD_1_110,HOUSEHOLD_1,HOUSEHOLD,WI_3,WI,2016-05-12,11615,Thursday,6,5,2016,,,0,1,1,3.97,9.909637912689254,8.532881906452563,8.451696408013332,10.0,14.040609322365558,14.02756852522779,3,3.97,0.0,0,9.546935586337407,6.007136246943847,13.086734925730966,7
HOUSEHOLD_1_118_CA_1_validation,HOUSEHOLD_1_118,HOUSEHOLD_1,HOUSEHOLD,CA_1,CA,2016-05-12,11615,Thursday,6,5,2016,,,0,1,1,0.97,6.393432837903507,6.74851374088487,7.383109006239981,9.0,7.3705660690759265,8.22803170140386,3,0.97,0.0,0,7.159865593357795,4.505140706161004,9.814590480554585,3
HOUSEHOLD_1_118_CA_3_validation,HOUSEHOLD_1_118,HOUSEHOLD_1,HOUSEHOLD,CA_3,CA,2016-05-12,11615,Thursday,6,5,2016,,,0,1,1,0.97,17.42639642177896,26.342887746217787,18.566099299201827,11.0,20.944752972373074,21.88893643172568,3,0.97,0.0,0,20.14747974465965,12.677225562505702,27.617733926813596,16
HOUSEHOLD_1_118_TX_3_validation,HOUSEHOLD_1_118,HOUSEHOLD_1,HOUSEHOLD,TX_3,TX,2016-05-12,11615,Thursday,6,5,2016,,,0,1,1,0.97,6.075190453525696,5.878694488407736,5.700546193946147,3.0,6.773916725658288,6.422395456159468,3,0.97,0.0,0,5.939454731761739,3.737232066099657,8.141677397423821,2
HOUSEHOLD_1_151_CA_4_validation,HOUSEHOLD_1_151,HOUSEHOLD_1,HOUSEHOLD,CA_4,CA,2016-05-12,11615,Thursday,6,5,2016,,,0,1,1,0.88,5.024455924361032,4.981393422933407,4.983872412028997,2.0,5.318700292895043,4.425213807873882,3,0.88,0.0,0,5.15352639808768,3.2427091337914007,7.06434366238396,4
HOUSEHOLD_1_191_CA_2_validation,HOUSEHOLD_1_191,HOUSEHOLD_1,HOUSEHOLD,CA_2,CA,2016-05-12,11615,Thursday,6,5,2016,,,0,1,1,2.96,8.126673873967011,12.00919733340467,11.405229640234648,6.0,11.508251366391127,11.100806067684227,3,2.96,0.0,0,9.481108603054846,5.965716499871338,12.996500706238354,11
HOUSEHOLD_1_191_CA_4_validation,HOUSEHOLD_1_191,HOUSEHOLD_1,HOUSEHOLD,CA_4,CA,2016-05-12,11615,Thursday,6,5,2016,,,0,1,1,2.96,6.815167314198069,6.849446181566435,6.515488900070398,4.0,6.479403595331847,5.4941936988447795,3,2.96,0.0,0,6.64861424992312,4.183450416258944,9.113778083587295,6
HOUSEHOLD_1_234_CA_2_validation,HOUSEHOLD_1_234,HOUSEHOLD_1,HOUSEHOLD,CA_2,CA,2016-05-12,11615,Thursday,6,5,2016,,,0,1,1,0.97,5.771744130419973,8.658061318073862,8.040186877437279,4.0,7.125459457435018,6.598627328588084,3,0.97,0.0,0,6.798952830154624,4.278046669313713,9.319858990995536,10
HOUSEHOLD_1_234_TX_1_validation,HOUSEHOLD_1_234,HOUSEHOLD_1,HOUSEHOLD,TX_1,TX,2016-05-12,11615,Thursday,6,5,2016,,,0,1,1,0.97,8.462048409240435,11.455044379942766,10.672040283829512,15.0,10.68545485250227,11.376027081296327,3,0.97,0.0,0,10.60648202259482,6.673825546876989,14.539138498312651,0
HOUSEHOLD_1_234_TX_2_validation,HOUSEHOLD_1_234,HOUSEHOLD_1,HOUSEHOLD,TX_2,TX,2016-05-12,11615,Thursday,6,5,2016,,,0,1,1,0.97,5.285025628776863,5.619331424763428,5.881485117972948,0.0,5.826794015683135,4.526249579001517,3,0.97,0.0,0,5.689411526667496,3.5798995286545305,7.798923524680462,2
HOUSEHOLD_1_303_CA_2_validation,HOUSEHOLD_1_303,HOUSEHOLD_1,HOUSEHOLD,CA_2,CA,2016-05-12,11615,Thursday,6,5,2016,,,0,1,1,0.98,6.173570681388799,6.202035592907392,6.819804965478654,4.0,7.372604387237922,6.331372839158733,3,0.98,0.0,0,6.182094976756213,3.8899065025711432,8.474283450941282,7
HOUSEHOLD_1_303_CA_3_validation,HOUSEHOLD_1_303,HOUSEHOLD_1,HOUSEHOLD,CA_3,CA,2016-05-12,11615,Thursday,6,5,2016,,,0,1,1,0.98,9.501653577357486,8.745083843547842,10.382294703042476,10.0,11.445981686889112,12.208827033271472,3,0.98,0.0,0,10.089159550881256,6.348315173094175,13.830003928668336,5
HOUSEHOLD_1_303_WI_1_validation,HOUSEHOLD_1_303,HOUSEHOLD_1,HOUSEHOLD,WI_1,WI,2016-05-12,11615,Thursday,6,5,2016,,,0,1,1,0.98,5.81795500202706,6.211355451457458,7.251984835685143,1.0,6.4631702351471345,4.704788796110699,3,0.98,0.0,0,6.182094976756213,3.8899065025711432,8.474283450941282,3
HOUSEHOLD_1_327_CA_2_validation,HOUSEHOLD_1_327,HOUSEHOLD_1,HOUSEHOLD,CA_2,CA,2016-05-12,11615,Thursday,6,5,2016,,,0,1,1,0.98,5.6258814107216075,5.907909128351734,6.383633591516047,0.0,6.216669555272371,4.343241095618311,3,0.98,0.0,0,6.116448989854399,3.8486006422960797,8.38429733741272,3
HOUSEHOLD_1_327_WI_1_validation,HOUSEHOLD_1_327,HOUSEHOLD_1,HOUSEHOLD,WI_1,WI,2016-05-12,11615,Thursday,6,5,2016,,,0,1,1,0.98,5.6258814107216075,7.4379931575645495,5.804726679342025,2.0,6.4147489042923285,4.462965699908102,3,0.98,0.0,0,6.27211569481146,3.946549465489996,8.597681924132925,0
HOUSEHOLD_1_334_CA_1_validation,HOUSEHOLD_1_334,HOUSEHOLD_1,HOUSEHOLD,CA_1,CA,2016-05-12,11615,Thursday,6,5,2016,,,0,1,1,0.97,10.90370489850038,8.903817577229704,10.381484515588754,6.0,11.227331733099529,11.374932732709343,3,0.97,0.0,0,9.167929551455872,5.768657536224821,12.567201566686922,4
HOUSEHOLD_1_334_CA_3_validation,HOUSEHOLD_1_334,HOUSEHOLD_1,HOUSEHOLD,CA_3,CA,2016-05-12,11615,Thursday,6,5,2016,,,0,1,1,0.97,21.679385535323313,19.230663240961864,24.391721009104383,25.0,22.137237916852307,23.017867205070754,3,0.97,0.0,0,22.397030642962733,14.092691144978101,30.701370140947365,18
HOUSEHOLD_1_334_TX_1_validation,HOUSEHOLD_1_334,HOUSEHOLD_1,HOUSEHOLD,TX_1,TX,2016-05-12,11615,Thursday,6,5,2016,,,0,1,1,0.96,8.693735737128941,6.853917260842599,9.413475508375925,12.0,8.78924467755615,9.682468724518273,3,0.96,0.0,0,8.319463293148821,5.234784402956886,11.404142183340756,13
HOUSEHOLD_1_334_TX_2_validation,HOUSEHOLD_1_334,HOUSEHOLD_1,HOUSEHOLD,TX_2,TX,2016-05-12,11615,Thursday,6,5,2016,,,0,1,1,0.96,9.346975843058503,11.675421322208516,10.619043087506178,12.0,10.428066589586019,10.201471288585507,3,0.96,0.0,0,10.535698437119112,6.629286999596092,14.442109874642133,18
HOUSEHOLD_1_334_TX_3_validation,HOUSEHOLD_1_334,HOUSEHOLD_1,HOUSEHOLD,TX_3,TX,2016-05-12,11615,Thursday,6,5,2016,,,0,1,1,0.96,7.914557692792266,7.769826641109007,8.897099007822604,10.0,9.345055438490673,10.694099532775933,3,0.96,0.0,0,8.2504097173955,5.191334414828497,11.309485019962505,0
HOUSEHOLD_1_334_WI_2_validation,HOUSEHOLD_1_334,HOUSEHOLD_1,HOUSEHOLD,WI_2,WI,2016-05-12,11615,Thursday,6,5,2016,,,0,1,1,0.97,15.13600952237142,21.34639115222076,16.669502733024423,14.0,18.577479185881746,18.76504193535905,3,0.97,0.0,0,16.302394748076555,10.25781576899985,22.34697372715326,18
HOUSEHOLD_1_334_WI_3_validation,HOUSEHOLD_1_334,HOUSEHOLD_1,HOUSEHOLD,WI_3,WI,2016-05-12,11615,Thursday,6,5,2016,,,0,1,1,0.97,8.032734307264908,8.995796576301597,9.853887221599663,9.0,10.801139367626147,11.355617849952463,3,0.97,0.0,0,8.685867763450519,5.465333939474289,11.90640158742675,7
HOUSEHOLD_1_389_WI_1_validation,HOUSEHOLD_1_389,HOUSEHOLD_1,HOUSEHOLD,WI_1,WI,2016-05-12,11615,Thursday,6,5,2016,,,0,1,1,0.98,5.712063091963768,5.6214590369091,5.896311872507895,2.0,5.923111964094813,4.196863733914063,3,0.98,0.0,0,6.080042103506008,3.8256926500252644,8.334391556986752,10
HOUSEHOLD_1_399_CA_4_validation,HOUSEHOLD_1_399,HOUSEHOLD_1,HOUSEHOLD,CA_4,CA,2016-05-12,11615,Thursday,6,5,2016,,,0,1,1,0.97,5.285025628776863,5.672945256470283,6.974395518404956,0.0,5.7139727562296825,3.8694737976615072,3,0.97,0.0,0,5.791464399917701,3.6441133812004094,7.938815418634993,4
HOUSEHOLD_1_409_WI_2_validation,HOUSEHOLD_1_409,HOUSEHOLD_1,HOUSEHOLD,WI_2,WI,2016-05-12,11615,Thursday,6,5,2016,,,0,1,1,2.94,7.305960846310759,8.963379201474817,9.895716904145269,6.0,10.02499160872629,10.719921823692676,3,2.94,0.0,0,8.466972069032566,5.327600082537009,11.606344055528124,11
HOUSEHOLD_1_441_WI_3_validation,HOUSEHOLD_1_441,HOUSEHOLD_1,HOUSEHOLD,WI_3,WI,2016-05-12,11615,Thursday,6,5,2016,,,0,1,1,2.77,6.378850775331148,6.10968331959379,6.3458349140117125,4.0,6.767724253495805,7.553901102587962,3,2.77,0.0,0,6.243115053567189,3.928301641187883,8.557928465946496,6
HOUSEHOLD_1_459_CA_3_validation,HOUSEHOLD_1_459,HOUSEHOLD_1,HOUSEHOLD,CA_3,CA,2016-05-12,11615,Thursday,6,5,2016,,,0,1,1,0.97,18.27893271998078,20.313663583080956,21.561471537493276,34.0,24.32955913529312,26.62111286218769,3,0.97,0.0,0,21.67733069210979,13.639840528924974,29.714820855294608,24
HOUSEHOLD_1_459_TX_1_validation,HOUSEHOLD_1_459,HOUSEHOLD_1,HOUSEHOLD,TX_1,TX,2016-05-12,11615,Thursday,6,5,2016,,,0,1,1,0.96,6.075190453525696,6.646648446169919,7.539489157543499,4.0,7.22844944122771,7.436829546108856,3,0.96,0.0,0,6.4713905872267485,4.071937493774888,8.87084368067861,3
HOUSEHOLD_1_459_TX_3_validation,HOUSEHOLD_1_459,HOUSEHOLD_1,HOUSEHOLD,TX_3,TX,2016-05-12,11615,Thursday,6,5,2016,,,0,1,1,0.96,5.248618742428471,5.517278551513223,6.243046219771778,5.0,5.807855669111214,3.986620376395461,3,0.96,0.0,0,5.6530046403191045,3.5569915363837152,7.749017744254494,6
HOUSEHOLD_1_459_WI_1_validation,HOUSEHOLD_1_459,HOUSEHOLD_1,HOUSEHOLD,WI_1,WI,2016-05-12,11615,Thursday,6,5,2016,,,0,1,1,0.97,5.985169735470449,6.297466323460296,8.459890587592497,11.0,7.1794132108866275,6.712498978336096,3,0.97,0.0,0,7.45125972810043,4.688492133760912,10.214027322439948,6
HOUSEHOLD_1_459_WI_2_validation,HOUSEHOLD_1_459,HOUSEHOLD_1,HOUSEHOLD,WI_2,WI,2016-05-12,11615,Thursday,6,5,2016,,,0,1,1,0.97,23.298994140022714,28.59179597689054,22.54813903214496,23.0,25.26140056003803,26.42739966987471,3,0.97,0.0,0,22.54813903214496,14.187771778304349,30.90850628598557,25
HOUSEHOLD_1_459_WI_3_validation,HOUSEHOLD_1_459,HOUSEHOLD_1,HOUSEHOLD,WI_3,WI,2016-05-12,11615,Thursday,6,5,2016,,,0,1,1,0.97,6.779021846961521,10.498903161281383,8.72174438673605,4.0,10.877512954699194,11.288263255508367,3,0.97,0.0,0,7.026050235996873,4.420941218657295,9.631159253336453,5
HOUSEHOLD_1_474_TX_2_validation,HOUSEHOLD_1_474,HOUSEHOLD_1,HOUSEHOLD,TX_2,TX,2016-05-12,11615,Thursday,6,5,2016,,,0,1,1,0.97,6.840253400035841,8.140001024187624,7.169185451907861,0.0,8.913553243261564,9.348880541920893,3,0.97,0.0,0,6.617378916763234,4.16379647596436,9.070961357562108,3
HOUSEHOLD_1_521_TX_1_validation,HOUSEHOLD_1_521,HOUSEHOLD_1,HOUSEHOLD,TX_1,TX,2016-05-12,11615,Thursday,6,5,2016,,,0,1,1,0.94,7.0239659874696985,7.721231727127747,8.242919030917212,10.0,9.121449573512518,9.105780732645224,3,0.94,0.0,0,7.791048255103571,4.902294348974065,10.679802161233077,5
HOUSEHOLD_1_521_TX_2_validation,HOUSEHOLD_1_521,HOUSEHOLD_1,HOUSEHOLD,TX_2,TX,2016-05-12,11615,Thursday,6,5,2016,,,0,1,1,0.94,5.764141823325668,7.0430349134925665,7.426720931639976,17.0,7.147656977550556,7.207246652195806,3,0.94,0.0,0,7.748090344846936,4.875264312219142,10.620916377474732,2
HOUSEHOLD_1_521_TX_3_validation,HOUSEHOLD_1_521,HOUSEHOLD_1,HOUSEHOLD,TX_3,TX,2016-05-12,11615,Thursday,6,5,2016,,,0,1,1,0.94,5.875514555125939,5.871092181313432,7.251583829700673,8.0,6.786412883088879,6.577916613194652,3,0.94,0.0,0,6.526452719783172,4.1065837663219735,8.94632167324437,11
HOUSEHOLD_1_535_CA_1_validation,HOUSEHOLD_1_535,HOUSEHOLD_1,HOUSEHOLD,CA_1,CA,2016-05-12,11615,Thursday,6,5,2016,,,0,1,1,6.97,7.110932729421795,6.10968331959379,6.3458349140117125,6.0,9.011399411843867,8.604403784377435,3,6.97,0.0,0,6.902177056034653,4.342997562010008,9.4613565500593,5
FOODS_1_218_CA_2_validation,FOODS_1_218,FOODS_1,FOODS,CA_2,CA,2016-05-13,11615,Friday,7,5,2016,,,0,1,0,0.98,13.291963386624213,10.118497919310949,10.695766983810506,12.0,10.219552436868574,9.173769785222685,4,0.98,0.0,0,12.148507993875505,7.644101298927257,16.652914688823753,25
FOODS_2_360_WI_2_validation,FOODS_2_360,FOODS_2,FOODS,WI_2,WI,2016-05-13,11615,Friday,7,5,2016,,,0,1,0,0.94,48.61569883343939,56.67764148214118,47.152450594066465,73.0,48.95623934164211,45.28868282446906,4,0.94,0.0,0,58.17505079292449,36.60498734128836,79.74511424456063,59
FOODS_3_007_WI_2_validation,FOODS_3_007,FOODS_3,FOODS,WI_2,WI,2016-05-13,11615,Friday,7,5,2016,,,0,1,0,0.25,28.939002831223775,39.7101307983043,30.866210082239622,121.0,31.992417596252142,33.2865135444677,4,0.25,0.0,0,30.05112329902726,18.90881009915986,41.19343649889466,5
FOODS_3_030_TX_3_validation,FOODS_3_030,FOODS_3,FOODS,TX_3,TX,2016-05-13,11615,Friday,7,5,2016,,,0,1,0,1.25,19.997516190984832,22.009857989249667,20.831994053616967,17.0,19.28584036663088,19.600135386157838,4,1.25,0.0,0,21.230096546249822,13.358431230185055,29.10176186231459,22
FOODS_3_080_CA_2_validation,FOODS_3_080,FOODS_3,FOODS,CA_2,CA,2016-05-13,11615,Friday,7,5,2016,,,0,1,0,1.68,13.152149826530938,14.838723204874436,14.707637682004881,14.0,15.154531087966344,14.544200046319256,4,1.68,0.0,0,15.676536745807994,9.864012515917498,21.48906097569849,15
FOODS_3_090_CA_1_validation,FOODS_3_090,FOODS_3,FOODS,CA_1,CA,2016-05-13,11615,Friday,7,5,2016,,,0,1,0,1.6,42.41422890706747,61.65825469895595,64.1456947932562,47.0,53.84225632346641,53.12820319145059,4,1.6,0.0,0,57.16799680992894,35.97132741667975,78.36466620317812,77
FOODS_3_090_CA_2_validation,FOODS_3_090,FOODS_3,FOODS,CA_2,CA,2016-05-13,11615,Friday,7,5,2016,,,0,1,0,1.6,39.47237633431925,54.31611753010461,53.94106131732933,70.0,50.214641835442634,51.483574091318964,4,1.6,0.0,0,54.122984468206205,34.05534046516713,74.19062847124528,63
FOODS_3_090_CA_3_validation,FOODS_3_090,FOODS_3,FOODS,CA_3,CA,2016-05-13,11615,Friday,7,5,2016,,,0,1,0,1.6,78.27413859299692,99.52570719067737,120.20991619805498,129.0,96.32979664344256,106.64681370114666,4,1.6,0.0,0,103.90111166028838,65.37680371966634,142.42541960091043,143
FOODS_3_090_CA_4_validation,FOODS_3_090,FOODS_3,FOODS,CA_4,CA,2016-05-13,11615,Friday,7,5,2016,,,0,1,0,1.6,24.89195706505914,28.442113914354692,27.371569077012254,48.0,26.432061539679484,26.863359947293677,4,1.6,0.0,0,30.992828185656744,19.501350973374176,42.484305397939316,29
FOODS_3_090_TX_1_validation,FOODS_3_090,FOODS_3,FOODS,TX_1,TX,2016-05-13,11615,Friday,7,5,2016,,,0,1,0,1.5,42.37345593399088,58.48366816111851,55.42834848000698,60.0,52.27241296714555,51.02283515046228,4,1.5,0.0,0,55.723115061650276,35.062176889357275,76.38405323394328,43
FOODS_3_090_TX_2_validation,FOODS_3_090,FOODS_3,FOODS,TX_2,TX,2016-05-13,11615,Friday,7,5,2016,,,0,1,0,1.5,45.748442495302015,56.958218954353846,56.270505425376065,68.0,57.931669229551105,60.20557983107272,4,1.5,0.0,0,59.2809025786322,37.30081295837738,81.26099219888702,60
FOODS_3_090_TX_3_validation,FOODS_3_090,FOODS_3,FOODS,TX_3,TX,2016-05-13,11615,Friday,7,5,2016,,,0,1,0,1.5,53.52746435353556,60.78417064564264,64.56969647307575,84.0,65.8446413937435,64.55022099083038,4,1.5,0.0,0,68.371052992038,43.02053019588422,93.72157578819179,68
FOODS_3_090_WI_1_validation,FOODS_3_090,FOODS_3,FOODS,WI_1,WI,2016-05-13,11615,Friday,7,5,2016,,,0,1,0,1.44,20.663858245050342,22.780096520841855,20.711480386292852,20.0,23.554505566004355,20.294862528793495,4,1.44,0.0,0,23.65921858027609,14.886886815423509,32.43155034512867,20
FOODS_3_090_WI_3_validation,FOODS_3_090,FOODS_3,FOODS,WI_3,WI,2016-05-13,11615,Friday,7,5,2016,,,0,1,0,1.44,57.083907213106976,73.77441748628478,79.0491216483268,102.0,72.85447241689778,78.69418930402347,4,1.44,0.0,0,78.05929955405564,49.11658233384074,107.00201677427054,111
FOODS_3_120_CA_1_validation,FOODS_3_120,FOODS_3,FOODS,CA_1,CA,2016-05-13,11615,Friday,7,5,2016,,,0,1,0,4.98,38.97711452242223,45.95023640587316,46.41031449973538,60.0,45.86537728991568,46.08438461138233,4,4.98,0.0,0,49.722957948308704,31.286749585281378,68.15916631133604,37
FOODS_3_120_CA_3_validation,FOODS_3_120,FOODS_3,FOODS,CA_3,CA,2016-05-13,11615,Friday,7,5,2016,,,0,1,0,4.98,80.84934555998719,59.500603494507786,57.36500811705967,46.0,72.29778559043712,69.59525234944743,4,4.98,0.0,0,65.49890641131532,41.21331408181655,89.78449874081409,45
FOODS_3_226_WI_1_validation,FOODS_3_226,FOODS_3,FOODS,WI_1,WI,2016-05-13,11615,Friday,7,5,2016,,,0,1,0,1.68,34.140421108019964,35.757981859329526,39.770138346677584,38.0,36.45103702132961,37.0255406488478,4,1.68,0.0,0,38.1395770036736,23.998238323693297,52.2809156836539,34
FOODS_3_226_WI_2_validation,FOODS_3_226,FOODS_3,FOODS,WI_2,WI,2016-05-13,11615,Friday,7,5,2016,,,0,1,0,1.68,48.72712976100844,52.271144752299236,55.518783092401854,60.0,44.90547673088516,44.98813893949146,4,1.68,0.0,0,55.76884634535712,35.090951992058066,76.44674069865617,36
FOODS_3_226_WI_3_validation,FOODS_3_226,FOODS_3,FOODS,WI_3,WI,2016-05-13,11615,Friday,7,5,2016,,,0,1,0,1.68,47.54604682602478,48.97911641623123,52.1502942406054,51.0,44.49586741709688,44.909910701426,4,1.68,0.0,0,51.435943609257166,32.36459683389011,70.50729038462423,52
FOODS_3_234_WI_2_validation,FOODS_3_234,FOODS_3,FOODS,WI_2,WI,2016-05-13,11615,Friday,7,5,2016,,,0,1,0,0.25,29.756738010536356,34.42042195261944,31.666316788072557,0.0,30.863561290592365,27.730897037960055,4,0.25,0.0,0,33.36687529165957,20.995152234883776,45.73859834843536,0
FOODS_3_252_CA_1_validation,FOODS_3_252,FOODS_3,FOODS,CA_1,CA,2016-05-13,11615,Friday,7,5,2016,,,0,1,0,1.58,32.68902741760504,38.83063570982774,34.55300739507907,23.0,38.06569277180514,37.3375974735057,4,1.58,0.0,0,34.869083468096306,21.940373778018802,47.79779315817381,38
FOODS_3_252_CA_2_validation,FOODS_3_252,FOODS_3,FOODS,CA_2,CA,2016-05-13,11615,Friday,7,5,2016,,,0,1,0,1.58,30.28911355669507,32.67758202771366,33.78311287481812,35.0,34.97792085523636,36.313428646376416,4,1.58,0.0,0,34.62509959854728,21.78685390421395,47.46334529288061,40
FOODS_3_252_CA_3_validation,FOODS_3_252,FOODS_3,FOODS,CA_3,CA,2016-05-13,11615,Friday,7,5,2016,,,0,1,0,1.58,38.39813844960176,40.8427913880891,37.316963256837056,44.0,45.08224222306775,46.44584407530241,4,1.58,0.0,0,42.53711879900261,26.765265761688816,58.30897183631641,47
FOODS_3_252_CA_4_validation,FOODS_3_252,FOODS_3,FOODS,CA_4,CA,2016-05-13,11615,Friday,7,5,2016,,,0,1,0,1.58,17.999953857473976,17.860977553903094,18.86654698316569,20.0,17.367527727063358,16.929731820894364,4,1.58,0.0,0,21.462135196662693,13.504434916392164,29.419835476933223,15
FOODS_3_252_TX_1_validation,FOODS_3_252,FOODS_3,FOODS,TX_1,TX,2016-05-13,11615,Friday,7,5,2016,,,0,1,0,1.58,31.59619119412904,30.869827928602305,29.848234384598225,27.0,32.53476225686053,31.06325363936272,4,1.58,0.0,0,32.717825062245716,20.58675593599401,44.84889418849742,45
FOODS_3_252_TX_2_validation,FOODS_3_252,FOODS_3,FOODS,TX_2,TX,2016-05-13,11615,Friday,7,5,2016,,,0,1,0,1.58,37.75811726287654,58.116203217011076,54.37587690509973,56.0,50.94493504001213,48.4811915046298,4,1.58,0.0,0,53.98182710775699,33.966521232146334,73.99713298336765,61
FOODS_3_252_TX_3_validation,FOODS_3_252,FOODS_3,FOODS,TX_3,TX,2016-05-13,11615,Friday,7,5,2016,,,0,1,0,1.58,32.9492958854711,36.93441138695566,35.53687849506704,37.0,36.4442051837118,33.171237834942495,4,1.58,0.0,0,36.98970406534001,23.27471365498926,50.70469447569075,52
FOODS_3_318_WI_3_validation,FOODS_3_318,FOODS_3,FOODS,WI_3,WI,2016-05-13,11615,Friday,7,5,2016,,,0,1,0,1.48,20.521752389776474,25.235695110108402,25.294282372818845,25.0,25.612756805291152,24.368769334142296,4,1.48,0.0,0,25.240764117032747,15.882029124086342,34.59949910997915,32
FOODS_3_377_TX_2_validation,FOODS_3_377,FOODS_3,FOODS,TX_2,TX,2016-05-13,11615,Friday,7,5,2016,,,0,1,0,1.68,23.46201259034777,29.07775770458451,30.38005967433248,39.0,27.24762903281832,27.60095927249912,4,1.68,0.0,0,30.38497387368421,19.118876027640077,41.65107171972834,21
FOODS_3_377_TX_3_validation,FOODS_3_377,FOODS_3,FOODS,TX_3,TX,2016-05-13,11615,Friday,7,5,2016,,,0,1,0,1.68,42.405914753063094,47.96776345821003,49.897338707363936,42.0,43.67137835616306,41.87907562129396,4,1.68,0.0,0,47.61522797638734,29.96052076571979,65.26993518705488,57
FOODS_3_491_WI_1_validation,FOODS_3_491,FOODS_3,FOODS,WI_1,WI,2016-05-13,11615,Friday,7,5,2016,,,0,1,0,1.44,19.388722325059938,18.928977671229738,18.91721165723778,16.0,20.675459208829686,19.28096892195925,4,1.44,0.0,0,21.790943429686802,13.711328095573071,29.87055876380053,19
FOODS_3_541_CA_3_validation,FOODS_3_541,FOODS_3,FOODS,CA_3,CA,2016-05-13,11615,Friday,7,5,2016,,,0,1,0,0.88,5.428841822251665,6.253782588795129,6.4356008744794275,0.0,5.0829786905766605,3.3618079621318215,4,0.88,0.0,0,5.794286563421812,3.64588914689266,7.942683979950964,0
FOODS_3_555_CA_2_validation,FOODS_3_555,FOODS_3,FOODS,CA_2,CA,2016-05-13,11615,Friday,7,5,2016,,,0,1,0,1.68,20.194594936176056,20.922304063678453,19.077684598413416,15.0,22.122074834948034,21.935598708878132,4,1.68,0.0,0,20.92617537204415,13.16719752118241,28.685153222905885,27
FOODS_3_555_TX_1_validation,FOODS_3_555,FOODS_3,FOODS,TX_1,TX,2016-05-13,11615,Friday,7,5,2016,,,0,1,0,1.68,27.488467580421748,33.92652720700876,31.138614326919875,30.0,29.24090099407152,28.80943900520413,4,1.68,0.0,0,32.62027311911354,20.52537416503206,44.71517207319503,40
FOODS_3_555_TX_2_validation,FOODS_3_555,FOODS_3,FOODS,TX_2,TX,2016-05-13,11615,Friday,7,5,2016,,,0,1,0,1.68,37.47861972876986,46.52849798080392,45.3744506148825,39.0,41.101909560022314,39.81923270239433,4,1.68,0.0,0,45.043873568928554,28.34256952627811,61.745177611578995,44
FOODS_3_555_TX_3_validation,FOODS_3_555,FOODS_3,FOODS,TX_3,TX,2016-05-13,11615,Friday,7,5,2016,,,0,1,0,1.68,28.400807388797695,35.0769039135175,32.9478141889591,30.0,29.7437710449579,28.183140760666255,4,1.68,0.0,0,33.17051244726982,20.87159652955622,45.46942836498342,15
FOODS_3_555_WI_3_validation,FOODS_3_555,FOODS_3,FOODS,WI_3,WI,2016-05-13,11615,Friday,7,5,2016,,,0,1,0,1.68,25.32216394791137,24.498814334869945,24.998008779699344,25.0,26.74886658044084,28.585855641246077,4,1.68,0.0,0,25.646865548679404,16.13755683849468,35.15617425886413,23
FOODS_3_586_CA_1_validation,FOODS_3_586,FOODS_3,FOODS,CA_1,CA,2016-05-13,11615,Friday,7,5,2016,,,0,1,0,1.68,36.196503354697995,37.80127569814408,34.07316638884808,32.0,37.85084943530757,38.156112601099906,4,1.68,0.0,0,35.544551896628825,22.365392973341617,48.72371081991603,42
FOODS_3_586_CA_2_validation,FOODS_3_586,FOODS_3,FOODS,CA_2,CA,2016-05-13,11615,Friday,7,5,2016,,,0,1,0,1.68,30.107124446868973,34.03215264629431,31.52002052392809,24.0,33.69479595531935,34.055516782749585,4,1.68,0.0,0,32.082819938456275,20.187197118233723,43.97844275867883,41
FOODS_3_586_CA_3_validation,FOODS_3_586,FOODS_3,FOODS,CA_3,CA,2016-05-13,11615,Friday,7,5,2016,,,0,1,0,1.68,60.848994263089835,63.45230211638471,63.072669776788,57.0,70.33585617323529,69.33883813772555,4,1.68,0.0,0,65.65222432561704,41.30978499564839,89.99466365558568,61
FOODS_3_586_CA_4_validation,FOODS_3_586,FOODS_3,FOODS,CA_4,CA,2016-05-13,11615,Friday,7,5,2016,,,0,1,0,1.68,19.251319514319054,18.115301341610184,20.34872640552331,15.0,17.489721544125864,17.141314758314948,4,1.68,0.0,0,20.150475131082924,12.679110323766961,27.621839938398885,12
FOODS_3_586_TX_1_validation,FOODS_3_586,FOODS_3,FOODS,TX_1,TX,2016-05-13,11615,Friday,7,5,2016,,,0,1,0,1.68,49.61823638166751,55.574997627734646,48.54997164971601,53.0,52.20030704142396,54.801345215170535,4,1.68,0.0,0,53.93452202306414,33.93675586017401,73.93228818595426,61
FOODS_3_586_TX_2_validation,FOODS_3_586,FOODS_3,FOODS,TX_2,TX,2016-05-13,11615,Friday,7,5,2016,,,0,1,0,1.68,62.30589701307454,77.83292202769631,77.83292202769631,80.0,71.8623976808375,70.79256134696509,4,1.68,0.0,0,77.83292202769631,48.974140748078625,106.691703307314,85
FOODS_3_586_TX_3_validation,FOODS_3_586,FOODS_3,FOODS,TX_3,TX,2016-05-13,11615,Friday,7,5,2016,,,0,1,0,1.68,51.60613682613727,58.09984645072188,57.37012381375286,56.0,54.51177509298964,54.89823164964061,4,1.68,0.0,0,58.71110117359145,36.942281716302354,80.47992063088056,79
FOODS_3_586_WI_1_validation,FOODS_3_586,FOODS_3,FOODS,WI_1,WI,2016-05-13,11615,Friday,7,5,2016,,,0,1,0,1.68,16.495009812631757,14.165897958812078,16.73531086008431,23.0,15.790153054126014,15.986254005174953,4,1.68,0.0,0,18.663566373844787,11.743515502714006,25.58361724497557,13
FOODS_3_586_WI_3_validation,FOODS_3_586,FOODS_3,FOODS,WI_3,WI,2016-05-13,11615,Friday,7,5,2016,,,0,1,0,1.68,31.783013811100542,33.11244755950565,35.61224462480158,37.0,33.2685908497971,33.623811354079315,4,1.68,0.0,0,34.94684909689907,21.989305576429174,47.90439261736897,43
FOODS_3_587_CA_1_validation,FOODS_3_587,FOODS_3,FOODS,CA_1,CA,2016-05-13,11615,Friday,7,5,2016,,,0,1,0,2.48,21.69242401777367,21.27205863808393,20.58273669670613,20.0,23.314819536445462,21.611511393495316,4,2.48,0.0,0,22.39527382053334,14.091585714696352,30.69896192637033,21
FOODS_3_587_CA_4_validation,FOODS_3_587,FOODS_3,FOODS,CA_4,CA,2016-05-13,11615,Friday,7,5,2016,,,0,1,0,2.48,15.264897487402514,14.813951896562704,12.696222630262737,11.0,17.113235539432544,16.61150780386316,4,2.48,0.0,0,14.242179027608948,8.96148393361429,19.522874121603607,5
FOODS_3_587_TX_1_validation,FOODS_3_587,FOODS_3,FOODS,TX_1,TX,2016-05-13,11615,Friday,7,5,2016,,,0,1,0,2.48,23.16392929382003,24.327524060937545,23.545805105135496,38.0,25.159831298396366,24.15415046267872,4,2.48,0.0,0,27.052888393602807,17.022256511954065,37.08352027525155,15
FOODS_3_587_TX_2_validation,FOODS_3_587,FOODS_3,FOODS,TX_2,TX,2016-05-13,11615,Friday,7,5,2016,,,0,1,0,2.48,23.1586035652435,28.413643371099205,27.503188690433582,27.0,29.481525708257465,28.628733513864308,4,2.48,0.0,0,27.851656235505303,17.524858337701424,38.17845413330918,24
FOODS_3_635_CA_3_validation,FOODS_3_635,FOODS_3,FOODS,CA_3,CA,2016-05-13,11615,Friday,7,5,2016,,,0,1,0,0.88,5.428841822251665,6.253782588795129,5.505593174868406,0.0,5.116951460706568,3.3217261244713465,4,0.88,0.0,0,5.794286563421812,3.64588914689266,7.942683979950964,1
FOODS_3_635_CA_4_validation,FOODS_3_635,FOODS_3,FOODS,CA_4,CA,2016-05-13,11615,Friday,7,5,2016,,,0,1,0,1.0,6.405468891619777,7.260430564903806,6.4356008744794275,0.0,6.183509178065613,3.7202448776807278,4,1.0,0.0,0,6.916367854338287,4.351926716092164,9.48080899258441,0
FOODS_3_694_WI_1_validation,FOODS_3_694,FOODS_3,FOODS,WI_1,WI,2016-05-13,11615,Friday,7,5,2016,,,0,1,0,1.68,20.776699786660654,21.08905851119522,22.31308767970574,21.0,22.814653615292922,21.92985219920627,4,1.68,0.0,0,22.815509783652193,14.356007178891973,31.275012388412414,20
FOODS_3_694_WI_2_validation,FOODS_3_694,FOODS_3,FOODS,WI_2,WI,2016-05-13,11615,Friday,7,5,2016,,,0,1,0,1.68,36.51489809178939,37.417416062222706,39.7461097682086,41.0,35.27442417428025,35.40538322549541,4,1.68,0.0,0,39.672440527616246,24.96274886773338,54.38213218749911,32
FOODS_3_694_WI_3_validation,FOODS_3_694,FOODS_3,FOODS,WI_3,WI,2016-05-13,11615,Friday,7,5,2016,,,0,1,0,1.68,40.518795204611536,48.84146810007737,51.675198898548686,65.0,43.48634436682669,44.810953660959896,4,1.68,0.0,0,51.21809811613406,32.227523786089726,70.20867244617838,72
FOODS_3_711_WI_2_validation,FOODS_3_711,FOODS_3,FOODS,WI_2,WI,2016-05-13,11615,Friday,7,5,2016,,,0,1,0,0.25,27.216671687058625,31.5516309865551,26.124717899266866,0.0,31.873608718708624,26.02960970337288,4,0.25,0.0,0,28.38531260135749,17.86064634734409,38.90997885537089,1
FOODS_3_714_CA_1_validation,FOODS_3_714,FOODS_3,FOODS,CA_1,CA,2016-05-13,11615,Friday,7,5,2016,,,0,1,0,1.58,14.060002372089848,20.2862751295205,20.930027293095744,20.0,19.507282842288607,19.030339269496015,4,1.58,0.0,0,20.978836403163314,13.200332969303595,28.757339837023032,17
FOODS_3_714_TX_1_validation,FOODS_3_714,FOODS_3,FOODS,TX_1,TX,2016-05-13,11615,Friday,7,5,2016,,,0,1,0,1.58,19.137152326853,23.335439516700372,20.77639809227425,17.0,22.496958136987466,20.11187728620769,4,1.58,0.0,0,23.274918168780435,14.645076769599513,31.904759567961356,25
FOODS_3_714_WI_1_validation,FOODS_3_714,FOODS_3,FOODS,WI_1,WI,2016-05-13,11615,Friday,7,5,2016,,,0,1,0,1.58,18.172153965353683,19.763728375872347,21.323862238112056,23.0,19.030274603429227,19.017136255485976,4,1.58,0.0,0,22.14444899243203,13.933761363322583,30.355136621541472,15
FOODS_3_808_CA_4_validation,FOODS_3_808,FOODS_3,FOODS,CA_4,CA,2016-05-13,11615,Friday,7,5,2016,,,0,1,0,1.0,6.405468891619777,7.260430564903806,6.4356008744794275,0.0,6.183509178065613,3.728875712818921,4,1.0,0.0,0,6.916367854338287,4.351926716092164,9.48080899258441,0
HOBBIES_1_008_TX_2_validation,HOBBIES_1_008,HOBBIES_1,HOBBIES,TX_2,TX,2016-05-13,11615,Friday,7,5,2016,,,0,1,0,0.48,5.800394889420816,6.119871226388399,5.665581957615664,7.0,5.419068671692019,4.5332169238599995,4,0.48,0.0,0,6.55618776525532,4.125293693486025,8.987081837024615,0
HOBBIES_1_015_CA_2_validation,HOBBIES_1_015,HOBBIES_1,HOBBIES,CA_2,CA,2016-05-13,11615,Friday,7,5,2016,,,0,1,0,0.7,7.66405859237015,8.842675371739658,7.43199252912751,4.0,7.669754099817029,6.724886988780445,4,0.7,0.0,0,6.707072949620668,4.220233881563235,9.1939120176781,11
HOBBIES_1_048_WI_3_validation,HOBBIES_1_048,HOBBIES_1,HOBBIES,WI_3,WI,2016-05-13,11615,Friday,7,5,2016,,,0,1,0,0.48,5.367738329253998,7.773761248388046,7.382037282387009,9.0,6.182304518738514,5.658168142201092,4,0.48,0.0,0,7.251747129077274,4.562954535389646,9.940539722764903,3
HOBBIES_1_103_WI_3_validation,HOBBIES_1_103,HOBBIES_1,HOBBIES,WI_3,WI,2016-05-13,11615,Friday,7,5,2016,,,0,1,0,0.7,5.333005873951379,5.97376603928551,5.630849502313047,7.0,5.988482176359544,5.426278736574766,4,0.7,0.0,0,6.521455309952702,4.1034392890745925,8.939471330830811,4
HOBBIES_1_178_CA_4_validation,HOBBIES_1_178,HOBBIES_1,HOBBIES,CA_4,CA,2016-05-13,11615,Friday,7,5,2016,,,0,1,0,0.48,10.744268090183796,7.895725212055104,9.046773302191234,0.0,6.877286224098344,6.121352286704616,4,0.48,0.0,0,7.635482440887474,4.804409008394181,10.466555873380766,7
HOBBIES_1_178_WI_2_validation,HOBBIES_1_178,HOBBIES_1,HOBBIES,WI_2,WI,2016-05-13,11615,Friday,7,5,2016,,,0,1,0,0.48,6.4050961964487625,7.942727537142151,5.8307992319052016,0.0,5.756696638387967,5.790049968255819,4,0.48,0.0,0,6.258142314089288,3.9377571152044624,8.578527512974114,2
HOBBIES_1_234_CA_3_validation,HOBBIES_1_234,HOBBIES_1,HOBBIES,CA_3,CA,2016-05-13,11615,Friday,7,5,2016,,,0,1,0,0.3,26.835441645059785,25.37105390770361,30.47359314471987,24.0,30.187472040787977,28.40155287576294,4,0.3,0.0,0,27.116429867837596,17.062238167806683,37.17062156786851,5
HOBBIES_1_254_CA_3_validation,HOBBIES_1_254,HOBBIES_1,HOBBIES,CA_3,CA,2016-05-13,11615,Friday,7,5,2016,,,0,1,0,0.7,8.967415892476968,11.216860114307842,10.36469899340242,7.0,10.369820049948329,12.517502960032102,4,0.7,0.0,0,9.047883647261873,5.693122083423304,12.402645211100443,10
HOBBIES_1_254_TX_1_validation,HOBBIES_1_254,HOBBIES_1,HOBBIES,TX_1,TX,2016-05-13,11615,Friday,7,5,2016,,,0,1,0,0.7,5.333005873951379,5.97376603928551,5.528796629062842,0.0,5.673851493825756,4.719038966539979,4,0.7,0.0,0,5.97376603928551,3.758821475312918,8.188710603258102,3
HOBBIES_1_348_CA_1_validation,HOBBIES_1_348,HOBBIES_1,HOBBIES,CA_1,CA,2016-05-13,11615,Friday,7,5,2016,,,0,1,0,0.48,5.7451066266681865,6.008498494588128,5.674901816165729,2.0,6.600860230965479,6.882818712260382,4,0.48,0.0,0,6.008498494588128,3.7806758797243507,8.236321109451906,22
HOBBIES_1_348_CA_2_validation,HOBBIES_1_348,HOBBIES_1,HOBBIES,CA_2,CA,2016-05-13,11615,Friday,7,5,2016,,,0,1,0,0.48,6.494189347190899,6.767531755895388,6.897375725387184,4.0,6.3954665230842185,6.081483005030967,4,0.48,0.0,0,6.3026249591437855,3.965746547734961,8.63950337055261,4
HOBBIES_1_354_TX_3_validation,HOBBIES_1_354,HOBBIES_1,HOBBIES,TX_3,TX,2016-05-13,11615,Friday,7,5,2016,,,0,1,0,22.98,23.700710058297616,19.19445677381445,19.86496499249199,17.0,21.884282063645692,22.495893427897467,4,22.98,0.0,0,21.42540057417595,13.481320705527086,29.369480442824813,16
HOBBIES_1_370_WI_1_validation,HOBBIES_1_370,HOBBIES_1,HOBBIES,WI_1,WI,2016-05-13,11615,Friday,7,5,2016,,,0,1,0,0.48,5.8806951446185725,6.7135289012581545,6.870393347300662,6.0,6.173555075032236,6.3023510439965795,4,0.48,0.0,0,6.850314229810979,4.310364361496637,9.390264098125321,6
HOBBIES_1_371_CA_1_validation,HOBBIES_1_371,HOBBIES_1,HOBBIES,CA_1,CA,2016-05-13,11615,Friday,7,5,2016,,,0,1,0,0.48,6.5794375993598715,9.636810057378016,10.386435012650294,6.0,7.418527384070041,9.500411732273603,4,0.48,0.0,0,8.05390763595204,5.067691098566029,11.04012417333805,28
HOBBIES_1_371_CA_4_validation,HOBBIES_1_371,HOBBIES_1,HOBBIES,CA_4,CA,2016-05-13,11615,Friday,7,5,2016,,,0,1,0,0.48,6.975335296095953,7.4936949692414565,6.378488502572393,5.0,6.32380724688438,7.267351466905866,4,0.48,0.0,0,6.311944817693852,3.9716108022495313,8.652278833138173,8
HOBBIES_1_371_TX_1_validation,HOBBIES_1_371,HOBBIES_1,HOBBIES,TX_1,TX,2016-05-13,11615,Friday,7,5,2016,,,0,1,0,0.48,5.333005873951379,5.97376603928551,6.076485899730032,2.0,5.364445982148465,3.9353990347297514,4,0.48,0.0,0,5.97376603928551,3.758821475312918,8.188710603258102,0
HOBBIES_1_371_TX_2_validation,HOBBIES_1_371,HOBBIES_1,HOBBIES,TX_2,TX,2016-05-13,11615,Friday,7,5,2016,,,0,1,0,0.48,5.8806951446185725,5.97376603928551,5.528796629062842,5.0,5.599210182287826,4.3475363363215385,4,0.48,0.0,0,6.008498494588128,3.7806758797243507,8.236321109451906,1
HOBBIES_1_371_TX_3_validation,HOBBIES_1_371,HOBBIES_1,HOBBIES,TX_3,TX,2016-05-13,11615,Friday,7,5,2016,,,0,1,0,0.48,6.052359342424983,5.97376603928551,5.563529084365458,2.0,6.173752147212245,4.950655701088962,4,0.48,0.0,0,6.008498494588128,3.7806758797243507,8.236321109451906,0
HOBBIES_1_371_WI_1_validation,HOBBIES_1_371,HOBBIES_1,HOBBIES,WI_1,WI,2016-05-13,11615,Friday,7,5,2016,,,0,1,0,0.48,7.775560864950281,8.122864602558328,6.865810221580543,6.0,6.854667342944912,7.523029953109969,4,0.48,0.0,0,7.163218079657156,4.507250162308911,9.8191859970054,8
HOBBIES_1_371_WI_2_validation,HOBBIES_1_371,HOBBIES_1,HOBBIES,WI_2,WI,2016-05-13,11615,Friday,7,5,2016,,,0,1,0,0.48,5.94818356227492,6.008498494588128,5.8188627060159295,4.0,5.785117266235444,4.881681934938634,4,0.48,0.0,0,6.008498494588128,3.7806758797243507,8.236321109451906,0
HOUSEHOLD_1_110_CA_1_validation,HOUSEHOLD_1_110,HOUSEHOLD_1,HOUSEHOLD,CA_1,CA,2016-05-13,11615,Friday,7,5,2016,,,0,1,0,3.97,6.456540658617667,8.922888711137986,7.696564756480209,4.0,8.389494140344054,8.94223079060755,4,3.97,0.0,0,7.515900709576414,4.72916562310739,10.302635796045438,6
HOUSEHOLD_1_110_CA_4_validation,HOUSEHOLD_1_110,HOUSEHOLD_1,HOUSEHOLD,CA_4,CA,2016-05-13,11615,Friday,7,5,2016,,,0,1,0,3.97,6.345167926817394,7.498218346406379,6.959848934289253,5.0,6.3854558691242715,6.164643921946995,4,3.97,0.0,0,6.950529075739187,4.373421687903946,9.527636463574428,1
HOUSEHOLD_1_110_WI_2_validation,HOUSEHOLD_1_110,HOUSEHOLD_1,HOUSEHOLD,WI_2,WI,2016-05-13,11615,Friday,7,5,2016,,,0,1,0,3.97,22.072853357212853,28.488286957441122,30.792594850459118,27.0,24.06549674868961,24.44348401712852,4,3.97,0.0,0,27.579748277351374,17.353768029561447,37.8057285251413,32
HOUSEHOLD_1_110_WI_3_validation,HOUSEHOLD_1_110,HOUSEHOLD_1,HOUSEHOLD,WI_3,WI,2016-05-13,11615,Friday,7,5,2016,,,0,1,0,3.97,9.546935586337407,15.009994228357959,15.385824941048385,14.0,14.18547413377768,14.01138765331127,4,3.97,0.0,0,13.587359570151806,8.549457512934941,18.625261627368673,11
HOUSEHOLD_1_118_CA_1_validation,HOUSEHOLD_1_118,HOUSEHOLD_1,HOUSEHOLD,CA_1,CA,2016-05-13,11615,Friday,7,5,2016,,,0,1,0,0.97,7.159865593357795,6.608345796037609,6.51899206517668,4.0,7.429330619429201,8.162312615452354,4,0.97,0.0,0,6.710398669287814,4.222326495573147,9.198470843002482,2
HOUSEHOLD_1_118_CA_3_validation,HOUSEHOLD_1_118,HOUSEHOLD_1,HOUSEHOLD,CA_3,CA,2016-05-13,11615,Friday,7,5,2016,,,0,1,0,0.97,20.14747974465965,18.86650637804655,19.747305245481233,21.0,20.0596946864362,22.21563213689209,4,0.97,0.0,0,20.707611154771183,13.029672236760852,28.385550072781513,20
HOUSEHOLD_1_118_TX_3_validation,HOUSEHOLD_1_118,HOUSEHOLD_1,HOUSEHOLD,TX_3,TX,2016-05-13,11615,Friday,7,5,2016,,,0,1,0,0.97,5.939454731761739,6.852588743599077,6.407619333376407,4.0,6.7825967604231465,6.527375982293816,4,0.97,0.0,0,6.496973064237338,4.088034535966819,8.905911592507858,10
HOUSEHOLD_1_151_CA_4_validation,HOUSEHOLD_1_151,HOUSEHOLD_1,HOUSEHOLD,CA_4,CA,2016-05-13,11615,Friday,7,5,2016,,,0,1,0,0.88,5.15352639808768,5.794286563421812,5.518971139257827,2.0,5.343290717917081,4.5378397506627275,4,0.88,0.0,0,5.794286563421812,3.64588914689266,7.942683979950964,5
HOUSEHOLD_1_191_CA_2_validation,HOUSEHOLD_1_191,HOUSEHOLD_1,HOUSEHOLD,CA_2,CA,2016-05-13,11615,Friday,7,5,2016,,,0,1,0,2.96,9.481108603054846,12.53276029615676,11.581868540527113,15.0,11.147095833484011,11.225131374936185,4,2.96,0.0,0,12.46050242553455,7.840414874347819,17.08058997672128,11
HOUSEHOLD_1_191_CA_4_validation,HOUSEHOLD_1_191,HOUSEHOLD_1,HOUSEHOLD,CA_4,CA,2016-05-13,11615,Friday,7,5,2016,,,0,1,0,2.96,6.64861424992312,7.507538204956445,7.452020851457291,8.0,6.4507133193828015,5.588787064913463,4,2.96,0.0,0,7.982540923007619,5.022785634998516,10.942296211016721,4
HOUSEHOLD_1_234_CA_2_validation,HOUSEHOLD_1_234,HOUSEHOLD_1,HOUSEHOLD,CA_2,CA,2016-05-13,11615,Friday,7,5,2016,,,0,1,0,0.97,6.798952830154624,8.525654118633794,7.704498616067714,3.0,6.859872530589413,6.698589929665035,4,0.97,0.0,0,7.275770303125042,4.578070430776592,9.973470175473492,25
HOUSEHOLD_1_234_TX_1_validation,HOUSEHOLD_1_234,HOUSEHOLD_1,HOUSEHOLD,TX_1,TX,2016-05-13,11615,Friday,7,5,2016,,,0,1,0,0.97,10.60648202259482,12.229094892847977,12.75889033589726,12.0,10.564231658595418,11.219115724960428,4,0.97,0.0,0,12.201972124352096,7.677742074356484,16.72620217434771,1
HOUSEHOLD_1_234_TX_2_validation,HOUSEHOLD_1_234,HOUSEHOLD_1,HOUSEHOLD,TX_2,TX,2016-05-13,11615,Friday,7,5,2016,,,0,1,0,0.97,5.689411526667496,7.6592755635749095,7.536151488783234,14.0,5.836805458812289,4.72944284781107,4,0.97,0.0,0,8.602937459906881,5.413152417154187,11.792722502659576,0
HOUSEHOLD_1_303_CA_2_validation,HOUSEHOLD_1_303,HOUSEHOLD_1,HOUSEHOLD,CA_2,CA,2016-05-13,11615,Friday,7,5,2016,,,0,1,0,0.98,6.182094976756213,8.087849920971694,7.144913560457911,5.0,7.369755727787753,6.4093048026143125,4,0.98,0.0,0,7.044049561277142,4.4322667794441895,9.655832343110095,1
HOUSEHOLD_1_303_CA_3_validation,HOUSEHOLD_1_303,HOUSEHOLD_1,HOUSEHOLD,CA_3,CA,2016-05-13,11615,Friday,7,5,2016,,,0,1,0,0.98,10.089159550881256,13.415136344271719,14.985037134599981,17.0,11.63799250222246,12.2120113029458,4,0.98,0.0,0,14.269314444975937,8.978558119123036,19.560070770828837,14
HOUSEHOLD_1_303_WI_1_validation,HOUSEHOLD_1_303,HOUSEHOLD_1,HOUSEHOLD,WI_1,WI,2016-05-13,11615,Friday,7,5,2016,,,0,1,0,0.98,6.182094976756213,7.632262982770161,6.89765157272779,0.0,6.458990167332672,4.889863616709135,4,0.98,0.0,0,7.157492519425742,4.503647517241377,9.811337521610106,3
HOUSEHOLD_1_327_CA_2_validation,HOUSEHOLD_1_327,HOUSEHOLD_1,HOUSEHOLD,CA_2,CA,2016-05-13,11615,Friday,7,5,2016,,,0,1,0,0.98,6.116448989854399,7.061594265091502,6.238589570260327,3.0,6.246460964058466,4.561685702398826,4,0.98,0.0,0,6.7059785857297625,4.219545284375483,9.192411887084042,3
HOUSEHOLD_1_327_WI_1_validation,HOUSEHOLD_1_327,HOUSEHOLD_1,HOUSEHOLD,WI_1,WI,2016-05-13,11615,Friday,7,5,2016,,,0,1,0,0.98,6.27211569481146,7.3650405881972265,6.923210583431311,1.0,6.248194981041887,4.615541260437082,4,0.98,0.0,0,6.885067530780176,4.332231882447734,9.437903179112617,0
HOUSEHOLD_1_334_CA_1_validation,HOUSEHOLD_1_334,HOUSEHOLD_1,HOUSEHOLD,CA_1,CA,2016-05-13,11615,Friday,7,5,2016,,,0,1,0,0.97,9.167929551455872,12.844810663821455,14.142169517348911,14.0,11.265062015131837,11.48807307383277,4,0.97,0.0,0,12.168324786483012,7.6565704490638815,16.680079123902143,7
HOUSEHOLD_1_334_CA_3_validation,HOUSEHOLD_1_334,HOUSEHOLD_1,HOUSEHOLD,CA_3,CA,2016-05-13,11615,Friday,7,5,2016,,,0,1,0,0.97,22.397030642962733,20.518911274364267,21.93739606319529,14.0,22.58957611713814,22.924904013747998,4,0.97,0.0,0,20.239829407574106,12.735333947386858,27.744324867761357,16
HOUSEHOLD_1_334_TX_1_validation,HOUSEHOLD_1_334,HOUSEHOLD_1,HOUSEHOLD,TX_1,TX,2016-05-13,11615,Friday,7,5,2016,,,0,1,0,0.96,8.319463293148821,7.037960912215691,9.850187813423226,15.0,8.998608396457039,9.551020984987874,4,0.96,0.0,0,9.989664984653963,6.2857110620940695,13.693618907213857,12
HOUSEHOLD_1_334_TX_2_validation,HOUSEHOLD_1_334,HOUSEHOLD_1,HOUSEHOLD,TX_2,TX,2016-05-13,11615,Friday,7,5,2016,,,0,1,0,0.96,10.535698437119112,10.206900797747409,11.301501622453943,12.0,10.265249034573245,10.149174804196903,4,0.96,0.0,0,10.696308863219238,6.730346517965933,14.662271208472543,18
HOUSEHOLD_1_334_TX_3_validation,HOUSEHOLD_1_334,HOUSEHOLD_1,HOUSEHOLD,TX_3,TX,2016-05-13,11615,Friday,7,5,2016,,,0,1,0,0.96,8.2504097173955,9.464348656934387,11.409366705718238,14.0,9.413710163674457,10.631614165540057,4,0.96,0.0,0,10.37867216678541,6.530482708762297,14.226861624808524,0
HOUSEHOLD_1_334_WI_2_validation,HOUSEHOLD_1_334,HOUSEHOLD_1,HOUSEHOLD,WI_2,WI,2016-05-13,11615,Friday,7,5,2016,,,0,1,0,0.97,16.302394748076555,20.96812340536178,22.78225820611609,29.0,17.856908271004002,18.84727031921893,4,0.97,0.0,0,20.482903299961013,12.888281244080968,28.077525355841058,19
HOUSEHOLD_1_334_WI_3_validation,HOUSEHOLD_1_334,HOUSEHOLD_1,HOUSEHOLD,WI_3,WI,2016-05-13,11615,Friday,7,5,2016,,,0,1,0,0.97,8.685867763450519,11.332169416377063,13.04714319167353,11.0,10.756863822933136,11.344398841504267,4,0.97,0.0,0,10.914350542883096,6.8675430105376165,14.961158075228575,11
HOUSEHOLD_1_389_WI_1_validation,HOUSEHOLD_1_389,HOUSEHOLD_1,HOUSEHOLD,WI_1,WI,2016-05-13,11615,Friday,7,5,2016,,,0,1,0,0.98,6.080042103506008,6.7059785857297625,6.616624854868833,2.0,5.988623830751515,4.342579523324992,4,0.98,0.0,0,6.8080314589799675,4.283759136921362,9.332303781038574,1
HOUSEHOLD_1_399_CA_4_validation,HOUSEHOLD_1_399,HOUSEHOLD_1,HOUSEHOLD,CA_4,CA,2016-05-13,11615,Friday,7,5,2016,,,0,1,0,0.97,5.791464399917701,6.496973064237338,6.565720350638873,0.0,5.730904062436458,4.076311811944282,4,0.97,0.0,0,6.443359232530482,4.0542995653187806,8.832418899742184,3
HOUSEHOLD_1_409_WI_2_validation,HOUSEHOLD_1_409,HOUSEHOLD_1,HOUSEHOLD,WI_2,WI,2016-05-13,11615,Friday,7,5,2016,,,0,1,0,2.94,8.466972069032566,11.362840856588829,16.41882637156887,18.0,9.954076304091684,10.808027969015269,4,2.94,0.0,0,12.865106568463013,8.095000462641462,17.635212674284563,15
HOUSEHOLD_1_441_WI_3_validation,HOUSEHOLD_1_441,HOUSEHOLD_1,HOUSEHOLD,WI_3,WI,2016-05-13,11615,Friday,7,5,2016,,,0,1,0,2.77,6.243115053567189,7.515900709576414,9.834636326954044,17.0,6.786785929777719,7.634012354501074,4,2.77,0.0,0,10.028717451391088,6.310283710180737,13.74715119260144,2
HOUSEHOLD_1_459_CA_3_validation,HOUSEHOLD_1_459,HOUSEHOLD_1,HOUSEHOLD,CA_3,CA,2016-05-13,11615,Friday,7,5,2016,,,0,1,0,0.97,21.67733069210979,27.134464036299498,25.518102194992355,35.0,24.524368722297243,26.18101752976304,4,0.97,0.0,0,25.410075849648173,15.988563690788828,34.83158800850752,18
HOUSEHOLD_1_459_TX_1_validation,HOUSEHOLD_1_459,HOUSEHOLD_1,HOUSEHOLD,TX_1,TX,2016-05-13,11615,Friday,7,5,2016,,,0,1,0,0.96,6.4713905872267485,7.8476401072035085,7.866542815236874,7.0,7.203412604235829,7.525093495652669,4,0.96,0.0,0,7.62054270136126,4.795008604461819,10.446076798260702,11
HOUSEHOLD_1_459_TX_3_validation,HOUSEHOLD_1_459,HOUSEHOLD_1,HOUSEHOLD,TX_3,TX,2016-05-13,11615,Friday,7,5,2016,,,0,1,0,0.96,5.6530046403191045,6.496973064237338,6.894941052384559,4.0,5.827245110369199,4.009941970692572,4,0.96,0.0,0,6.4069523461820905,4.031391573047966,8.782513119316215,3
HOUSEHOLD_1_459_WI_1_validation,HOUSEHOLD_1_459,HOUSEHOLD_1,HOUSEHOLD,WI_1,WI,2016-05-13,11615,Friday,7,5,2016,,,0,1,0,0.97,7.45125972810043,7.999137827734466,7.774998674606172,7.0,7.344240840120933,6.585758254339683,4,0.97,0.0,0,7.731915433161532,4.8650867115222685,10.598744154800796,9
HOUSEHOLD_1_459_WI_2_validation,HOUSEHOLD_1_459,HOUSEHOLD_1,HOUSEHOLD,WI_2,WI,2016-05-13,11615,Friday,7,5,2016,,,0,1,0,0.97,22.54813903214496,29.04911243303994,31.645206685195312,49.0,24.398020996502947,26.411261778165603,4,0.97,0.0,0,30.013707822599454,18.885267480419685,41.14214816477922,24
HOUSEHOLD_1_459_WI_3_validation,HOUSEHOLD_1_459,HOUSEHOLD_1,HOUSEHOLD,WI_3,WI,2016-05-13,11615,Friday,7,5,2016,,,0,1,0,0.97,7.026050235996873,12.066301533921013,12.61964644227446,14.0,10.381391108229979,11.39633647822254,4,0.97,0.0,0,11.08802443677002,6.976822342495094,15.199226531044946,8
HOUSEHOLD_1_474_TX_2_validation,HOUSEHOLD_1_474,HOUSEHOLD_1,HOUSEHOLD,TX_2,TX,2016-05-13,11615,Friday,7,5,2016,,,0,1,0,0.97,6.617378916763234,10.252623309264015,8.161751096334013,5.0,8.696035799343793,9.585215503233867,4,0.97,0.0,0,7.275770303125042,4.578070430776592,9.973470175473492,7
HOUSEHOLD_1_521_TX_1_validation,HOUSEHOLD_1_521,HOUSEHOLD_1,HOUSEHOLD,TX_1,TX,2016-05-13,11615,Friday,7,5,2016,,,0,1,0,0.94,7.791048255103571,9.015278655351828,7.289346609679007,3.0,9.131423363223348,9.026889598898922,4,0.94,0.0,0,6.982245903666132,4.393378595013562,9.571113212318702,8
HOUSEHOLD_1_521_TX_2_validation,HOUSEHOLD_1_521,HOUSEHOLD_1,HOUSEHOLD,TX_2,TX,2016-05-13,11615,Friday,7,5,2016,,,0,1,0,0.94,7.748090344846936,7.093290910808837,6.816786074874317,10.0,7.248379182029751,6.876821307368912,4,0.94,0.0,0,7.826626392917393,4.924680874925495,10.72857191090929,6
HOUSEHOLD_1_521_TX_3_validation,HOUSEHOLD_1_521,HOUSEHOLD_1,HOUSEHOLD,TX_3,TX,2016-05-13,11615,Friday,7,5,2016,,,0,1,0,0.94,6.526452719783172,7.635307603744944,5.771626896109729,0.0,6.880035817155984,6.525289924615479,4,0.94,0.0,0,6.644687999935026,4.18097993571524,9.108396064154812,14
HOUSEHOLD_1_535_CA_1_validation,HOUSEHOLD_1_535,HOUSEHOLD_1,HOUSEHOLD,CA_1,CA,2016-05-13,11615,Friday,7,5,2016,,,0,1,0,6.97,6.902177056034653,7.396165473156174,7.409424457310147,7.0,9.124612802763991,8.636624393521531,4,6.97,0.0,0,7.60959107820665,4.788117608726069,10.43106454768723,5
FOODS_1_218_CA_2_validation,FOODS_1_218,FOODS_1,FOODS,CA_2,CA,2016-05-14,11616,Saturday,1,5,2016,,,0,0,1,0.98,12.148507993875505,9.743055942716786,10.022745508587892,17.0,10.509553876092083,9.17907364214681,5,0.98,0.0,0,13.958885439756822,8.783229543530345,19.134541335983297,4
FOODS_2_360_WI_2_validation,FOODS_2_360,FOODS_2,FOODS,WI_2,WI,2016-05-14,11616,Saturday,1,5,2016,,,0,0,1,0.94,58.17505079292449,60.80388839103712,54.391757180182864,51.0,49.17015495746829,44.7592203527878,5,0.94,0.0,0,54.55843422077809,34.32933477137579,74.7875336701804,107
FOODS_3_007_WI_2_validation,FOODS_3_007,FOODS_3,FOODS,WI_2,WI,2016-05-14,11616,Saturday,1,5,2016,,,0,0,1,0.25,30.05112329902726,44.35512089946639,30.840818852379613,5.0,30.61255938206971,30.038339376575816,5,0.25,0.0,0,30.294643847639,19.06203844151243,41.527249253765575,34
FOODS_3_030_TX_3_validation,FOODS_3_030,FOODS_3,FOODS,TX_3,TX,2016-05-14,11616,Saturday,1,5,2016,,,0,0,1,1.25,21.230096546249822,23.09713368821869,23.21144827521896,27.0,19.17444587477376,19.751210262809618,5,1.25,0.0,0,24.40761802115224,15.35779576498356,33.45744027732092,8
FOODS_3_080_CA_2_validation,FOODS_3_080,FOODS_3,FOODS,CA_2,CA,2016-05-14,11616,Saturday,1,5,2016,,,0,0,1,1.68,15.676536745807994,19.40186473894073,16.219706342088024,14.0,15.274218736671136,14.604076358669541,5,1.68,0.0,0,18.420386646514892,11.590501612408104,25.25027168062168,15
FOODS_3_090_CA_1_validation,FOODS_3_090,FOODS_3,FOODS,CA_1,CA,2016-05-14,11616,Saturday,1,5,2016,,,0,0,1,1.6,57.16799680992894,82.24278506471876,79.36178164135303,82.0,53.20079091074826,53.491345934662334,5,1.6,0.0,0,78.66621749985977,49.49846809793642,107.83396690178313,47
FOODS_3_090_CA_2_validation,FOODS_3_090,FOODS_3,FOODS,CA_2,CA,2016-05-14,11616,Saturday,1,5,2016,,,0,0,1,1.6,54.122984468206205,70.67594751008247,68.11607984009416,79.0,50.187051398028586,50.916537822326326,5,1.6,0.0,0,72.75349253730272,45.77805497483787,99.72893009976757,74
FOODS_3_090_CA_3_validation,FOODS_3_090,FOODS_3,FOODS,CA_3,CA,2016-05-14,11616,Saturday,1,5,2016,,,0,0,1,1.6,103.90111166028838,135.83741332336498,142.35603153168364,160.0,96.95485442481558,105.75042483187121,5,1.6,0.0,0,149.87394193680834,94.30389269300137,205.4439911806153,156
FOODS_3_090_CA_4_validation,FOODS_3_090,FOODS_3,FOODS,CA_4,CA,2016-05-14,11616,Saturday,1,5,2016,,,0,0,1,1.6,30.992828185656744,32.49563738134492,32.45882787271013,32.0,26.79644929272263,26.25596095392427,5,1.6,0.0,0,34.963749244168945,21.999939510881276,47.92755897745661,59
FOODS_3_090_TX_1_validation,FOODS_3_090,FOODS_3,FOODS,TX_1,TX,2016-05-14,11616,Saturday,1,5,2016,,,0,0,1,1.5,55.723115061650276,62.48842844713588,65.5357002969306,68.0,51.87804823865009,50.87008925980693,5,1.5,0.0,0,65.74444779922062,41.36781397951375,90.1210816189275,50
FOODS_3_090_TX_2_validation,FOODS_3_090,FOODS_3,FOODS,TX_2,TX,2016-05-14,11616,Saturday,1,5,2016,,,0,0,1,1.5,59.2809025786322,83.5163943026409,90.09268423101383,124.0,58.263481175876585,59.89418349459529,5,1.5,0.0,0,80.84349116498804,50.86845529802037,110.8185270319557,90
FOODS_3_090_TX_3_validation,FOODS_3_090,FOODS_3,FOODS,TX_3,TX,2016-05-14,11616,Saturday,1,5,2016,,,0,0,1,1.5,68.371052992038,91.96374970293557,83.85128546964373,75.0,66.92848172894284,63.992044311974595,5,1.5,0.0,0,84.89548664104115,53.41805759464478,116.37291568743751,81
FOODS_3_090_WI_1_validation,FOODS_3_090,FOODS_3,FOODS,WI_1,WI,2016-05-14,11616,Saturday,1,5,2016,,,0,0,1,1.44,23.65921858027609,36.09613091381044,26.19015578454871,25.0,23.68009443163782,20.4255489066605,5,1.44,0.0,0,28.779521570698364,18.108691069881747,39.45035207151498,14
FOODS_3_090_WI_3_validation,FOODS_3_090,FOODS_3,FOODS,WI_3,WI,2016-05-14,11616,Saturday,1,5,2016,,,0,0,1,1.44,78.05929955405564,113.35321516115532,104.03699821697626,146.0,73.46659842657934,77.83916428809688,5,1.44,0.0,0,124.19561218165022,78.14653790222029,170.24468646108014,141
FOODS_3_120_CA_1_validation,FOODS_3_120,FOODS_3,FOODS,CA_1,CA,2016-05-14,11616,Saturday,1,5,2016,,,0,0,1,4.98,49.722957948308704,59.07173886533802,60.39789699404946,52.0,46.40433751026363,45.7173473952505,5,4.98,0.0,0,58.02437091476078,36.51017633626831,79.53856549325326,53
FOODS_3_120_CA_3_validation,FOODS_3_120,FOODS_3,FOODS,CA_3,CA,2016-05-14,11616,Saturday,1,5,2016,,,0,0,1,4.98,65.49890641131532,67.6333449718647,67.63184106949883,66.0,73.1546860071239,70.29164186413728,5,4.98,0.0,0,69.53117040608376,43.75050090801496,95.31183990415255,79
FOODS_3_226_WI_1_validation,FOODS_3_226,FOODS_3,FOODS,WI_1,WI,2016-05-14,11616,Saturday,1,5,2016,,,0,0,1,1.68,38.1395770036736,45.277043720924425,45.46530504867438,56.0,36.79126489909304,37.03052554183614,5,1.68,0.0,0,50.1787995003037,31.573574848224496,68.7840241523829,41
FOODS_3_226_WI_2_validation,FOODS_3_226,FOODS_3,FOODS,WI_2,WI,2016-05-14,11616,Saturday,1,5,2016,,,0,0,1,1.68,55.76884634535712,52.05718033647145,51.95691798493042,56.0,45.405148387036306,44.83702630896851,5,1.68,0.0,0,58.45582012674232,36.78165341669595,80.12998683678869,42
FOODS_3_226_WI_3_validation,FOODS_3_226,FOODS_3,FOODS,WI_3,WI,2016-05-14,11616,Saturday,1,5,2016,,,0,0,1,1.68,51.435943609257166,51.358811840361064,54.87621934950034,59.0,44.8468427303863,44.92548011604233,5,1.68,0.0,0,54.46480131543513,34.27041894288761,74.65918368798265,77
FOODS_3_234_WI_2_validation,FOODS_3_234,FOODS_3,FOODS,WI_2,WI,2016-05-14,11616,Saturday,1,5,2016,,,0,0,1,0.25,33.36687529165957,31.195499962460048,29.10197539299975,1.0,30.713054624740955,28.92257115551933,5,0.25,0.0,0,29.40709233583541,18.50357203002692,40.3106126416439,0
FOODS_3_252_CA_1_validation,FOODS_3_252,FOODS_3,FOODS,CA_1,CA,2016-05-14,11616,Saturday,1,5,2016,,,0,0,1,1.58,34.869083468096306,52.31156615558948,51.45072399432258,57.0,37.49975673727209,37.761493311651996,5,1.58,0.0,0,52.37077283277118,32.952811393681415,71.78873427186095,61
FOODS_3_252_CA_2_validation,FOODS_3_252,FOODS_3,FOODS,CA_2,CA,2016-05-14,11616,Saturday,1,5,2016,,,0,0,1,1.58,34.62509959854728,43.71184176374476,48.49823744384582,59.0,35.25613765106974,36.30003934632454,5,1.58,0.0,0,49.087671588540836,30.887013807822903,67.28832936925878,62
FOODS_3_252_CA_3_validation,FOODS_3_252,FOODS_3,FOODS,CA_3,CA,2016-05-14,11616,Saturday,1,5,2016,,,0,0,1,1.58,42.53711879900261,56.1236474579757,53.30937870380595,65.0,45.32428899605541,46.39359831812393,5,1.58,0.0,0,55.911886517247524,35.18095593034394,76.6428171041511,78
FOODS_3_252_CA_4_validation,FOODS_3_252,FOODS_3,FOODS,CA_4,CA,2016-05-14,11616,Saturday,1,5,2016,,,0,0,1,1.58,21.462135196662693,22.41109695143919,23.695699769918097,25.0,17.881978818886157,16.981950935060887,5,1.58,0.0,0,24.64218299490558,15.505389067918758,33.7789769218924,28
FOODS_3_252_TX_1_validation,FOODS_3_252,FOODS_3,FOODS,TX_1,TX,2016-05-14,11616,Saturday,1,5,2016,,,0,0,1,1.58,32.717825062245716,44.88190974043992,39.33844190449935,31.0,32.798761847381016,31.267461677300066,5,1.58,0.0,0,39.36516733747897,24.769405998548294,53.96092867640965,44
FOODS_3_252_TX_2_validation,FOODS_3_252,FOODS_3,FOODS,TX_2,TX,2016-05-14,11616,Saturday,1,5,2016,,,0,0,1,1.58,53.98182710775699,71.767498714091,75.70061223806768,48.0,50.35430988154727,48.4091139013354,5,1.58,0.0,0,65.14684058512714,40.99178672712989,89.30189444312438,67
FOODS_3_252_TX_3_validation,FOODS_3_252,FOODS_3,FOODS,TX_3,TX,2016-05-14,11616,Saturday,1,5,2016,,,0,0,1,1.58,36.98970406534001,50.621605739477914,49.47854017357905,39.0,36.4521041377667,33.17087012299035,5,1.58,0.0,0,47.71430591481031,30.022862725586457,65.40574910403416,47
FOODS_3_318_WI_3_validation,FOODS_3_318,FOODS_3,FOODS,WI_3,WI,2016-05-14,11616,Saturday,1,5,2016,,,0,0,1,1.48,25.240764117032747,36.45978614631426,37.73760967539943,48.0,25.613480949137482,24.377368052607753,5,1.48,0.0,0,35.632081876547105,22.420468710504217,48.84369504258999,27
FOODS_3_377_TX_2_validation,FOODS_3_377,FOODS_3,FOODS,TX_2,TX,2016-05-14,11616,Saturday,1,5,2016,,,0,0,1,1.68,30.38497387368421,34.351011703369075,35.87178124703061,36.0,27.434374199832565,27.293279767987844,5,1.68,0.0,0,35.20584318643075,22.15227020197839,48.25941617088311,20
FOODS_3_377_TX_3_validation,FOODS_3_377,FOODS_3,FOODS,TX_3,TX,2016-05-14,11616,Saturday,1,5,2016,,,0,0,1,1.68,47.61522797638734,52.84540276705877,49.347648606086075,45.0,43.62101614447412,42.07961947759351,5,1.68,0.0,0,49.78115421408949,31.323367921547188,68.23894050663179,44
FOODS_3_491_WI_1_validation,FOODS_3_491,FOODS_3,FOODS,WI_1,WI,2016-05-14,11616,Saturday,1,5,2016,,,0,0,1,1.44,21.790943429686802,26.42527133705915,22.166184945617456,28.0,21.084311460037835,19.48778833016235,5,1.44,0.0,0,26.041592905460035,16.385927741506812,35.69725806941326,17
FOODS_3_541_CA_3_validation,FOODS_3_541,FOODS_3,FOODS,CA_3,CA,2016-05-14,11616,Saturday,1,5,2016,,,0,0,1,0.88,5.794286563421812,5.805275984126665,5.464009785533584,0.0,5.017336401237615,3.5687467679683147,5,0.88,0.0,0,6.214511008182902,3.9103033634909976,8.518718652874806,0
FOODS_3_555_CA_2_validation,FOODS_3_555,FOODS_3,FOODS,CA_2,CA,2016-05-14,11616,Saturday,1,5,2016,,,0,0,1,1.68,20.92617537204415,24.97235761060784,25.81934405563972,30.0,22.122627879000277,22.147247829308277,5,1.68,0.0,0,26.75049058848695,16.831981339394257,36.66899983757964,25
FOODS_3_555_TX_1_validation,FOODS_3_555,FOODS_3,FOODS,TX_1,TX,2016-05-14,11616,Saturday,1,5,2016,,,0,0,1,1.68,32.62027311911354,35.882715493914596,33.18178659385061,19.0,29.054293267229344,28.903020188029615,5,1.68,0.0,0,32.52845544547111,20.46760051918942,44.589310371752795,37
FOODS_3_555_TX_2_validation,FOODS_3_555,FOODS_3,FOODS,TX_2,TX,2016-05-14,11616,Saturday,1,5,2016,,,0,0,1,1.68,45.043873568928554,53.92968178624872,54.48164556717014,57.0,40.88982035832584,40.03508532985607,5,1.68,0.0,0,54.15572313055857,34.07594033237214,74.235505928745,44
FOODS_3_555_TX_3_validation,FOODS_3_555,FOODS_3,FOODS,TX_3,TX,2016-05-14,11616,Saturday,1,5,2016,,,0,0,1,1.68,33.17051244726982,39.43395456792835,36.1669809787668,27.0,29.471429406922514,28.296373348068748,5,1.68,0.0,0,34.92689277882913,21.976748633884693,47.87703692377357,7
FOODS_3_555_WI_3_validation,FOODS_3_555,FOODS_3,FOODS,WI_3,WI,2016-05-14,11616,Saturday,1,5,2016,,,0,0,1,1.68,25.646865548679404,35.988641701223855,36.6431689816728,43.0,26.912873896699335,28.60895798227034,5,1.68,0.0,0,35.91891883843361,22.60095266738537,49.23688500948185,34
FOODS_3_586_CA_1_validation,FOODS_3_586,FOODS_3,FOODS,CA_1,CA,2016-05-14,11616,Saturday,1,5,2016,,,0,0,1,1.68,35.544551896628825,46.41000897369981,43.91163079246532,37.0,37.528460320805394,38.28270374026522,5,1.68,0.0,0,42.89588684959221,26.99101029944671,58.800763399737704,45
FOODS_3_586_CA_2_validation,FOODS_3_586,FOODS_3,FOODS,CA_2,CA,2016-05-14,11616,Saturday,1,5,2016,,,0,0,1,1.68,32.082819938456275,43.55016664118742,41.912723627013165,47.0,33.416319854199635,34.34418892340874,5,1.68,0.0,0,43.536939274858675,27.39437420875395,59.6795043409634,45
FOODS_3_586_CA_3_validation,FOODS_3_586,FOODS_3,FOODS,CA_3,CA,2016-05-14,11616,Saturday,1,5,2016,,,0,0,1,1.68,65.65222432561704,78.16560031299873,77.4117782868567,85.0,70.65013077455419,69.6478461493547,5,1.68,0.0,0,79.12324620873268,49.78604034540118,108.46045207206419,82
FOODS_3_586_CA_4_validation,FOODS_3_586,FOODS_3,FOODS,CA_4,CA,2016-05-14,11616,Saturday,1,5,2016,,,0,0,1,1.68,20.150475131082924,20.12307829337379,21.172072997540266,20.0,17.78046065690769,17.325260298710766,5,1.68,0.0,0,22.625083867991446,14.236187116215506,31.013980619767388,25
FOODS_3_586_TX_1_validation,FOODS_3_586,FOODS_3,FOODS,TX_1,TX,2016-05-14,11616,Saturday,1,5,2016,,,0,0,1,1.68,53.93452202306414,58.18201782718585,56.05032372875572,50.0,51.965953383613886,54.834721001708544,5,1.68,0.0,0,59.69145437755351,37.55914093914616,81.82376781596086,70
FOODS_3_586_TX_2_validation,FOODS_3_586,FOODS_3,FOODS,TX_2,TX,2016-05-14,11616,Saturday,1,5,2016,,,0,0,1,1.68,77.83292202769631,93.02616750209407,89.6816816198167,78.0,71.86239768083752,70.71516570509708,5,1.68,0.0,0,85.60396457745638,53.86384707897843,117.34408207593434,83
FOODS_3_586_TX_3_validation,FOODS_3_586,FOODS_3,FOODS,TX_3,TX,2016-05-14,11616,Saturday,1,5,2016,,,0,0,1,1.68,58.71110117359145,67.73865594407654,63.38240798224883,67.0,54.599097196256714,54.99505669155458,5,1.68,0.0,0,66.27018933217066,41.6986218068576,90.84175685748372,70
FOODS_3_586_WI_1_validation,FOODS_3_586,FOODS_3,FOODS,WI_1,WI,2016-05-14,11616,Saturday,1,5,2016,,,0,0,1,1.68,18.663566373844787,20.289088817751868,22.17281274753018,32.0,16.432677113416407,15.83138137566941,5,1.68,0.0,0,24.040134078669272,15.126567001460902,32.95370115587764,23
FOODS_3_586_WI_3_validation,FOODS_3_586,FOODS_3,FOODS,WI_3,WI,2016-05-14,11616,Saturday,1,5,2016,,,0,0,1,1.68,34.94684909689907,41.63496213300926,42.95251912746972,48.0,33.53064821228188,33.550484536111426,5,1.68,0.0,0,44.350761578532065,27.90644862412594,60.795074532938195,38
FOODS_3_587_CA_1_validation,FOODS_3_587,FOODS_3,FOODS,CA_1,CA,2016-05-14,11616,Saturday,1,5,2016,,,0,0,1,2.48,22.39527382053334,25.7421965625166,26.058808680160507,27.0,23.475278848223944,21.697056887085797,5,2.48,0.0,0,26.403206726116313,16.613462898711486,36.19295055352114,20
FOODS_3_587_CA_4_validation,FOODS_3_587,FOODS_3,FOODS,CA_4,CA,2016-05-14,11616,Saturday,1,5,2016,,,0,0,1,2.48,14.242179027608948,19.186922788748443,14.692224935098212,11.0,17.03155370101058,16.72729991199205,5,2.48,0.0,0,16.10841759782397,10.135761193495144,22.081074002152793,16
FOODS_3_587_TX_1_validation,FOODS_3_587,FOODS_3,FOODS,TX_1,TX,2016-05-14,11616,Saturday,1,5,2016,,,0,0,1,2.48,27.052888393602807,29.100977461804334,25.402908349703836,24.0,25.54916906020569,23.76318219102168,5,2.48,0.0,0,28.92866177113752,18.202533276716856,39.654790265558184,19
FOODS_3_587_TX_2_validation,FOODS_3_587,FOODS_3,FOODS,TX_2,TX,2016-05-14,11616,Saturday,1,5,2016,,,0,0,1,2.48,27.851656235505303,34.363697554240005,31.968475596727455,26.0,29.40124183174405,28.659149807989497,5,2.48,0.0,0,32.419694681735606,20.39916591835103,44.44022344512018,17
FOODS_3_635_CA_3_validation,FOODS_3_635,FOODS_3,FOODS,CA_3,CA,2016-05-14,11616,Saturday,1,5,2016,,,0,0,1,0.88,5.794286563421812,5.805275984126665,5.464009785533584,0.0,5.051309171367523,3.5286649303078397,5,0.88,0.0,0,6.214511008182902,3.9103033634909976,8.518718652874806,5
FOODS_3_635_CA_4_validation,FOODS_3_635,FOODS_3,FOODS,CA_4,CA,2016-05-14,11616,Saturday,1,5,2016,,,0,0,1,1.0,6.916367854338287,7.302337961257118,6.339189833655706,0.0,6.134357362270539,3.9672580153356667,5,1.0,0.0,0,7.538591600959113,4.743443217720634,10.333739984197592,0
FOODS_3_694_WI_1_validation,FOODS_3_694,FOODS_3,FOODS,WI_1,WI,2016-05-14,11616,Saturday,1,5,2016,,,0,0,1,1.68,22.815509783652193,27.371616592237398,27.93527749266032,34.0,23.061289511358208,21.99469183433671,5,1.68,0.0,0,29.472425934675464,18.544681329046078,40.40017054030485,10
FOODS_3_694_WI_2_validation,FOODS_3_694,FOODS_3,FOODS,WI_2,WI,2016-05-14,11616,Saturday,1,5,2016,,,0,0,1,1.68,39.672440527616246,40.00155927533441,39.678382298426556,44.0,35.59657052647932,35.35797038719599,5,1.68,0.0,0,42.63221181366415,26.825100322217533,58.43932330511077,31
FOODS_3_694_WI_3_validation,FOODS_3_694,FOODS_3,FOODS,WI_3,WI,2016-05-14,11616,Saturday,1,5,2016,,,0,0,1,1.68,51.21809811613406,55.60142805506513,55.75419580491536,58.0,43.82586294054907,44.31874287939325,5,1.68,0.0,0,58.076198601177765,36.54278742606306,79.60960977629247,64
FOODS_3_711_WI_2_validation,FOODS_3_711,FOODS_3,FOODS,WI_2,WI,2016-05-14,11616,Saturday,1,5,2016,,,0,0,1,0.25,28.38531260135749,35.189495910667425,25.980981722000084,0.0,31.42127752082325,27.043370867707075,5,0.25,0.0,0,32.22671663970055,20.2777400031252,44.175693276275894,0
FOODS_3_714_CA_1_validation,FOODS_3_714,FOODS_3,FOODS,CA_1,CA,2016-05-14,11616,Saturday,1,5,2016,,,0,0,1,1.58,20.978836403163314,27.334280606073616,28.98438520442508,37.0,19.606220167094722,19.065297712466133,5,1.58,0.0,0,30.41845445882459,19.13994272854602,41.696966189103165,40
FOODS_3_714_TX_1_validation,FOODS_3_714,FOODS_3,FOODS,TX_1,TX,2016-05-14,11616,Saturday,1,5,2016,,,0,0,1,1.58,23.274918168780435,30.41520440334735,28.41241086528945,31.0,22.48831223014176,20.33598150652128,5,1.58,0.0,0,29.954131061893897,18.847780507194265,41.06048161659353,41
FOODS_3_714_WI_1_validation,FOODS_3_714,FOODS_3,FOODS,WI_1,WI,2016-05-14,11616,Saturday,1,5,2016,,,0,0,1,1.58,22.14444899243203,28.076803006839498,29.696817832183925,39.0,19.370377548652037,18.98658086235855,5,1.58,0.0,0,31.00858249931113,19.51126392478598,42.505901073836284,14
FOODS_3_808_CA_4_validation,FOODS_3_808,FOODS_3,FOODS,CA_4,CA,2016-05-14,11616,Saturday,1,5,2016,,,0,0,1,1.0,6.916367854338287,7.302337961257118,6.339189833655706,0.0,6.134357362270539,3.9758888504738605,5,1.0,0.0,0,7.538591600959113,4.743443217720634,10.333739984197592,0
HOBBIES_1_008_TX_2_validation,HOBBIES_1_008,HOBBIES_1,HOBBIES,TX_2,TX,2016-05-14,11616,Saturday,1,5,2016,,,0,0,1,0.48,6.55618776525532,6.393990484046601,6.02046845395128,9.0,5.481399605815865,4.517366486904832,5,0.48,0.0,0,7.43164761288727,4.676151771022441,10.187143454752098,0
HOBBIES_1_015_CA_2_validation,HOBBIES_1_015,HOBBIES_1,HOBBIES,CA_2,CA,2016-05-14,11616,Saturday,1,5,2016,,,0,0,1,0.7,6.707072949620668,12.16826415847532,11.678718804933697,3.0,7.364668039514315,6.821568165552612,5,0.7,0.0,0,8.7618859989154,5.5131662405891415,12.010605757241658,6
HOBBIES_1_048_WI_3_validation,HOBBIES_1_048,HOBBIES_1,HOBBIES,WI_3,WI,2016-05-14,11616,Saturday,1,5,2016,,,0,0,1,0.48,7.251747129077274,8.13210283268716,7.250160323540835,6.0,6.107731073122689,5.595730539668138,5,0.48,0.0,0,7.40474917926543,4.659226700759371,10.150271657771489,15
HOBBIES_1_103_WI_3_validation,HOBBIES_1_103,HOBBIES_1,HOBBIES,WI_3,WI,2016-05-14,11616,Saturday,1,5,2016,,,0,0,1,0.7,6.521455309952702,9.007443163557252,10.094678876739351,13.0,6.066723500740571,5.409187854787362,5,0.7,0.0,0,9.26553409759638,5.830072406125717,12.700995789067042,2
HOBBIES_1_178_CA_4_validation,HOBBIES_1_178,HOBBIES_1,HOBBIES,CA_4,CA,2016-05-14,11616,Saturday,1,5,2016,,,0,0,1,0.48,7.635482440887474,7.6944832844616595,6.49954477928411,4.0,6.840108685360112,6.394048088164884,5,0.48,0.0,0,6.898967925198232,4.340978308188264,9.4569575422082,37
HOBBIES_1_178_WI_2_validation,HOBBIES_1_178,HOBBIES_1,HOBBIES,WI_2,WI,2016-05-14,11616,Saturday,1,5,2016,,,0,0,1,0.48,6.258142314089288,6.329828633136546,5.017192245082552,2.0,5.516041606523274,6.013555050901865,5,0.48,0.0,0,6.393990484046601,4.023235691911256,8.764745276181944,0
HOBBIES_1_234_CA_3_validation,HOBBIES_1_234,HOBBIES_1,HOBBIES,CA_3,CA,2016-05-14,11616,Saturday,1,5,2016,,,0,0,1,0.3,27.116429867837596,41.99478544126571,27.118184983115878,12.0,30.43681146366426,28.512853942471423,5,0.3,0.0,0,25.38090699093542,15.97021002045443,34.791603961416406,0
HOBBIES_1_254_CA_3_validation,HOBBIES_1_254,HOBBIES_1,HOBBIES,CA_3,CA,2016-05-14,11616,Saturday,1,5,2016,,,0,0,1,0.7,9.047883647261873,13.500583279135025,15.386032944199854,18.0,10.059966268941762,12.590641661720026,5,0.7,0.0,0,12.573783981738385,7.911694054586149,17.23587390889062,12
HOBBIES_1_254_TX_1_validation,HOBBIES_1_254,HOBBIES_1,HOBBIES,TX_1,TX,2016-05-14,11616,Saturday,1,5,2016,,,0,0,1,0.7,5.97376603928551,8.068241804435177,5.610055198214132,0.0,5.673851493825755,4.932387753657319,5,0.7,0.0,0,6.643634303547761,4.180316927391368,9.106951679704153,4
HOBBIES_1_348_CA_1_validation,HOBBIES_1_348,HOBBIES_1,HOBBIES,CA_1,CA,2016-05-14,11616,Saturday,1,5,2016,,,0,0,1,0.48,6.008498494588128,7.934339439232403,7.968802659555018,4.0,6.600860230965479,7.025979372781387,5,0.48,0.0,0,6.983496567707319,4.394165539601867,9.57282759581277,4
HOBBIES_1_348_CA_2_validation,HOBBIES_1_348,HOBBIES_1,HOBBIES,CA_2,CA,2016-05-14,11616,Saturday,1,5,2016,,,0,0,1,0.48,6.3026249591437855,7.189984229017857,6.470161695120644,5.0,6.3290512664054175,6.163719610714675,5,0.48,0.0,0,6.586064075352053,4.144092507375988,9.028035643328119,5
HOBBIES_1_354_TX_3_validation,HOBBIES_1_354,HOBBIES_1,HOBBIES,TX_3,TX,2016-05-14,11616,Saturday,1,5,2016,,,0,0,1,22.98,21.42540057417595,21.545610871297164,22.968692521446645,21.0,22.202988320840188,22.653943448403748,5,22.98,0.0,0,22.931793096037104,14.42917512837953,31.43441106369468,27
HOBBIES_1_370_WI_1_validation,HOBBIES_1_370,HOBBIES_1,HOBBIES,WI_1,WI,2016-05-14,11616,Saturday,1,5,2016,,,0,0,1,0.48,6.850314229810979,8.98409626680089,8.596431206481123,22.0,6.193095836254068,6.332719409346971,5,0.48,0.0,0,9.058437579035122,5.6997628432283225,12.417112314841921,13
HOBBIES_1_371_CA_1_validation,HOBBIES_1_371,HOBBIES_1,HOBBIES,CA_1,CA,2016-05-14,11616,Saturday,1,5,2016,,,0,0,1,0.48,8.05390763595204,10.73872759906735,8.939574622328115,20.0,7.192398466723473,9.573765576414745,5,0.48,0.0,0,9.904687200309622,6.232241221022721,13.577133179596524,6
HOBBIES_1_371_CA_4_validation,HOBBIES_1_371,HOBBIES_1,HOBBIES,CA_4,CA,2016-05-14,11616,Saturday,1,5,2016,,,0,0,1,0.48,6.311944817693852,6.46118316745033,6.291961300850958,3.0,6.154985796663294,7.314206638966361,5,0.48,0.0,0,6.393990484046601,4.023235691911256,8.764745276181944,23
HOBBIES_1_371_TX_1_validation,HOBBIES_1_371,HOBBIES_1,HOBBIES,TX_1,TX,2016-05-14,11616,Saturday,1,5,2016,,,0,0,1,0.48,5.97376603928551,6.349810435650059,6.0080231863613545,0.0,5.364445982148465,4.07731925041852,5,0.48,0.0,0,6.393990484046601,4.023235691911256,8.764745276181944,0
HOBBIES_1_371_TX_2_validation,HOBBIES_1_371,HOBBIES_1,HOBBIES,TX_2,TX,2016-05-14,11616,Saturday,1,5,2016,,,0,0,1,0.48,6.008498494588128,6.688116948602258,6.657511455479402,9.0,5.604171961616771,4.383554139699686,5,0.48,0.0,0,7.614401345642658,4.791144331972604,10.437658359312712,0
HOBBIES_1_371_TX_3_validation,HOBBIES_1_371,HOBBIES_1,HOBBIES,TX_3,TX,2016-05-14,11616,Saturday,1,5,2016,,,0,0,1,0.48,6.008498494588128,8.427868866045982,6.81371656481667,4.0,6.178713926541191,5.093816361609967,5,0.48,0.0,0,6.745687176797966,4.2445307799372465,9.246843573658685,0
HOBBIES_1_371_WI_1_validation,HOBBIES_1_371,HOBBIES_1,HOBBIES,WI_1,WI,2016-05-14,11616,Saturday,1,5,2016,,,0,0,1,0.48,7.163218079657156,8.737362331550061,8.33703486115198,4.0,6.717574982530457,7.564573455954866,5,0.48,0.0,0,7.186413440138292,4.521845179678314,9.85098170059827,19
HOBBIES_1_371_WI_2_validation,HOBBIES_1_371,HOBBIES_1,HOBBIES,WI_2,WI,2016-05-14,11616,Saturday,1,5,2016,,,0,0,1,0.48,6.008498494588128,6.622184282153268,5.017192245082552,4.0,5.785117266235444,4.953414024031068,5,0.48,0.0,0,6.586064075352053,4.144092507375988,9.028035643328119,0
HOUSEHOLD_1_110_CA_1_validation,HOUSEHOLD_1_110,HOUSEHOLD_1,HOUSEHOLD,CA_1,CA,2016-05-14,11616,Saturday,1,5,2016,,,0,0,1,3.97,7.515900709576414,9.613312520907602,8.840648643506155,10.0,8.188495854406685,9.06779867309242,5,3.97,0.0,0,9.598432304157962,6.039539084212509,13.157325524103413,14
HOUSEHOLD_1_110_CA_4_validation,HOUSEHOLD_1_110,HOUSEHOLD_1,HOUSEHOLD,CA_4,CA,2016-05-14,11616,Saturday,1,5,2016,,,0,0,1,3.97,6.950529075739187,7.499379500999219,6.719645573990269,6.0,6.307214544743244,6.234305674651965,5,3.97,0.0,0,8.149121644916614,5.127601791300403,11.170641498532824,4
HOUSEHOLD_1_110_WI_2_validation,HOUSEHOLD_1_110,HOUSEHOLD_1,HOUSEHOLD,WI_2,WI,2016-05-14,11616,Saturday,1,5,2016,,,0,0,1,3.97,27.579748277351374,33.0019167222002,29.87710243599949,18.0,23.93570550867679,24.46418931274821,5,3.97,0.0,0,30.293255405410754,19.06116480393934,41.52534600688217,34
HOUSEHOLD_1_110_WI_3_validation,HOUSEHOLD_1_110,HOUSEHOLD_1,HOUSEHOLD,WI_3,WI,2016-05-14,11616,Saturday,1,5,2016,,,0,0,1,3.97,13.587359570151806,17.302038511438635,15.435911643391188,20.0,13.982240611176803,13.996650495102406,5,3.97,0.0,0,17.391383984715457,10.943031109229764,23.83973686020115,10
HOUSEHOLD_1_118_CA_1_validation,HOUSEHOLD_1_118,HOUSEHOLD_1,HOUSEHOLD,CA_1,CA,2016-05-14,11616,Saturday,1,5,2016,,,0,0,1,0.97,6.710398669287814,9.090640386663146,7.402481759871409,8.0,7.443909601322086,8.25911256792692,5,0.97,0.0,0,8.233432940207228,5.180652263191284,11.286213617223172,19
HOUSEHOLD_1_118_CA_3_validation,HOUSEHOLD_1_118,HOUSEHOLD_1,HOUSEHOLD,CA_3,CA,2016-05-14,11616,Saturday,1,5,2016,,,0,0,1,0.97,20.707611154771183,22.801259168829688,22.139958486421886,20.0,20.322709654539718,22.205189678133916,5,0.97,0.0,0,22.31648745816841,14.042011648877311,30.590963267459507,25
HOUSEHOLD_1_118_TX_3_validation,HOUSEHOLD_1_118,HOUSEHOLD_1,HOUSEHOLD,TX_3,TX,2016-05-14,11616,Saturday,1,5,2016,,,0,0,1,0.97,6.496973064237338,6.92712321955271,6.064193173048612,9.0,6.731794520514326,6.616553591730863,5,0.97,0.0,0,7.93410847609829,4.992310902585575,10.875906049611004,6
HOUSEHOLD_1_151_CA_4_validation,HOUSEHOLD_1_151,HOUSEHOLD_1,HOUSEHOLD,CA_4,CA,2016-05-14,11616,Saturday,1,5,2016,,,0,0,1,0.88,5.794286563421812,6.486884854686111,4.837712769218853,2.0,5.343290717917083,4.673349985070649,5,0.88,0.0,0,6.214511008182902,3.9103033634909976,8.518718652874806,7
HOUSEHOLD_1_191_CA_2_validation,HOUSEHOLD_1_191,HOUSEHOLD_1,HOUSEHOLD,CA_2,CA,2016-05-14,11616,Saturday,1,5,2016,,,0,0,1,2.96,12.46050242553455,18.06558830919381,16.651294608868145,21.0,11.136773280537982,11.134435032990991,5,2.96,0.0,0,17.17155340561628,10.804709002837514,23.538397808395047,21
HOUSEHOLD_1_191_CA_4_validation,HOUSEHOLD_1_191,HOUSEHOLD_1,HOUSEHOLD,CA_4,CA,2016-05-14,11616,Saturday,1,5,2016,,,0,0,1,2.96,7.982540923007619,7.528302871344174,6.1719563033230775,3.0,6.51857085053297,5.588163526449449,5,2.96,0.0,0,7.879358493146591,4.957861041252125,10.800855945041057,3
HOUSEHOLD_1_234_CA_2_validation,HOUSEHOLD_1_234,HOUSEHOLD_1,HOUSEHOLD,CA_2,CA,2016-05-14,11616,Saturday,1,5,2016,,,0,0,1,0.97,7.275770303125042,7.822783497264826,7.432002781766494,0.0,6.681317699802449,6.8512960119195,5,0.97,0.0,0,7.493674672753934,4.7151805249348095,10.272168820573057,1
HOUSEHOLD_1_234_TX_1_validation,HOUSEHOLD_1_234,HOUSEHOLD_1,HOUSEHOLD,TX_1,TX,2016-05-14,11616,Saturday,1,5,2016,,,0,0,1,0.97,12.201972124352096,11.599679594729606,12.165258946502464,17.0,10.560356977381721,11.22632901511586,5,0.97,0.0,0,14.620055562436475,9.199251938719561,20.040859186153387,4
HOUSEHOLD_1_234_TX_2_validation,HOUSEHOLD_1_234,HOUSEHOLD_1,HOUSEHOLD,TX_2,TX,2016-05-14,11616,Saturday,1,5,2016,,,0,0,1,0.97,8.602937459906881,7.026904061006367,6.186279694988788,9.0,5.971614301145428,4.536690614236316,5,0.97,0.0,0,8.20137862363803,5.160483001003174,11.242274246272887,7
HOUSEHOLD_1_303_CA_2_validation,HOUSEHOLD_1_303,HOUSEHOLD_1,HOUSEHOLD,CA_2,CA,2016-05-14,11616,Saturday,1,5,2016,,,0,0,1,0.98,7.044049561277142,10.346130382154017,9.122780113447607,9.0,7.220641390688532,6.482306572659924,5,0.98,0.0,0,9.037635910520393,5.6866739880871435,12.388597832953643,13
HOUSEHOLD_1_303_CA_3_validation,HOUSEHOLD_1_303,HOUSEHOLD_1,HOUSEHOLD,CA_3,CA,2016-05-14,11616,Saturday,1,5,2016,,,0,0,1,0.98,14.269314444975937,14.367365035333934,14.745882924523777,17.0,11.760017945180204,12.1144868188378,5,0.98,0.0,0,16.785783068125905,10.5619740481102,23.00959208814161,16
HOUSEHOLD_1_303_WI_1_validation,HOUSEHOLD_1_303,HOUSEHOLD_1,HOUSEHOLD,WI_1,WI,2016-05-14,11616,Saturday,1,5,2016,,,0,0,1,0.98,7.157492519425742,8.947048525909612,5.646732303936391,0.0,6.3911658154263264,5.1454883495457695,5,0.98,0.0,0,7.769207533427064,4.888551699339965,10.649863367514163,9
HOUSEHOLD_1_327_CA_2_validation,HOUSEHOLD_1_327,HOUSEHOLD_1,HOUSEHOLD,CA_2,CA,2016-05-14,11616,Saturday,1,5,2016,,,0,0,1,0.98,6.7059785857297625,8.702026075203644,6.854308676301065,2.0,6.195658724149646,4.694042080460603,5,0.98,0.0,0,7.757817448528669,4.881384814088656,10.63425008296868,4
HOUSEHOLD_1_327_WI_1_validation,HOUSEHOLD_1_327,HOUSEHOLD_1,HOUSEHOLD,WI_1,WI,2016-05-14,11616,Saturday,1,5,2016,,,0,0,1,0.98,6.885067530780176,7.284022283954045,6.725923342008273,1.0,6.1796274014108805,4.825722243679231,5,0.98,0.0,0,7.507291277401002,4.723748384076204,10.2908341707258,1
HOUSEHOLD_1_334_CA_1_validation,HOUSEHOLD_1_334,HOUSEHOLD_1,HOUSEHOLD,CA_1,CA,2016-05-14,11616,Saturday,1,5,2016,,,0,0,1,0.97,12.168324786483012,16.043609551353466,15.257427333476226,18.0,11.168421175512062,11.422656101921447,5,0.97,0.0,0,15.754885211394498,9.913311047709279,21.596459375079718,8
HOUSEHOLD_1_334_CA_3_validation,HOUSEHOLD_1_334,HOUSEHOLD_1,HOUSEHOLD,CA_3,CA,2016-05-14,11616,Saturday,1,5,2016,,,0,0,1,0.97,20.239829407574106,24.85936183122934,27.964597850289806,37.0,22.549707279025263,23.147755064018497,5,0.97,0.0,0,26.999869381233133,16.988895814366575,37.010842948099686,9
HOUSEHOLD_1_334_TX_1_validation,HOUSEHOLD_1_334,HOUSEHOLD_1,HOUSEHOLD,TX_1,TX,2016-05-14,11616,Saturday,1,5,2016,,,0,0,1,0.96,9.989664984653963,10.318560500912893,10.684484628561489,11.0,9.420280406805363,9.372080448725516,5,0.96,0.0,0,10.914024725878571,6.867337999503442,14.9607114522537,16
HOUSEHOLD_1_334_TX_2_validation,HOUSEHOLD_1_334,HOUSEHOLD_1,HOUSEHOLD,TX_2,TX,2016-05-14,11616,Saturday,1,5,2016,,,0,0,1,0.96,10.696308863219238,15.356952816224084,13.960868136696298,11.0,10.335164472497793,10.102614406454734,5,0.96,0.0,0,12.622030752516448,7.942051955602435,17.302009549430462,25
HOUSEHOLD_1_334_TX_3_validation,HOUSEHOLD_1_334,HOUSEHOLD_1,HOUSEHOLD,TX_3,TX,2016-05-14,11616,Saturday,1,5,2016,,,0,0,1,0.96,10.37867216678541,13.110654725015449,13.426923645198361,12.0,9.54432780793889,10.502281028639533,5,0.96,0.0,0,12.915165904677668,8.126498868632945,17.70383294072239,0
HOUSEHOLD_1_334_WI_2_validation,HOUSEHOLD_1_334,HOUSEHOLD_1,HOUSEHOLD,WI_2,WI,2016-05-14,11616,Saturday,1,5,2016,,,0,0,1,0.97,20.482903299961013,26.17615647925144,25.434758304067383,15.0,17.787591113089608,18.543088294217537,5,0.97,0.0,0,22.862315943617453,14.385458616744968,31.339173270489937,23
HOUSEHOLD_1_334_WI_3_validation,HOUSEHOLD_1_334,HOUSEHOLD_1,HOUSEHOLD,WI_3,WI,2016-05-14,11616,Saturday,1,5,2016,,,0,0,1,0.97,10.914350542883096,14.868650469831916,14.84577573787665,12.0,10.697175412433998,11.34133993232152,5,0.97,0.0,0,13.047298062606815,8.209639251021091,17.88495687419254,18
HOUSEHOLD_1_389_WI_1_validation,HOUSEHOLD_1_389,HOUSEHOLD_1,HOUSEHOLD,WI_1,WI,2016-05-14,11616,Saturday,1,5,2016,,,0,0,1,0.98,6.8080314589799675,7.091948692648593,6.238601623000124,3.0,6.0032028126444015,4.514294932574277,5,0.98,0.0,0,7.328202332350587,4.611061786003952,10.045342878697221,2
HOUSEHOLD_1_399_CA_4_validation,HOUSEHOLD_1_399,HOUSEHOLD_1,HOUSEHOLD,CA_4,CA,2016-05-14,11616,Saturday,1,5,2016,,,0,0,1,0.97,6.443359232530482,7.109876952308096,6.690877204387435,0.0,5.723244943621192,4.306431784534657,5,0.97,0.0,0,7.146283838656488,4.496594775351532,9.795972901961443,6
HOUSEHOLD_1_409_WI_2_validation,HOUSEHOLD_1_409,HOUSEHOLD_1,HOUSEHOLD,WI_2,WI,2016-05-14,11616,Saturday,1,5,2016,,,0,0,1,2.94,12.865106568463013,13.973792032086077,15.813593795436116,2.0,10.168685691502281,10.624638917888946,5,2.94,0.0,0,14.432502641319694,9.081239625713787,19.7837656569256,12
HOUSEHOLD_1_441_WI_3_validation,HOUSEHOLD_1_441,HOUSEHOLD_1,HOUSEHOLD,WI_3,WI,2016-05-14,11616,Saturday,1,5,2016,,,0,0,1,2.77,10.028717451391088,7.970902633777293,10.210062417744345,20.0,7.145759750036958,7.385037977765043,5,2.77,0.0,0,12.877367530422816,8.102715322383109,17.652019738462524,9
HOUSEHOLD_1_459_CA_3_validation,HOUSEHOLD_1_459,HOUSEHOLD_1,HOUSEHOLD,CA_3,CA,2016-05-14,11616,Saturday,1,5,2016,,,0,0,1,0.97,25.410075849648173,32.062206653060706,28.860122979571976,29.0,24.278027552775622,25.838520238679042,5,0.97,0.0,0,27.983782714767578,17.607995146950806,38.35957028258435,25
HOUSEHOLD_1_459_TX_1_validation,HOUSEHOLD_1_459,HOUSEHOLD_1,HOUSEHOLD,TX_1,TX,2016-05-14,11616,Saturday,1,5,2016,,,0,0,1,0.96,7.62054270136126,9.010980799344225,8.160195423695933,10.0,7.170970117686936,7.547255734986999,5,0.96,0.0,0,9.102524939974927,5.727503554531813,12.477546325418041,10
HOUSEHOLD_1_459_TX_3_validation,HOUSEHOLD_1_459,HOUSEHOLD_1,HOUSEHOLD,TX_3,TX,2016-05-14,11616,Saturday,1,5,2016,,,0,0,1,0.96,6.4069523461820905,7.456191452526881,5.550324980588662,2.0,5.814385007789878,4.095904554484789,5,0.96,0.0,0,7.007824079057891,4.409472930534839,9.606175227580945,0
HOUSEHOLD_1_459_WI_1_validation,HOUSEHOLD_1_459,HOUSEHOLD_1,HOUSEHOLD,WI_1,WI,2016-05-14,11616,Saturday,1,5,2016,,,0,0,1,0.97,7.731915433161532,8.615203220966775,8.784448885207876,10.0,7.3060662123248,6.61189809123831,5,0.97,0.0,0,9.218249614016905,5.800319996814945,12.636179231218865,13
HOUSEHOLD_1_459_WI_2_validation,HOUSEHOLD_1_459,HOUSEHOLD_1,HOUSEHOLD,WI_2,WI,2016-05-14,11616,Saturday,1,5,2016,,,0,0,1,0.97,30.013707822599454,34.01224365950319,30.234731436965042,35.0,24.535820337868593,25.733179914687007,5,0.97,0.0,0,31.96933323476218,20.115788854802823,43.822877614721534,49
HOUSEHOLD_1_459_WI_3_validation,HOUSEHOLD_1_459,HOUSEHOLD_1,HOUSEHOLD,WI_3,WI,2016-05-14,11616,Saturday,1,5,2016,,,0,0,1,0.97,11.08802443677002,16.029400457206876,15.726809311757481,13.0,10.241637237208408,11.29233735096433,5,0.97,0.0,0,13.996723706510716,8.807038190994579,19.186409222026853,18
HOUSEHOLD_1_474_TX_2_validation,HOUSEHOLD_1_474,HOUSEHOLD_1,HOUSEHOLD,TX_2,TX,2016-05-14,11616,Saturday,1,5,2016,,,0,0,1,0.97,7.275770303125042,10.990392394804484,7.925037776094814,8.0,8.270771084181082,9.666493014059762,5,0.97,0.0,0,8.880395910379656,5.587735213883342,12.17305660687597,5
HOUSEHOLD_1_521_TX_1_validation,HOUSEHOLD_1_521,HOUSEHOLD_1,HOUSEHOLD,TX_1,TX,2016-05-14,11616,Saturday,1,5,2016,,,0,0,1,0.94,6.982245903666132,8.913812734549708,6.680227857511442,0.0,8.840990112982535,9.169112666886997,5,0.94,0.0,0,7.3491360286364875,4.624233715845137,10.074038341427839,6
HOUSEHOLD_1_521_TX_2_validation,HOUSEHOLD_1_521,HOUSEHOLD_1,HOUSEHOLD,TX_2,TX,2016-05-14,11616,Saturday,1,5,2016,,,0,0,1,0.94,7.826626392917393,10.926997442386092,9.651830117427856,19.0,7.353141393759544,6.799200821401676,5,0.94,0.0,0,11.335046454793567,7.132253884359278,15.537839025227855,11
HOUSEHOLD_1_521_TX_3_validation,HOUSEHOLD_1_521,HOUSEHOLD_1,HOUSEHOLD,TX_3,TX,2016-05-14,11616,Saturday,1,5,2016,,,0,0,1,0.94,6.644687999935026,9.42578570161748,6.543743859004189,8.0,6.738518730897424,6.762600210327443,5,0.94,0.0,0,8.033757041807469,5.055011913356427,11.01250217025851,26
HOUSEHOLD_1_535_CA_1_validation,HOUSEHOLD_1_535,HOUSEHOLD_1,HOUSEHOLD,CA_1,CA,2016-05-14,11616,Saturday,1,5,2016,,,0,0,1,6.97,7.60959107820665,11.279664045167687,9.4214096848581,9.0,9.15510217491406,8.658395503457482,5,6.97,0.0,0,9.761927548282303,6.142413791839929,13.381441304724678,4
FOODS_1_218_CA_2_validation,FOODS_1_218,FOODS_1,FOODS,CA_2,CA,2016-05-15,11616,Sunday,2,5,2016,,,0,1,1,0.98,13.958885439756822,6.378701825273894,6.597133940305729,7.0,11.11181523281209,9.070462407852412,6,0.98,0.0,0,9.373417603713078,5.897955017690465,12.848880189735691,0
FOODS_2_360_WI_2_validation,FOODS_2_360,FOODS_2,FOODS,WI_2,WI,2016-05-15,11616,Sunday,2,5,2016,,,0,1,1,0.94,54.55843422077809,56.03091056381243,48.190802313185884,35.0,48.277947218859865,44.88630728924416,6,0.94,0.0,0,47.20344982679543,29.70142113885596,64.70547851473489,120
FOODS_3_007_WI_2_validation,FOODS_3_007,FOODS_3,FOODS,WI_2,WI,2016-05-15,11616,Sunday,2,5,2016,,,0,1,1,0.25,30.294643847639,38.26326672881181,29.369535342647737,0.0,28.60391980323723,30.941719513991497,6,0.25,0.0,0,35.30118199766779,22.212259422974306,48.390104572361274,1
FOODS_3_030_TX_3_validation,FOODS_3_030,FOODS_3,FOODS,TX_3,TX,2016-05-15,11616,Sunday,2,5,2016,,,0,1,1,1.25,24.40761802115224,20.72130490503976,22.747422247318763,27.0,19.361657922335695,19.65862519213648,6,1.25,0.0,0,23.794607248226495,14.972076263630766,32.61713823282222,25
FOODS_3_080_CA_2_validation,FOODS_3_080,FOODS_3,FOODS,CA_2,CA,2016-05-15,11616,Sunday,2,5,2016,,,0,1,1,1.68,18.420386646514892,20.373817020663818,19.196785324615586,18.0,15.134007580610302,14.761947310330786,6,1.68,0.0,0,19.94029835217507,12.546862595118816,27.333734109231322,12
FOODS_3_090_CA_1_validation,FOODS_3_090,FOODS_3,FOODS,CA_1,CA,2016-05-15,11616,Sunday,2,5,2016,,,0,1,1,1.6,78.66621749985977,66.57010615674959,67.3416015294575,83.0,52.68985268719699,53.37228227394303,6,1.6,0.0,0,75.7177903000584,47.6432545853671,103.79232601474969,74
FOODS_3_090_CA_2_validation,FOODS_3_090,FOODS_3,FOODS,CA_2,CA,2016-05-15,11616,Sunday,2,5,2016,,,0,1,1,1.6,72.75349253730272,67.81020954387425,64.75767788523164,62.0,50.48384354477433,50.69344827008713,6,1.6,0.0,0,68.74824010401741,43.25786440137464,94.23861580666018,69
FOODS_3_090_CA_3_validation,FOODS_3_090,FOODS_3,FOODS,CA_3,CA,2016-05-15,11616,Sunday,2,5,2016,,,0,1,1,1.6,149.87394193680834,122.24116253281292,118.78386274225703,204.0,98.9600727981646,105.38877990104295,6,1.6,0.0,0,125.36735977466402,78.88382657193078,171.85089297739728,187
FOODS_3_090_CA_4_validation,FOODS_3_090,FOODS_3,FOODS,CA_4,CA,2016-05-15,11616,Sunday,2,5,2016,,,0,1,1,1.6,34.963749244168945,29.970278865193578,28.875721812683874,36.0,27.149036701697494,26.361809141216018,6,1.6,0.0,0,32.969365301183565,20.745030439181285,45.193700163185845,24
FOODS_3_090_TX_1_validation,FOODS_3_090,FOODS_3,FOODS,TX_1,TX,2016-05-15,11616,Sunday,2,5,2016,,,0,1,1,1.5,65.74444779922062,68.01573517507497,69.66186080867074,69.0,52.343193860376466,50.789533824064804,6,1.5,0.0,0,70.79292643362642,44.54442481158654,97.0414280556663,60
FOODS_3_090_TX_2_validation,FOODS_3_090,FOODS_3,FOODS,TX_2,TX,2016-05-15,11616,Sunday,2,5,2016,,,0,1,1,1.5,80.84349116498804,79.82362133163817,87.67633655989142,86.0,57.88163787049761,58.352879607630584,6,1.5,0.0,0,77.57811412150652,48.813810158703845,106.34241808430919,71
FOODS_3_090_TX_3_validation,FOODS_3_090,FOODS_3,FOODS,TX_3,TX,2016-05-15,11616,Sunday,2,5,2016,,,0,1,1,1.5,84.89548664104115,81.47031525930372,79.25677772431469,83.0,65.91872986295792,64.34545454915464,6,1.5,0.0,0,80.21625368662362,50.473784049047374,109.95872332419987,68
FOODS_3_090_WI_1_validation,FOODS_3_090,FOODS_3,FOODS,WI_1,WI,2016-05-15,11616,Sunday,2,5,2016,,,0,1,1,1.44,28.779521570698364,31.552141290071308,23.65379262709576,24.0,22.63486452547895,20.560531819899722,6,1.44,0.0,0,28.421251731972422,17.88326001769393,38.95924344625091,19
FOODS_3_090_WI_3_validation,FOODS_3_090,FOODS_3,FOODS,WI_3,WI,2016-05-15,11616,Sunday,2,5,2016,,,0,1,1,1.44,124.19561218165022,106.95483878774075,113.10211873641104,112.0,75.01551228665004,77.06043615172725,6,1.44,0.0,0,109.8978828178368,69.15010050787234,150.64566512780127,80
FOODS_3_120_CA_1_validation,FOODS_3_120,FOODS_3,FOODS,CA_1,CA,2016-05-15,11616,Sunday,2,5,2016,,,0,1,1,4.98,58.02437091476078,57.542847229908986,64.52116587705791,56.0,46.25471351732402,45.9325034993491,6,4.98,0.0,0,60.43354315695321,38.02607908540975,82.84100722849668,43
FOODS_3_120_CA_3_validation,FOODS_3_120,FOODS_3,FOODS,CA_3,CA,2016-05-15,11616,Sunday,2,5,2016,,,0,1,1,4.98,69.53117040608376,83.93111328149843,78.27580703476075,72.0,73.42580392629806,70.41775509292597,6,4.98,0.0,0,76.16513082558907,47.92473082047316,104.40553083070499,20
FOODS_3_226_WI_1_validation,FOODS_3_226,FOODS_3,FOODS,WI_1,WI,2016-05-15,11616,Sunday,2,5,2016,,,0,1,1,1.68,50.1787995003037,44.79583103608686,46.57568654376767,58.0,37.491515724718646,36.822625523989835,6,1.68,0.0,0,50.24746263608423,31.616779163163663,68.87814610900479,53
FOODS_3_226_WI_2_validation,FOODS_3_226,FOODS_3,FOODS,WI_2,WI,2016-05-15,11616,Sunday,2,5,2016,,,0,1,1,1.68,58.45582012674232,47.50977818042879,50.832970059507,67.0,46.31923978564642,44.924734170637876,6,1.68,0.0,0,54.18842278155446,34.09651565279652,74.28032991031239,60
FOODS_3_226_WI_3_validation,FOODS_3_226,FOODS_3,FOODS,WI_3,WI,2016-05-15,11616,Sunday,2,5,2016,,,0,1,1,1.68,54.46480131543513,44.495289323642645,46.47223137302175,46.0,45.29055551253974,44.76350873445073,6,1.68,0.0,0,50.151119542533685,31.55615802623692,68.74608105883046,71
FOODS_3_234_WI_2_validation,FOODS_3_234,FOODS_3,FOODS,WI_2,WI,2016-05-15,11616,Sunday,2,5,2016,,,0,1,1,0.25,29.40709233583541,36.181410737576535,36.36979253622035,0.0,30.457567820937438,29.93711016751345,6,0.25,0.0,0,34.41035139421848,21.651729736828155,47.1689730516088,0
FOODS_3_252_CA_1_validation,FOODS_3_252,FOODS_3,FOODS,CA_1,CA,2016-05-15,11616,Sunday,2,5,2016,,,0,1,1,1.58,52.37077283277118,48.54225952419224,50.501003504469786,49.0,37.50821483401233,37.59616376996525,6,1.58,0.0,0,50.22067068966265,31.59992109692662,68.84142028239867,61
FOODS_3_252_CA_2_validation,FOODS_3_252,FOODS_3,FOODS,CA_2,CA,2016-05-15,11616,Sunday,2,5,2016,,,0,1,1,1.58,49.087671588540836,45.016581319489674,45.24212421604993,55.0,36.02411334032632,35.94602761734385,6,1.58,0.0,0,49.2549851544109,30.992291085233454,67.51767922358836,46
FOODS_3_252_CA_3_validation,FOODS_3_252,FOODS_3,FOODS,CA_3,CA,2016-05-15,11616,Sunday,2,5,2016,,,0,1,1,1.58,55.911886517247524,53.62891821171247,55.68036862596359,81.0,45.29403743309424,46.06902283659705,6,1.58,0.0,0,56.14864695337663,35.329930665205325,76.96736324154793,72
FOODS_3_252_CA_4_validation,FOODS_3_252,FOODS_3,FOODS,CA_4,CA,2016-05-15,11616,Sunday,2,5,2016,,,0,1,1,1.58,24.64218299490558,16.607387182711037,16.076820554697065,12.0,18.200705396524214,16.969171756307514,6,1.58,0.0,0,18.985429252452516,11.946038516213454,26.02481998869158,23
FOODS_3_252_TX_1_validation,FOODS_3_252,FOODS_3,FOODS,TX_1,TX,2016-05-15,11616,Sunday,2,5,2016,,,0,1,1,1.58,39.36516733747897,39.127722224265966,35.05350574754868,35.0,32.01065578981517,31.566217653638603,6,1.58,0.0,0,36.244263314880726,22.805666376777666,49.68286025298379,35
FOODS_3_252_TX_2_validation,FOODS_3_252,FOODS_3,FOODS,TX_2,TX,2016-05-15,11616,Sunday,2,5,2016,,,0,1,1,1.58,65.14684058512714,64.43298558805563,68.97179539903311,63.0,49.408501577409574,49.02150106508994,6,1.58,0.0,0,65.97448840959393,41.51256045615492,90.43641636303295,50
FOODS_3_252_TX_3_validation,FOODS_3_252,FOODS_3,FOODS,TX_3,TX,2016-05-15,11616,Sunday,2,5,2016,,,0,1,1,1.58,47.71430591481031,39.72172420386655,35.40344122518872,28.0,36.03677559138562,33.48209533423358,6,1.58,0.0,0,39.21264752542197,24.673437267734204,53.751857783109735,39
FOODS_3_318_WI_3_validation,FOODS_3_318,FOODS_3,FOODS,WI_3,WI,2016-05-15,11616,Sunday,2,5,2016,,,0,1,1,1.48,35.632081876547105,30.351433763529602,34.281560556544896,28.0,25.495237482027886,23.93565669105587,6,1.48,0.0,0,32.64324987619876,20.539831632464995,44.74666811993252,42
FOODS_3_377_TX_2_validation,FOODS_3_377,FOODS_3,FOODS,TX_2,TX,2016-05-15,11616,Sunday,2,5,2016,,,0,1,1,1.68,35.20584318643075,31.80607409700974,32.0041160295783,32.0,27.55649298312709,27.264917024646085,6,1.68,0.0,0,32.73841159025874,20.599709420125897,44.87711376039159,35
FOODS_3_377_TX_3_validation,FOODS_3_377,FOODS_3,FOODS,TX_3,TX,2016-05-15,11616,Sunday,2,5,2016,,,0,1,1,1.68,49.78115421408949,47.90330248812825,44.84608571351934,41.0,43.183266351192785,42.25037498523955,6,1.68,0.0,0,47.281548369463046,29.750562413796953,64.81253432512914,46
FOODS_3_491_WI_1_validation,FOODS_3_491,FOODS_3,FOODS,WI_1,WI,2016-05-15,11616,Sunday,2,5,2016,,,0,1,1,1.44,26.041592905460035,27.142882691779437,25.026515370358272,26.0,21.02950025552368,19.417845219643063,6,1.44,0.0,0,26.560380717791524,16.7123601389757,36.408401296607344,18
FOODS_3_541_CA_3_validation,FOODS_3_541,FOODS_3,FOODS,CA_3,CA,2016-05-15,11616,Sunday,2,5,2016,,,0,1,1,0.88,6.214511008182902,4.49473073694124,4.960821360291209,0.0,5.075798547531364,3.7906935896891327,6,0.88,0.0,0,5.328899131634798,3.3530574120309815,7.3047408512386145,0
FOODS_3_555_CA_2_validation,FOODS_3_555,FOODS_3,FOODS,CA_2,CA,2016-05-15,11616,Sunday,2,5,2016,,,0,1,1,1.68,26.75049058848695,29.02591592389718,27.77785393561999,25.0,22.376646875840148,22.031193921754237,6,1.68,0.0,0,29.421038640101173,18.51234734322644,40.3297299369759,25
FOODS_3_555_TX_1_validation,FOODS_3_555,FOODS_3,FOODS,TX_1,TX,2016-05-15,11616,Sunday,2,5,2016,,,0,1,1,1.68,32.52845544547111,33.47038497322088,31.56248160884509,32.0,28.57511326030885,29.386179311082152,6,1.68,0.0,0,32.46154619545513,20.42549978671962,44.497592604190636,38
FOODS_3_555_TX_2_validation,FOODS_3_555,FOODS_3,FOODS,TX_2,TX,2016-05-15,11616,Sunday,2,5,2016,,,0,1,1,1.68,54.15572313055857,52.1256636991406,47.63533832158085,54.0,40.92211197894153,39.93350401309029,6,1.68,0.0,0,51.738910385516064,32.55523001527337,70.92259075575876,52
FOODS_3_555_TX_3_validation,FOODS_3_555,FOODS_3,FOODS,TX_3,TX,2016-05-15,11616,Sunday,2,5,2016,,,0,1,1,1.68,34.92689277882913,34.96794226876362,32.42061414813161,29.0,28.827563437051197,28.579476661598363,6,1.68,0.0,0,32.93042267742298,20.72052690664692,45.14031844819904,41
FOODS_3_555_WI_3_validation,FOODS_3_555,FOODS_3,FOODS,WI_3,WI,2016-05-15,11616,Sunday,2,5,2016,,,0,1,1,1.68,35.91891883843361,32.211657537645486,37.20941412971091,37.0,26.902913487729304,28.356062226500114,6,1.68,0.0,0,35.13183707157534,22.105703970225488,48.15797017292519,26
FOODS_3_586_CA_1_validation,FOODS_3_586,FOODS_3,FOODS,CA_1,CA,2016-05-15,11616,Sunday,2,5,2016,,,0,1,1,1.68,42.89588684959221,48.79341532437631,52.609930182337685,64.0,37.02644287450431,38.49327112775065,6,1.68,0.0,0,49.02505978424632,30.84761712019861,67.20250244829403,71
FOODS_3_586_CA_2_validation,FOODS_3_586,FOODS_3,FOODS,CA_2,CA,2016-05-15,11616,Sunday,2,5,2016,,,0,1,1,1.68,43.536939274858675,35.79342328364677,37.04026846048492,39.0,33.414430230438384,34.220508183225114,6,1.68,0.0,0,39.86515328695439,25.084007861407272,54.646298712501505,41
FOODS_3_586_CA_3_validation,FOODS_3_586,FOODS_3,FOODS,CA_3,CA,2016-05-15,11616,Sunday,2,5,2016,,,0,1,1,1.68,79.12324620873268,80.65973973766478,81.85009897156131,91.0,70.7869373310876,69.43796208538089,6,1.68,0.0,0,80.62098819760973,50.72845166771375,110.51352472750573,72
FOODS_3_586_CA_4_validation,FOODS_3_586,FOODS_3,FOODS,CA_4,CA,2016-05-15,11616,Sunday,2,5,2016,,,0,1,1,1.68,22.625083867991446,18.849489965294794,20.803532893154348,18.0,18.13789002471021,17.41901329399618,6,1.68,0.0,0,21.618974131082982,13.603121331458846,29.634826930707117,16
FOODS_3_586_TX_1_validation,FOODS_3_586,FOODS_3,FOODS,TX_1,TX,2016-05-15,11616,Sunday,2,5,2016,,,0,1,1,1.68,59.69145437755351,60.516446627699366,62.552254177538565,68.0,52.18158717652356,55.18084437233546,6,1.68,0.0,0,65.1498807397385,40.99369965749347,89.30606182198353,73
FOODS_3_586_TX_2_validation,FOODS_3_586,FOODS_3,FOODS,TX_2,TX,2016-05-15,11616,Sunday,2,5,2016,,,0,1,1,1.68,85.60396457745638,95.72772239441386,95.4657137387677,102.0,70.80208297731785,70.98673586857767,6,1.68,0.0,0,95.05890103470873,59.813095504430635,130.30470656498682,103
FOODS_3_586_TX_3_validation,FOODS_3_586,FOODS_3,FOODS,TX_3,TX,2016-05-15,11616,Sunday,2,5,2016,,,0,1,1,1.68,66.27018933217066,61.903961208456494,65.32248040701869,69.0,54.38931625169874,54.96899202484639,6,1.68,0.0,0,68.50532766787043,43.105018696403064,93.9056366393378,88
FOODS_3_586_WI_1_validation,FOODS_3_586,FOODS_3,FOODS,WI_1,WI,2016-05-15,11616,Sunday,2,5,2016,,,0,1,1,1.68,24.040134078669272,17.11414738777851,17.978409256359715,16.0,16.968540722118888,15.547100449907598,6,1.68,0.0,0,20.648906571099385,12.992734055996204,28.305079086202568,22
FOODS_3_586_WI_3_validation,FOODS_3_586,FOODS_3,FOODS,WI_3,WI,2016-05-15,11616,Sunday,2,5,2016,,,0,1,1,1.68,44.350761578532065,41.943508772731825,41.284098521783264,40.0,33.91861956164228,33.420154592487584,6,1.68,0.0,0,42.37003487578689,26.660132980352454,58.079936771221334,51
FOODS_3_587_CA_1_validation,FOODS_3_587,FOODS_3,FOODS,CA_1,CA,2016-05-15,11616,Sunday,2,5,2016,,,0,1,1,2.48,26.403206726116313,28.999214329033975,29.555407608448483,36.0,23.569708871595335,21.675742841589948,6,2.48,0.0,0,30.292963595972534,19.060981191193903,41.524946000751164,29
FOODS_3_587_CA_4_validation,FOODS_3_587,FOODS_3,FOODS,CA_4,CA,2016-05-15,11616,Sunday,2,5,2016,,,0,1,1,2.48,16.10841759782397,21.918022985108223,20.551456189909207,19.0,16.591767245164224,16.90974339762862,6,2.48,0.0,0,20.087520976815654,12.639498222210959,27.53554373142035,8
FOODS_3_587_TX_1_validation,FOODS_3_587,FOODS_3,FOODS,TX_1,TX,2016-05-15,11616,Sunday,2,5,2016,,,0,1,1,2.48,28.92866177113752,25.495880842153117,21.68538507543618,16.0,25.524552532967572,23.939205825705162,6,2.48,0.0,0,24.847933004387144,15.634851378477817,34.06101463029647,21
FOODS_3_587_TX_2_validation,FOODS_3_587,FOODS_3,FOODS,TX_2,TX,2016-05-15,11616,Sunday,2,5,2016,,,0,1,1,2.48,32.419694681735606,39.06875822244402,36.445039339985776,36.0,29.123527135671996,28.888424618051477,6,2.48,0.0,0,34.81428067962264,21.905890690320497,47.722670668924785,44
FOODS_3_635_CA_3_validation,FOODS_3_635,FOODS_3,FOODS,CA_3,CA,2016-05-15,11616,Sunday,2,5,2016,,,0,1,1,0.88,6.214511008182902,4.49473073694124,4.960821360291209,0.0,5.109771317661271,3.7506117520286573,6,0.88,0.0,0,5.328899131634798,3.3530574120309815,7.3047408512386145,8
FOODS_3_635_CA_4_validation,FOODS_3_635,FOODS_3,FOODS,CA_4,CA,2016-05-15,11616,Sunday,2,5,2016,,,0,1,1,1.0,7.538591600959113,5.587899476686112,5.702034399374442,0.0,6.168107882227966,4.236493429655635,6,1.0,0.0,0,6.711482982778233,4.2230087688337585,9.199957196722707,0
FOODS_3_694_WI_1_validation,FOODS_3_694,FOODS_3,FOODS,WI_1,WI,2016-05-15,11616,Sunday,2,5,2016,,,0,1,1,1.68,29.472425934675464,28.010861918109594,29.057166902659496,32.0,23.361405131706505,21.832992760575117,6,1.68,0.0,0,31.592542532460133,19.878704078767544,43.306380986152725,27
FOODS_3_694_WI_2_validation,FOODS_3_694,FOODS_3,FOODS,WI_2,WI,2016-05-15,11616,Sunday,2,5,2016,,,0,1,1,1.68,42.63221181366415,36.09782418821892,39.05235764690251,52.0,35.972378031955,35.309120809112564,6,1.68,0.0,0,41.77155265318914,26.28355515388597,57.25955015249231,31
FOODS_3_694_WI_3_validation,FOODS_3_694,FOODS_3,FOODS,WI_3,WI,2016-05-15,11616,Sunday,2,5,2016,,,0,1,1,1.68,58.076198601177765,50.13495961802247,55.065931359123596,59.0,44.17940158999374,44.32146425800674,6,1.68,0.0,0,54.18842278155446,34.09651565279652,74.28032991031239,57
FOODS_3_711_WI_2_validation,FOODS_3_711,FOODS_3,FOODS,WI_2,WI,2016-05-15,11616,Sunday,2,5,2016,,,0,1,1,0.25,32.22671663970055,41.65216460811393,29.53573037292207,0.0,30.99802333925655,28.19432503341066,6,0.25,0.0,0,31.185840677550093,19.622798565188326,42.74888278991186,0
FOODS_3_714_CA_1_validation,FOODS_3_714,FOODS_3,FOODS,CA_1,CA,2016-05-15,11616,Sunday,2,5,2016,,,0,1,1,1.58,30.41845445882459,28.7676654249833,29.340553927312445,37.0,20.046816431773433,18.830242514567008,6,1.58,0.0,0,32.56366127007882,20.48975277770127,44.637569762456366,34
FOODS_3_714_TX_1_validation,FOODS_3_714,FOODS_3,FOODS,TX_1,TX,2016-05-15,11616,Sunday,2,5,2016,,,0,1,1,1.58,29.954131061893897,29.02953911331955,25.26194369532311,21.0,22.422444609934125,20.298629044446063,6,1.58,0.0,0,27.503241809299368,17.305628522050938,37.7008550965478,25
FOODS_3_714_WI_1_validation,FOODS_3_714,FOODS_3,FOODS,WI_1,WI,2016-05-15,11616,Sunday,2,5,2016,,,0,1,1,1.58,31.00858249931113,25.119159676318855,23.586355706548787,40.0,19.7892031904337,18.701173094476804,6,1.58,0.0,0,30.794081482452217,19.376295293047903,42.21186767185653,20
FOODS_3_808_CA_4_validation,FOODS_3_808,FOODS_3,FOODS,CA_4,CA,2016-05-15,11616,Sunday,2,5,2016,,,0,1,1,1.0,7.538591600959113,5.587899476686112,5.702034399374442,0.0,6.168107882227966,4.245124264793827,6,1.0,0.0,0,6.711482982778233,4.2230087688337585,9.199957196722707,0
HOBBIES_1_008_TX_2_validation,HOBBIES_1_008,HOBBIES_1,HOBBIES,TX_2,TX,2016-05-15,11616,Sunday,2,5,2016,,,0,1,1,0.48,7.43164761288727,4.674210212804938,4.50455622674625,6.0,5.629636338507389,4.461353901650806,6,0.48,0.0,0,6.1674406099659596,3.8806856612733633,8.454195558658556,6
HOBBIES_1_015_CA_2_validation,HOBBIES_1_015,HOBBIES_1,HOBBIES,CA_2,CA,2016-05-15,11616,Sunday,2,5,2016,,,0,1,1,0.7,8.7618859989154,9.297127102838768,6.797167816293211,3.0,6.878042588148612,7.027349808371019,6,0.7,0.0,0,6.923130028891572,4.3561816210823405,9.490078436700804,29
HOBBIES_1_048_WI_3_validation,HOBBIES_1_048,HOBBIES_1,HOBBIES,WI_3,WI,2016-05-15,11616,Sunday,2,5,2016,,,0,1,1,0.48,7.40474917926543,4.929543834455408,4.6159289585465215,1.0,6.003823408348157,5.645900153213331,6,0.48,0.0,0,5.619751339298768,3.536067847511689,7.703434831085846,17
HOBBIES_1_103_WI_3_validation,HOBBIES_1_103,HOBBIES_1,HOBBIES,WI_3,WI,2016-05-15,11616,Sunday,2,5,2016,,,0,1,1,0.7,9.26553409759638,5.216795784508663,6.186707373647166,1.0,6.103593634174731,5.27581407255866,6,0.7,0.0,0,5.7756487550382385,3.634161838868839,7.917135671207638,6
HOBBIES_1_178_CA_4_validation,HOBBIES_1_178,HOBBIES_1,HOBBIES,CA_4,CA,2016-05-15,11616,Sunday,2,5,2016,,,0,1,1,0.48,6.898967925198232,6.675019812286336,5.902209941868883,0.0,6.726463634036763,6.4975826569219635,6,0.48,0.0,0,6.087140354768203,3.830159021675249,8.344121687861158,0
HOBBIES_1_178_WI_2_validation,HOBBIES_1_178,HOBBIES_1,HOBBIES,WI_2,WI,2016-05-15,11616,Sunday,2,5,2016,,,0,1,1,0.48,6.393990484046601,4.674210212804938,4.914793181666304,2.0,5.5252075852247104,6.17048328247496,6,0.48,0.0,0,5.508378607498496,3.46598974045124,7.550767474545753,1
HOBBIES_1_234_CA_3_validation,HOBBIES_1_234,HOBBIES_1,HOBBIES,CA_3,CA,2016-05-15,11616,Sunday,2,5,2016,,,0,1,1,0.3,25.38090699093542,30.695669899628367,28.47204875259823,70.0,28.063400256474214,28.990743477861972,6,0.3,0.0,0,33.0397751091018,20.789333797621378,45.29021642058222,10
HOBBIES_1_254_CA_3_validation,HOBBIES_1_254,HOBBIES_1,HOBBIES,CA_3,CA,2016-05-15,11616,Sunday,2,5,2016,,,0,1,1,0.7,12.573783981738385,10.64745239043812,9.738786688278607,25.0,9.92756636931367,12.396848232496394,6,0.7,0.0,0,12.688680711664974,7.983989536707665,17.393371886622283,14
HOBBIES_1_254_TX_1_validation,HOBBIES_1_254,HOBBIES_1,HOBBIES,TX_1,TX,2016-05-15,11616,Sunday,2,5,2016,,,0,1,1,0.7,6.643634303547761,5.396932849924844,7.249320266405143,16.0,5.470336136556125,5.169660407355454,6,0.7,0.0,0,7.2623664858959,4.569636462033802,9.955096509757997,0
HOBBIES_1_348_CA_1_validation,HOBBIES_1_348,HOBBIES_1,HOBBIES,CA_1,CA,2016-05-15,11616,Sunday,2,5,2016,,,0,1,1,0.48,6.983496567707319,9.494984021830165,10.887959320448736,1.0,6.465025535033324,7.132532821628075,6,0.48,0.0,0,7.5269598592792555,4.736124276849162,10.31779544170935,7
HOBBIES_1_348_CA_2_validation,HOBBIES_1_348,HOBBIES_1,HOBBIES,CA_2,CA,2016-05-15,11616,Sunday,2,5,2016,,,0,1,1,0.48,6.586064075352053,5.060898368769192,5.79526136243089,11.0,6.242776958738874,6.220364756262962,6,0.48,0.0,0,6.7916940714779015,4.2734793029624445,9.309908839993358,12
HOBBIES_1_354_TX_3_validation,HOBBIES_1_354,HOBBIES_1,HOBBIES,TX_3,TX,2016-05-15,11616,Sunday,2,5,2016,,,0,1,1,22.98,22.931793096037104,22.87095071377233,27.685744147549315,32.0,22.401014352945896,22.722936058976504,6,22.98,0.0,0,27.138763334560966,17.07629086317271,37.201235805949224,34
HOBBIES_1_370_WI_1_validation,HOBBIES_1_370,HOBBIES_1,HOBBIES,WI_1,WI,2016-05-15,11616,Sunday,2,5,2016,,,0,1,1,0.48,9.058437579035122,6.143080181549062,5.764485055175856,4.0,6.2037160237161,5.870520751455369,6,0.48,0.0,0,6.0509641792022215,3.8073961975676673,8.294532160836775,2
HOBBIES_1_371_CA_1_validation,HOBBIES_1_371,HOBBIES_1,HOBBIES,CA_1,CA,2016-05-15,11616,Sunday,2,5,2016,,,0,1,1,0.48,9.904687200309622,5.828664747996121,6.735542351303727,4.0,7.073249838329512,9.213218690711518,6,0.48,0.0,0,6.5728124246344315,4.135754285059752,9.00987056420911,0
HOBBIES_1_371_CA_4_validation,HOBBIES_1_371,HOBBIES_1,HOBBIES,CA_4,CA,2016-05-15,11616,Sunday,2,5,2016,,,0,1,1,0.48,6.393990484046601,6.2939898059695105,8.96744073098892,16.0,6.145386841891333,7.4354205848251675,6,0.48,0.0,0,7.77984324321094,4.895243915619933,10.664442570801945,6
HOBBIES_1_371_TX_1_validation,HOBBIES_1_371,HOBBIES_1,HOBBIES,TX_1,TX,2016-05-15,11616,Sunday,2,5,2016,,,0,1,1,0.48,6.393990484046601,4.949525636968921,5.965854122592785,15.0,5.370757417633684,4.305676053420184,6,0.48,0.0,0,7.048940880845422,4.435344502427474,9.66253725926337,0
HOBBIES_1_371_TX_2_validation,HOBBIES_1_371,HOBBIES_1,HOBBIES,TX_2,TX,2016-05-15,11616,Sunday,2,5,2016,,,0,1,1,0.48,7.614401345642658,5.470203957776193,4.6159289585465215,3.0,5.736498304051113,4.334068473472637,6,0.48,0.0,0,5.763712229148966,3.626651121248135,7.900773337049798,1
HOBBIES_1_371_TX_3_validation,HOBBIES_1_371,HOBBIES_1,HOBBIES,TX_3,TX,2016-05-15,11616,Sunday,2,5,2016,,,0,1,1,0.48,6.745687176797966,5.614164847626392,4.6159289585465215,6.0,5.938402256648616,5.19187661792418,6,0.48,0.0,0,6.442756034129943,4.053920019972192,8.831592048287693,5
HOBBIES_1_371_WI_1_validation,HOBBIES_1_371,HOBBIES_1,HOBBIES,WI_1,WI,2016-05-15,11616,Sunday,2,5,2016,,,0,1,1,0.48,7.186413440138292,4.94148036034468,5.307579119063914,3.0,6.4960108551859195,7.678373935959806,6,0.48,0.0,0,5.619751339298768,3.536067847511689,7.703434831085846,17
HOBBIES_1_371_WI_2_validation,HOBBIES_1_371,HOBBIES_1,HOBBIES,WI_2,WI,2016-05-15,11616,Sunday,2,5,2016,,,0,1,1,0.48,6.586064075352053,4.785582944605209,5.187167028169513,0.0,5.779957236692413,5.045773455293641,6,0.48,0.0,0,5.619751339298768,3.536067847511689,7.703434831085846,1
HOUSEHOLD_1_110_CA_1_validation,HOUSEHOLD_1_110,HOUSEHOLD_1,HOUSEHOLD,CA_1,CA,2016-05-15,11616,Sunday,2,5,2016,,,0,1,1,3.97,9.598432304157962,10.447897284423417,9.365561126354242,8.0,8.186370109156737,9.053456969669492,6,3.97,0.0,0,9.349160748971915,5.882692085408715,12.815629412535115,12
HOUSEHOLD_1_110_CA_4_validation,HOUSEHOLD_1_110,HOUSEHOLD_1,HOUSEHOLD,CA_4,CA,2016-05-15,11616,Sunday,2,5,2016,,,0,1,1,3.97,8.149121644916614,6.105798508968812,6.194027938411881,4.0,6.400034851017156,6.311060019113275,6,3.97,0.0,0,6.6722708828183395,4.198335676105977,9.146206089530702,6
HOUSEHOLD_1_110_WI_2_validation,HOUSEHOLD_1_110,HOUSEHOLD_1,HOUSEHOLD,WI_2,WI,2016-05-15,11616,Sunday,2,5,2016,,,0,1,1,3.97,30.293255405410754,28.460248804042486,35.65461052295084,39.0,23.548753891992583,24.903234148655738,6,3.97,0.0,0,33.245319967644534,20.918667022817957,45.57197291247111,6
HOUSEHOLD_1_110_WI_3_validation,HOUSEHOLD_1_110,HOUSEHOLD_1,HOUSEHOLD,WI_3,WI,2016-05-15,11616,Sunday,2,5,2016,,,0,1,1,3.97,17.391383984715457,17.79973526943481,16.44925429134644,16.0,13.99500425021635,13.903485637413672,6,3.97,0.0,0,17.637281272223326,11.097754946575815,24.176807597870837,11
HOUSEHOLD_1_118_CA_1_validation,HOUSEHOLD_1_118,HOUSEHOLD_1,HOUSEHOLD,CA_1,CA,2016-05-15,11616,Sunday,2,5,2016,,,0,1,1,0.97,8.233432940207228,9.793340994724813,10.629567370735296,21.0,7.3214513946855275,8.267449458648608,6,0.97,0.0,0,10.51909927852548,6.618842453662497,14.419356103388465,17
HOUSEHOLD_1_118_CA_3_validation,HOUSEHOLD_1_118,HOUSEHOLD_1,HOUSEHOLD,CA_3,CA,2016-05-15,11616,Sunday,2,5,2016,,,0,1,1,0.97,22.31648745816841,26.279079989368604,27.56051260737468,38.0,20.25345655301668,22.287921373068507,6,0.97,0.0,0,27.363600633743285,17.21776330502263,37.50943796246394,39
HOUSEHOLD_1_118_TX_3_validation,HOUSEHOLD_1_118,HOUSEHOLD_1,HOUSEHOLD,TX_3,TX,2016-05-15,11616,Sunday,2,5,2016,,,0,1,1,0.97,7.93410847609829,8.942297949395249,8.070031632687618,5.0,6.875649557163693,6.578486037305802,6,0.97,0.0,0,7.151586291070168,4.499931191922468,9.803241390217867,14
HOUSEHOLD_1_151_CA_4_validation,HOUSEHOLD_1_151,HOUSEHOLD_1,HOUSEHOLD,CA_4,CA,2016-05-15,11616,Sunday,2,5,2016,,,0,1,1,0.88,6.214511008182902,4.834593001100797,4.9849575253037655,4.0,5.304380168416624,4.823868235362895,6,0.88,0.0,0,5.328899131634798,3.3530574120309815,7.3047408512386145,10
HOUSEHOLD_1_191_CA_2_validation,HOUSEHOLD_1_191,HOUSEHOLD_1,HOUSEHOLD,CA_2,CA,2016-05-15,11616,Sunday,2,5,2016,,,0,1,1,2.96,17.17155340561628,12.764861775051648,13.209583708127537,16.0,11.009054008598335,10.997704797477288,6,2.96,0.0,0,16.387840630416388,10.31158014735077,22.464101113482005,24
HOUSEHOLD_1_191_CA_4_validation,HOUSEHOLD_1_191,HOUSEHOLD_1,HOUSEHOLD,CA_4,CA,2016-05-15,11616,Sunday,2,5,2016,,,0,1,1,2.96,7.879358493146591,5.909897134659454,5.926937359512192,3.0,6.568721653647601,5.762426329776113,6,2.96,0.0,0,6.6722708828183395,4.198335676105977,9.146206089530702,2
HOUSEHOLD_1_234_CA_2_validation,HOUSEHOLD_1_234,HOUSEHOLD_1,HOUSEHOLD,CA_2,CA,2016-05-15,11616,Sunday,2,5,2016,,,0,1,1,0.97,7.493674672753934,7.016301799327889,4.905396384259247,0.0,6.634302153443749,7.118927250232141,6,0.97,0.0,0,6.376607780480928,4.012298122707514,8.74091743825434,1
HOUSEHOLD_1_234_TX_1_validation,HOUSEHOLD_1_234,HOUSEHOLD_1,HOUSEHOLD,TX_1,TX,2016-05-15,11616,Sunday,2,5,2016,,,0,1,1,0.97,14.620055562436475,13.136214480923117,13.81342193310453,13.0,10.991839258482702,11.14133099948859,6,0.97,0.0,0,13.555940964490194,8.529688253658865,18.582193675321523,26
HOUSEHOLD_1_234_TX_2_validation,HOUSEHOLD_1_234,HOUSEHOLD_1,HOUSEHOLD,TX_2,TX,2016-05-15,11616,Sunday,2,5,2016,,,0,1,1,0.97,8.20137862363803,5.350365794481918,5.7926277557859285,0.0,6.139396381521379,4.508168422223389,6,0.97,0.0,0,6.053179654861691,3.8087902222804,8.297569087442982,5
HOUSEHOLD_1_303_CA_2_validation,HOUSEHOLD_1_303,HOUSEHOLD_1,HOUSEHOLD,CA_2,CA,2016-05-15,11616,Sunday,2,5,2016,,,0,1,1,0.98,9.037635910520393,8.989208981328842,7.936525980747376,6.0,7.033713609026585,6.483650712321368,6,0.98,0.0,0,8.505531791595509,5.351862685440859,11.659200897750157,15
HOUSEHOLD_1_303_CA_3_validation,HOUSEHOLD_1_303,HOUSEHOLD_1,HOUSEHOLD,CA_3,CA,2016-05-15,11616,Sunday,2,5,2016,,,0,1,1,0.98,16.785783068125905,14.801180266102387,15.990613746257493,24.0,12.105506235579057,12.106836214128009,6,0.98,0.0,0,18.429912499438064,11.596495482992058,25.26332951588407,29
HOUSEHOLD_1_303_WI_1_validation,HOUSEHOLD_1_303,HOUSEHOLD_1,HOUSEHOLD,WI_1,WI,2016-05-15,11616,Sunday,2,5,2016,,,0,1,1,0.98,7.769207533427064,6.417801834662849,4.8982041378548535,0.0,6.222902816500249,5.422960047168165,6,0.98,0.0,0,6.614536672318308,4.162008074914265,9.06706526972235,3
HOUSEHOLD_1_327_CA_2_validation,HOUSEHOLD_1_327,HOUSEHOLD_1,HOUSEHOLD,CA_2,CA,2016-05-15,11616,Sunday,2,5,2016,,,0,1,1,0.98,7.757817448528669,5.766832861786436,6.425319141618886,5.0,6.060771777481792,4.899678417908055,6,0.98,0.0,0,6.501093714169708,4.090627337117078,8.911560091222338,6
HOUSEHOLD_1_327_WI_1_validation,HOUSEHOLD_1_327,HOUSEHOLD_1,HOUSEHOLD,WI_1,WI,2016-05-15,11616,Sunday,2,5,2016,,,0,1,1,0.98,7.507291277401002,6.62648901205693,5.5572661403223185,0.0,6.211522971903302,5.05812550358641,6,0.98,0.0,0,6.806610263623761,4.282864890378998,9.330355636868525,5
HOUSEHOLD_1_334_CA_1_validation,HOUSEHOLD_1_334,HOUSEHOLD_1,HOUSEHOLD,CA_1,CA,2016-05-15,11616,Sunday,2,5,2016,,,0,1,1,0.97,15.754885211394498,11.143684582371975,15.47492761028055,22.0,11.127174841232208,11.342473430899824,6,0.97,0.0,0,15.773373584097774,9.924944327604011,21.62180284059154,3
HOUSEHOLD_1_334_CA_3_validation,HOUSEHOLD_1_334,HOUSEHOLD_1,HOUSEHOLD,CA_3,CA,2016-05-15,11616,Sunday,2,5,2016,,,0,1,1,0.97,26.999869381233133,28.506919248580413,28.585265269693608,29.0,22.855494071882948,22.790607541919684,6,0.97,0.0,0,30.023111658588196,18.891184575336418,41.155038741839974,12
HOUSEHOLD_1_334_TX_1_validation,HOUSEHOLD_1_334,HOUSEHOLD_1,HOUSEHOLD,TX_1,TX,2016-05-15,11616,Sunday,2,5,2016,,,0,1,1,0.96,10.914024725878571,10.896097766865772,11.723646359945276,15.0,9.505346724657603,9.36900990322118,6,0.96,0.0,0,11.853309128199985,7.458355853174602,16.248262403225368,16
HOUSEHOLD_1_334_TX_2_validation,HOUSEHOLD_1_334,HOUSEHOLD_1,HOUSEHOLD,TX_2,TX,2016-05-15,11616,Sunday,2,5,2016,,,0,1,1,0.96,12.622030752516448,10.97519394575891,11.618379880334176,11.0,9.944461320539558,10.160544076187465,6,0.96,0.0,0,11.630986831410699,7.31846590467029,15.943507758151107,22
HOUSEHOLD_1_334_TX_3_validation,HOUSEHOLD_1_334,HOUSEHOLD_1,HOUSEHOLD,TX_3,TX,2016-05-15,11616,Sunday,2,5,2016,,,0,1,1,0.96,12.915165904677668,11.47141742257999,14.240113009477314,14.0,9.516400833604921,10.534965525235165,6,0.96,0.0,0,13.854281718134747,8.7174106425816,18.991152793687892,0
HOUSEHOLD_1_334_WI_2_validation,HOUSEHOLD_1_334,HOUSEHOLD_1,HOUSEHOLD,WI_2,WI,2016-05-15,11616,Sunday,2,5,2016,,,0,1,1,0.97,22.862315943617453,19.501520398472145,21.620230987524295,21.0,17.31418532228475,18.823885292203872,6,0.97,0.0,0,21.493542131235564,13.524196831969356,29.462887430501773,19
HOUSEHOLD_1_334_WI_3_validation,HOUSEHOLD_1_334,HOUSEHOLD_1,HOUSEHOLD,WI_3,WI,2016-05-15,11616,Sunday,2,5,2016,,,0,1,1,0.97,13.047298062606815,13.590694617180693,11.09971512132951,10.0,10.43698221140184,11.378743434557478,6,0.97,0.0,0,12.048805704904664,7.581366484330086,16.516244925479242,23
HOUSEHOLD_1_389_WI_1_validation,HOUSEHOLD_1_389,HOUSEHOLD_1,HOUSEHOLD,WI_1,WI,2016-05-15,11616,Sunday,2,5,2016,,,0,1,1,0.98,7.328202332350587,5.454546279877795,6.099953658024067,1.0,6.036953332601828,4.668873587301084,6,0.98,0.0,0,6.158853471955734,3.8752824502081755,8.442424493703292,9
HOUSEHOLD_1_399_CA_4_validation,HOUSEHOLD_1_399,HOUSEHOLD_1,HOUSEHOLD,CA_4,CA,2016-05-15,11616,Sunday,2,5,2016,,,0,1,1,0.97,7.146283838656488,5.038643483969543,4.905396384259247,0.0,5.7284459273852475,4.561656207343817,6,0.97,0.0,0,5.9092187650114925,3.718206948543954,8.100230581479032,4
HOUSEHOLD_1_409_WI_2_validation,HOUSEHOLD_1_409,HOUSEHOLD_1,HOUSEHOLD,WI_2,WI,2016-05-15,11616,Sunday,2,5,2016,,,0,1,1,2.94,14.432502641319694,11.796278553397222,13.9699607228093,8.0,10.234215778535656,11.06865686936465,6,2.94,0.0,0,12.77674665058255,8.039402510746163,17.51409079041894,21
HOUSEHOLD_1_441_WI_3_validation,HOUSEHOLD_1_441,HOUSEHOLD_1,HOUSEHOLD,WI_3,WI,2016-05-15,11616,Sunday,2,5,2016,,,0,1,1,2.77,12.877367530422816,6.649659996632098,6.874287349407849,8.0,7.846683306700605,7.130658246708714,6,2.77,0.0,0,9.873600106170954,6.212680555893714,13.534519656448195,7
HOUSEHOLD_1_459_CA_3_validation,HOUSEHOLD_1_459,HOUSEHOLD_1,HOUSEHOLD,CA_3,CA,2016-05-15,11616,Sunday,2,5,2016,,,0,1,1,0.97,27.983782714767578,29.103151558025445,32.22979614796885,42.0,23.69539556159089,25.802226764206456,6,0.97,0.0,0,31.84176805344107,20.035522111864005,43.64801399501813,11
HOUSEHOLD_1_459_TX_1_validation,HOUSEHOLD_1_459,HOUSEHOLD_1,HOUSEHOLD,TX_1,TX,2016-05-15,11616,Sunday,2,5,2016,,,0,1,1,0.96,9.102524939974927,7.391710107114023,7.359426967458988,9.0,7.18404785206275,7.51520305427182,6,0.96,0.0,0,7.524435580162611,4.734535946390464,10.314335213934758,10
HOUSEHOLD_1_459_TX_3_validation,HOUSEHOLD_1_459,HOUSEHOLD_1,HOUSEHOLD,TX_3,TX,2016-05-15,11616,Sunday,2,5,2016,,,0,1,1,0.96,7.007824079057891,5.964927881009939,5.249610590660512,9.0,5.750332525865736,4.2747554144511435,6,0.96,0.0,0,7.074411699867482,4.451371287022703,9.697452112712261,0
HOUSEHOLD_1_459_WI_1_validation,HOUSEHOLD_1_459,HOUSEHOLD_1,HOUSEHOLD,WI_1,WI,2016-05-15,11616,Sunday,2,5,2016,,,0,1,1,0.97,9.218249614016905,7.799594581364805,7.520623184839125,3.0,7.392215697046247,6.583978434596056,6,0.97,0.0,0,7.3066663452036416,4.597510881859456,10.015821808547827,23
HOUSEHOLD_1_459_WI_2_validation,HOUSEHOLD_1_459,HOUSEHOLD_1,HOUSEHOLD,WI_2,WI,2016-05-15,11616,Sunday,2,5,2016,,,0,1,1,0.97,31.96933323476218,26.603521554169003,27.929893904719698,20.0,24.24397599147702,25.624941815928512,6,0.97,0.0,0,26.04525328980467,16.388230933696132,35.702275645913204,17
HOUSEHOLD_1_459_WI_3_validation,HOUSEHOLD_1_459,HOUSEHOLD_1,HOUSEHOLD,WI_3,WI,2016-05-15,11616,Sunday,2,5,2016,,,0,1,1,0.97,13.996723706510716,14.242981851233653,16.297194449815155,17.0,9.951254844251812,11.327934626196852,6,0.97,0.0,0,16.552985575895605,10.415492882386658,22.69047826940455,11
HOUSEHOLD_1_474_TX_2_validation,HOUSEHOLD_1_474,HOUSEHOLD_1,HOUSEHOLD,TX_2,TX,2016-05-15,11616,Sunday,2,5,2016,,,0,1,1,0.97,8.880395910379656,7.724373790711664,8.443743679251362,24.0,7.969343014977535,9.697935725144747,6,0.97,0.0,0,9.816849648050233,6.176971952758743,13.456727343341724,21
HOUSEHOLD_1_521_TX_1_validation,HOUSEHOLD_1_521,HOUSEHOLD_1,HOUSEHOLD,TX_1,TX,2016-05-15,11616,Sunday,2,5,2016,,,0,1,1,0.94,7.3491360286364875,9.739695983674432,8.981335357989693,0.0,8.617464869280647,9.431581810766872,6,0.94,0.0,0,6.92367417686219,4.3565240106343,9.490824343090079,20
HOUSEHOLD_1_521_TX_2_validation,HOUSEHOLD_1_521,HOUSEHOLD_1,HOUSEHOLD,TX_2,TX,2016-05-15,11616,Sunday,2,5,2016,,,0,1,1,0.94,11.335046454793567,6.861918529834379,5.5527922333253406,7.0,7.411434109817756,6.525452480501447,6,0.94,0.0,0,7.263907054321448,4.570605820666875,9.957208287976021,1
HOUSEHOLD_1_521_TX_3_validation,HOUSEHOLD_1_521,HOUSEHOLD_1,HOUSEHOLD,TX_3,TX,2016-05-15,11616,Sunday,2,5,2016,,,0,1,1,0.94,8.033757041807469,6.674328214215385,8.995267638447665,10.0,6.539657493781709,6.763805818963425,6,0.94,0.0,0,7.91201555596365,4.978409564282679,10.84562154764462,6
HOUSEHOLD_1_535_CA_1_validation,HOUSEHOLD_1_535,HOUSEHOLD_1,HOUSEHOLD,CA_1,CA,2016-05-15,11616,Sunday,2,5,2016,,,0,1,1,6.97,9.761927548282303,10.318380496567366,10.805776741080095,10.0,8.938282675359003,8.68560720161042,6,6.97,0.0,0,10.671600665463174,6.714799590997083,14.628401739929265,6
FOODS_1_218_CA_2_validation,FOODS_1_218,FOODS_1,FOODS,CA_2,CA,2016-05-16,11616,Monday,3,5,2016,,,0,0,0,0.98,9.373417603713078,8.675090922284637,7.86581091868546,13.0,11.539631772589114,9.155227322270735,0,0.98,0.0,0,8.595993851741083,5.408783350250977,11.78320435323119,3
FOODS_2_360_WI_2_validation,FOODS_2_360,FOODS_2,FOODS,WI_2,WI,2016-05-16,11616,Monday,3,5,2016,,,0,0,0,0.94,47.20344982679543,40.57742703273691,44.170232536712916,42.0,47.01688139928599,45.32214478305828,0,0.94,0.0,0,38.18419483216292,24.026312816534926,52.34207684779092,66
FOODS_3_007_WI_2_validation,FOODS_3_007,FOODS_3,FOODS,WI_2,WI,2016-05-16,11616,Monday,3,5,2016,,,0,0,0,0.25,35.30118199766779,24.618901400419038,31.41113158311398,42.0,28.18076484164522,32.2024760139082,0,0.25,0.0,0,24.086360497974738,15.155653654079957,33.01706734186952,79
FOODS_3_030_TX_3_validation,FOODS_3_030,FOODS_3,FOODS,TX_3,TX,2016-05-16,11616,Monday,3,5,2016,,,0,0,0,1.25,23.794607248226495,16.7553450715031,16.293654442846595,16.0,19.800701114219518,19.54414687957314,0,1.25,0.0,0,18.519932426130318,11.653137947968373,25.38672690429226,17
FOODS_3_080_CA_2_validation,FOODS_3_080,FOODS_3,FOODS,CA_2,CA,2016-05-16,11616,Monday,3,5,2016,,,0,0,0,1.68,19.94029835217507,14.48946197508404,14.28542965511014,13.0,15.072076342254762,14.831243680051324,0,1.68,0.0,0,14.48946197508404,9.117079657875232,19.861844292292847,14
FOODS_3_090_CA_1_validation,FOODS_3_090,FOODS_3,FOODS,CA_1,CA,2016-05-16,11616,Monday,3,5,2016,,,0,0,0,1.6,75.7177903000584,50.718259824008676,45.41064597775282,30.0,53.996664707669666,53.11220335608797,0,1.6,0.0,0,47.72922602419109,30.032250777811083,65.4262012705711,38
FOODS_3_090_CA_2_validation,FOODS_3_090,FOODS_3,FOODS,CA_2,CA,2016-05-16,11616,Monday,3,5,2016,,,0,0,0,1.6,68.74824010401741,45.92366810770407,50.90822662331621,65.0,50.61784791050906,50.93445684523062,0,1.6,0.0,0,51.3882110549069,32.33456248885828,70.44185962095551,34
FOODS_3_090_CA_3_validation,FOODS_3_090,FOODS_3,FOODS,CA_3,CA,2016-05-16,11616,Monday,3,5,2016,,,0,0,0,1.6,125.36735977466402,84.26961093415036,84.2778717013661,86.0,99.40667240414335,102.58047132156666,0,1.6,0.0,0,75.24427711061573,47.345309949836334,103.14324427139512,76
FOODS_3_090_CA_4_validation,FOODS_3_090,FOODS_3,FOODS,CA_4,CA,2016-05-16,11616,Monday,3,5,2016,,,0,0,0,1.6,32.969365301183565,22.92583134489369,23.876136920394124,30.0,27.577477621124636,26.25357218768686,0,1.6,0.0,0,25.81203240589172,16.241483360862112,35.38258145092133,16
FOODS_3_090_TX_1_validation,FOODS_3_090,FOODS_3,FOODS,TX_1,TX,2016-05-16,11616,Monday,3,5,2016,,,0,0,0,1.5,70.79292643362642,51.65894856197852,53.27297977516341,48.0,52.73993546874096,50.85356691098004,0,1.5,0.0,0,49.066903963586476,30.873946373618693,67.25986155355426,24
FOODS_3_090_TX_2_validation,FOODS_3_090,FOODS_3,FOODS,TX_2,TX,2016-05-16,11616,Monday,3,5,2016,,,0,0,0,1.5,77.57811412150652,48.78713589888173,49.95658370270437,43.0,57.560851126193086,58.05209796911296,0,1.5,0.0,0,48.12645778337946,30.282197504431153,65.97071806232776,40
FOODS_3_090_TX_3_validation,FOODS_3_090,FOODS_3,FOODS,TX_3,TX,2016-05-16,11616,Monday,3,5,2016,,,0,0,0,1.5,80.21625368662362,68.82664652043701,61.529450130576976,81.0,65.7395782097179,64.24603503796263,0,1.5,0.0,0,76.31006521492333,48.01592664092516,104.6042037889215,67
FOODS_3_090_WI_1_validation,FOODS_3_090,FOODS_3,FOODS,WI_1,WI,2016-05-16,11616,Monday,3,5,2016,,,0,0,0,1.44,28.421251731972422,17.32319954999325,14.508896521206212,9.0,22.18759458860768,20.71843366747017,0,1.44,0.0,0,18.167775760591947,11.431553435217932,24.903998085965963,11
FOODS_3_090_WI_3_validation,FOODS_3_090,FOODS_3,FOODS,WI_3,WI,2016-05-16,11616,Monday,3,5,2016,,,0,0,0,1.44,109.8978828178368,57.68030083414557,69.20336765370715,70.0,75.43594714809232,76.98536053807857,0,1.44,0.0,0,76.86277935017678,48.36370620705429,105.36185249329927,47
FOODS_3_120_CA_1_validation,FOODS_3_120,FOODS_3,FOODS,CA_1,CA,2016-05-16,11616,Monday,3,5,2016,,,0,0,0,4.98,60.43354315695321,41.65936007163415,49.65351006005999,6.0,46.66767007833033,46.09084432638314,0,4.98,0.0,0,44.967462376524004,28.29448996824459,61.64043478480342,41
FOODS_3_120_CA_3_validation,FOODS_3_120,FOODS_3,FOODS,CA_3,CA,2016-05-16,11616,Monday,3,5,2016,,,0,0,0,4.98,76.16513082558907,68.2371512830817,74.4971222390286,77.0,72.31637786116816,70.56650976526844,0,4.98,0.0,0,73.94834773811681,46.52988344605241,101.36681203018121,30
FOODS_3_226_WI_1_validation,FOODS_3_226,FOODS_3,FOODS,WI_1,WI,2016-05-16,11616,Monday,3,5,2016,,,0,0,0,1.68,50.24746263608423,31.98376686894993,32.96296378449694,42.0,38.270320239003986,36.54574918956428,0,1.68,0.0,0,36.342971049437196,22.86777539644639,49.818166702428,20
FOODS_3_226_WI_2_validation,FOODS_3_226,FOODS_3,FOODS,WI_2,WI,2016-05-16,11616,Monday,3,5,2016,,,0,0,0,1.68,54.18842278155446,36.50365871313539,33.6933177921714,40.0,47.27333187152151,44.46717784140768,0,1.68,0.0,0,37.355115796509715,23.50463853879275,51.205593054226675,42
FOODS_3_226_WI_3_validation,FOODS_3_226,FOODS_3,FOODS,WI_3,WI,2016-05-16,11616,Monday,3,5,2016,,,0,0,0,1.68,50.151119542533685,37.04808693005345,37.67694516390057,49.0,46.0985312580956,44.911763003826934,0,1.68,0.0,0,37.052941473374496,23.31450398587935,50.79137896086964,41
FOODS_3_234_WI_2_validation,FOODS_3_234,FOODS_3,FOODS,WI_2,WI,2016-05-16,11616,Monday,3,5,2016,,,0,0,0,0.25,34.41035139421848,29.15700773919208,23.58750855070074,0.0,30.204559343314855,31.166051288735535,0,0.25,0.0,0,26.0979084408052,16.421362681920794,35.77445419968961,98
FOODS_3_252_CA_1_validation,FOODS_3_252,FOODS_3,FOODS,CA_1,CA,2016-05-16,11616,Monday,3,5,2016,,,0,0,0,1.58,50.22067068966265,31.413263183717135,31.064668383281962,21.0,37.74798785765096,37.63975915173892,0,1.58,0.0,0,31.255495400050652,19.666626807719126,42.84436399238218,36
FOODS_3_252_CA_2_validation,FOODS_3_252,FOODS_3,FOODS,CA_2,CA,2016-05-16,11616,Monday,3,5,2016,,,0,0,0,1.58,49.2549851544109,30.772795567663735,34.314856919069825,43.0,36.62959960245793,35.74084851571566,0,1.58,0.0,0,35.372367670173254,22.257050972022004,48.48768436832451,36
FOODS_3_252_CA_3_validation,FOODS_3_252,FOODS_3,FOODS,CA_3,CA,2016-05-16,11616,Monday,3,5,2016,,,0,0,0,1.58,56.14864695337663,45.01481352154352,44.06385303163359,59.0,45.65399868190341,45.18147451350335,0,1.58,0.0,0,46.11965563066718,29.01947462932818,63.219836632006185,64
FOODS_3_252_CA_4_validation,FOODS_3_252,FOODS_3,FOODS,CA_4,CA,2016-05-16,11616,Monday,3,5,2016,,,0,0,0,1.58,18.985429252452516,15.290353017292505,17.36074760296637,24.0,18.540425692201563,17.218651372466535,0,1.58,0.0,0,19.018831155905012,11.967055708917002,26.070606602893022,18
FOODS_3_252_TX_1_validation,FOODS_3_252,FOODS_3,FOODS,TX_1,TX,2016-05-16,11616,Monday,3,5,2016,,,0,0,0,1.58,36.244263314880726,27.225977742966453,25.587244783810434,17.0,31.59873308847442,31.610655629170054,0,1.58,0.0,0,25.001012814522248,15.73117247207081,34.270853156973686,20
FOODS_3_252_TX_2_validation,FOODS_3_252,FOODS_3,FOODS,TX_2,TX,2016-05-16,11616,Monday,3,5,2016,,,0,0,0,1.58,65.97448840959393,48.41911686188205,45.15538494859001,22.0,49.628716266200755,49.12773279400402,0,1.58,0.0,0,47.31830097771052,29.77368794168771,64.86291401373333,40
FOODS_3_252_TX_3_validation,FOODS_3_252,FOODS_3,FOODS,TX_3,TX,2016-05-16,11616,Monday,3,5,2016,,,0,0,0,1.58,39.21264752542197,30.68992133548013,23.971332545962905,20.0,35.96405035160783,33.88254703157008,0,1.58,0.0,0,28.195919345232237,17.741476056154017,38.65036263431046,30
FOODS_3_318_WI_3_validation,FOODS_3_318,FOODS_3,FOODS,WI_3,WI,2016-05-16,11616,Monday,3,5,2016,,,0,0,0,1.48,32.64324987619876,25.378253544939966,22.751038438486557,18.0,25.822639783837765,24.10148704377725,0,1.48,0.0,0,23.382136654644647,14.712540936184975,32.05173237310432,21
FOODS_3_377_TX_2_validation,FOODS_3_377,FOODS_3,FOODS,TX_2,TX,2016-05-16,11616,Monday,3,5,2016,,,0,0,0,1.68,32.73841159025874,23.558534021456506,24.118229492889903,18.0,27.689684053591233,27.29128886715532,0,1.68,0.0,0,22.89713491421137,14.407367458429762,31.386902369992978,18
FOODS_3_377_TX_3_validation,FOODS_3_377,FOODS_3,FOODS,TX_3,TX,2016-05-16,11616,Monday,3,5,2016,,,0,0,0,1.68,47.281548369463046,34.92120209208821,34.09517559753626,23.0,43.09444433424061,42.47471599843466,0,1.68,0.0,0,30.973267239274545,19.489042807159542,42.45749167138955,34
FOODS_3_491_WI_1_validation,FOODS_3_491,FOODS_3,FOODS,WI_1,WI,2016-05-16,11616,Monday,3,5,2016,,,0,0,0,1.44,26.560380717791524,19.676085672856352,18.370345261317766,13.0,20.94628568781112,19.437858816707053,0,1.44,0.0,0,19.1614690466325,12.056806523283335,26.266131569981667,5
FOODS_3_541_CA_3_validation,FOODS_3_541,FOODS_3,FOODS,CA_3,CA,2016-05-16,11616,Monday,3,5,2016,,,0,0,0,0.88,5.328899131634798,4.269757307861218,4.94596816948473,0.0,5.194965461059015,3.981011415818947,0,0.88,0.0,0,4.690858585472714,2.9515886415330215,6.430128529412407,0
FOODS_3_555_CA_2_validation,FOODS_3_555,FOODS_3,FOODS,CA_2,CA,2016-05-16,11616,Monday,3,5,2016,,,0,0,0,1.68,29.421038640101173,20.838124068415162,22.27446462510646,24.0,22.433092978155006,22.18908815890071,0,1.68,0.0,0,22.36093503367952,14.06997901490036,30.65189105245868,13
FOODS_3_555_TX_1_validation,FOODS_3_555,FOODS_3,FOODS,TX_1,TX,2016-05-16,11616,Monday,3,5,2016,,,0,0,0,1.68,32.46154619545513,24.099818952942744,24.677736188230135,32.0,28.43099343491374,29.402663103776977,0,1.68,0.0,0,26.216016824278647,16.495679005207464,35.93635464334983,21
FOODS_3_555_TX_2_validation,FOODS_3_555,FOODS_3,FOODS,TX_2,TX,2016-05-16,11616,Monday,3,5,2016,,,0,0,0,1.68,51.738910385516064,34.86071896515923,35.372367670173254,35.0,40.8668615055666,39.85275081257301,0,1.68,0.0,0,34.86071896515923,21.9351106537077,47.78632727661076,42
FOODS_3_555_TX_3_validation,FOODS_3_555,FOODS_3,FOODS,TX_3,TX,2016-05-16,11616,Monday,3,5,2016,,,0,0,0,1.68,32.93042267742298,23.753543188478343,23.559443812392495,4.0,28.53648920971682,28.71984890007775,0,1.68,0.0,0,22.972739689898876,14.454939601801552,31.4905397779962,33
FOODS_3_555_WI_3_validation,FOODS_3_555,FOODS_3,FOODS,WI_3,WI,2016-05-16,11616,Monday,3,5,2016,,,0,0,0,1.68,35.13183707157534,24.59286343242903,27.62287822275607,41.0,27.320081992576423,28.289342121913517,0,1.68,0.0,0,30.18742598087721,18.994574664479465,41.38027729727496,15
FOODS_3_586_CA_1_validation,FOODS_3_586,FOODS_3,FOODS,CA_1,CA,2016-05-16,11616,Monday,3,5,2016,,,0,0,0,1.68,49.02505978424632,33.23658097133489,33.30835415897553,30.0,37.05953494020003,37.95845183433089,0,1.68,0.0,0,31.743202201969083,19.9735023680694,43.51290203586877,34
FOODS_3_586_CA_2_validation,FOODS_3_586,FOODS_3,FOODS,CA_2,CA,2016-05-16,11616,Monday,3,5,2016,,,0,0,0,1.68,39.86515328695439,29.96698656080464,27.31609555925774,26.0,33.99610594519662,34.25140651490206,0,1.68,0.0,0,29.214783983701796,18.382567498023466,40.04700046938012,29
FOODS_3_586_CA_3_validation,FOODS_3_586,FOODS_3,FOODS,CA_3,CA,2016-05-16,11616,Monday,3,5,2016,,,0,0,0,1.68,80.62098819760973,74.73700430974785,68.85725928968503,77.0,70.78140139679402,69.06728309243837,0,1.68,0.0,0,75.91035254687883,47.76441887334275,104.0562862204149,63
FOODS_3_586_CA_4_validation,FOODS_3_586,FOODS_3,FOODS,CA_4,CA,2016-05-16,11616,Monday,3,5,2016,,,0,0,0,1.68,21.618974131082982,15.360048047799998,16.09440119355082,14.0,18.53353061982281,17.548262370106286,0,1.68,0.0,0,16.112999982612475,10.138644528101473,22.087355437123477,17
FOODS_3_586_TX_1_validation,FOODS_3_586,FOODS_3,FOODS,TX_1,TX,2016-05-16,11616,Monday,3,5,2016,,,0,0,0,1.68,65.1498807397385,47.976848880146036,56.51202011646318,72.0,52.84350633538629,55.07905439875469,0,1.68,0.0,0,56.646883864472116,35.64343199567312,77.65033573327112,46
FOODS_3_586_TX_2_validation,FOODS_3_586,FOODS_3,FOODS,TX_2,TX,2016-05-16,11616,Monday,3,5,2016,,,0,0,0,1.68,95.05890103470873,63.79298740694084,57.63168438218756,54.0,70.70653706878855,70.73883947696012,0,1.68,0.0,0,56.424307963347616,35.50338247389205,77.34523345280319,73
FOODS_3_586_TX_3_validation,FOODS_3_586,FOODS_3,FOODS,TX_3,TX,2016-05-16,11616,Monday,3,5,2016,,,0,0,0,1.68,68.50532766787043,49.37700940148021,51.581863803190046,49.0,55.332368603043584,54.95132515584178,0,1.68,0.0,0,47.426802279754966,29.841959283675664,65.01164527583427,48
FOODS_3_586_WI_1_validation,FOODS_3_586,FOODS_3,FOODS,WI_1,WI,2016-05-16,11616,Monday,3,5,2016,,,0,0,0,1.68,20.648906571099385,12.88177706429229,13.083827546633087,10.0,17.473506319736156,15.71313282744686,0,1.68,0.0,0,14.14756361379877,8.901949889765486,19.393177337832054,15
FOODS_3_586_WI_3_validation,FOODS_3_586,FOODS_3,FOODS,WI_3,WI,2016-05-16,11616,Monday,3,5,2016,,,0,0,0,1.68,42.37003487578689,30.578026139848618,29.182595131456587,35.0,33.979551862078715,33.50479869519425,0,1.68,0.0,0,31.607132752561558,19.887884557595495,43.326380947527625,22
FOODS_3_587_CA_1_validation,FOODS_3_587,FOODS_3,FOODS,CA_1,CA,2016-05-16,11616,Monday,3,5,2016,,,0,0,0,2.48,30.292963595972534,24.54161329825115,22.06763493196416,16.0,23.7545301954437,21.47192011287468,0,2.48,0.0,0,22.401162097904248,14.095290744871424,30.70703345093707,40
FOODS_3_587_CA_4_validation,FOODS_3_587,FOODS_3,FOODS,CA_4,CA,2016-05-16,11616,Monday,3,5,2016,,,0,0,0,2.48,20.087520976815654,17.59046871126008,15.852986922834159,16.0,16.330266958265288,16.948583432514894,0,2.48,0.0,0,16.681740404088927,10.496508176604838,22.866972631573017,5
FOODS_3_587_TX_1_validation,FOODS_3_587,FOODS_3,FOODS,TX_1,TX,2016-05-16,11616,Monday,3,5,2016,,,0,0,0,2.48,24.847933004387144,22.255922166665115,20.621230882261166,23.0,25.43198855614386,24.255203433004706,0,2.48,0.0,0,20.22041177239595,12.723115955649742,27.717707589142154,13
FOODS_3_587_TX_2_validation,FOODS_3_587,FOODS_3,FOODS,TX_2,TX,2016-05-16,11616,Monday,3,5,2016,,,0,0,0,2.48,34.81428067962264,29.92293938509884,28.060419685817543,23.0,28.515744629554653,28.846077499466578,0,2.48,0.0,0,26.816352752776652,16.873423223109597,36.759282282443706,27
FOODS_3_635_CA_3_validation,FOODS_3_635,FOODS_3,FOODS,CA_3,CA,2016-05-16,11616,Monday,3,5,2016,,,0,0,0,0.88,5.328899131634798,4.269757307861218,4.94596816948473,0.0,5.228938231188922,3.9409295781584714,0,0.88,0.0,0,4.690858585472714,2.9515886415330215,6.430128529412407,0
FOODS_3_635_CA_4_validation,FOODS_3_635,FOODS_3,FOODS,CA_4,CA,2016-05-16,11616,Monday,3,5,2016,,,0,0,0,1.0,6.711482982778233,5.077223542228785,5.332333126240797,0.0,6.3286198116696974,4.476189250469143,0,1.0,0.0,0,5.188596274029056,3.2647758504920716,7.11241669756604,0
FOODS_3_694_WI_1_validation,FOODS_3_694,FOODS_3,FOODS,WI_1,WI,2016-05-16,11616,Monday,3,5,2016,,,0,0,0,1.68,31.592542532460133,21.12442481484578,22.492376689519954,27.0,23.873073790899433,21.818440708162978,0,1.68,0.0,0,23.793284598406814,14.971244024049598,32.61532517276403,20
FOODS_3_694_WI_2_validation,FOODS_3_694,FOODS_3,FOODS,WI_2,WI,2016-05-16,11616,Monday,3,5,2016,,,0,0,0,1.68,41.77155265318914,32.1586601813002,31.03036861935044,38.0,36.7829106698079,34.943819118155034,0,1.68,0.0,0,33.540853462077656,21.10462302414846,45.97708390000685,34
FOODS_3_694_WI_3_validation,FOODS_3_694,FOODS_3,FOODS,WI_3,WI,2016-05-16,11616,Monday,3,5,2016,,,0,0,0,1.68,54.18842278155446,36.54630998891187,35.81181805181895,54.0,44.75846775621259,44.149622214490826,0,1.68,0.0,0,38.011545064522714,23.917677886735866,52.10541224230956,57
FOODS_3_711_WI_2_validation,FOODS_3_711,FOODS_3,FOODS,WI_2,WI,2016-05-16,11616,Monday,3,5,2016,,,0,0,0,0.25,31.185840677550093,28.890788266495363,25.818661594360798,47.0,29.50283420631886,29.308105057608884,0,0.25,0.0,0,29.32166772233624,18.449821034485858,40.19351441018662,3
FOODS_3_714_CA_1_validation,FOODS_3_714,FOODS_3,FOODS,CA_1,CA,2016-05-16,11616,Monday,3,5,2016,,,0,0,0,1.58,32.56366127007882,18.167775760591947,19.253693520621578,15.0,20.589101552501365,18.671801845641255,0,1.58,0.0,0,20.402366984247998,12.837606070153187,27.967127898342806,17
FOODS_3_714_TX_1_validation,FOODS_3_714,FOODS_3,FOODS,TX_1,TX,2016-05-16,11616,Monday,3,5,2016,,,0,0,0,1.58,27.503241809299368,18.98450816499582,16.364509847256095,14.0,22.204402137931236,20.53088768049247,0,1.58,0.0,0,18.672551173761,11.74916893116339,25.595933416358612,19
FOODS_3_714_WI_1_validation,FOODS_3_714,FOODS_3,FOODS,WI_1,WI,2016-05-16,11616,Monday,3,5,2016,,,0,0,0,1.58,30.794081482452217,16.066032904033534,15.117121359083557,16.0,20.599906305595606,18.37239029027867,0,1.58,0.0,0,17.923719416140464,11.277987958652949,24.569450873627982,15
FOODS_3_808_CA_4_validation,FOODS_3_808,FOODS_3,FOODS,CA_4,CA,2016-05-16,11616,Monday,3,5,2016,,,0,0,0,1.0,6.711482982778233,5.077223542228785,5.332333126240797,0.0,6.3286198116696974,4.484820085607336,0,1.0,0.0,0,5.188596274029056,3.2647758504920716,7.11241669756604,0
HOBBIES_1_008_TX_2_validation,HOBBIES_1_008,HOBBIES_1,HOBBIES,TX_2,TX,2016-05-16,11616,Monday,3,5,2016,,,0,0,0,0.48,6.1674406099659596,4.690858585472714,5.238547856139908,0.0,5.842954966673249,4.467333923435304,0,0.48,0.0,0,4.765979134190577,2.9988560989294215,6.533102169451731,1
HOBBIES_1_015_CA_2_validation,HOBBIES_1_015,HOBBIES_1,HOBBIES,CA_2,CA,2016-05-16,11616,Monday,3,5,2016,,,0,0,0,0.7,6.923130028891572,5.033249281730319,4.7076978799321605,2.0,6.5389001490132985,7.167461595117146,0,0.7,0.0,0,4.877351865990848,3.068934205989871,6.685769525991825,2
HOBBIES_1_048_WI_3_validation,HOBBIES_1_048,HOBBIES_1,HOBBIES,WI_3,WI,2016-05-16,11616,Monday,3,5,2016,,,0,0,0,0.48,5.619751339298768,4.9275338820215815,6.064682328325773,5.0,6.1024244804686365,5.810891272474001,0,0.48,0.0,0,4.765979134190577,2.9988560989294215,6.533102169451731,3
HOBBIES_1_103_WI_3_validation,HOBBIES_1_103,HOBBIES_1,HOBBIES,WI_3,WI,2016-05-16,11616,Monday,3,5,2016,,,0,0,0,0.7,5.7756487550382385,4.9275338820215815,5.631336137807233,1.0,6.183429772821816,5.446372956667169,0,0.7,0.0,0,4.765979134190577,2.9988560989294215,6.533102169451731,0
HOBBIES_1_178_CA_4_validation,HOBBIES_1_178,HOBBIES_1,HOBBIES,CA_4,CA,2016-05-16,11616,Monday,3,5,2016,,,0,0,0,0.48,6.087140354768203,4.877351865990848,5.002654430739442,0.0,6.642480854391316,6.714980526735113,0,0.48,0.0,0,4.765979134190577,2.9988560989294215,6.533102169451731,0
HOBBIES_1_178_WI_2_validation,HOBBIES_1_178,HOBBIES_1,HOBBIES,WI_2,WI,2016-05-16,11616,Monday,3,5,2016,,,0,0,0,0.48,5.508378607498496,4.690858585472714,5.383120820223116,9.0,5.644374498752362,6.295782518457047,0,0.48,0.0,0,5.692263531230974,3.581694070980158,7.802832991481791,1
HOBBIES_1_234_CA_3_validation,HOBBIES_1_234,HOBBIES_1,HOBBIES,CA_3,CA,2016-05-16,11616,Monday,3,5,2016,,,0,0,0,0.3,33.0397751091018,24.61178289873718,24.255760752000285,0.0,28.398272429256135,27.67073544604418,0,0.3,0.0,0,24.627342390087314,15.496051041666863,33.75863373850776,20
HOBBIES_1_254_CA_3_validation,HOBBIES_1_254,HOBBIES_1,HOBBIES,CA_3,CA,2016-05-16,11616,Monday,3,5,2016,,,0,0,0,0.7,12.688680711664974,9.059788763007987,11.64058126420251,36.0,10.219170415203221,11.957158257913003,0,0.7,0.0,0,12.270879691245947,7.721100190584809,16.820659191907083,5
HOBBIES_1_254_TX_1_validation,HOBBIES_1_254,HOBBIES_1,HOBBIES,TX_1,TX,2016-05-16,11616,Monday,3,5,2016,,,0,0,0,0.7,7.2623664858959,4.690858585472714,4.7076978799321605,1.0,5.73682665598056,4.857602067566021,0,0.7,0.0,0,4.877351865990848,3.068934205989871,6.685769525991825,6
HOBBIES_1_348_CA_1_validation,HOBBIES_1_348,HOBBIES_1,HOBBIES,CA_1,CA,2016-05-16,11616,Monday,3,5,2016,,,0,0,0,0.48,7.5269598592792555,5.269924578279184,5.689719950461191,2.0,6.183879226097479,7.36563853088805,0,0.48,0.0,0,5.021312755841047,3.159517479726317,6.883108031955777,26
HOBBIES_1_348_CA_2_validation,HOBBIES_1_348,HOBBIES_1,HOBBIES,CA_2,CA,2016-05-16,11616,Monday,3,5,2016,,,0,0,0,0.48,6.7916940714779015,5.862801317651851,4.765979134190577,1.0,6.490033487697262,6.070068115958604,0,0.48,0.0,0,5.114027162539713,3.2178553692047482,7.010198955874679,2
HOBBIES_1_354_TX_3_validation,HOBBIES_1_354,HOBBIES_1,HOBBIES,TX_3,TX,2016-05-16,11616,Monday,3,5,2016,,,0,0,0,22.98,27.138763334560966,21.12057374685152,22.720153808722152,29.0,23.010701870201416,22.549320463782248,0,22.98,0.0,0,23.426832917387323,14.740664781537896,32.11300105323675,35
HOBBIES_1_370_WI_1_validation,HOBBIES_1_370,HOBBIES_1,HOBBIES,WI_1,WI,2016-05-16,11616,Monday,3,5,2016,,,0,0,0,0.48,6.0509641792022215,5.002654430739442,6.039974739619916,7.0,6.19055659480941,5.943769472141163,0,0.48,0.0,0,5.3136684048577685,3.3434739126910964,7.283862897024441,1
HOBBIES_1_371_CA_1_validation,HOBBIES_1_371,HOBBIES_1,HOBBIES,CA_1,CA,2016-05-16,11616,Monday,3,5,2016,,,0,0,0,0.48,6.5728124246344315,5.002654430739442,6.428389313333094,15.0,7.179556649277842,9.305104848734175,0,0.48,0.0,0,6.342200903383217,3.9906485790724244,8.69375322769401,2
HOBBIES_1_371_CA_4_validation,HOBBIES_1_371,HOBBIES_1,HOBBIES,CA_4,CA,2016-05-16,11616,Monday,3,5,2016,,,0,0,0,0.48,7.77984324321094,5.707885188442139,8.347547914658277,16.0,6.357651618640108,7.141843557796987,0,0.48,0.0,0,7.355834506103063,4.628448541264761,10.083220470941367,3
HOBBIES_1_371_TX_1_validation,HOBBIES_1_371,HOBBIES_1,HOBBIES,TX_1,TX,2016-05-16,11616,Monday,3,5,2016,,,0,0,0,0.48,7.048940880845422,4.690858585472714,4.596325148131889,0.0,5.670673881044613,4.02170965630752,0,0.48,0.0,0,4.877351865990848,3.068934205989871,6.685769525991825,0
HOBBIES_1_371_TX_2_validation,HOBBIES_1_371,HOBBIES_1,HOBBIES,TX_2,TX,2016-05-16,11616,Monday,3,5,2016,,,0,0,0,0.48,5.763712229148966,4.690858585472714,4.52120459941403,0.0,5.7784280571043665,4.432772481656529,0,0.48,0.0,0,4.765979134190577,2.9988560989294215,6.533102169451731,5
HOBBIES_1_371_TX_3_validation,HOBBIES_1_371,HOBBIES_1,HOBBIES,TX_3,TX,2016-05-16,11616,Monday,3,5,2016,,,0,0,0,0.48,6.442756034129943,5.002654430739442,5.556215589089373,0.0,6.056772426149124,5.207689333428822,0,0.48,0.0,0,4.765979134190577,2.9988560989294215,6.533102169451731,1
HOBBIES_1_371_WI_1_validation,HOBBIES_1_371,HOBBIES_1,HOBBIES,WI_1,WI,2016-05-16,11616,Monday,3,5,2016,,,0,0,0,0.48,5.619751339298768,4.9275338820215815,6.218239017706225,11.0,6.592906709322216,7.7719364837919045,0,0.48,0.0,0,5.937921866369711,3.736267554380178,8.139576178359246,12
HOBBIES_1_371_WI_2_validation,HOBBIES_1_371,HOBBIES_1,HOBBIES,WI_2,WI,2016-05-16,11616,Monday,3,5,2016,,,0,0,0,0.48,5.619751339298768,4.9275338820215815,5.617142982513114,6.0,5.8991241502200635,5.246478860268597,0,0.48,0.0,0,5.3136684048577685,3.3434739126910964,7.283862897024441,1
HOUSEHOLD_1_110_CA_1_validation,HOUSEHOLD_1_110,HOUSEHOLD_1,HOUSEHOLD,CA_1,CA,2016-05-16,11616,Monday,3,5,2016,,,0,0,0,3.97,9.349160748971915,8.923490320540012,8.923896738685716,15.0,8.029407746949378,9.101641282132775,0,3.97,0.0,0,9.293589843552287,5.847725682084546,12.739454005020027,14
HOUSEHOLD_1_110_CA_4_validation,HOUSEHOLD_1_110,HOUSEHOLD_1,HOUSEHOLD,CA_4,CA,2016-05-16,11616,Monday,3,5,2016,,,0,0,0,3.97,6.6722708828183395,5.401694592172912,5.503747465423117,7.0,6.480959475852804,6.406498264928215,0,3.97,0.0,0,5.824081298091509,3.664636631777606,7.983525964405413,12
HOUSEHOLD_1_110_WI_2_validation,HOUSEHOLD_1_110,HOUSEHOLD_1,HOUSEHOLD,WI_2,WI,2016-05-16,11616,Monday,3,5,2016,,,0,0,0,3.97,33.245319967644534,20.665320289439684,22.464766590260744,11.0,24.23233548679288,24.6977098617859,0,3.97,0.0,0,20.3873441121357,12.828153357418,27.9465348668534,26
HOUSEHOLD_1_110_WI_3_validation,HOUSEHOLD_1_110,HOUSEHOLD_1,HOUSEHOLD,WI_3,WI,2016-05-16,11616,Monday,3,5,2016,,,0,0,0,3.97,17.637281272223326,16.687133074298696,14.558988303861724,16.0,13.971796536328993,13.961959968564505,0,3.97,0.0,0,15.921250245165597,10.017991488417458,21.824509001913736,8
HOUSEHOLD_1_118_CA_1_validation,HOUSEHOLD_1_118,HOUSEHOLD_1,HOUSEHOLD,CA_1,CA,2016-05-16,11616,Monday,3,5,2016,,,0,0,0,0.97,10.51909927852548,7.075952182690131,8.418152135464432,11.0,7.425131149514194,7.893131575738804,0,0.97,0.0,0,7.467309263939349,4.698590845291192,10.236027682587505,12
HOUSEHOLD_1_118_CA_3_validation,HOUSEHOLD_1_118,HOUSEHOLD_1,HOUSEHOLD,CA_3,CA,2016-05-16,11616,Monday,3,5,2016,,,0,0,0,0.97,27.363600633743285,17.769760794920742,20.281331286193524,13.0,20.40838807364163,21.90804996713077,0,0.97,0.0,0,17.38865508047812,10.941314024264615,23.835996136691627,45
HOUSEHOLD_1_118_TX_3_validation,HOUSEHOLD_1_118,HOUSEHOLD_1,HOUSEHOLD,TX_3,TX,2016-05-16,11616,Monday,3,5,2016,,,0,0,0,0.97,7.151586291070168,6.083398166085843,6.796776662564284,5.0,6.619833605974397,6.655328404844022,0,0.97,0.0,0,5.289790761623932,3.328449588407727,7.251131934840137,14
HOUSEHOLD_1_151_CA_4_validation,HOUSEHOLD_1_151,HOUSEHOLD_1,HOUSEHOLD,CA_4,CA,2016-05-16,11616,Monday,3,5,2016,,,0,0,0,0.88,5.328899131634798,5.238547856139908,4.690858585472714,5.0,5.374995329921482,4.871328918635567,0,0.88,0.0,0,4.690858585472714,2.9515886415330215,6.430128529412407,8
HOUSEHOLD_1_191_CA_2_validation,HOUSEHOLD_1_191,HOUSEHOLD_1,HOUSEHOLD,CA_2,CA,2016-05-16,11616,Monday,3,5,2016,,,0,0,0,2.96,16.387840630416388,10.193983855510192,11.16104693219622,10.0,11.526622416507582,11.011556248563588,0,2.96,0.0,0,10.880144922453166,6.846020101906297,14.914269743000036,5
HOUSEHOLD_1_191_CA_4_validation,HOUSEHOLD_1_191,HOUSEHOLD_1,HOUSEHOLD,CA_4,CA,2016-05-16,11616,Monday,3,5,2016,,,0,0,0,2.96,6.6722708828183395,5.165019295624046,5.165019295624046,2.0,6.67763218909887,5.893578861305339,0,2.96,0.0,0,5.2763920274243175,3.3200188180159316,7.232765236832703,4
HOUSEHOLD_1_234_CA_2_validation,HOUSEHOLD_1_234,HOUSEHOLD_1,HOUSEHOLD,CA_2,CA,2016-05-16,11616,Monday,3,5,2016,,,0,0,0,0.97,6.376607780480928,5.95569184613591,8.303579211947126,17.0,6.542917293608468,7.346663242392174,0,0.97,0.0,0,6.881076458125383,4.329720614094452,9.432432302156315,8
HOUSEHOLD_1_234_TX_1_validation,HOUSEHOLD_1_234,HOUSEHOLD_1,HOUSEHOLD,TX_1,TX,2016-05-16,11616,Monday,3,5,2016,,,0,0,0,0.97,13.555940964490194,9.711971500681685,9.711971500681685,9.0,11.05180018470657,11.161186033934667,0,0.97,0.0,0,9.452903406463276,5.947969186373185,12.957837626553367,13
HOUSEHOLD_1_234_TX_2_validation,HOUSEHOLD_1_234,HOUSEHOLD_1,HOUSEHOLD,TX_2,TX,2016-05-16,11616,Monday,3,5,2016,,,0,0,0,0.97,6.053179654861691,4.715345505140396,4.670035873965903,0.0,6.239798361575632,4.72435340989702,0,0.97,0.0,0,4.83968986002459,3.0452364655865214,6.634143254462659,0
HOUSEHOLD_1_303_CA_2_validation,HOUSEHOLD_1_303,HOUSEHOLD_1,HOUSEHOLD,CA_2,CA,2016-05-16,11616,Monday,3,5,2016,,,0,0,0,0.98,8.505531791595509,6.325232855197621,6.156907163139179,2.0,6.964616867636109,6.573133990592636,0,0.98,0.0,0,5.640611842026637,3.549193722399269,7.732029961654004,2
HOUSEHOLD_1_303_CA_3_validation,HOUSEHOLD_1_303,HOUSEHOLD_1,HOUSEHOLD,CA_3,CA,2016-05-16,11616,Monday,3,5,2016,,,0,0,0,0.98,18.429912499438064,10.048779419977375,9.591268556392224,5.0,12.62389655462701,11.907904517679368,0,0.98,0.0,0,11.281113934743619,7.098318388183445,15.463909481303793,12
HOUSEHOLD_1_303_WI_1_validation,HOUSEHOLD_1_303,HOUSEHOLD_1,HOUSEHOLD,WI_1,WI,2016-05-16,11616,Monday,3,5,2016,,,0,0,0,0.98,6.614536672318308,4.980277231768859,4.855932876884667,5.0,6.25100779330817,5.659193499750962,0,0.98,0.0,0,5.091649963569131,3.2037751565725783,6.979524770565683,3
HOUSEHOLD_1_327_CA_2_validation,HOUSEHOLD_1_327,HOUSEHOLD_1,HOUSEHOLD,CA_2,CA,2016-05-16,11616,Monday,3,5,2016,,,0,0,0,0.98,6.501093714169708,4.980277231768859,4.980277231768859,1.0,6.165666184965117,4.9532889076998305,0,0.98,0.0,0,5.091649963569131,3.2037751565725783,6.979524770565683,1
HOUSEHOLD_1_327_WI_1_validation,HOUSEHOLD_1_327,HOUSEHOLD_1,HOUSEHOLD,WI_1,WI,2016-05-16,11616,Monday,3,5,2016,,,0,0,0,0.98,6.806610263623761,5.091649963569131,4.810623245710172,3.0,6.237254579269994,5.301218727287258,0,0.98,0.0,0,5.091649963569131,3.2037751565725783,6.979524770565683,2
HOUSEHOLD_1_334_CA_1_validation,HOUSEHOLD_1_334,HOUSEHOLD_1,HOUSEHOLD,CA_1,CA,2016-05-16,11616,Monday,3,5,2016,,,0,0,0,0.97,15.773373584097774,8.639781166527857,8.46413547584282,7.0,11.788558984335895,11.120093916046171,0,0.97,0.0,0,9.39634489172899,5.912381358125987,12.880308425331993,15
HOUSEHOLD_1_334_CA_3_validation,HOUSEHOLD_1_334,HOUSEHOLD_1,HOUSEHOLD,CA_3,CA,2016-05-16,11616,Monday,3,5,2016,,,0,0,0,0.97,30.023111658588196,19.666838947557718,18.230646075562547,19.0,23.072092987598342,22.827147244012117,0,0.97,0.0,0,20.44664799788166,12.865468631877272,28.027827363886047,17
HOUSEHOLD_1_334_TX_1_validation,HOUSEHOLD_1_334,HOUSEHOLD_1,HOUSEHOLD,TX_1,TX,2016-05-16,11616,Monday,3,5,2016,,,0,0,0,0.96,11.853309128199985,8.888857906636508,8.03677688070484,6.0,9.642091204848205,9.256628086371178,0,0.96,0.0,0,7.967485565601319,5.013312481820913,10.921658649381724,16
HOUSEHOLD_1_334_TX_2_validation,HOUSEHOLD_1_334,HOUSEHOLD_1,HOUSEHOLD,TX_2,TX,2016-05-16,11616,Monday,3,5,2016,,,0,0,0,0.96,11.630986831410699,8.293087838278028,10.777425986695922,11.0,10.038146018489813,10.183079320166417,0,0.96,0.0,0,9.256800410575265,5.82457698328563,12.6890238378649,38
HOUSEHOLD_1_334_TX_3_validation,HOUSEHOLD_1_334,HOUSEHOLD_1,HOUSEHOLD,TX_3,TX,2016-05-16,11616,Monday,3,5,2016,,,0,0,0,0.96,13.854281718134747,8.441771718771385,9.858524604129254,13.0,9.856810018684172,10.529761300882836,0,0.96,0.0,0,9.907796416374078,6.234197606331018,13.581395226417138,8
HOUSEHOLD_1_334_WI_2_validation,HOUSEHOLD_1_334,HOUSEHOLD_1,HOUSEHOLD,WI_2,WI,2016-05-16,11616,Monday,3,5,2016,,,0,0,0,0.97,21.493542131235564,13.852466180933838,13.265032604690656,12.0,17.598759855536667,18.84151179689086,0,0.97,0.0,0,14.096838123971006,8.87003232565995,19.323643922282063,20
HOUSEHOLD_1_334_WI_3_validation,HOUSEHOLD_1_334,HOUSEHOLD_1,HOUSEHOLD,WI_3,WI,2016-05-16,11616,Monday,3,5,2016,,,0,0,0,0.97,12.048805704904664,9.94448392426215,11.603924144700168,17.0,10.216712366790981,11.451915066875502,0,0.97,0.0,0,11.78997163327952,7.418502545473245,16.161440721085796,9
HOUSEHOLD_1_389_WI_1_validation,HOUSEHOLD_1_389,HOUSEHOLD_1,HOUSEHOLD,WI_1,WI,2016-05-16,11616,Monday,3,5,2016,,,0,0,0,0.98,6.158853471955734,5.092608173433533,6.270982367453497,12.0,6.13756864575582,4.853118354156645,0,0.98,0.0,0,6.152219963947992,3.871108504962884,8.433331422933101,5
HOUSEHOLD_1_399_CA_4_validation,HOUSEHOLD_1_399,HOUSEHOLD_1,HOUSEHOLD,CA_4,CA,2016-05-16,11616,Monday,3,5,2016,,,0,0,0,0.97,5.9092187650114925,5.26303477580759,4.545691519081712,0.0,5.852813824676956,4.772699734665656,0,0.97,0.0,0,4.83968986002459,3.0452364655865214,6.634143254462659,0
HOUSEHOLD_1_409_WI_2_validation,HOUSEHOLD_1_409,HOUSEHOLD_1,HOUSEHOLD,WI_2,WI,2016-05-16,11616,Monday,3,5,2016,,,0,0,0,2.94,12.77674665058255,9.23144149855981,12.146364284848312,9.0,10.374282649562131,11.239254964028314,0,2.94,0.0,0,10.180167965151956,6.405579615615897,13.954756314688014,12
HOUSEHOLD_1_441_WI_3_validation,HOUSEHOLD_1_441,HOUSEHOLD_1,HOUSEHOLD,WI_3,WI,2016-05-16,11616,Monday,3,5,2016,,,0,0,0,2.77,9.873600106170954,6.043211890826014,8.167788783142413,12.0,8.30724617949187,7.19757253621482,0,2.77,0.0,0,8.050089426563742,5.065288599480596,11.03489025364689,6
HOUSEHOLD_1_459_CA_3_validation,HOUSEHOLD_1_459,HOUSEHOLD_1,HOUSEHOLD,CA_3,CA,2016-05-16,11616,Monday,3,5,2016,,,0,0,0,0.97,31.84176805344107,22.962064275261962,24.96737515360097,37.0,24.086626489507406,25.43943276611507,0,0.97,0.0,0,25.589664000078688,16.10156439957298,35.0777636005844,17
HOUSEHOLD_1_459_TX_1_validation,HOUSEHOLD_1_459,HOUSEHOLD_1,HOUSEHOLD,TX_1,TX,2016-05-16,11616,Monday,3,5,2016,,,0,0,0,0.96,7.524435580162611,7.0934974866917955,6.7877723141554895,3.0,7.203008633926834,7.4625043249919125,0,0.96,0.0,0,5.625825242779584,3.539889677608905,7.711760807950262,11
HOUSEHOLD_1_459_TX_3_validation,HOUSEHOLD_1_459,HOUSEHOLD_1,HOUSEHOLD,TX_3,TX,2016-05-16,11616,Monday,3,5,2016,,,0,0,0,0.96,7.074411699867482,4.83968986002459,4.545691519081712,1.0,5.908830214273957,4.205984403732124,0,0.96,0.0,0,4.951062591824861,3.115314572646971,6.786810611002752,5
HOUSEHOLD_1_459_WI_1_validation,HOUSEHOLD_1_459,HOUSEHOLD_1,HOUSEHOLD,WI_1,WI,2016-05-16,11616,Monday,3,5,2016,,,0,0,0,0.97,7.3066663452036416,6.695715101708515,6.50364151040306,5.0,7.321797377594651,6.737787946924759,0,0.97,0.0,0,5.481864352929383,3.449306403872458,7.514422301986309,2
HOUSEHOLD_1_459_WI_2_validation,HOUSEHOLD_1_459,HOUSEHOLD_1,HOUSEHOLD,WI_2,WI,2016-05-16,11616,Monday,3,5,2016,,,0,0,0,0.97,26.04525328980467,16.967609856562344,18.282646259516937,13.0,24.164223382282113,25.840843719135822,0,0.97,0.0,0,17.4048976055248,10.951534168735835,23.858261042313764,22
HOUSEHOLD_1_459_WI_3_validation,HOUSEHOLD_1_459,HOUSEHOLD_1,HOUSEHOLD,WI_3,WI,2016-05-16,11616,Monday,3,5,2016,,,0,0,0,0.97,16.552985575895605,9.353591462179924,13.473351644348988,13.0,10.281255376346378,11.31196982533598,0,0.97,0.0,0,12.375573330927113,7.786975669901255,16.96417099195297,13
HOUSEHOLD_1_474_TX_2_validation,HOUSEHOLD_1_474,HOUSEHOLD_1,HOUSEHOLD,TX_2,TX,2016-05-16,11616,Monday,3,5,2016,,,0,0,0,0.97,9.816849648050233,9.81888240391147,8.752833380745315,15.0,8.268268137454474,9.191394641146543,0,0.97,0.0,0,9.388055780134835,5.907165671661791,12.868945888607879,15
HOUSEHOLD_1_521_TX_1_validation,HOUSEHOLD_1_521,HOUSEHOLD_1,HOUSEHOLD,TX_1,TX,2016-05-16,11616,Monday,3,5,2016,,,0,0,0,0.94,6.92367417686219,11.70356022040831,9.8532068132516,4.0,8.215176039736042,9.678855888511949,0,0.94,0.0,0,7.377162588623673,4.641868627367647,10.112456549879697,18
HOUSEHOLD_1_521_TX_2_validation,HOUSEHOLD_1_521,HOUSEHOLD_1,HOUSEHOLD,TX_2,TX,2016-05-16,11616,Monday,3,5,2016,,,0,0,0,0.94,7.263907054321448,6.415911629217229,4.83968986002459,5.0,7.468861041887337,6.534877732441497,0,0.94,0.0,0,5.187737888373727,3.264235735861848,7.111240040885606,1
HOUSEHOLD_1_521_TX_3_validation,HOUSEHOLD_1_521,HOUSEHOLD_1,HOUSEHOLD,TX_3,TX,2016-05-16,11616,Monday,3,5,2016,,,0,0,0,0.94,7.91201555596365,4.951062591824861,5.343635304113198,3.0,6.716469971174318,6.689234945962126,0,0.94,0.0,0,5.09502348167506,3.205897846383417,6.984149116966703,4
HOUSEHOLD_1_535_CA_1_validation,HOUSEHOLD_1_535,HOUSEHOLD_1,HOUSEHOLD,CA_1,CA,2016-05-16,11616,Monday,3,5,2016,,,0,0,0,6.97,10.671600665463174,11.014130715808543,12.589938802341859,17.0,8.988742699486977,8.709592939662675,0,6.97,0.0,0,13.171674140194218,8.287899341619925,18.055448938768514,10
FOODS_1_218_CA_2_validation,FOODS_1_218,FOODS_1,FOODS,CA_2,CA,2016-05-17,11616,Tuesday,4,5,2016,,,0,0,0,0.98,8.595993851741083,10.81222538102178,9.298145650762416,11.0,11.528332191082892,8.997941388404346,1,0.98,0.0,0,9.129781007159218,5.744653655488418,12.51490835883002,9
FOODS_2_360_WI_2_validation,FOODS_2_360,FOODS_2,FOODS,WI_2,WI,2016-05-17,11616,Tuesday,4,5,2016,,,0,0,0,0.94,38.18419483216292,39.93129629789132,45.267897576067305,43.0,46.67499108491828,45.185866027064094,1,0.94,0.0,0,37.78648317125204,23.77606412547755,51.79690221702652,25
FOODS_3_007_WI_2_validation,FOODS_3_007,FOODS_3,FOODS,WI_2,WI,2016-05-17,11616,Tuesday,4,5,2016,,,0,0,0,0.25,24.086360497974738,24.24942754780159,32.08866986268529,39.0,28.104687569867462,31.56270317455016,1,0.25,0.0,0,27.145676667668575,17.08064088036119,37.210712454975955,74
FOODS_3_030_TX_3_validation,FOODS_3_030,FOODS_3,FOODS,TX_3,TX,2016-05-17,11616,Tuesday,4,5,2016,,,0,0,0,1.25,18.519932426130318,15.115512116229556,17.378634239658954,21.0,20.052785022023404,19.634144466220654,1,1.25,0.0,0,18.450622572513897,11.609526704322255,25.29171844070554,18
FOODS_3_080_CA_2_validation,FOODS_3_080,FOODS_3,FOODS,CA_2,CA,2016-05-17,11616,Tuesday,4,5,2016,,,0,0,0,1.68,14.48946197508404,11.94135670405188,14.415360529155876,11.0,15.072076342254764,14.884438750590041,1,1.68,0.0,0,12.865705847566431,8.0953775418824,17.636034153250463,9
FOODS_3_090_CA_1_validation,FOODS_3_090,FOODS_3,FOODS,CA_1,CA,2016-05-17,11616,Tuesday,4,5,2016,,,0,0,0,1.6,47.72922602419109,35.232786901383534,37.02602256706831,45.0,53.5696598791243,53.745389999809085,1,1.6,0.0,0,40.02949622092787,25.18741595363469,54.871576488221045,42
FOODS_3_090_CA_2_validation,FOODS_3_090,FOODS_3,FOODS,CA_2,CA,2016-05-17,11616,Tuesday,4,5,2016,,,0,0,0,1.6,51.3882110549069,37.00405854411239,34.874070972492945,29.0,51.398496902966606,50.448321525763,1,1.6,0.0,0,35.98666874315454,22.64358235779184,49.329755128517235,40
FOODS_3_090_CA_3_validation,FOODS_3_090,FOODS_3,FOODS,CA_3,CA,2016-05-17,11616,Tuesday,4,5,2016,,,0,0,0,1.6,75.24427711061573,76.11049583916757,83.49158454045568,100.0,98.11733900078126,102.19633836123153,1,1.6,0.0,0,78.60950430079303,49.462782938995836,107.75622566259024,85
FOODS_3_090_CA_4_validation,FOODS_3_090,FOODS_3,FOODS,CA_4,CA,2016-05-17,11616,Tuesday,4,5,2016,,,0,0,0,1.6,25.81203240589172,23.2031650631752,20.433160534436947,19.0,27.989792058410067,26.104001916468707,1,1.6,0.0,0,22.50479208063483,14.160496948464324,30.849087212805333,13
FOODS_3_090_TX_1_validation,FOODS_3_090,FOODS_3,FOODS,TX_1,TX,2016-05-17,11616,Tuesday,4,5,2016,,,0,0,0,1.5,49.066903963586476,41.24590872413855,41.116146782737914,34.0,52.36964338325639,50.891670623965275,1,1.5,0.0,0,40.89858436706585,25.734264820188905,56.0629039139428,36
FOODS_3_090_TX_2_validation,FOODS_3_090,FOODS_3,FOODS,TX_2,TX,2016-05-17,11616,Tuesday,4,5,2016,,,0,0,0,1.5,48.12645778337946,47.14458665764604,49.58791409299408,61.0,57.46646853826419,58.235185747090796,1,1.5,0.0,0,48.31789610233214,30.40265459293193,66.23313761173236,50
FOODS_3_090_TX_3_validation,FOODS_3_090,FOODS_3,FOODS,TX_3,TX,2016-05-17,11616,Tuesday,4,5,2016,,,0,0,0,1.5,76.31006521492333,52.16386957320112,49.32258778543967,46.0,66.80863802321595,64.07853736706701,1,1.5,0.0,0,54.10473377725435,34.043856739718564,74.16561081479014,50
FOODS_3_090_WI_1_validation,FOODS_3_090,FOODS_3,FOODS,WI_1,WI,2016-05-17,11616,Tuesday,4,5,2016,,,0,0,0,1.44,18.167775760591947,17.45583440088129,15.411945735376037,11.0,22.308248332978927,21.04585423034845,1,1.44,0.0,0,16.30990502261228,10.262541394513928,22.357268650710633,10
FOODS_3_090_WI_3_validation,FOODS_3_090,FOODS_3,FOODS,WI_3,WI,2016-05-17,11616,Tuesday,4,5,2016,,,0,0,0,1.44,76.86277935017678,50.280675044915284,54.609661474362795,61.0,78.17630122181107,77.23045980058488,1,1.44,0.0,0,56.14375697559444,35.32685378650258,76.9606601646863,31
FOODS_3_120_CA_1_validation,FOODS_3_120,FOODS_3,FOODS,CA_1,CA,2016-05-17,11616,Tuesday,4,5,2016,,,0,0,0,4.98,44.967462376524004,40.12151757235573,41.99052400975234,43.0,47.140256121886026,47.482539411259,1,4.98,0.0,0,40.29672096084461,25.355559480603834,55.23788244108539,38
FOODS_3_120_CA_3_validation,FOODS_3_120,FOODS_3,FOODS,CA_3,CA,2016-05-17,11616,Tuesday,4,5,2016,,,0,0,0,4.98,73.94834773811681,71.6731256970137,73.49110798074273,71.0,73.13226306903032,70.4575221844869,1,4.98,0.0,0,74.76346098095411,47.042770147982104,102.4841518139261,57
FOODS_3_226_WI_1_validation,FOODS_3_226,FOODS_3,FOODS,WI_1,WI,2016-05-17,11616,Tuesday,4,5,2016,,,0,0,0,1.68,36.342971049437196,31.053402177747518,31.608008011200248,27.0,38.893063693359316,36.3437124413299,1,1.68,0.0,0,32.09714632599273,20.196211587963795,43.99808106402167,27
FOODS_3_226_WI_2_validation,FOODS_3_226,FOODS_3,FOODS,WI_2,WI,2016-05-17,11616,Tuesday,4,5,2016,,,0,0,0,1.68,37.355115796509715,36.23194235173081,37.614518720259966,31.0,47.39496859771784,44.37271769128302,1,1.68,0.0,0,34.123692604878755,21.471357889927663,46.77602731982984,37
FOODS_3_226_WI_3_validation,FOODS_3_226,FOODS_3,FOODS,WI_3,WI,2016-05-17,11616,Tuesday,4,5,2016,,,0,0,0,1.68,37.052941473374496,40.41906127883171,43.142404911216715,38.0,46.09922476428432,44.48508234216173,1,1.68,0.0,0,38.69480729327561,24.34760110800312,53.0420134785481,41
FOODS_3_234_WI_2_validation,FOODS_3_234,FOODS_3,FOODS,WI_2,WI,2016-05-17,11616,Tuesday,4,5,2016,,,0,0,0,0.25,26.0979084408052,29.571335263871244,32.13106976173195,57.0,29.767545157831016,32.098119447335726,1,0.25,0.0,0,31.93738437277471,20.095685946895056,43.779082798654365,65
FOODS_3_252_CA_1_validation,FOODS_3_252,FOODS_3,FOODS,CA_1,CA,2016-05-17,11616,Tuesday,4,5,2016,,,0,0,0,1.58,31.255495400050652,29.22040560744427,32.72019415003874,46.0,37.725449602841465,38.006026844597876,1,1.58,0.0,0,33.29066351370612,20.947198152691854,45.63412887472039,34
FOODS_3_252_CA_2_validation,FOODS_3_252,FOODS_3,FOODS,CA_2,CA,2016-05-17,11616,Tuesday,4,5,2016,,,0,0,0,1.58,35.372367670173254,30.099840065304818,35.95785490060065,37.0,37.28668133138786,35.46843307536471,1,1.58,0.0,0,33.572349380251495,21.124440930112296,46.02025783039069,40
FOODS_3_252_CA_3_validation,FOODS_3_252,FOODS_3,FOODS,CA_3,CA,2016-05-17,11616,Tuesday,4,5,2016,,,0,0,0,1.58,46.11965563066718,39.93206119598624,42.19560974946178,56.0,45.81183326892107,44.72146221459862,1,1.58,0.0,0,45.748070593045775,28.785665368950223,62.71047581714133,71
FOODS_3_252_CA_4_validation,FOODS_3_252,FOODS_3,FOODS,CA_4,CA,2016-05-17,11616,Tuesday,4,5,2016,,,0,0,0,1.58,19.018831155905012,15.531953744083458,15.700737588569455,12.0,19.07306542628907,17.040752485177425,1,1.58,0.0,0,15.950201327280801,10.036208129054625,21.864194525506978,18
FOODS_3_252_TX_1_validation,FOODS_3_252,FOODS_3,FOODS,TX_1,TX,2016-05-17,11616,Tuesday,4,5,2016,,,0,0,0,1.58,25.001012814522248,26.37530101337519,28.088643875412973,31.0,31.280880955839535,31.89640608683157,1,1.58,0.0,0,26.778144686297484,16.849381889741736,36.70690748285323,33
FOODS_3_252_TX_2_validation,FOODS_3_252,FOODS_3,FOODS,TX_2,TX,2016-05-17,11616,Tuesday,4,5,2016,,,0,0,0,1.58,47.31830097771052,38.83738512240386,40.19802080140642,32.0,49.47145685417625,50.031957828922245,1,1.58,0.0,0,37.254187547980706,23.441132324196854,51.06724277176456,53
FOODS_3_252_TX_3_validation,FOODS_3_252,FOODS_3,FOODS,TX_3,TX,2016-05-17,11616,Tuesday,4,5,2016,,,0,0,0,1.58,28.195919345232237,31.258119926008796,28.9731420624196,43.0,35.60776435300099,34.17525843675695,1,1.58,0.0,0,32.98623112291607,20.75564277527045,45.21681947056168,38
FOODS_3_318_WI_3_validation,FOODS_3_318,FOODS_3,FOODS,WI_3,WI,2016-05-17,11616,Tuesday,4,5,2016,,,0,0,0,1.48,23.382136654644647,20.769557938081952,20.29273636873841,14.0,25.5374802280813,24.293706210014562,1,1.48,0.0,0,19.971469905780435,12.566476403952334,27.376463407608533,18
FOODS_3_377_TX_2_validation,FOODS_3_377,FOODS_3,FOODS,TX_2,TX,2016-05-17,11616,Tuesday,4,5,2016,,,0,0,0,1.68,22.89713491421137,25.027539613356296,25.157800173875444,25.0,27.59519846684193,27.466186542662875,1,1.68,0.0,0,24.559184101703558,15.453164387517269,33.665203815889846,26
FOODS_3_377_TX_3_validation,FOODS_3_377,FOODS_3,FOODS,TX_3,TX,2016-05-17,11616,Tuesday,4,5,2016,,,0,0,0,1.68,30.973267239274545,40.798999522920184,38.252945177193,43.0,42.53045364098152,42.75947554269447,1,1.68,0.0,0,37.30696870977832,23.474343361112613,51.13959405844402,32
FOODS_3_491_WI_1_validation,FOODS_3_491,FOODS_3,FOODS,WI_1,WI,2016-05-17,11616,Tuesday,4,5,2016,,,0,0,0,1.44,19.1614690466325,16.00841522283432,14.747636109700045,17.0,20.872769026921997,19.657911282658212,1,1.44,0.0,0,18.412245369312146,11.585378946507747,25.239111792116542,11
FOODS_3_541_CA_3_validation,FOODS_3_541,FOODS_3,FOODS,CA_3,CA,2016-05-17,11616,Tuesday,4,5,2016,,,0,0,0,0.88,4.690858585472714,4.418009363761421,5.295503997692938,0.0,5.255122786432087,4.148542079585829,1,0.88,0.0,0,4.870740427622239,3.0647741474339774,6.6767067078105,0
FOODS_3_555_CA_2_validation,FOODS_3_555,FOODS_3,FOODS,CA_2,CA,2016-05-17,11616,Tuesday,4,5,2016,,,0,0,0,1.68,22.36093503367952,19.898547152949224,20.316974285913236,22.0,22.650637401764197,22.130550124389263,1,1.68,0.0,0,21.117680409166518,13.287696590183824,28.94766422814921,22
FOODS_3_555_TX_1_validation,FOODS_3_555,FOODS_3,FOODS,TX_1,TX,2016-05-17,11616,Tuesday,4,5,2016,,,0,0,0,1.68,26.216016824278647,25.639098511939856,27.633886029264684,35.0,28.733307416533155,29.196092276072644,1,1.68,0.0,0,28.91804500588862,18.195852980743847,39.64023703103339,19
FOODS_3_555_TX_2_validation,FOODS_3_555,FOODS_3,FOODS,TX_2,TX,2016-05-17,11616,Tuesday,4,5,2016,,,0,0,0,1.68,34.86071896515923,32.34753280867478,32.14314555280262,28.0,40.8668615055666,39.84777648990013,1,1.68,0.0,0,31.95163665833997,20.10465379007852,43.79861952660143,22
FOODS_3_555_TX_3_validation,FOODS_3_555,FOODS_3,FOODS,TX_3,TX,2016-05-17,11616,Tuesday,4,5,2016,,,0,0,0,1.68,22.972739689898876,23.135754600237867,25.735234960335365,28.0,28.424945852776897,29.397446746145565,1,1.68,0.0,0,24.713815877152236,15.550462010909257,33.877169743395214,32
FOODS_3_555_WI_3_validation,FOODS_3_555,FOODS_3,FOODS,WI_3,WI,2016-05-17,11616,Tuesday,4,5,2016,,,0,0,0,1.68,30.18742598087721,23.44554505093964,26.459774243325878,30.0,28.119305213783303,27.90317876408771,1,1.68,0.0,0,28.853049850622664,18.154956637666746,39.551143063578586,17
FOODS_3_586_CA_1_validation,FOODS_3_586,FOODS_3,FOODS,CA_1,CA,2016-05-17,11616,Tuesday,4,5,2016,,,0,0,0,1.68,31.743202201969083,32.07550977354082,35.03615898665018,40.0,36.846195116004914,38.02070905582978,1,1.68,0.0,0,34.31072243121576,21.589041060499852,47.032403801931665,46
FOODS_3_586_CA_2_validation,FOODS_3_586,FOODS_3,FOODS,CA_2,CA,2016-05-17,11616,Tuesday,4,5,2016,,,0,0,0,1.68,29.214783983701796,30.050478773528404,31.32280560345939,45.0,33.888648434181924,34.3662202286057,1,1.68,0.0,0,32.98623112291607,20.75564277527045,45.21681947056168,29
FOODS_3_586_CA_3_validation,FOODS_3_586,FOODS_3,FOODS,CA_3,CA,2016-05-17,11616,Tuesday,4,5,2016,,,0,0,0,1.68,75.91035254687883,71.29244956280148,70.55229414240412,75.0,70.94902257352702,69.02836711196976,1,1.68,0.0,0,76.18077642187154,47.93457536458718,104.42697747915591,74
FOODS_3_586_CA_4_validation,FOODS_3_586,FOODS_3,FOODS,CA_4,CA,2016-05-17,11616,Tuesday,4,5,2016,,,0,0,0,1.68,16.112999982612475,16.419252638052306,15.724573516377172,20.0,18.641095181938876,17.623726655199587,1,1.68,0.0,0,17.768145691947918,11.18009764094655,24.356193742949287,28
FOODS_3_586_TX_1_validation,FOODS_3_586,FOODS_3,FOODS,TX_1,TX,2016-05-17,11616,Tuesday,4,5,2016,,,0,0,0,1.68,56.646883864472116,44.54243165823028,55.88280820223286,81.0,54.08208276171859,54.53072882248584,1,1.68,0.0,0,52.347905297919844,32.93842265121621,71.75738794462347,56
FOODS_3_586_TX_2_validation,FOODS_3_586,FOODS_3,FOODS,TX_2,TX,2016-05-17,11616,Tuesday,4,5,2016,,,0,0,0,1.68,56.424307963347616,55.929713111660156,57.09961151995685,67.0,69.65386857684666,70.82542190422254,1,1.68,0.0,0,53.769250349627775,33.83276338519455,73.705737314061,86
FOODS_3_586_TX_3_validation,FOODS_3_586,FOODS_3,FOODS,TX_3,TX,2016-05-17,11616,Tuesday,4,5,2016,,,0,0,0,1.68,47.426802279754966,44.25507756206083,49.77116547061171,55.0,55.05376758565426,54.89513952297589,1,1.68,0.0,0,47.17427529273391,29.683063897470625,64.66548668799719,51
FOODS_3_586_WI_1_validation,FOODS_3_586,FOODS_3,FOODS,WI_1,WI,2016-05-17,11616,Tuesday,4,5,2016,,,0,0,0,1.68,14.14756361379877,14.062993988301212,16.988728900418653,19.0,17.654332969665653,15.861260099368247,1,1.68,0.0,0,16.988728900418653,10.689671910351633,23.287785890485672,10
FOODS_3_586_WI_3_validation,FOODS_3_586,FOODS_3,FOODS,WI_3,WI,2016-05-17,11616,Tuesday,4,5,2016,,,0,0,0,1.68,31.607132752561558,25.827325672433894,24.39446286358514,22.0,34.12656709246628,33.38362486492859,1,1.68,0.0,0,27.45209856493739,17.273448097849393,37.630749032025385,20
FOODS_3_587_CA_1_validation,FOODS_3_587,FOODS_3,FOODS,CA_1,CA,2016-05-17,11616,Tuesday,4,5,2016,,,0,0,0,2.48,22.401162097904248,20.125880200966982,19.128315009644563,10.0,23.448751452537003,21.70053304494269,1,2.48,0.0,0,19.504112833305644,12.272405329004824,26.735820337606462,21
FOODS_3_587_CA_4_validation,FOODS_3_587,FOODS_3,FOODS,CA_4,CA,2016-05-17,11616,Tuesday,4,5,2016,,,0,0,0,2.48,16.681740404088927,16.04333385981604,18.6922584183335,28.0,16.200448628669406,16.9729313040895,1,2.48,0.0,0,18.635409878750732,11.725798833240667,25.545020924260797,10
FOODS_3_587_TX_1_validation,FOODS_3_587,FOODS_3,FOODS,TX_1,TX,2016-05-17,11616,Tuesday,4,5,2016,,,0,0,0,2.48,20.22041177239595,25.445979699116286,24.241690901767086,28.0,25.141201356962558,24.15593242487599,1,2.48,0.0,0,23.703885281201508,14.914992059848167,32.49277850255485,7
FOODS_3_587_TX_2_validation,FOODS_3_587,FOODS_3,FOODS,TX_2,TX,2016-05-17,11616,Tuesday,4,5,2016,,,0,0,0,2.48,26.816352752776652,26.726600686060998,27.154129846971905,30.0,28.07194653922291,28.982375812065744,1,2.48,0.0,0,29.27811651726316,18.422417683931467,40.13381535059485,24
FOODS_3_635_CA_3_validation,FOODS_3_635,FOODS_3,FOODS,CA_3,CA,2016-05-17,11616,Tuesday,4,5,2016,,,0,0,0,0.88,4.690858585472714,4.418009363761421,5.295503997692938,0.0,5.2890955565619935,4.1084602419253535,1,0.88,0.0,0,4.870740427622239,3.0647741474339774,6.6767067078105,0
FOODS_3_635_CA_4_validation,FOODS_3_635,FOODS_3,FOODS,CA_4,CA,2016-05-17,11616,Tuesday,4,5,2016,,,0,0,0,1.0,5.188596274029056,5.605519110791131,5.793607384312965,0.0,6.34453020192688,4.661496260255895,1,1.0,0.0,0,5.605519110791131,3.527112624658257,7.683925596924005,0
FOODS_3_694_WI_1_validation,FOODS_3_694,FOODS_3,FOODS,WI_1,WI,2016-05-17,11616,Tuesday,4,5,2016,,,0,0,0,1.68,23.793284598406814,20.56391135570964,18.84986551680466,14.0,24.254339474265297,21.703915158106078,1,1.68,0.0,0,19.971469905780435,12.566476403952334,27.376463407608533,20
FOODS_3_694_WI_2_validation,FOODS_3_694,FOODS_3,FOODS,WI_2,WI,2016-05-17,11616,Tuesday,4,5,2016,,,0,0,0,1.68,33.540853462077656,33.06449638640436,31.878616407555473,31.0,36.9803668527761,34.78456388465781,1,1.68,0.0,0,32.146804256719065,20.22745742102894,44.06615109240919,24
FOODS_3_694_WI_3_validation,FOODS_3_694,FOODS_3,FOODS,WI_3,WI,2016-05-17,11616,Tuesday,4,5,2016,,,0,0,0,1.68,38.011545064522714,36.0288924221236,38.79334033699112,42.0,44.96778705272842,43.578605966795216,1,1.68,0.0,0,38.61652115320888,24.298341792762614,52.934700513655145,37
FOODS_3_711_WI_2_validation,FOODS_3_711,FOODS_3,FOODS,WI_2,WI,2016-05-17,11616,Tuesday,4,5,2016,,,0,0,0,0.25,29.32166772233624,31.67576056748421,29.768710698742765,38.0,29.564388414296126,28.67673604769232,1,0.25,0.0,0,29.58009652489654,18.612429969371302,40.547763080421774,50
FOODS_3_714_CA_1_validation,FOODS_3_714,FOODS_3,FOODS,CA_1,CA,2016-05-17,11616,Tuesday,4,5,2016,,,0,0,0,1.58,20.402366984247998,14.683693442162603,16.849757842475682,6.0,20.908328870166514,18.864743523650112,1,1.58,0.0,0,16.120362128164334,10.14327694768783,22.097447308640838,15
FOODS_3_714_TX_1_validation,FOODS_3_714,FOODS_3,FOODS,TX_1,TX,2016-05-17,11616,Tuesday,4,5,2016,,,0,0,0,1.58,18.672551173761,18.541663229522538,15.117344588023954,10.0,22.159836853469123,20.69776450812679,1,1.58,0.0,0,17.267056754001263,10.864801754129244,23.669311753873284,36
FOODS_3_714_WI_1_validation,FOODS_3_714,FOODS_3,FOODS,WI_1,WI,2016-05-17,11616,Tuesday,4,5,2016,,,0,0,0,1.58,17.923719416140464,12.32354249720447,11.240599785401928,8.0,20.865290093039455,18.44109455514083,1,1.58,0.0,0,13.869896734575189,8.727235945204386,19.012557523945993,11
FOODS_3_808_CA_4_validation,FOODS_3_808,FOODS_3,FOODS,CA_4,CA,2016-05-17,11616,Tuesday,4,5,2016,,,0,0,0,1.0,5.188596274029056,5.605519110791131,5.793607384312965,0.0,6.34453020192688,4.670127095394088,1,1.0,0.0,0,5.605519110791131,3.527112624658257,7.683925596924005,0
HOBBIES_1_008_TX_2_validation,HOBBIES_1_008,HOBBIES_1,HOBBIES,TX_2,TX,2016-05-17,11616,Tuesday,4,5,2016,,,0,0,0,0.48,4.765979134190577,5.050219903485936,5.050219903485936,0.0,5.853686473632943,4.637547463942111,1,0.48,0.0,0,5.050219903485936,3.177706475854235,6.922733331117637,7
HOBBIES_1_015_CA_2_validation,HOBBIES_1_015,HOBBIES_1,HOBBIES,CA_2,CA,2016-05-17,11616,Tuesday,4,5,2016,,,0,0,0,0.7,4.877351865990848,5.050219903485936,5.050219903485936,0.0,6.516629089621945,7.270224161759677,1,0.7,0.0,0,5.050219903485936,3.177706475854235,6.922733331117637,5
HOBBIES_1_048_WI_3_validation,HOBBIES_1_048,HOBBIES_1,HOBBIES,WI_3,WI,2016-05-17,11616,Tuesday,4,5,2016,,,0,0,0,0.48,4.765979134190577,5.734840916656922,5.125340452203798,5.0,6.079345230778492,5.802533384409379,1,0.48,0.0,0,5.286895200034803,3.3266276390691134,7.247162761000493,3
HOBBIES_1_103_WI_3_validation,HOBBIES_1_103,HOBBIES_1,HOBBIES,WI_3,WI,2016-05-17,11616,Tuesday,4,5,2016,,,0,0,0,0.7,4.765979134190577,6.2221626356650725,5.362015748752664,1.0,6.160350523131671,5.58087221145969,1,0.7,0.0,0,5.286895200034803,3.3266276390691134,7.247162761000493,0
HOBBIES_1_178_CA_4_validation,HOBBIES_1_178,HOBBIES_1,HOBBIES,CA_4,CA,2016-05-17,11616,Tuesday,4,5,2016,,,0,0,0,0.48,4.765979134190577,5.050219903485936,5.050219903485936,0.0,6.626570464134135,6.88519406724192,1,0.48,0.0,0,5.050219903485936,3.177706475854235,6.922733331117637,4
HOBBIES_1_178_WI_2_validation,HOBBIES_1_178,HOBBIES_1,HOBBIES,WI_2,WI,2016-05-17,11616,Tuesday,4,5,2016,,,0,0,0,0.48,5.692263531230974,5.050219903485936,5.286895200034803,0.0,5.787432348146398,6.177649073143868,1,0.48,0.0,0,5.125340452203798,3.2249739332506353,7.0257069711569615,22
HOBBIES_1_234_CA_3_validation,HOBBIES_1_234,HOBBIES_1,HOBBIES,CA_3,CA,2016-05-17,11616,Tuesday,4,5,2016,,,0,0,0,0.3,24.627342390087314,25.268868535193647,32.36384188711318,38.0,28.40049521373473,28.550283388547303,1,0.3,0.0,0,30.254559271926606,19.03681636836365,41.47230217548956,0
HOBBIES_1_254_CA_3_validation,HOBBIES_1_254,HOBBIES_1,HOBBIES,CA_3,CA,2016-05-17,11616,Tuesday,4,5,2016,,,0,0,0,0.7,12.270879691245947,11.828026272955627,8.715034118728312,12.0,10.677897690665787,11.109689675457501,1,0.7,0.0,0,9.344993805585563,5.880070155426184,12.809917455744943,2
HOBBIES_1_254_TX_1_validation,HOBBIES_1_254,HOBBIES_1,HOBBIES,TX_1,TX,2016-05-17,11616,Tuesday,4,5,2016,,,0,0,0,0.7,4.877351865990848,5.050219903485936,5.050219903485936,6.0,5.763468553197437,4.996078919922837,1,0.7,0.0,0,5.59790917415313,3.5223242896159106,7.673494058690349,0
HOBBIES_1_348_CA_1_validation,HOBBIES_1_348,HOBBIES_1,HOBBIES,CA_1,CA,2016-05-17,11616,Tuesday,4,5,2016,,,0,0,0,0.48,5.021312755841047,5.730136033416872,8.829681997342453,11.0,6.148363251463459,7.473542557882373,1,0.48,0.0,0,6.914424870415474,4.350704149013502,9.478145591817446,1
HOBBIES_1_348_CA_2_validation,HOBBIES_1_348,HOBBIES_1,HOBBIES,CA_2,CA,2016-05-17,11616,Tuesday,4,5,2016,,,0,0,0,0.48,5.114027162539713,6.203831483975514,6.769673927024901,12.0,6.383065751252671,6.216997657477878,1,0.48,0.0,0,6.560890805464145,4.128252947065749,8.99352866386254,3
HOBBIES_1_354_TX_3_validation,HOBBIES_1_354,HOBBIES_1,HOBBIES,TX_3,TX,2016-05-17,11616,Tuesday,4,5,2016,,,0,0,0,22.98,23.426832917387323,22.347715565053544,25.13911013576425,29.0,23.340167465992245,22.350278782260364,1,22.98,0.0,0,23.482916168482642,14.775953563729251,32.18987877323603,25
HOBBIES_1_370_WI_1_validation,HOBBIES_1_370,HOBBIES_1,HOBBIES,WI_1,WI,2016-05-17,11616,Tuesday,4,5,2016,,,0,0,0,0.48,5.3136684048577685,5.286895200034803,5.70187801291222,8.0,6.234987162540599,5.883543343743225,1,0.48,0.0,0,5.734840916656922,3.608484673365528,7.861197159948316,43
HOBBIES_1_371_CA_1_validation,HOBBIES_1_371,HOBBIES_1,HOBBIES,CA_1,CA,2016-05-17,11616,Tuesday,4,5,2016,,,0,0,0,0.48,6.342200903383217,6.515634694993415,9.259362295467435,13.0,7.3709204310840954,8.995897738140721,1,0.48,0.0,0,7.38350002111271,4.645856275558334,10.121143766667087,5
HOBBIES_1_371_CA_4_validation,HOBBIES_1_371,HOBBIES_1,HOBBIES,CA_4,CA,2016-05-17,11616,Tuesday,4,5,2016,,,0,0,0,0.48,7.355834506103063,5.362015748752664,6.1650386410703275,6.0,6.593072949734526,6.833123361586382,1,0.48,0.0,0,5.784402454671262,3.639669854072759,7.929135055269764,4
HOBBIES_1_371_TX_1_validation,HOBBIES_1_371,HOBBIES_1,HOBBIES,TX_1,TX,2016-05-17,11616,Tuesday,4,5,2016,,,0,0,0,0.48,4.877351865990848,5.050219903485936,5.050219903485936,0.0,5.69731577826149,4.1959007943786215,1,0.48,0.0,0,5.050219903485936,3.177706475854235,6.922733331117637,1
HOBBIES_1_371_TX_2_validation,HOBBIES_1_371,HOBBIES_1,HOBBIES,TX_2,TX,2016-05-17,11616,Tuesday,4,5,2016,,,0,0,0,0.48,4.765979134190577,5.286895200034803,6.2221626356650725,0.0,5.789159564064063,4.602986022163336,1,0.48,0.0,0,5.050219903485936,3.177706475854235,6.922733331117637,13
HOBBIES_1_371_TX_3_validation,HOBBIES_1_371,HOBBIES_1,HOBBIES,TX_3,TX,2016-05-17,11616,Tuesday,4,5,2016,,,0,0,0,0.48,4.765979134190577,6.2221626356650725,5.464068622002869,7.0,6.022961669499286,5.377902873935628,1,0.48,0.0,0,5.834584470701995,3.671245452830788,7.9979234885732025,4
HOBBIES_1_371_WI_1_validation,HOBBIES_1_371,HOBBIES_1,HOBBIES,WI_1,WI,2016-05-17,11616,Tuesday,4,5,2016,,,0,0,0,0.48,5.937921866369711,5.4789687913402565,6.502223700125183,9.0,6.737247849943379,7.591147979019396,1,0.48,0.0,0,6.153677722494401,3.87202575784725,8.435329687141552,3
HOBBIES_1_371_WI_2_validation,HOBBIES_1_371,HOBBIES_1,HOBBIES,WI_2,WI,2016-05-17,11616,Tuesday,4,5,2016,,,0,0,0,0.48,5.3136684048577685,6.853797110677379,5.554089340058117,3.0,5.954286224910949,5.221967017584945,1,0.48,0.0,0,5.4789687913402565,3.4474844545338454,7.5104531281466675,5
HOUSEHOLD_1_110_CA_1_validation,HOUSEHOLD_1_110,HOUSEHOLD_1,HOUSEHOLD,CA_1,CA,2016-05-17,11616,Tuesday,4,5,2016,,,0,0,0,3.97,9.293589843552287,7.40759834499381,8.492091144191598,11.0,8.082279107379705,8.8978409194025,1,3.97,0.0,0,7.956703745610498,5.006528329870881,10.906879161350115,5
HOUSEHOLD_1_110_CA_4_validation,HOUSEHOLD_1_110,HOUSEHOLD_1,HOUSEHOLD,CA_4,CA,2016-05-17,11616,Tuesday,4,5,2016,,,0,0,0,3.97,5.824081298091509,5.580454164974304,6.169028108416997,8.0,6.541300433841174,6.364501168431483,1,3.97,0.0,0,6.513786857428425,4.098614134583922,8.928959580272927,3
HOUSEHOLD_1_110_WI_2_validation,HOUSEHOLD_1_110,HOUSEHOLD_1,HOUSEHOLD,WI_2,WI,2016-05-17,11616,Tuesday,4,5,2016,,,0,0,0,3.97,20.3873441121357,18.267226128894023,20.814439509238614,24.0,24.19262460432088,25.032972151505028,1,3.97,0.0,0,20.829910577539167,13.10662565169132,28.553195503387013,21
HOUSEHOLD_1_110_WI_3_validation,HOUSEHOLD_1_110,HOUSEHOLD_1,HOUSEHOLD,WI_3,WI,2016-05-17,11616,Tuesday,4,5,2016,,,0,0,0,3.97,15.921250245165597,13.042844353887013,11.186640311658774,12.0,13.862384703595694,13.95914747732042,1,3.97,0.0,0,12.577381537260054,7.913957713535051,17.240805360985057,7
HOUSEHOLD_1_118_CA_1_validation,HOUSEHOLD_1_118,HOUSEHOLD_1,HOUSEHOLD,CA_1,CA,2016-05-17,11616,Tuesday,4,5,2016,,,0,0,0,0.97,7.467309263939349,5.883736544627404,6.622297729593341,7.0,7.481039303978369,7.766964049450921,1,0.97,0.0,0,6.34140509723935,3.9901478408104833,8.692662353668217,8
HOUSEHOLD_1_118_CA_3_validation,HOUSEHOLD_1_118,HOUSEHOLD_1,HOUSEHOLD,CA_3,CA,2016-05-17,11616,Tuesday,4,5,2016,,,0,0,0,0.97,17.38865508047812,17.127380307449194,20.67609670414526,22.0,20.353944400149828,22.064787648576413,1,0.97,0.0,0,19.192240423802243,12.076168532536784,26.308312315067703,18
HOUSEHOLD_1_118_TX_3_validation,HOUSEHOLD_1_118,HOUSEHOLD_1,HOUSEHOLD,TX_3,TX,2016-05-17,11616,Tuesday,4,5,2016,,,0,0,0,0.97,5.289790761623932,6.658124059041705,8.100838455571125,10.0,6.506461119622695,6.6656780749020195,1,0.97,0.0,0,7.035457129882691,4.426860237668329,9.644054022097054,10
HOUSEHOLD_1_151_CA_4_validation,HOUSEHOLD_1_151,HOUSEHOLD_1,HOUSEHOLD,CA_4,CA,2016-05-17,11616,Tuesday,4,5,2016,,,0,0,0,0.88,4.690858585472714,4.870740427622239,4.870740427622239,5.0,5.296754005540454,4.8602881538310205,1,0.88,0.0,0,4.870740427622239,3.0647741474339774,6.6767067078105,1
HOUSEHOLD_1_191_CA_2_validation,HOUSEHOLD_1_191,HOUSEHOLD_1,HOUSEHOLD,CA_2,CA,2016-05-17,11616,Tuesday,4,5,2016,,,0,0,0,2.96,10.880144922453166,6.864694121453811,7.220309800815551,4.0,11.624645426070865,11.042989995794057,1,2.96,0.0,0,6.9667469947040175,4.383626349701712,9.549867639706322,4
HOUSEHOLD_1_191_CA_4_validation,HOUSEHOLD_1_191,HOUSEHOLD_1,HOUSEHOLD,CA_4,CA,2016-05-17,11616,Tuesday,4,5,2016,,,0,0,0,2.96,5.2763920274243175,5.580454164974304,5.682507038224509,7.0,6.693542579356051,6.0105928622847795,1,2.96,0.0,0,6.128143435641496,3.8559590379341646,8.400327833348827,5
HOUSEHOLD_1_234_CA_2_validation,HOUSEHOLD_1_234,HOUSEHOLD_1,HOUSEHOLD,CA_2,CA,2016-05-17,11616,Tuesday,4,5,2016,,,0,0,0,0.97,6.881076458125383,6.1279794921888735,5.937676716422357,7.0,6.675115095321251,6.985273115896653,1,0.97,0.0,0,6.239352223989145,3.9259339882646045,8.552770459713685,3
HOUSEHOLD_1_234_TX_1_validation,HOUSEHOLD_1_234,HOUSEHOLD_1,HOUSEHOLD,TX_1,TX,2016-05-17,11616,Tuesday,4,5,2016,,,0,0,0,0.97,9.452903406463276,8.204130709150293,7.631372064728018,0.0,11.014790456961084,11.177361155594072,1,0.97,0.0,0,6.886608882046901,4.333201733661235,9.440016030432568,10
HOUSEHOLD_1_234_TX_2_validation,HOUSEHOLD_1_234,HOUSEHOLD_1,HOUSEHOLD,TX_2,TX,2016-05-17,11616,Tuesday,4,5,2016,,,0,0,0,0.97,4.83968986002459,5.131310132038069,5.131310132038069,0.0,6.257561840844803,4.8971994763264695,1,0.97,0.0,0,5.131310132038069,3.2287301835982776,7.033890080477861,0
HOUSEHOLD_1_303_CA_2_validation,HOUSEHOLD_1_303,HOUSEHOLD_1,HOUSEHOLD,CA_2,CA,2016-05-17,11616,Tuesday,4,5,2016,,,0,0,0,0.98,5.640611842026637,5.484202296717085,5.484202296717085,3.0,6.86681386575454,6.703155842093585,1,0.98,0.0,0,5.484202296717085,3.450777488153211,7.51762710528096,5
HOUSEHOLD_1_303_CA_3_validation,HOUSEHOLD_1_303,HOUSEHOLD_1,HOUSEHOLD,CA_3,CA,2016-05-17,11616,Tuesday,4,5,2016,,,0,0,0,0.98,11.281113934743619,9.242673321633045,10.26867614972247,12.0,12.799944342450758,12.132230015348783,1,0.98,0.0,0,10.023130192802418,6.30676808746751,13.739492298137327,8
HOUSEHOLD_1_303_WI_1_validation,HOUSEHOLD_1_303,HOUSEHOLD_1,HOUSEHOLD,WI_1,WI,2016-05-17,11616,Tuesday,4,5,2016,,,0,0,0,0.98,5.091649963569131,5.235490617433949,5.472165913982814,2.0,6.266918183565353,5.662466712735573,1,0.98,0.0,0,5.235490617433949,3.294282775253071,7.176698459614827,1
HOUSEHOLD_1_327_CA_2_validation,HOUSEHOLD_1_327,HOUSEHOLD_1,HOUSEHOLD,CA_2,CA,2016-05-17,11616,Tuesday,4,5,2016,,,0,0,0,0.98,5.091649963569131,5.472165913982814,6.161775014474347,0.0,6.1815765752223,5.099419263541584,1,0.98,0.0,0,5.27189750378234,3.3171907675238863,7.226604240040794,1
HOUSEHOLD_1_327_WI_1_validation,HOUSEHOLD_1_327,HOUSEHOLD_1,HOUSEHOLD,WI_1,WI,2016-05-17,11616,Tuesday,4,5,2016,,,0,0,0,0.98,5.091649963569131,5.472165913982814,5.783179888101141,4.0,6.237254579269994,5.375920511700442,1,0.98,0.0,0,5.235490617433949,3.294282775253071,7.176698459614827,3
HOUSEHOLD_1_334_CA_1_validation,HOUSEHOLD_1_334,HOUSEHOLD_1,HOUSEHOLD,CA_1,CA,2016-05-17,11616,Tuesday,4,5,2016,,,0,0,0,0.97,9.39634489172899,10.111913691891871,7.820337561745839,5.0,11.896639516507483,11.205677662179351,1,0.97,0.0,0,7.135983483761593,4.490113571546821,9.781853395976364,11
HOUSEHOLD_1_334_CA_3_validation,HOUSEHOLD_1_334,HOUSEHOLD_1,HOUSEHOLD,CA_3,CA,2016-05-17,11616,Tuesday,4,5,2016,,,0,0,0,0.97,20.44664799788166,20.498585339949205,20.988439581446652,27.0,23.183494280501765,22.878813243936467,1,0.97,0.0,0,21.216819167522,13.35007681925403,29.08356151578997,14
HOUSEHOLD_1_334_TX_1_validation,HOUSEHOLD_1_334,HOUSEHOLD_1,HOUSEHOLD,TX_1,TX,2016-05-17,11616,Tuesday,4,5,2016,,,0,0,0,0.96,7.967485565601319,8.83558265829065,6.35525967740548,5.0,9.510466584700323,9.326895427999796,1,0.96,0.0,0,6.35525967740548,3.998865439242933,8.711653915568029,6
HOUSEHOLD_1_334_TX_2_validation,HOUSEHOLD_1_334,HOUSEHOLD_1,HOUSEHOLD,TX_2,TX,2016-05-17,11616,Tuesday,4,5,2016,,,0,0,0,0.96,9.256800410575265,7.141933563826671,9.451366598684988,7.0,10.175819243103705,10.120822191972676,1,0.96,0.0,0,7.042910169235603,4.431549849580119,9.654270488891088,30
HOUSEHOLD_1_334_TX_3_validation,HOUSEHOLD_1_334,HOUSEHOLD_1,HOUSEHOLD,TX_3,TX,2016-05-17,11616,Tuesday,4,5,2016,,,0,0,0,0.96,9.907796416374078,7.242811212232231,9.14712463644599,12.0,10.0662421183417,10.419325458610484,1,0.96,0.0,0,8.380094155090768,5.272934639245916,11.48725367093562,12
HOUSEHOLD_1_334_WI_2_validation,HOUSEHOLD_1_334,HOUSEHOLD_1,HOUSEHOLD,WI_2,WI,2016-05-17,11616,Tuesday,4,5,2016,,,0,0,0,0.97,14.096838123971006,13.061687162560844,16.158510637584186,17.0,17.633670133113405,18.916398872746964,1,0.97,0.0,0,15.895505186674367,10.001792146477445,21.789218226871288,4
HOUSEHOLD_1_334_WI_3_validation,HOUSEHOLD_1_334,HOUSEHOLD_1,HOUSEHOLD,WI_3,WI,2016-05-17,11616,Tuesday,4,5,2016,,,0,0,0,0.97,11.78997163327952,8.843446262164704,9.800961006666515,10.0,10.480353468079175,11.265842625206915,1,0.97,0.0,0,9.800961006666515,6.166974479464023,13.434947533869009,7
HOUSEHOLD_1_389_WI_1_validation,HOUSEHOLD_1_389,HOUSEHOLD_1,HOUSEHOLD,WI_1,WI,2016-05-17,11616,Tuesday,4,5,2016,,,0,0,0,0.98,6.152219963947992,5.783179888101141,5.484202296717085,0.0,6.288941758686457,4.644269067154788,1,0.98,0.0,0,5.757284479614342,3.6226066436389033,7.891962315589781,6
HOUSEHOLD_1_399_CA_4_validation,HOUSEHOLD_1_399,HOUSEHOLD_1,HOUSEHOLD,CA_4,CA,2016-05-17,11616,Tuesday,4,5,2016,,,0,0,0,0.97,4.83968986002459,5.131310132038069,5.131310132038069,0.0,5.792335979565098,4.945545801095106,1,0.97,0.0,0,5.131310132038069,3.2287301835982776,7.033890080477861,9
HOUSEHOLD_1_409_WI_2_validation,HOUSEHOLD_1_409,HOUSEHOLD_1,HOUSEHOLD,WI_2,WI,2016-05-17,11616,Tuesday,4,5,2016,,,0,0,0,2.94,10.180167965151956,7.54124827266652,8.727825673895179,8.0,10.509815001932438,11.281403819926595,1,2.94,0.0,0,8.4756078439984,5.333033897015861,11.61818179098094,13
HOUSEHOLD_1_441_WI_3_validation,HOUSEHOLD_1_441,HOUSEHOLD_1,HOUSEHOLD,WI_3,WI,2016-05-17,11616,Tuesday,4,5,2016,,,0,0,0,2.77,8.050089426563742,6.705860448733878,6.632188736575102,4.0,8.593942970311545,7.056504301449239,1,2.77,0.0,0,6.378625930463569,4.013567985880137,8.743683875047001,6
HOUSEHOLD_1_459_CA_3_validation,HOUSEHOLD_1_459,HOUSEHOLD_1,HOUSEHOLD,CA_3,CA,2016-05-17,11616,Tuesday,4,5,2016,,,0,0,0,0.97,25.589664000078688,20.452431121342503,21.96809481509191,27.0,24.46199787876694,25.031920766117878,1,0.97,0.0,0,22.41844714713427,14.106166867876638,30.7307274263919,11
HOUSEHOLD_1_459_TX_1_validation,HOUSEHOLD_1_459,HOUSEHOLD_1,HOUSEHOLD,TX_1,TX,2016-05-17,11616,Tuesday,4,5,2016,,,0,0,0,0.96,5.625825242779584,6.533478688544803,6.670410431048595,7.0,6.993341170510804,7.556283797948327,1,0.96,0.0,0,6.422105956744532,4.040926549214767,8.803285364274297,8
HOUSEHOLD_1_459_TX_3_validation,HOUSEHOLD_1_459,HOUSEHOLD_1,HOUSEHOLD,TX_3,TX,2016-05-17,11616,Tuesday,4,5,2016,,,0,0,0,0.96,4.951062591824861,5.131310132038069,5.131310132038069,0.0,5.924740604531138,4.347093782011583,1,0.96,0.0,0,5.131310132038069,3.2287301835982776,7.033890080477861,7
HOUSEHOLD_1_459_WI_1_validation,HOUSEHOLD_1_459,HOUSEHOLD_1,HOUSEHOLD,WI_1,WI,2016-05-17,11616,Tuesday,4,5,2016,,,0,0,0,0.97,5.481864352929383,6.863605685501088,6.239352223989145,3.0,7.148390127769061,6.754997388100809,1,0.97,0.0,0,5.5236521335439965,3.475600170007072,7.571704097080921,11
HOUSEHOLD_1_459_WI_2_validation,HOUSEHOLD_1_459,HOUSEHOLD_1,HOUSEHOLD,WI_2,WI,2016-05-17,11616,Tuesday,4,5,2016,,,0,0,0,0.97,17.4048976055248,18.30652630007848,21.484772911902194,32.0,24.226693060705323,25.99816149076171,1,0.97,0.0,0,19.93373174868547,12.542730747628598,27.324732749742342,24
HOUSEHOLD_1_459_WI_3_validation,HOUSEHOLD_1_459,HOUSEHOLD_1,HOUSEHOLD,WI_3,WI,2016-05-17,11616,Tuesday,4,5,2016,,,0,0,0,0.97,12.375573330927113,7.1723903701099845,9.916705318487155,10.0,10.71296707188169,11.289668872869091,1,0.97,0.0,0,9.044473747431358,5.690976501452514,12.397970993410201,9
HOUSEHOLD_1_474_TX_2_validation,HOUSEHOLD_1_474,HOUSEHOLD_1,HOUSEHOLD,TX_2,TX,2016-05-17,11616,Tuesday,4,5,2016,,,0,0,0,0.97,9.388055780134835,8.62834637991584,10.766010423474341,16.0,8.206721476914954,8.990968061865642,1,0.97,0.0,0,10.492182591295208,6.601905897838236,14.38245928475218,15
HOUSEHOLD_1_521_TX_1_validation,HOUSEHOLD_1_521,HOUSEHOLD_1,HOUSEHOLD,TX_1,TX,2016-05-17,11616,Tuesday,4,5,2016,,,0,0,0,0.94,7.377162588623673,9.732601706005898,7.563929964051476,3.0,7.597119235195379,9.799468838105652,1,0.94,0.0,0,6.351485153315081,3.9964904278821303,8.70647987874803,11
HOUSEHOLD_1_521_TX_2_validation,HOUSEHOLD_1_521,HOUSEHOLD_1,HOUSEHOLD,TX_2,TX,2016-05-17,11616,Tuesday,4,5,2016,,,0,0,0,0.94,5.187737888373727,5.928303593789116,6.422607779523429,11.0,7.293407650338265,6.541582657026274,1,0.94,0.0,0,6.3038453760179225,3.966514460158242,8.641176291877603,1
HOUSEHOLD_1_521_TX_3_validation,HOUSEHOLD_1_521,HOUSEHOLD_1,HOUSEHOLD,TX_3,TX,2016-05-17,11616,Tuesday,4,5,2016,,,0,0,0,0.94,5.09502348167506,7.071799333780109,8.022642205305187,11.0,6.73703581258149,6.764057213164809,1,0.94,0.0,0,6.835781231482934,4.301219887833474,9.370342575132394,3
HOUSEHOLD_1_535_CA_1_validation,HOUSEHOLD_1_535,HOUSEHOLD_1,HOUSEHOLD,CA_1,CA,2016-05-17,11616,Tuesday,4,5,2016,,,0,0,0,6.97,13.171674140194218,9.85083910319172,10.225054988195366,5.0,9.296963188684929,8.572867016098185,1,6.97,0.0,0,10.037936915398115,6.316084794299631,13.7597890364966,5
FOODS_1_218_CA_2_validation,FOODS_1_218,FOODS_1,FOODS,CA_2,CA,2016-05-18,11616,Wednesday,5,5,2016,,,0,0,0,0.98,9.129781007159218,12.517331680847768,8.659213389838,4.0,11.287982994816813,8.931147852945745,2,0.98,0.0,0,8.56711105737234,5.390609677725753,11.743612437018927,7
FOODS_2_360_WI_2_validation,FOODS_2_360,FOODS_2,FOODS,WI_2,WI,2016-05-18,11616,Wednesday,5,5,2016,,,0,0,0,0.94,37.78648317125204,40.05681279043637,44.221794897484294,34.0,46.3685892096841,44.99966899746595,2,0.94,0.0,0,36.13320846304107,22.73578828659345,49.53062863948869,23
FOODS_3_007_WI_2_validation,FOODS_3_007,FOODS_3,FOODS,WI_2,WI,2016-05-18,11616,Wednesday,5,5,2016,,,0,0,0,0.25,27.145676667668575,23.811072967738095,41.89493766391774,6.0,28.518437444134175,31.13933448410975,2,0.25,0.0,0,29.23806134567454,18.397214112486836,40.07890857886225,6
FOODS_3_030_TX_3_validation,FOODS_3_030,FOODS_3,FOODS,TX_3,TX,2016-05-18,11616,Wednesday,5,5,2016,,,0,0,0,1.25,18.450622572513897,17.30421260519056,17.04936004786159,15.0,20.52922937292117,19.543095272381866,2,1.25,0.0,0,16.971622678694693,10.678908309441482,23.264337047947905,18
FOODS_3_080_CA_2_validation,FOODS_3_080,FOODS_3,FOODS,CA_2,CA,2016-05-18,11616,Wednesday,5,5,2016,,,0,0,0,1.68,12.865705847566431,11.884344145618549,13.096784520829049,10.0,15.204126219899702,14.951071102288845,2,1.68,0.0,0,13.21010671079813,8.312081937789147,18.10813148380711,15
FOODS_3_090_CA_1_validation,FOODS_3_090,FOODS_3,FOODS,CA_1,CA,2016-05-18,11616,Wednesday,5,5,2016,,,0,0,0,1.6,40.02949622092787,38.05937271138092,38.71980327115239,29.0,54.25490406763064,53.56787200769937,2,1.6,0.0,0,36.95972301835154,23.255848938404863,50.66359709829822,39
FOODS_3_090_CA_2_validation,FOODS_3_090,FOODS_3,FOODS,CA_2,CA,2016-05-18,11616,Wednesday,5,5,2016,,,0,0,0,1.6,35.98666874315454,36.300115277901426,34.90734055388361,40.0,51.25315550282978,50.69784540944709,2,1.6,0.0,0,37.980615635187625,23.89821642767648,52.06301484269877,41
FOODS_3_090_CA_3_validation,FOODS_3_090,FOODS_3,FOODS,CA_3,CA,2016-05-18,11616,Wednesday,5,5,2016,,,0,0,0,1.6,78.60950430079303,78.0500480909278,84.55660373062739,88.0,98.47434020958488,101.43239208625984,2,1.6,0.0,0,79.4097451571307,49.96631161695936,108.85317869730204,69
FOODS_3_090_CA_4_validation,FOODS_3_090,FOODS_3,FOODS,CA_4,CA,2016-05-18,11616,Wednesday,5,5,2016,,,0,0,0,1.6,22.50479208063483,23.095447143735157,24.418378915048848,35.0,27.89002448947573,26.229173062205664,2,1.6,0.0,0,26.458353827263227,16.648162635314673,36.26854501921178,25
FOODS_3_090_TX_1_validation,FOODS_3_090,FOODS_3,FOODS,TX_1,TX,2016-05-18,11616,Wednesday,5,5,2016,,,0,0,0,1.5,40.89858436706585,41.640745766581496,43.05188989861834,49.0,52.32002561796029,51.13804863707477,2,1.5,0.0,0,45.89676813623452,28.879229046367186,62.914307226101855,32
FOODS_3_090_TX_2_validation,FOODS_3_090,FOODS_3,FOODS,TX_2,TX,2016-05-18,11616,Wednesday,5,5,2016,,,0,0,0,1.5,48.31789610233214,43.543284966395056,45.44675999471401,46.0,57.63408417321936,57.78225346503124,2,1.5,0.0,0,47.42073200924909,29.838139739524056,65.00332427897413,38
FOODS_3_090_TX_3_validation,FOODS_3_090,FOODS_3,FOODS,TX_3,TX,2016-05-18,11616,Wednesday,5,5,2016,,,0,0,0,1.5,54.10473377725435,52.176273701148894,50.46036509052724,53.0,67.0859043380807,64.3679921448261,2,1.5,0.0,0,52.678661807536706,33.14654172773701,72.21078188733641,35
FOODS_3_090_WI_1_validation,FOODS_3_090,FOODS_3,FOODS,WI_1,WI,2016-05-18,11616,Wednesday,5,5,2016,,,0,0,0,1.44,16.30990502261228,19.010278041382,13.485546342430922,10.0,22.144544136083347,21.235493695441743,2,1.44,0.0,0,15.930872960021743,10.024046306603209,21.837699613440275,17
FOODS_3_090_WI_3_validation,FOODS_3_090,FOODS_3,FOODS,WI_3,WI,2016-05-18,11616,Wednesday,5,5,2016,,,0,0,0,1.44,56.14375697559444,50.853952390935824,52.26435010055045,60.0,79.01388435476524,77.05702254971324,2,1.44,0.0,0,54.11616548198748,34.051049813060864,74.1812811509141,61
FOODS_3_120_CA_1_validation,FOODS_3_120,FOODS_3,FOODS,CA_1,CA,2016-05-18,11616,Wednesday,5,5,2016,,,0,0,0,4.98,40.29672096084461,37.73482636187756,37.149481119024806,48.0,47.16528517738444,47.38599373128916,2,4.98,0.0,0,40.45358489556687,25.45426162639571,55.452908164738034,16
FOODS_3_120_CA_3_validation,FOODS_3_120,FOODS_3,FOODS,CA_3,CA,2016-05-18,11616,Wednesday,5,5,2016,,,0,0,0,4.98,74.76346098095411,74.25981484510635,68.33706336758549,69.0,73.57373953816466,70.59193150523525,2,4.98,0.0,0,74.56023128696675,46.91489367388566,102.20556890004785,44
FOODS_3_226_WI_1_validation,FOODS_3_226,FOODS_3,FOODS,WI_1,WI,2016-05-18,11616,Wednesday,5,5,2016,,,0,0,0,1.68,32.09714632599273,32.14881237824902,30.027496442747484,34.0,39.04217000025149,36.52575338154393,2,1.68,0.0,0,33.40865590039899,21.021441488320985,45.79587031247699,22
FOODS_3_226_WI_2_validation,FOODS_3_226,FOODS_3,FOODS,WI_2,WI,2016-05-18,11616,Wednesday,5,5,2016,,,0,0,0,1.68,34.123692604878755,41.037503021122085,41.54477461062588,40.0,47.09379006245326,44.48427814145726,2,1.68,0.0,0,39.81549877293162,25.052764178205152,54.578233367658086,48
FOODS_3_226_WI_3_validation,FOODS_3_226,FOODS_3,FOODS,WI_3,WI,2016-05-18,11616,Wednesday,5,5,2016,,,0,0,0,1.68,38.69480729327561,41.62465930453328,40.32406179944244,37.0,45.85290276634773,44.509896888350134,2,1.68,0.0,0,40.85560220287774,25.70721952234108,56.003984883414404,43
FOODS_3_234_WI_2_validation,FOODS_3_234,FOODS_3,FOODS,WI_2,WI,2016-05-18,11616,Wednesday,5,5,2016,,,0,0,0,0.25,31.93738437277471,25.762515367890853,29.19776670007413,82.0,30.105552173388656,31.203026032077673,2,0.25,0.0,0,37.08088055278359,23.332083852749385,50.829677252817795,6
FOODS_3_252_CA_1_validation,FOODS_3_252,FOODS_3,FOODS,CA_1,CA,2016-05-18,11616,Wednesday,5,5,2016,,,0,0,0,1.58,33.29066351370612,33.45269180426011,31.956426352573484,24.0,38.30691501802172,37.55212197008738,2,1.58,0.0,0,31.536008919224862,19.843131919076605,43.22888591937312,39
FOODS_3_252_CA_2_validation,FOODS_3_252,FOODS_3,FOODS,CA_2,CA,2016-05-18,11616,Wednesday,5,5,2016,,,0,0,0,1.58,33.572349380251495,32.27769168604284,34.86926090394379,23.0,37.782754090665954,35.346016981802265,2,1.58,0.0,0,32.32527893579265,20.339757509798673,44.31080036178663,32
FOODS_3_252_CA_3_validation,FOODS_3_252,FOODS_3,FOODS,CA_3,CA,2016-05-18,11616,Wednesday,5,5,2016,,,0,0,0,1.58,45.748070593045775,41.63532533656555,41.17711953574124,29.0,46.642691754215285,44.35532187863596,2,1.58,0.0,0,41.40843398430301,26.055073113960034,56.761794854645984,75
FOODS_3_252_CA_4_validation,FOODS_3_252,FOODS_3,FOODS,CA_4,CA,2016-05-18,11616,Wednesday,5,5,2016,,,0,0,0,1.58,15.950201327280801,15.870971782540233,18.48174066597841,21.0,19.132815081031545,17.181831104008882,2,1.58,0.0,0,18.41581139886622,11.587622768642948,25.244000029089495,27
FOODS_3_252_TX_1_validation,FOODS_3_252,FOODS_3,FOODS,TX_1,TX,2016-05-18,11616,Wednesday,5,5,2016,,,0,0,0,1.58,26.778144686297484,27.66640595424485,31.88478507797004,36.0,31.338430051971294,31.74562553991362,2,1.58,0.0,0,32.18691879355904,20.252698346360585,44.12113924075749,34
FOODS_3_252_TX_2_validation,FOODS_3_252,FOODS_3,FOODS,TX_2,TX,2016-05-18,11616,Wednesday,5,5,2016,,,0,0,0,1.58,37.254187547980706,37.283238513764765,40.019356139235526,31.0,49.2452857721158,50.21960738420728,2,1.58,0.0,0,35.605335479229716,22.403639304738622,48.807031653720806,53
FOODS_3_252_TX_3_validation,FOODS_3_252,FOODS_3,FOODS,TX_3,TX,2016-05-18,11616,Wednesday,5,5,2016,,,0,0,0,1.58,32.98623112291607,32.934357808722474,26.83693119574891,25.0,35.854637381130594,33.817623834003946,2,1.58,0.0,0,30.830643776667085,19.3993010712752,42.261986482058965,32
FOODS_3_318_WI_3_validation,FOODS_3_318,FOODS_3,FOODS,WI_3,WI,2016-05-18,11616,Wednesday,5,5,2016,,,0,0,0,1.48,19.971469905780435,20.5728187442874,18.01930127323035,10.0,25.423467652038223,24.506972992363863,2,1.48,0.0,0,19.957107888606807,12.55743951529181,27.3567762619218,24
FOODS_3_377_TX_2_validation,FOODS_3_377,FOODS_3,FOODS,TX_2,TX,2016-05-18,11616,Wednesday,5,5,2016,,,0,0,0,1.68,24.559184101703558,23.45047349960436,23.76573455133655,28.0,27.52829053660582,27.450443117723715,2,1.68,0.0,0,25.16661120947607,15.835370527223338,34.4978518917288,24
FOODS_3_377_TX_3_validation,FOODS_3_377,FOODS_3,FOODS,TX_3,TX,2016-05-18,11616,Wednesday,5,5,2016,,,0,0,0,1.68,37.30696870977832,38.857063411672925,36.10210539509733,39.0,42.03159209624697,42.556152996615126,2,1.68,0.0,0,38.0142791460432,23.919398229358404,52.109160062727995,36
FOODS_3_491_WI_1_validation,FOODS_3_491,FOODS_3,FOODS,WI_1,WI,2016-05-18,11616,Wednesday,5,5,2016,,,0,0,0,1.44,18.412245369312146,17.15785954098886,16.962456057309044,16.0,21.21617333356169,19.7083486172765,2,1.44,0.0,0,17.992825214041968,11.321470806074919,24.664179622009016,20
FOODS_3_541_CA_3_validation,FOODS_3_541,FOODS_3,FOODS,CA_3,CA,2016-05-18,11616,Wednesday,5,5,2016,,,0,0,0,0.88,4.870740427622239,4.910453030299287,5.877968382286051,0.0,5.319798652697917,4.322497094858052,2,0.88,0.0,0,5.024455924361032,3.1614952286464706,6.887416620075593,0
FOODS_3_555_CA_2_validation,FOODS_3_555,FOODS_3,FOODS,CA_2,CA,2016-05-18,11616,Wednesday,5,5,2016,,,0,0,0,1.68,21.117680409166518,19.002680088912317,18.661861985863613,15.0,22.82479929550953,22.09903871043093,2,1.68,0.0,0,20.426314641293914,12.852674448625939,27.99995483396189,24
FOODS_3_555_TX_1_validation,FOODS_3_555,FOODS_3,FOODS,TX_1,TX,2016-05-18,11616,Wednesday,5,5,2016,,,0,0,0,1.68,28.91804500588862,24.17929423905205,28.5469180168479,26.0,29.20172834424012,28.978879597711522,2,1.68,0.0,0,29.484930460722147,18.552549444525287,40.417311476919004,17
FOODS_3_555_TX_2_validation,FOODS_3_555,FOODS_3,FOODS,TX_2,TX,2016-05-18,11616,Wednesday,5,5,2016,,,0,0,0,1.68,31.95163665833997,30.442651951359135,33.025897157066076,33.0,40.810304912661636,39.98890637055513,2,1.68,0.0,0,32.61074164845443,20.519376759648388,44.70210653726047,35
FOODS_3_555_TX_3_validation,FOODS_3_555,FOODS_3,FOODS,TX_3,TX,2016-05-18,11616,Wednesday,5,5,2016,,,0,0,0,1.68,24.713815877152236,23.437491386981904,27.302903402705212,29.0,28.65038317805038,29.280083027472426,2,1.68,0.0,0,26.632014589382415,16.75743370448277,36.50659547428206,20
FOODS_3_555_WI_3_validation,FOODS_3_555,FOODS_3,FOODS,WI_3,WI,2016-05-18,11616,Wednesday,5,5,2016,,,0,0,0,1.68,28.853049850622664,21.18238005806655,21.93982268562733,23.0,28.891805899452304,27.862216258752802,2,1.68,0.0,0,24.349280834528987,15.321088758306907,33.37747291075107,20
FOODS_3_586_CA_1_validation,FOODS_3_586,FOODS_3,FOODS,CA_1,CA,2016-05-18,11616,Wednesday,5,5,2016,,,0,0,0,1.68,34.31072243121576,30.442651951359135,32.14919400667255,31.0,37.165511209958474,37.81752057123033,2,1.68,0.0,0,32.344361605051645,20.35176473380867,44.336958476294626,33
FOODS_3_586_CA_2_validation,FOODS_3_586,FOODS_3,FOODS,CA_2,CA,2016-05-18,11616,Wednesday,5,5,2016,,,0,0,0,1.68,32.98623112291607,32.36323933490497,33.231379178717084,42.0,34.30804162695159,33.93715705442413,2,1.68,0.0,0,34.913178425964645,21.968119269472357,47.85823758245694,38
FOODS_3_586_CA_3_validation,FOODS_3_586,FOODS_3,FOODS,CA_3,CA,2016-05-18,11616,Wednesday,5,5,2016,,,0,0,0,1.68,76.18077642187154,63.19490290995956,69.28862838117294,70.0,71.6473549819656,69.07053769846517,2,1.68,0.0,0,73.02948047561745,45.9517124938372,100.1072484573977,73
FOODS_3_586_CA_4_validation,FOODS_3_586,FOODS_3,FOODS,CA_4,CA,2016-05-18,11616,Wednesday,5,5,2016,,,0,0,0,1.68,17.768145691947918,14.309561008430943,15.429434519005687,12.0,18.833794189638247,17.544017572769153,2,1.68,0.0,0,15.227865323475152,9.581698852052352,20.874031794897952,16
FOODS_3_586_TX_1_validation,FOODS_3_586,FOODS_3,FOODS,TX_1,TX,2016-05-18,11616,Wednesday,5,5,2016,,,0,0,0,1.68,52.347905297919844,48.99117028730403,49.98384023146958,45.0,55.19715042453139,53.50743972598298,2,1.68,0.0,0,47.90482864056839,30.142743703248627,65.66691357788815,49
FOODS_3_586_TX_2_validation,FOODS_3_586,FOODS_3,FOODS,TX_2,TX,2016-05-18,11616,Wednesday,5,5,2016,,,0,0,0,1.68,53.769250349627775,54.42137430998287,56.05614346152702,57.0,69.34523103941345,70.35289513099497,2,1.68,0.0,0,55.04692579566037,34.636704127674946,75.4571474636458,76
FOODS_3_586_TX_3_validation,FOODS_3_586,FOODS_3,FOODS,TX_3,TX,2016-05-18,11616,Wednesday,5,5,2016,,,0,0,0,1.68,47.17427529273391,48.6017382579942,49.95580852497549,60.0,55.47079583289327,54.61564935485923,2,1.68,0.0,0,49.34180885501238,31.046922416330244,67.63669529369452,29
FOODS_3_586_WI_1_validation,FOODS_3_586,FOODS_3,FOODS,WI_1,WI,2016-05-18,11616,Wednesday,5,5,2016,,,0,0,0,1.68,16.988728900418653,15.522156349314397,14.468411533902808,15.0,18.072295099968144,15.789428988668913,2,1.68,0.0,0,16.553850683176343,10.416037226407482,22.691664139945203,17
FOODS_3_586_WI_3_validation,FOODS_3_586,FOODS_3,FOODS,WI_3,WI,2016-05-18,11616,Wednesday,5,5,2016,,,0,0,0,1.68,27.45209856493739,28.000851859949933,26.86240786728015,25.0,34.358677505681065,33.57834267081922,2,1.68,0.0,0,29.0757858844193,18.295106918353156,39.856464850485445,25
FOODS_3_587_CA_1_validation,FOODS_3_587,FOODS_3,FOODS,CA_1,CA,2016-05-18,11616,Wednesday,5,5,2016,,,0,0,0,2.48,19.504112833305644,20.830349708491912,18.872192363982474,15.0,23.359927542871095,22.039965646132178,2,2.48,0.0,0,19.73709070229856,12.41899999164882,27.0551814129483,24
FOODS_3_587_CA_4_validation,FOODS_3_587,FOODS_3,FOODS,CA_4,CA,2016-05-18,11616,Wednesday,5,5,2016,,,0,0,0,2.48,18.635409878750732,14.975051047129794,14.916574772718379,13.0,16.570745202802936,16.638481656902027,2,2.48,0.0,0,15.341842082808748,9.653415468982487,21.03026869663501,24
FOODS_3_587_TX_1_validation,FOODS_3_587,FOODS_3,FOODS,TX_1,TX,2016-05-18,11616,Wednesday,5,5,2016,,,0,0,0,2.48,23.703885281201508,26.328605564278146,22.809710541393454,21.0,24.89233072583187,24.002499756347472,2,2.48,0.0,0,23.285140907457432,14.651509135618355,31.91877267929651,11
FOODS_3_587_TX_2_validation,FOODS_3_587,FOODS_3,FOODS,TX_2,TX,2016-05-18,11616,Wednesday,5,5,2016,,,0,0,0,2.48,29.27811651726316,24.716437173615684,24.117792132673113,19.0,28.43644880082322,28.956594259110847,2,2.48,0.0,0,26.21721298585502,16.496431655678148,35.93799431603189,28
FOODS_3_635_CA_3_validation,FOODS_3_635,FOODS_3,FOODS,CA_3,CA,2016-05-18,11616,Wednesday,5,5,2016,,,0,0,0,0.88,4.870740427622239,5.148262421208638,5.935538610481759,0.0,5.353771422827824,4.282415257197576,2,0.88,0.0,0,5.024455924361032,3.1614952286464706,6.887416620075593,0
FOODS_3_635_CA_4_validation,FOODS_3_635,FOODS_3,FOODS,CA_4,CA,2016-05-18,11616,Wednesday,5,5,2016,,,0,0,0,1.0,5.605519110791131,6.045684698972559,6.470448269043258,0.0,6.344530201926879,4.861693371355578,2,1.0,0.0,0,6.045684698972559,3.804074235586692,8.287295162358426,0
FOODS_3_694_WI_1_validation,FOODS_3_694,FOODS_3,FOODS,WI_1,WI,2016-05-18,11616,Wednesday,5,5,2016,,,0,0,0,1.68,19.971469905780435,20.76600232829218,17.299870041321505,12.0,24.169704981418267,21.917181940455382,2,1.68,0.0,0,18.181055599792145,11.43990939433085,24.92220180525344,16
FOODS_3_694_WI_2_validation,FOODS_3_694,FOODS_3,FOODS,WI_2,WI,2016-05-18,11616,Wednesday,5,5,2016,,,0,0,0,1.68,32.146804256719065,31.666115034691746,33.40865590039899,32.0,36.84926797710677,34.82552117954063,2,1.68,0.0,0,32.6833802708154,20.565082535849193,44.8016780057816,36
FOODS_3_694_WI_3_validation,FOODS_3_694,FOODS_3,FOODS,WI_3,WI,2016-05-18,11616,Wednesday,5,5,2016,,,0,0,0,1.68,38.61652115320888,36.732557178974865,35.47078489876407,34.0,45.33744830002633,43.45776743655267,2,1.68,0.0,0,36.043794777423344,22.67952728147933,49.40806227336736,30
FOODS_3_711_WI_2_validation,FOODS_3_711,FOODS_3,FOODS,WI_2,WI,2016-05-18,11616,Wednesday,5,5,2016,,,0,0,0,0.25,29.58009652489654,26.938749004585684,34.324561589592385,8.0,29.265007836783603,28.376025209295772,2,0.25,0.0,0,25.593485099538103,16.103968717153027,35.083001481923176,26
FOODS_3_714_CA_1_validation,FOODS_3_714,FOODS_3,FOODS,CA_1,CA,2016-05-18,11616,Wednesday,5,5,2016,,,0,0,0,1.58,16.120362128164334,13.251287160598428,15.054974991413506,10.0,21.11356725388105,19.226185028227405,2,1.58,0.0,0,14.535462738831507,9.146024323186472,19.92490115447654,18
FOODS_3_714_TX_1_validation,FOODS_3_714,FOODS_3,FOODS,TX_1,TX,2016-05-18,11616,Wednesday,5,5,2016,,,0,0,0,1.58,17.267056754001263,18.035200204173627,17.667427810065366,20.0,21.97775021410894,20.957302249341122,2,1.58,0.0,0,20.202771643943166,12.712016409196206,27.693526878690125,30
FOODS_3_714_WI_1_validation,FOODS_3_714,FOODS_3,FOODS,WI_1,WI,2016-05-18,11616,Wednesday,5,5,2016,,,0,0,0,1.58,13.869896734575189,13.690501798382188,11.879202930713012,13.0,21.086197841235272,18.650733724232797,2,1.58,0.0,0,13.413336789890097,8.439958654201664,18.38671492557853,15
FOODS_3_808_CA_4_validation,FOODS_3_808,FOODS_3,FOODS,CA_4,CA,2016-05-18,11616,Wednesday,5,5,2016,,,0,0,0,1.0,5.605519110791131,6.045684698972559,6.470448269043258,0.0,6.344530201926879,4.8703242064937715,2,1.0,0.0,0,6.045684698972559,3.804074235586692,8.287295162358426,0
HOBBIES_1_008_TX_2_validation,HOBBIES_1_008,HOBBIES_1,HOBBIES,TX_2,TX,2016-05-18,11616,Wednesday,5,5,2016,,,0,0,0,0.48,5.050219903485936,5.20393540022473,5.20393540022473,0.0,5.853686473632943,4.8179124604951795,2,0.48,0.0,0,5.20393540022473,3.274427557066729,7.1334432433827315,8
HOBBIES_1_015_CA_2_validation,HOBBIES_1_015,HOBBIES_1,HOBBIES,CA_2,CA,2016-05-18,11616,Wednesday,5,5,2016,,,0,0,0,0.7,5.050219903485936,5.63268428807905,7.04853231457068,13.0,6.516629089621946,7.450589158312745,2,0.7,0.0,0,6.9164873128768605,4.352001881961943,9.480972743791778,4
HOBBIES_1_048_WI_3_validation,HOBBIES_1_048,HOBBIES_1,HOBBIES,WI_3,WI,2016-05-18,11616,Wednesday,5,5,2016,,,0,0,0,0.48,5.286895200034803,6.410610587706484,5.440610696773597,1.0,6.015352985546762,5.812779641553479,2,0.48,0.0,0,5.440610696773597,3.423348720281607,7.457872673265587,6
HOBBIES_1_103_WI_3_validation,HOBBIES_1_103,HOBBIES_1,HOBBIES,WI_3,WI,2016-05-18,11616,Wednesday,5,5,2016,,,0,0,0,0.7,5.286895200034803,5.23866785552735,5.20393540022473,0.0,6.026740889470204,5.733975611460933,2,0.7,0.0,0,5.20393540022473,3.274427557066729,7.1334432433827315,2
HOBBIES_1_178_CA_4_validation,HOBBIES_1_178,HOBBIES_1,HOBBIES,CA_4,CA,2016-05-18,11616,Wednesday,5,5,2016,,,0,0,0,0.48,5.050219903485936,5.20393540022473,5.440610696773597,0.0,6.626570464134137,7.065559063794988,2,0.48,0.0,0,5.20393540022473,3.274427557066729,7.1334432433827315,15
HOBBIES_1_178_WI_2_validation,HOBBIES_1_178,HOBBIES_1,HOBBIES,WI_2,WI,2016-05-18,11616,Wednesday,5,5,2016,,,0,0,0,0.48,5.125340452203798,5.20393540022473,5.20393540022473,0.0,5.798163855106092,6.36069694643686,2,0.48,0.0,0,5.20393540022473,3.274427557066729,7.1334432433827315,1
HOBBIES_1_234_CA_3_validation,HOBBIES_1_234,HOBBIES_1,HOBBIES,CA_3,CA,2016-05-18,11616,Wednesday,5,5,2016,,,0,0,0,0.3,30.254559271926606,36.534701957927524,25.677686207781388,0.0,29.11273674755372,28.273660505401825,2,0.3,0.0,0,28.839735273291552,18.1465788205782,39.532891726004905,50
HOBBIES_1_254_CA_3_validation,HOBBIES_1_254,HOBBIES_1,HOBBIES,CA_3,CA,2016-05-18,11616,Wednesday,5,5,2016,,,0,0,0,0.7,9.344993805585563,7.368613637316736,8.79843858297303,0.0,10.323178766755778,11.014868025656982,2,0.7,0.0,0,6.390273829122945,4.020897093069003,8.759650565176887,31
HOBBIES_1_254_TX_1_validation,HOBBIES_1_254,HOBBIES_1,HOBBIES,TX_1,TX,2016-05-18,11616,Wednesday,5,5,2016,,,0,0,0,0.7,5.59790917415313,5.20393540022473,5.20393540022473,5.0,5.841709877578466,4.9817185332854494,2,0.7,0.0,0,5.23866785552735,3.2962819614781624,7.181053749576537,0
HOBBIES_1_348_CA_1_validation,HOBBIES_1_348,HOBBIES_1,HOBBIES,CA_1,CA,2016-05-18,11616,Wednesday,5,5,2016,,,0,0,0,0.48,6.914424870415474,6.023032422743407,5.505938003067092,5.0,6.317547371034688,7.327629160397211,2,0.48,0.0,0,5.5867158838764865,3.5152812317534887,7.658150535999484,4
HOBBIES_1_348_CA_2_validation,HOBBIES_1_348,HOBBIES_1,HOBBIES,CA_2,CA,2016-05-18,11616,Wednesday,5,5,2016,,,0,0,0,0.48,6.560890805464145,7.18902915908883,6.176221967537205,8.0,6.434074225751047,6.022743757673026,2,0.48,0.0,0,6.463410488352925,4.066916244729514,8.859904731976336,4
HOBBIES_1_354_TX_3_validation,HOBBIES_1_354,HOBBIES_1,HOBBIES,TX_3,TX,2016-05-18,11616,Wednesday,5,5,2016,,,0,0,0,22.98,23.482916168482642,22.409956716433218,23.965147548729135,27.0,23.502338980767828,22.153240073991896,2,22.98,0.0,0,23.61006435772224,14.855957926323624,32.364170789120855,16
HOBBIES_1_370_WI_1_validation,HOBBIES_1_370,HOBBIES_1,HOBBIES,WI_1,WI,2016-05-18,11616,Wednesday,5,5,2016,,,0,0,0,0.48,5.734840916656922,5.20393540022473,5.23866785552735,2.0,6.29897940777233,5.8026448050524015,2,0.48,0.0,0,5.23866785552735,3.2962819614781624,7.181053749576537,0
HOBBIES_1_371_CA_1_validation,HOBBIES_1_371,HOBBIES_1,HOBBIES,CA_1,CA,2016-05-18,11616,Wednesday,5,5,2016,,,0,0,0,0.48,7.38350002111271,7.627762558956071,11.073263050426444,28.0,7.494901191958279,8.795308453180459,2,0.48,0.0,0,9.3698420044294,5.895705174076534,12.843978834782265,1
HOBBIES_1_371_CA_4_validation,HOBBIES_1_371,HOBBIES_1,HOBBIES,CA_4,CA,2016-05-18,11616,Wednesday,5,5,2016,,,0,0,0,0.48,5.784402454671262,5.972546552238606,6.7282631804461035,9.0,6.653413907722897,6.825423449253213,2,0.48,0.0,0,6.503680422366818,4.0922549492896545,8.915105895443983,7
HOBBIES_1_371_TX_1_validation,HOBBIES_1_371,HOBBIES_1,HOBBIES,TX_1,TX,2016-05-18,11616,Wednesday,5,5,2016,,,0,0,0,0.48,5.050219903485936,5.20393540022473,5.20393540022473,0.0,5.69731577826149,4.376265790931691,2,0.48,0.0,0,5.20393540022473,3.274427557066729,7.1334432433827315,2
HOBBIES_1_371_TX_2_validation,HOBBIES_1_371,HOBBIES_1,HOBBIES,TX_2,TX,2016-05-18,11616,Wednesday,5,5,2016,,,0,0,0,0.48,5.050219903485936,5.20393540022473,5.23866785552735,1.0,5.755348807414224,4.783351018716404,2,0.48,0.0,0,5.20393540022473,3.274427557066729,7.1334432433827315,8
HOBBIES_1_371_TX_3_validation,HOBBIES_1_371,HOBBIES_1,HOBBIES,TX_3,TX,2016-05-18,11616,Wednesday,5,5,2016,,,0,0,0,0.48,5.834584470701995,5.923288868698334,5.440610696773597,0.0,5.967593360218847,5.336280890746414,2,0.48,0.0,0,5.475343152076215,3.4452031246930397,7.505483179459391,4
HOBBIES_1_371_WI_1_validation,HOBBIES_1_371,HOBBIES_1,HOBBIES,WI_1,WI,2016-05-18,11616,Wednesday,5,5,2016,,,0,0,0,0.48,6.153677722494401,7.998900567849187,9.503473634047968,21.0,6.833634840108258,7.489493611965623,2,0.48,0.0,0,8.820268663762104,5.549901863137566,12.090635464386642,9
HOBBIES_1_371_WI_2_validation,HOBBIES_1_371,HOBBIES_1,HOBBIES,WI_2,WI,2016-05-18,11616,Wednesday,5,5,2016,,,0,0,0,0.48,5.4789687913402565,5.350040587327621,5.23866785552735,2.0,5.75788217929136,5.310501617275669,2,0.48,0.0,0,5.20393540022473,3.274427557066729,7.1334432433827315,8
HOUSEHOLD_1_110_CA_1_validation,HOUSEHOLD_1_110,HOUSEHOLD_1,HOUSEHOLD,CA_1,CA,2016-05-18,11616,Wednesday,5,5,2016,,,0,0,0,3.97,7.956703745610498,6.954731141787878,8.228990321145458,13.0,8.160722736039231,8.789151767460018,2,3.97,0.0,0,8.52963282435518,5.367027571196096,11.692238077514267,8
HOUSEHOLD_1_110_CA_4_validation,HOUSEHOLD_1_110,HOUSEHOLD_1,HOUSEHOLD,CA_4,CA,2016-05-18,11616,Wednesday,5,5,2016,,,0,0,0,3.97,6.513786857428425,6.2674780435308755,7.247347184404559,2.0,6.674633675620334,6.311422127625355,2,3.97,0.0,0,6.2888300572759,3.9570665001653307,8.62059361438647,8
HOUSEHOLD_1_110_WI_2_validation,HOUSEHOLD_1_110,HOUSEHOLD_1,HOUSEHOLD,WI_2,WI,2016-05-18,11616,Wednesday,5,5,2016,,,0,0,0,3.97,20.829910577539167,17.502624981596913,21.81151252650616,17.0,24.558722382698754,24.91975467213143,2,3.97,0.0,0,20.80638584528088,13.091823386548707,28.52094830401305,19
HOUSEHOLD_1_110_WI_3_validation,HOUSEHOLD_1_110,HOUSEHOLD_1,HOUSEHOLD,WI_3,WI,2016-05-18,11616,Wednesday,5,5,2016,,,0,0,0,3.97,12.577381537260054,9.909637912689254,11.363754386475001,13.0,13.79589001550613,13.97976824650828,2,3.97,0.0,0,11.692714578442057,7.357306324539144,16.02812283234497,7
HOUSEHOLD_1_118_CA_1_validation,HOUSEHOLD_1_118,HOUSEHOLD_1,HOUSEHOLD,CA_1,CA,2016-05-18,11616,Wednesday,5,5,2016,,,0,0,0,0.97,6.34140509723935,6.393432837903507,9.727605678541927,15.0,7.546420525780076,7.743442802923755,2,0.97,0.0,0,8.531866259308423,5.368432896280933,11.695299622335911,3
HOUSEHOLD_1_118_CA_3_validation,HOUSEHOLD_1_118,HOUSEHOLD_1,HOUSEHOLD,CA_3,CA,2016-05-18,11616,Wednesday,5,5,2016,,,0,0,0,0.97,19.192240423802243,17.42639642177896,20.196530342618086,19.0,20.648924416771695,21.964510520855065,2,0.97,0.0,0,19.766814470127557,12.437702822678373,27.095926117576738,26
HOUSEHOLD_1_118_TX_3_validation,HOUSEHOLD_1_118,HOUSEHOLD_1,HOUSEHOLD,TX_3,TX,2016-05-18,11616,Wednesday,5,5,2016,,,0,0,0,0.97,7.035457129882691,6.075190453525696,6.574767022737635,6.0,6.560365844028551,6.559801543826402,2,0.97,0.0,0,6.532859006137642,4.110614738838779,8.955103273436505,1
HOUSEHOLD_1_151_CA_4_validation,HOUSEHOLD_1_151,HOUSEHOLD_1,HOUSEHOLD,CA_4,CA,2016-05-18,11616,Wednesday,5,5,2016,,,0,0,0,0.88,4.870740427622239,5.024455924361032,5.024455924361032,3.0,5.296754005540454,4.8556717405318155,2,0.88,0.0,0,5.024455924361032,3.1614952286464706,6.887416620075593,0
HOUSEHOLD_1_191_CA_2_validation,HOUSEHOLD_1_191,HOUSEHOLD_1,HOUSEHOLD,CA_2,CA,2016-05-18,11616,Wednesday,5,5,2016,,,0,0,0,2.96,6.9667469947040175,8.126673873967011,7.643206147918926,7.0,11.639224407963752,11.148945245604915,2,2.96,0.0,0,7.502420412455072,4.720683531579185,10.284157293330958,7
HOUSEHOLD_1_191_CA_4_validation,HOUSEHOLD_1_191,HOUSEHOLD_1,HOUSEHOLD,CA_4,CA,2016-05-18,11616,Wednesday,5,5,2016,,,0,0,0,2.96,6.128143435641496,6.815167314198069,6.623093722892616,4.0,6.771783903737079,5.979455127843404,2,2.96,0.0,0,6.369530916781081,4.007845208569614,8.73121662499255,4
HOUSEHOLD_1_234_CA_2_validation,HOUSEHOLD_1_234,HOUSEHOLD_1,HOUSEHOLD,CA_2,CA,2016-05-18,11616,Wednesday,5,5,2016,,,0,0,0,0.97,6.239352223989145,5.771744130419973,5.873797003670178,7.0,6.691025485578433,6.958107123896267,2,0.97,0.0,0,6.3194334010871644,3.9763227792324503,8.662544022941878,9
HOUSEHOLD_1_234_TX_1_validation,HOUSEHOLD_1_234,HOUSEHOLD_1,HOUSEHOLD,TX_1,TX,2016-05-18,11616,Wednesday,5,5,2016,,,0,0,0,0.97,6.886608882046901,8.462048409240435,12.041240159567407,19.0,10.826573053089172,11.423311472810031,2,0.97,0.0,0,9.65203620492765,6.073267806102286,13.230804603753016,4
HOUSEHOLD_1_234_TX_2_validation,HOUSEHOLD_1_234,HOUSEHOLD_1,HOUSEHOLD,TX_2,TX,2016-05-18,11616,Wednesday,5,5,2016,,,0,0,0,0.97,5.131310132038069,5.285025628776863,5.285025628776863,1.0,6.257561840844803,5.080460552470686,2,0.97,0.0,0,5.248618742428471,3.302543272539956,7.194694212316986,2
HOUSEHOLD_1_303_CA_2_validation,HOUSEHOLD_1_303,HOUSEHOLD_1,HOUSEHOLD,CA_2,CA,2016-05-18,11616,Wednesday,5,5,2016,,,0,0,0,0.98,5.484202296717085,6.173570681388799,6.310502423892592,0.0,6.86681386575454,6.7918773526906255,2,0.98,0.0,0,5.662288297069999,3.562833011951257,7.761743582188741,6
HOUSEHOLD_1_303_CA_3_validation,HOUSEHOLD_1_303,HOUSEHOLD_1,HOUSEHOLD,CA_3,CA,2016-05-18,11616,Wednesday,5,5,2016,,,0,0,0,0.98,10.023130192802418,9.501653577357486,9.935723052594733,7.0,12.91143818118924,12.061627522234584,2,0.98,0.0,0,9.297195488027546,5.849994430776212,12.74439654527888,6
HOUSEHOLD_1_303_WI_1_validation,HOUSEHOLD_1_303,HOUSEHOLD_1,HOUSEHOLD,WI_1,WI,2016-05-18,11616,Wednesday,5,5,2016,,,0,0,0,0.98,5.235490617433949,5.81795500202706,6.65421868101221,7.0,6.266918183565352,5.7780199490725,2,0.98,0.0,0,6.2756235546390045,3.9487566859879952,8.602490423290014,4
HOUSEHOLD_1_327_CA_2_validation,HOUSEHOLD_1_327,HOUSEHOLD_1,HOUSEHOLD,CA_2,CA,2016-05-18,11616,Wednesday,5,5,2016,,,0,0,0,0.98,5.27189750378234,5.6258814107216075,5.675656205615376,0.0,6.1529668023365165,5.287701317248097,2,0.98,0.0,0,5.662288297069999,3.562833011951257,7.761743582188741,6
HOUSEHOLD_1_327_WI_1_validation,HOUSEHOLD_1_327,HOUSEHOLD_1,HOUSEHOLD,WI_1,WI,2016-05-18,11616,Wednesday,5,5,2016,,,0,0,0,0.98,5.235490617433949,5.6258814107216075,5.912331502164242,4.0,6.203443822620156,5.420045176608797,2,0.98,0.0,0,5.6258814107216075,3.5399250196804415,7.711837801762774,0
HOUSEHOLD_1_334_CA_1_validation,HOUSEHOLD_1_334,HOUSEHOLD_1,HOUSEHOLD,CA_1,CA,2016-05-18,11616,Wednesday,5,5,2016,,,0,0,0,0.97,7.135983483761593,10.90370489850038,9.186209799489456,13.0,11.471506629631731,11.281962786599406,2,0.97,0.0,0,8.641316956771242,5.437301618190308,11.845332295352176,3
HOUSEHOLD_1_334_CA_3_validation,HOUSEHOLD_1_334,HOUSEHOLD_1,HOUSEHOLD,CA_3,CA,2016-05-18,11616,Wednesday,5,5,2016,,,0,0,0,0.97,21.216819167522,21.679385535323313,20.200401650983782,19.0,23.286099113012163,22.67227107134796,2,0.97,0.0,0,20.200401650983782,12.710525158890539,27.690278143077023,17
HOUSEHOLD_1_334_TX_1_validation,HOUSEHOLD_1_334,HOUSEHOLD_1,HOUSEHOLD,TX_1,TX,2016-05-18,11616,Wednesday,5,5,2016,,,0,0,0,0.96,6.35525967740548,8.693735737128941,7.350275687833779,7.0,9.156134730288155,9.375297559335705,2,0.96,0.0,0,6.941122108570698,4.367502622781886,9.51474159435951,14
HOUSEHOLD_1_334_TX_2_validation,HOUSEHOLD_1_334,HOUSEHOLD_1,HOUSEHOLD,TX_2,TX,2016-05-18,11616,Wednesday,5,5,2016,,,0,0,0,0.96,7.042910169235603,9.346975843058503,9.424345980998051,6.0,10.161673043876409,10.122354698016805,2,0.96,0.0,0,7.406028905322301,4.66003193179009,10.152025878854513,21
HOUSEHOLD_1_334_TX_3_validation,HOUSEHOLD_1_334,HOUSEHOLD_1,HOUSEHOLD,TX_3,TX,2016-05-18,11616,Wednesday,5,5,2016,,,0,0,0,0.96,8.380094155090768,7.914557692792266,8.987505947355173,6.0,10.228711110178633,10.29004310700658,2,0.96,0.0,0,7.458445654541797,4.693013672510538,10.223877636573057,10
HOUSEHOLD_1_334_WI_2_validation,HOUSEHOLD_1_334,HOUSEHOLD_1,HOUSEHOLD,WI_2,WI,2016-05-18,11616,Wednesday,5,5,2016,,,0,0,0,0.97,15.895505186674367,15.13600952237142,17.33593704774009,17.0,18.03850127941534,18.876952629413903,2,0.97,0.0,0,16.764398617279493,10.548518493850013,22.98027874070897,16
HOUSEHOLD_1_334_WI_3_validation,HOUSEHOLD_1_334,HOUSEHOLD_1,HOUSEHOLD,WI_3,WI,2016-05-18,11616,Wednesday,5,5,2016,,,0,0,0,0.97,9.800961006666515,8.032734307264908,10.408688735665237,13.0,10.617141288722292,11.25873408973072,2,0.97,0.0,0,9.833707086398112,6.187579013842834,13.47983515895339,3
HOUSEHOLD_1_389_WI_1_validation,HOUSEHOLD_1_389,HOUSEHOLD_1,HOUSEHOLD,WI_1,WI,2016-05-18,11616,Wednesday,5,5,2016,,,0,0,0,0.98,5.757284479614342,5.712063091963768,5.389206114172742,0.0,6.285242414616914,4.849886369998158,2,0.98,0.0,0,5.948738388512633,3.7430735416671985,8.154403235358068,6
HOUSEHOLD_1_399_CA_4_validation,HOUSEHOLD_1_399,HOUSEHOLD_1,HOUSEHOLD,CA_4,CA,2016-05-18,11616,Wednesday,5,5,2016,,,0,0,0,0.97,5.131310132038069,5.285025628776863,5.285025628776863,0.0,5.792335979565097,5.128806877239321,2,0.97,0.0,0,5.285025628776863,3.325451264810771,7.2445999927429545,0
HOUSEHOLD_1_409_WI_2_validation,HOUSEHOLD_1_409,HOUSEHOLD_1,HOUSEHOLD,WI_2,WI,2016-05-18,11616,Wednesday,5,5,2016,,,0,0,0,2.94,8.4756078439984,7.305960846310759,8.917785170141885,13.0,10.643294940694135,11.298389814355108,2,2.94,0.0,0,8.645357498397159,5.439844013479229,11.850870983315088,8
HOUSEHOLD_1_441_WI_3_validation,HOUSEHOLD_1_441,HOUSEHOLD_1,HOUSEHOLD,WI_3,WI,2016-05-18,11616,Wednesday,5,5,2016,,,0,0,0,2.77,6.378625930463569,6.378850775331148,6.734466454692887,4.0,8.547195181987217,7.1414552275372225,2,2.77,0.0,0,6.177457325475628,3.8869883931048808,8.467926257846376,5
HOUSEHOLD_1_459_CA_3_validation,HOUSEHOLD_1_459,HOUSEHOLD_1,HOUSEHOLD,CA_3,CA,2016-05-18,11616,Wednesday,5,5,2016,,,0,0,0,0.97,22.41844714713427,18.27893271998078,20.106923010293976,21.0,24.742857311022906,24.868293878515534,2,0.97,0.0,0,20.196530342618086,12.708089248791811,27.68497143644436,8
HOUSEHOLD_1_459_TX_1_validation,HOUSEHOLD_1_459,HOUSEHOLD_1,HOUSEHOLD,TX_1,TX,2016-05-18,11616,Wednesday,5,5,2016,,,0,0,0,0.96,6.422105956744532,6.075190453525696,6.928276040984834,10.0,6.977430780253623,7.535644724974917,2,0.96,0.0,0,7.045739735849312,4.433330273467411,9.658149198231214,8
HOUSEHOLD_1_459_TX_3_validation,HOUSEHOLD_1_459,HOUSEHOLD_1,HOUSEHOLD,TX_3,TX,2016-05-18,11616,Wednesday,5,5,2016,,,0,0,0,0.96,5.131310132038069,5.248618742428471,5.285025628776863,0.0,5.924740604531138,4.5303548581558,2,0.96,0.0,0,5.285025628776863,3.325451264810771,7.2445999927429545,9
HOUSEHOLD_1_459_WI_1_validation,HOUSEHOLD_1_459,HOUSEHOLD_1,HOUSEHOLD,WI_1,WI,2016-05-18,11616,Wednesday,5,5,2016,,,0,0,0,0.97,5.5236521335439965,5.985169735470449,5.963817721725425,1.0,6.956968191775191,6.8451278214416655,2,0.97,0.0,0,5.771744130419973,3.631704965470776,7.91178329536917,7
HOUSEHOLD_1_459_WI_2_validation,HOUSEHOLD_1_459,HOUSEHOLD_1,HOUSEHOLD,WI_2,WI,2016-05-18,11616,Wednesday,5,5,2016,,,0,0,0,0.97,19.93373174868547,23.298994140022714,27.87649412222474,31.0,24.459150981934894,25.567223338929043,2,0.97,0.0,0,23.755860463810517,14.94769595740446,32.56402497021657,27
HOUSEHOLD_1_459_WI_3_validation,HOUSEHOLD_1_459,HOUSEHOLD_1,HOUSEHOLD,WI_3,WI,2016-05-18,11616,Wednesday,5,5,2016,,,0,0,0,0.97,9.044473747431358,6.779021846961521,8.633394008957938,8.0,10.980407554356173,11.255542935277356,2,0.97,0.0,0,7.371295820637688,4.638177131358033,10.104414509917344,10
HOUSEHOLD_1_474_TX_2_validation,HOUSEHOLD_1_474,HOUSEHOLD_1,HOUSEHOLD,TX_2,TX,2016-05-18,11616,Wednesday,5,5,2016,,,0,0,0,0.97,10.492182591295208,6.840253400035841,8.380663433382741,10.0,8.472983792826293,8.794260297269043,2,0.97,0.0,0,8.162688237785861,5.1361381819605665,11.189238293611156,10
HOUSEHOLD_1_521_TX_1_validation,HOUSEHOLD_1_521,HOUSEHOLD_1,HOUSEHOLD,TX_1,TX,2016-05-18,11616,Wednesday,5,5,2016,,,0,0,0,0.94,6.351485153315081,7.0239659874696985,8.236577355919861,10.0,7.114102584810977,9.919164736438333,2,0.94,0.0,0,7.275946819664361,4.578181498761908,9.973712140566812,8
HOUSEHOLD_1_521_TX_2_validation,HOUSEHOLD_1_521,HOUSEHOLD_1,HOUSEHOLD,TX_2,TX,2016-05-18,11616,Wednesday,5,5,2016,,,0,0,0,0.94,6.3038453760179225,5.764141823325668,6.865476964684164,5.0,7.347056476370952,6.373862849026914,2,0.94,0.0,0,5.67412110527042,3.5702784681817996,7.7779637423590415,7
HOUSEHOLD_1_521_TX_3_validation,HOUSEHOLD_1_521,HOUSEHOLD_1,HOUSEHOLD,TX_3,TX,2016-05-18,11616,Wednesday,5,5,2016,,,0,0,0,0.94,6.835781231482934,5.875514555125939,6.999344585849821,2.0,6.703318940824751,6.615335114289198,2,0.94,0.0,0,5.785493837070692,3.6403565752422486,7.930631098899134,8
HOUSEHOLD_1_535_CA_1_validation,HOUSEHOLD_1_535,HOUSEHOLD_1,HOUSEHOLD,CA_1,CA,2016-05-18,11616,Wednesday,5,5,2016,,,0,0,0,6.97,10.037936915398115,7.110932729421795,7.4665484087835345,3.0,9.323691447571559,8.752793334505261,2,6.97,0.0,0,7.212985602672,4.538564953188083,9.887406252155916,5
FOODS_1_218_CA_2_validation,FOODS_1_218,FOODS_1,FOODS,CA_2,CA,2016-05-19,11616,Thursday,6,5,2016,,,0,0,0,0.98,8.56711105737234,13.291963386624213,8.65479101602549,3.0,10.723665762891752,9.094258962137614,3,0.98,0.0,0,8.734821658714106,5.496136778354634,11.973506539073577,13
FOODS_2_360_WI_2_validation,FOODS_2_360,FOODS_2,FOODS,WI_2,WI,2016-05-19,11616,Thursday,6,5,2016,,,0,0,0,0.94,36.13320846304107,48.61569883343939,52.90402802820339,68.0,45.80807430577049,45.07585501400313,3,0.94,0.0,0,48.61129477556754,30.587267319063642,66.63532223207145,34
FOODS_3_007_WI_2_validation,FOODS_3_007,FOODS_3,FOODS,WI_2,WI,2016-05-19,11616,Thursday,6,5,2016,,,0,0,0,0.25,29.23806134567454,28.939002831223775,35.91970557698294,16.0,29.293721498125098,31.96926524645527,3,0.25,0.0,0,26.28168782420997,16.537000604216164,36.02637504420378,0
FOODS_3_030_TX_3_validation,FOODS_3_030,FOODS_3,FOODS,TX_3,TX,2016-05-19,11616,Thursday,6,5,2016,,,0,0,0,1.25,16.971622678694693,19.997516190984832,20.658035798471822,24.0,20.481716526278895,19.613510368049536,3,1.25,0.0,0,20.783945317569938,13.077703326117394,28.49018730902248,15
FOODS_3_080_CA_2_validation,FOODS_3_080,FOODS_3,FOODS,CA_2,CA,2016-05-19,11616,Thursday,6,5,2016,,,0,0,0,1.68,13.21010671079813,13.152149826530938,15.446078228851508,16.0,15.393520872068212,15.065717770531634,3,1.68,0.0,0,15.909040834564644,10.010309065894385,21.807772603234902,12
FOODS_3_090_CA_1_validation,FOODS_3_090,FOODS_3,FOODS,CA_1,CA,2016-05-19,11616,Thursday,6,5,2016,,,0,0,0,1.6,36.95972301835154,42.41422890706747,44.01482506074611,53.0,54.097811254340726,53.85214782978335,3,1.6,0.0,0,44.008462806575686,27.69106690905014,60.325858704101236,51
FOODS_3_090_CA_2_validation,FOODS_3_090,FOODS_3,FOODS,CA_2,CA,2016-05-19,11616,Thursday,6,5,2016,,,0,0,0,1.6,37.980615635187625,39.47237633431925,36.696184779007815,24.0,51.493226982442096,50.625724539275225,3,1.6,0.0,0,35.385735242341696,22.265462134596685,48.50600835008671,49
FOODS_3_090_CA_3_validation,FOODS_3_090,FOODS_3,FOODS,CA_3,CA,2016-05-19,11616,Thursday,6,5,2016,,,0,0,0,1.6,79.4097451571307,78.27413859299692,78.12386507067121,77.0,98.66858264761387,101.12559727044308,3,1.6,0.0,0,80.70524618944707,50.781468599930726,110.6290237789634,75
FOODS_3_090_CA_4_validation,FOODS_3_090,FOODS_3,FOODS,CA_4,CA,2016-05-19,11616,Thursday,6,5,2016,,,0,0,0,1.6,26.458353827263227,24.89195706505914,28.311405984293266,31.0,28.370439729979744,25.924114270322207,3,1.6,0.0,0,28.920036422191934,18.19710602251314,39.64296682187073,16
FOODS_3_090_TX_1_validation,FOODS_3_090,FOODS_3,FOODS,TX_1,TX,2016-05-19,11616,Thursday,6,5,2016,,,0,0,0,1.5,45.89676813623452,42.37345593399088,43.978751959671996,39.0,52.928028813625005,51.02721892765458,3,1.5,0.0,0,44.762988456700484,28.165830600616264,61.36014631278471,29
FOODS_3_090_TX_2_validation,FOODS_3_090,FOODS_3,FOODS,TX_2,TX,2016-05-19,11616,Thursday,6,5,2016,,,0,0,0,1.5,47.42073200924909,45.748442495302015,46.44810217167835,35.0,58.18800517934136,57.832993893932986,3,1.5,0.0,0,46.43468781126713,29.21769962141297,63.651676001121295,47
FOODS_3_090_TX_3_validation,FOODS_3_090,FOODS_3,FOODS,TX_3,TX,2016-05-19,11616,Thursday,6,5,2016,,,0,0,0,1.5,52.678661807536706,53.52746435353556,48.028952641150624,43.0,67.15767406756467,64.35651578080956,3,1.5,0.0,0,50.25994878545131,31.62463571564267,68.89526185525995,51
FOODS_3_090_WI_1_validation,FOODS_3_090,FOODS_3,FOODS,WI_1,WI,2016-05-19,11616,Thursday,6,5,2016,,,0,0,0,1.44,15.930872960021743,20.663858245050342,18.758280603660037,26.0,21.704629124460457,21.44731058687109,3,1.44,0.0,0,20.236845568557012,12.733456452000768,27.740234685113254,16
FOODS_3_090_WI_3_validation,FOODS_3_090,FOODS_3,FOODS,WI_3,WI,2016-05-19,11616,Thursday,6,5,2016,,,0,0,0,1.44,54.11616548198748,57.083907213106976,52.67767149318551,70.0,79.47991479634405,76.84688560264136,3,1.44,0.0,0,58.212524223450146,36.62856642598755,79.79648202091275,42
FOODS_3_120_CA_1_validation,FOODS_3_120,FOODS_3,FOODS,CA_1,CA,2016-05-19,11616,Thursday,6,5,2016,,,0,0,0,4.98,40.45358489556687,38.97711452242223,37.8920936989975,47.0,47.55367925362577,47.11647890613084,3,4.98,0.0,0,40.60817849409263,25.551535228050522,55.66482176013473,23
FOODS_3_120_CA_3_validation,FOODS_3_120,FOODS_3,FOODS,CA_3,CA,2016-05-19,11616,Thursday,6,5,2016,,,0,0,0,4.98,74.56023128696675,80.84934555998719,63.573924083008556,66.0,73.61665617271613,70.7905111940555,3,4.98,0.0,0,74.56151189684756,46.91569946103732,102.2073243326578,56
FOODS_3_226_WI_1_validation,FOODS_3_226,FOODS_3,FOODS,WI_1,WI,2016-05-19,11616,Thursday,6,5,2016,,,0,0,0,1.68,33.40865590039899,34.140421108019964,29.882417461263657,24.0,39.222147646272916,36.50463394941532,3,1.68,0.0,0,31.49893799637226,19.819806100821978,43.17806989192254,29
FOODS_3_226_WI_2_validation,FOODS_3_226,FOODS_3,FOODS,WI_2,WI,2016-05-19,11616,Thursday,6,5,2016,,,0,0,0,1.68,39.81549877293162,48.72712976100844,45.07157079682311,50.0,46.91921802699749,44.4776888119191,3,1.68,0.0,0,48.519881310966525,30.52974801020297,66.51001461173009,43
FOODS_3_226_WI_3_validation,FOODS_3_226,FOODS_3,FOODS,WI_3,WI,2016-05-19,11616,Thursday,6,5,2016,,,0,0,0,1.68,40.85560220287774,47.54604682602478,43.803425381569944,43.0,45.743037466111225,44.64759696702434,3,1.68,0.0,0,44.66240881963448,28.102543739815786,61.22227389945317,53
FOODS_3_234_WI_2_validation,FOODS_3_234,FOODS_3,FOODS,WI_2,WI,2016-05-19,11616,Thursday,6,5,2016,,,0,0,0,0.25,37.08088055278359,29.756738010536356,31.632328559013526,41.0,31.722461485516188,29.59877176610566,3,0.25,0.0,0,32.1313031079158,20.217703766361087,44.04490244947051,1
FOODS_3_252_CA_1_validation,FOODS_3_252,FOODS_3,FOODS,CA_1,CA,2016-05-19,11616,Thursday,6,5,2016,,,0,0,0,1.58,31.536008919224862,32.68902741760504,35.90898507329593,35.0,38.0331031773024,37.82126514577398,3,1.58,0.0,0,34.54764200276579,21.738115926774782,47.3571680787568,30
FOODS_3_252_CA_2_validation,FOODS_3_252,FOODS_3,FOODS,CA_2,CA,2016-05-19,11616,Thursday,6,5,2016,,,0,0,0,1.58,32.32527893579265,30.28911355669507,32.749394784210025,25.0,37.78955226920164,35.679062658080575,3,1.58,0.0,0,31.39913784674004,19.757009710201718,43.041265983278365,38
FOODS_3_252_CA_3_validation,FOODS_3_252,FOODS_3,FOODS,CA_3,CA,2016-05-19,11616,Thursday,6,5,2016,,,0,0,0,1.58,41.40843398430301,38.39813844960176,41.78876452300131,46.0,46.61027870389207,44.79848023521821,3,1.58,0.0,0,42.41828818083048,26.69049499286849,58.14608136879247,37
FOODS_3_252_CA_4_validation,FOODS_3_252,FOODS_3,FOODS,CA_4,CA,2016-05-19,11616,Thursday,6,5,2016,,,0,0,0,1.58,18.41581139886622,17.999953857473976,18.392662758811987,12.0,19.496363597649545,17.089538653968393,3,1.58,0.0,0,19.05153102932165,11.98763116929328,26.115430889350023,18
FOODS_3_252_TX_1_validation,FOODS_3_252,FOODS_3,FOODS,TX_1,TX,2016-05-19,11616,Thursday,6,5,2016,,,0,0,0,1.58,32.18691879355904,31.59619119412904,33.30305180283051,32.0,31.984217600444747,31.609444068255012,3,1.58,0.0,0,33.17622326552701,20.875189898657982,45.477256632396035,20
FOODS_3_252_TX_2_validation,FOODS_3_252,FOODS_3,FOODS,TX_2,TX,2016-05-19,11616,Thursday,6,5,2016,,,0,0,0,1.58,35.605335479229716,37.75811726287654,44.20880848388837,39.0,49.00558533861079,50.38408365132263,3,1.58,0.0,0,40.269550860633935,25.338463471907364,55.2006382493605,26
FOODS_3_252_TX_3_validation,FOODS_3_252,FOODS_3,FOODS,TX_3,TX,2016-05-19,11616,Thursday,6,5,2016,,,0,0,0,1.58,30.830643776667085,32.9492958854711,29.181645338842678,21.0,35.55410680512268,34.02586111174205,3,1.58,0.0,0,30.81608256211603,19.390138843360482,42.24202628087158,20
FOODS_3_318_WI_3_validation,FOODS_3_318,FOODS_3,FOODS,WI_3,WI,2016-05-19,11616,Thursday,6,5,2016,,,0,0,0,1.48,19.957107888606807,20.521752389776474,19.28516782197843,14.0,25.335508958369566,24.862583988385534,3,1.48,0.0,0,20.58575626199154,12.952998529615327,28.218513994367754,17
FOODS_3_377_TX_2_validation,FOODS_3_377,FOODS_3,FOODS,TX_2,TX,2016-05-19,11616,Thursday,6,5,2016,,,0,0,0,1.68,25.16661120947607,23.46201259034777,24.053090006019865,22.0,27.77345306658749,27.349250660919285,3,1.68,0.0,0,23.922861586629338,15.052776638958543,32.792946534300135,23
FOODS_3_377_TX_3_validation,FOODS_3_377,FOODS_3,FOODS,TX_3,TX,2016-05-19,11616,Thursday,6,5,2016,,,0,0,0,1.68,38.0142791460432,42.405914753063094,40.915992815166334,42.0,41.91119434401414,42.52094868040239,3,1.68,0.0,0,41.815687387544564,26.311325673556713,57.32004910153242,26
FOODS_3_491_WI_1_validation,FOODS_3_491,FOODS_3,FOODS,WI_1,WI,2016-05-19,11616,Thursday,6,5,2016,,,0,0,0,1.44,17.992825214041968,19.388722325059938,18.213925104185105,12.0,21.335454143997843,19.779520946349432,3,1.44,0.0,0,19.24356436473231,12.10846265488723,26.378666074577392,14
FOODS_3_541_CA_3_validation,FOODS_3_541,FOODS_3,FOODS,CA_3,CA,2016-05-19,11616,Thursday,6,5,2016,,,0,0,0,0.88,5.024455924361032,5.428841822251665,6.476421488677694,0.0,5.336084780421024,4.5019419492995185,3,0.88,0.0,0,5.15352639808768,3.2427091337914007,7.06434366238396,0
FOODS_3_555_CA_2_validation,FOODS_3_555,FOODS_3,FOODS,CA_2,CA,2016-05-19,11616,Thursday,6,5,2016,,,0,0,0,1.68,20.426314641293914,20.194594936176056,20.393728379324216,18.0,23.02817566013547,22.292835661905713,3,1.68,0.0,0,21.060120383895665,13.251478590067181,28.86876217772415,16
FOODS_3_555_TX_1_validation,FOODS_3_555,FOODS_3,FOODS,TX_1,TX,2016-05-19,11616,Thursday,6,5,2016,,,0,0,0,1.68,29.484930460722147,27.488467580421748,29.9797104716759,26.0,29.959676375907275,29.103341399880172,3,1.68,0.0,0,30.362140326087886,19.10450867068331,41.61977198149246,27
FOODS_3_555_TX_2_validation,FOODS_3_555,FOODS_3,FOODS,TX_2,TX,2016-05-19,11616,Thursday,6,5,2016,,,0,0,0,1.68,32.61074164845443,37.47861972876986,38.53449420730993,34.0,41.12003201224667,39.975004286571355,3,1.68,0.0,0,35.90233621554862,22.59051852607364,49.2141539050236,29
FOODS_3_555_TX_3_validation,FOODS_3_555,FOODS_3,FOODS,TX_3,TX,2016-05-19,11616,Thursday,6,5,2016,,,0,0,0,1.68,26.632014589382415,28.400807388797695,29.549710629176257,28.0,29.106743635536162,29.195512119950372,3,1.68,0.0,0,30.38441296779277,19.118523093645592,41.65030284193995,16
FOODS_3_555_WI_3_validation,FOODS_3_555,FOODS_3,FOODS,WI_3,WI,2016-05-19,11616,Thursday,6,5,2016,,,0,0,0,1.68,24.349280834528987,25.32216394791137,24.933181735203163,24.0,29.344220296089798,27.91040485998598,3,1.68,0.0,0,25.291712869105396,15.914087169575847,34.66933856863495,28
FOODS_3_586_CA_1_validation,FOODS_3_586,FOODS_3,FOODS,CA_1,CA,2016-05-19,11616,Thursday,6,5,2016,,,0,0,0,1.68,32.344361605051645,36.196503354697995,36.17218446207348,45.0,37.43718401762884,37.865533485696474,3,1.68,0.0,0,36.652227840871106,23.062366390031265,50.24208929171095,18
FOODS_3_586_CA_2_validation,FOODS_3_586,FOODS_3,FOODS,CA_2,CA,2016-05-19,11616,Thursday,6,5,2016,,,0,0,0,1.68,34.913178425964645,30.107124446868973,32.616310881558654,30.0,34.67231863996012,33.684056283922864,3,1.68,0.0,0,32.62264604117847,20.52686725839364,44.7184248239633,41
FOODS_3_586_CA_3_validation,FOODS_3_586,FOODS_3,FOODS,CA_3,CA,2016-05-19,11616,Thursday,6,5,2016,,,0,0,0,1.68,73.02948047561745,60.848994263089835,59.387765451668606,48.0,73.05229463420244,69.17873342973722,3,1.68,0.0,0,65.64252182157371,41.30367997239798,89.98136367074945,66
FOODS_3_586_CA_4_validation,FOODS_3_586,FOODS_3,FOODS,CA_4,CA,2016-05-19,11616,Thursday,6,5,2016,,,0,0,0,1.68,15.227865323475152,19.251319514319054,19.311017869050154,18.0,18.964980520358854,17.659298477178982,3,1.68,0.0,0,19.300134934294636,12.144058068290294,26.456211800298977,11
FOODS_3_586_TX_1_validation,FOODS_3_586,FOODS_3,FOODS,TX_1,TX,2016-05-19,11616,Thursday,6,5,2016,,,0,0,0,1.68,47.90482864056839,49.61823638166751,58.24992779102748,59.0,55.041958760712006,53.61118360600329,3,1.68,0.0,0,52.722656053739016,33.17422384925431,72.27108825822371,46
FOODS_3_586_TX_2_validation,FOODS_3_586,FOODS_3,FOODS,TX_2,TX,2016-05-19,11616,Thursday,6,5,2016,,,0,0,0,1.68,55.04692579566037,62.30589701307454,65.27476992269662,59.0,69.43459553736739,70.28314248083998,3,1.68,0.0,0,58.92629930743005,37.07768898896757,80.77490962589252,53
FOODS_3_586_TX_3_validation,FOODS_3_586,FOODS_3,FOODS,TX_3,TX,2016-05-19,11616,Thursday,6,5,2016,,,0,0,0,1.68,49.34180885501238,51.60613682613727,51.36947696837706,55.0,55.576520203895875,54.23499967110968,3,1.68,0.0,0,52.702590896736986,33.161598422923795,72.24358337055018,39
FOODS_3_586_WI_1_validation,FOODS_3_586,FOODS_3,FOODS,WI_1,WI,2016-05-19,11616,Thursday,6,5,2016,,,0,0,0,1.68,16.553850683176343,16.495009812631757,12.393128166035856,6.0,18.219680004805564,15.84492365592521,3,1.68,0.0,0,14.914960273521928,9.384812296107032,20.445108250936823,14
FOODS_3_586_WI_3_validation,FOODS_3_586,FOODS_3,FOODS,WI_3,WI,2016-05-19,11616,Thursday,6,5,2016,,,0,0,0,1.68,29.0757858844193,31.783013811100542,31.47147988714449,31.0,34.512239509176695,33.72390645240562,3,1.68,0.0,0,32.074478482111125,20.18194849533163,43.96700846889062,23
FOODS_3_587_CA_1_validation,FOODS_3_587,FOODS_3,FOODS,CA_1,CA,2016-05-19,11616,Thursday,6,5,2016,,,0,0,0,2.48,19.73709070229856,21.69242401777367,17.941370871621125,10.0,23.203747684843474,22.209147456928555,3,2.48,0.0,0,19.931215561305535,12.541147508663862,27.32128361394721,29
FOODS_3_587_CA_4_validation,FOODS_3_587,FOODS_3,FOODS,CA_4,CA,2016-05-19,11616,Thursday,6,5,2016,,,0,0,0,2.48,15.341842082808748,15.264897487402514,14.009354314309304,15.0,16.623143922185644,16.722118874145195,3,2.48,0.0,0,15.264897487402514,9.605000282361486,20.924794692443545,7
FOODS_3_587_TX_1_validation,FOODS_3_587,FOODS_3,FOODS,TX_1,TX,2016-05-19,11616,Thursday,6,5,2016,,,0,0,0,2.48,23.285140907457432,23.16392929382003,22.067666605201858,17.0,24.457550060571773,24.08411193161381,3,2.48,0.0,0,22.608705820152316,14.225881697902071,30.99152994240256,14
FOODS_3_587_TX_2_validation,FOODS_3_587,FOODS_3,FOODS,TX_2,TX,2016-05-19,11616,Thursday,6,5,2016,,,0,0,0,2.48,26.21721298585502,23.1586035652435,23.98852708384625,19.0,28.650845345428838,29.214351865748533,3,2.48,0.0,0,24.305958178376596,15.293829215626076,33.318087141127116,16
FOODS_3_635_CA_3_validation,FOODS_3_635,FOODS_3,FOODS,CA_3,CA,2016-05-19,11616,Thursday,6,5,2016,,,0,0,0,0.88,5.024455924361032,5.428841822251665,6.201106064513711,0.0,5.336084780421024,4.461860111639043,3,0.88,0.0,0,5.15352639808768,3.2427091337914007,7.06434366238396,4
FOODS_3_635_CA_4_validation,FOODS_3_635,FOODS_3,FOODS,CA_4,CA,2016-05-19,11616,Thursday,6,5,2016,,,0,0,0,1.0,6.045684698972559,6.405468891619777,7.226242511437736,0.0,6.3445302019268786,5.0776106820331695,3,1.0,0.0,0,6.31544817356453,3.973815188761452,8.657081158367609,0
FOODS_3_694_WI_1_validation,FOODS_3_694,FOODS_3,FOODS,WI_1,WI,2016-05-19,11616,Thursday,6,5,2016,,,0,0,0,1.68,18.181055599792145,20.776699786660654,17.71549735780557,14.0,23.800426877346833,22.13793392616224,3,1.68,0.0,0,19.39370349114683,12.202933407330544,26.584473574963116,22
FOODS_3_694_WI_2_validation,FOODS_3_694,FOODS_3,FOODS,WI_2,WI,2016-05-19,11616,Thursday,6,5,2016,,,0,0,0,1.68,32.6833802708154,36.51489809178939,34.65234349814209,32.0,36.99459158226729,34.84992761778404,3,1.68,0.0,0,34.40636928870573,21.649224110792613,47.16351446661885,30
FOODS_3_694_WI_3_validation,FOODS_3_694,FOODS_3,FOODS,WI_3,WI,2016-05-19,11616,Thursday,6,5,2016,,,0,0,0,1.68,36.043794777423344,40.518795204611536,36.15394419892196,34.0,45.23905367123325,43.530760107174935,3,1.68,0.0,0,37.71300346179566,23.729829119270743,51.69617780432058,45
FOODS_3_711_WI_2_validation,FOODS_3_711,FOODS_3,FOODS,WI_2,WI,2016-05-19,11616,Thursday,6,5,2016,,,0,0,0,0.25,25.593485099538103,27.216671687058625,34.99770035158093,20.0,29.072827278919657,29.004363962850707,3,0.25,0.0,0,25.17797781543279,15.84252263902192,34.51343299184366,14
FOODS_3_714_CA_1_validation,FOODS_3_714,FOODS_3,FOODS,CA_1,CA,2016-05-19,11616,Thursday,6,5,2016,,,0,0,0,1.58,14.535462738831507,14.060002372089848,14.850833328129134,12.0,21.297020907914348,19.38816584032853,3,1.58,0.0,0,14.94447252981988,9.40338203955332,20.48556302008644,18
FOODS_3_714_TX_1_validation,FOODS_3_714,FOODS_3,FOODS,TX_1,TX,2016-05-19,11616,Thursday,6,5,2016,,,0,0,0,1.58,20.202771643943166,19.137152326853,18.56410262347053,14.0,22.287403276933162,20.96454409376766,3,1.58,0.0,0,20.581884953625853,12.950562619516603,28.213207287735102,8
FOODS_3_714_WI_1_validation,FOODS_3_714,FOODS_3,FOODS,WI_1,WI,2016-05-19,11616,Thursday,6,5,2016,,,0,0,0,1.58,13.413336789890097,18.172153965353683,14.860750571034982,15.0,21.046602840022114,18.665495752443157,3,1.58,0.0,0,16.162440396664415,10.1697534950186,22.15512729831023,16
FOODS_3_808_CA_4_validation,FOODS_3_808,FOODS_3,FOODS,CA_4,CA,2016-05-19,11616,Thursday,6,5,2016,,,0,0,0,1.0,6.045684698972559,6.405468891619777,7.226242511437736,0.0,6.3445302019268786,5.086241517171364,3,1.0,0.0,0,6.31544817356453,3.973815188761452,8.657081158367609,0
HOBBIES_1_008_TX_2_validation,HOBBIES_1_008,HOBBIES_1,HOBBIES,TX_2,TX,2016-05-19,11616,Thursday,6,5,2016,,,0,0,0,0.48,5.20393540022473,5.800394889420816,7.117330897753702,6.0,5.853686473632943,5.003767296217491,3,0.48,0.0,0,6.2580634420327605,3.9377074872180415,8.57841939684748,0
HOBBIES_1_015_CA_2_validation,HOBBIES_1_015,HOBBIES_1,HOBBIES,CA_2,CA,2016-05-19,11616,Thursday,6,5,2016,,,0,0,0,0.7,6.9164873128768605,7.66405859237015,6.379626600232332,0.0,6.700029521735919,7.233320848058346,3,0.7,0.0,0,6.004070304719413,3.7778895678624815,8.230251041576343,2
HOBBIES_1_048_WI_3_validation,HOBBIES_1_048,HOBBIES_1,HOBBIES,WI_3,WI,2016-05-19,11616,Thursday,6,5,2016,,,0,0,0,0.48,5.440610696773597,5.367738329253998,5.160872898797105,1.0,5.876781572556349,5.9713728807239645,3,0.48,0.0,0,5.333005873951379,3.355641462211659,7.310370285691099,9
HOBBIES_1_103_WI_3_validation,HOBBIES_1_103,HOBBIES_1,HOBBIES,WI_3,WI,2016-05-19,11616,Thursday,6,5,2016,,,0,0,0,0.7,5.20393540022473,5.333005873951379,5.160872898797105,4.0,6.021779110141258,5.919830447183245,3,0.7,0.0,0,5.333005873951379,3.355641462211659,7.310370285691099,5
HOBBIES_1_178_CA_4_validation,HOBBIES_1_178,HOBBIES_1,HOBBIES,CA_4,CA,2016-05-19,11616,Thursday,6,5,2016,,,0,0,0,0.48,5.20393540022473,10.744268090183796,8.136814686914807,13.0,6.626570464134136,7.251413899517301,3,0.48,0.0,0,8.072348844522919,5.079294701778992,11.065402987266845,0
HOBBIES_1_178_WI_2_validation,HOBBIES_1_178,HOBBIES_1,HOBBIES,WI_2,WI,2016-05-19,11616,Thursday,6,5,2016,,,0,0,0,0.48,5.20393540022473,6.4050961964487625,9.01172389082643,36.0,5.798163855106092,6.546551782159172,3,0.48,0.0,0,9.097871482625026,5.724575499548368,12.471167465701683,0
HOBBIES_1_234_CA_3_validation,HOBBIES_1_234,HOBBIES_1,HOBBIES,CA_3,CA,2016-05-19,11616,Thursday,6,5,2016,,,0,0,0,0.3,28.839735273291552,26.835441645059785,27.462552318771795,54.0,28.013455792605725,29.30365105087652,3,0.3,0.0,0,35.28490739451997,22.202019094275133,48.3677956947648,3
HOBBIES_1_254_CA_3_validation,HOBBIES_1_254,HOBBIES_1,HOBBIES,CA_3,CA,2016-05-19,11616,Thursday,6,5,2016,,,0,0,0,0.7,6.390273829122945,8.967415892476968,11.145099178454542,18.0,10.183415937013807,11.2430920909828,3,0.7,0.0,0,9.174010817074826,5.772483998736959,12.575537635412694,16
HOBBIES_1_254_TX_1_validation,HOBBIES_1_254,HOBBIES_1,HOBBIES,TX_1,TX,2016-05-19,11616,Thursday,6,5,2016,,,0,0,0,0.7,5.23866785552735,5.333005873951379,5.160872898797105,0.0,5.846671656907412,4.9902423852685684,3,0.7,0.0,0,5.333005873951379,3.355641462211659,7.310370285691099,3
HOBBIES_1_348_CA_1_validation,HOBBIES_1_348,HOBBIES_1,HOBBIES,CA_1,CA,2016-05-19,11616,Thursday,6,5,2016,,,0,0,0,0.48,5.5867158838764865,5.7451066266681865,6.002856633728718,8.0,6.2552164369108425,7.348583299107085,3,0.48,0.0,0,6.327674766588966,3.9815084228332127,8.673841110344718,1
HOBBIES_1_348_CA_2_validation,HOBBIES_1_348,HOBBIES_1,HOBBIES,CA_2,CA,2016-05-19,11616,Thursday,6,5,2016,,,0,0,0,0.48,6.463410488352925,6.494189347190899,6.642863510442843,0.0,6.330414415645918,5.9678655608284865,3,0.48,0.0,0,5.7451066266681865,3.6149440778677993,7.875269175468573,2
HOBBIES_1_354_TX_3_validation,HOBBIES_1_354,HOBBIES_1,HOBBIES,TX_3,TX,2016-05-19,11616,Thursday,6,5,2016,,,0,0,0,22.98,23.61006435772224,23.700710058297616,21.45717650801773,19.0,23.673782929523405,22.03217094391054,3,22.98,0.0,0,22.838440618274824,14.370435750928367,31.306445485621282,4
HOBBIES_1_370_WI_1_validation,HOBBIES_1_370,HOBBIES_1,HOBBIES,WI_1,WI,2016-05-19,11616,Thursday,6,5,2016,,,0,0,0,0.48,5.23866785552735,5.8806951446185725,5.160872898797105,1.0,6.303941187101278,5.918311514178378,3,0.48,0.0,0,5.608321298115364,3.5288758209104882,7.687766775320239,9
HOBBIES_1_371_CA_1_validation,HOBBIES_1_371,HOBBIES_1,HOBBIES,CA_1,CA,2016-05-19,11616,Thursday,6,5,2016,,,0,0,0,0.48,9.3698420044294,6.5794375993598715,8.514810439108272,16.0,7.743769684168756,8.129945667624368,3,0.48,0.0,0,8.843696737382638,5.564643308596084,12.122750166169192,26
HOBBIES_1_371_CA_4_validation,HOBBIES_1_371,HOBBIES_1,HOBBIES,CA_4,CA,2016-05-19,11616,Thursday,6,5,2016,,,0,0,0,0.48,6.503680422366818,6.975335296095953,7.3936420238627845,14.0,6.72929017488407,6.736269178623455,3,0.48,0.0,0,7.578636978986726,4.7686406268470245,10.388633331126428,2
HOBBIES_1_371_TX_1_validation,HOBBIES_1_371,HOBBIES_1,HOBBIES,TX_1,TX,2016-05-19,11616,Thursday,6,5,2016,,,0,0,0,0.48,5.20393540022473,5.333005873951379,5.160872898797105,0.0,5.69731577826149,4.562120626654003,3,0.48,0.0,0,5.333005873951379,3.355641462211659,7.310370285691099,0
HOBBIES_1_371_TX_2_validation,HOBBIES_1_371,HOBBIES_1,HOBBIES,TX_2,TX,2016-05-19,11616,Thursday,6,5,2016,,,0,0,0,0.48,5.20393540022473,5.8806951446185725,5.160872898797105,0.0,5.755348807414223,4.93349156872443,3,0.48,0.0,0,5.608321298115364,3.5288758209104882,7.687766775320239,0
HOBBIES_1_371_TX_3_validation,HOBBIES_1_371,HOBBIES_1,HOBBIES,TX_3,TX,2016-05-19,11616,Thursday,6,5,2016,,,0,0,0,0.48,5.475343152076215,6.052359342424983,5.4361883229610894,0.0,5.903601114987114,5.531828860463421,3,0.48,0.0,0,5.608321298115364,3.5288758209104882,7.687766775320239,1
HOBBIES_1_371_WI_1_validation,HOBBIES_1_371,HOBBIES_1,HOBBIES,WI_1,WI,2016-05-19,11616,Thursday,6,5,2016,,,0,0,0,0.48,8.820268663762104,7.775560864950281,8.218804410109232,11.0,6.950973139524387,7.054503207099985,3,0.48,0.0,0,7.906460385672478,4.974914132213168,10.838006639131788,4
HOBBIES_1_371_WI_2_validation,HOBBIES_1_371,HOBBIES_1,HOBBIES,WI_2,WI,2016-05-19,11616,Thursday,6,5,2016,,,0,0,0,0.48,5.20393540022473,5.94818356227492,6.025694406621807,8.0,5.737010009705231,5.424927881569409,3,0.48,0.0,0,6.292942311286348,3.9596540184217806,8.626230604150916,0
HOUSEHOLD_1_110_CA_1_validation,HOUSEHOLD_1_110,HOUSEHOLD_1,HOUSEHOLD,CA_1,CA,2016-05-19,11616,Thursday,6,5,2016,,,0,0,0,3.97,8.52963282435518,6.456540658617667,6.445717800749443,5.0,8.385708690691704,8.629495796901274,3,3.97,0.0,0,6.666774367276102,4.194877150860147,9.138671583692057,13
HOUSEHOLD_1_110_CA_4_validation,HOUSEHOLD_1_110,HOUSEHOLD_1,HOUSEHOLD,CA_4,CA,2016-05-19,11616,Thursday,6,5,2016,,,0,0,0,3.97,6.2888300572759,6.345167926817394,6.301756910899243,5.0,6.677683963298195,6.4645946296709225,3,3.97,0.0,0,6.243115053567189,3.928301641187883,8.557928465946496,9
HOUSEHOLD_1_110_WI_2_validation,HOUSEHOLD_1_110,HOUSEHOLD_1,HOUSEHOLD,WI_2,WI,2016-05-19,11616,Thursday,6,5,2016,,,0,0,0,3.97,20.80638584528088,22.072853357212853,24.774938035049807,30.0,25.030688220367892,25.0556970237486,3,3.97,0.0,0,23.700710058297616,14.912994141623455,32.488425974971776,45
HOUSEHOLD_1_110_WI_3_validation,HOUSEHOLD_1_110,HOUSEHOLD_1,HOUSEHOLD,WI_3,WI,2016-05-19,11616,Thursday,6,5,2016,,,0,0,0,3.97,11.692714578442057,9.546935586337407,8.532881906452563,7.0,14.050615253470815,13.933079481452639,3,3.97,0.0,0,9.723685441978391,6.11835103988563,13.329019844071153,14
HOUSEHOLD_1_118_CA_1_validation,HOUSEHOLD_1_118,HOUSEHOLD_1,HOUSEHOLD,CA_1,CA,2016-05-19,11616,Thursday,6,5,2016,,,0,0,0,0.97,8.531866259308423,7.159865593357795,6.74851374088487,7.0,7.851911014552206,7.512438026470485,3,0.97,0.0,0,7.048540614524331,4.435092646289542,9.66198858275912,10
HOUSEHOLD_1_118_CA_3_validation,HOUSEHOLD_1_118,HOUSEHOLD_1,HOUSEHOLD,CA_3,CA,2016-05-19,11616,Thursday,6,5,2016,,,0,0,0,0.97,19.766814470127557,20.14747974465965,26.342887746217787,52.0,20.983269852250064,21.991896751931048,3,0.97,0.0,0,25.168606722031075,15.836626146441882,34.50058729762027,30
HOUSEHOLD_1_118_TX_3_validation,HOUSEHOLD_1_118,HOUSEHOLD_1,HOUSEHOLD,TX_3,TX,2016-05-19,11616,Thursday,6,5,2016,,,0,0,0,0.97,6.532859006137642,5.939454731761739,5.878694488407736,5.0,6.625747065830258,6.578832222617032,3,0.97,0.0,0,6.05082746356201,3.807310173160106,8.294344753963914,8
HOUSEHOLD_1_151_CA_4_validation,HOUSEHOLD_1_151,HOUSEHOLD_1,HOUSEHOLD,CA_4,CA,2016-05-19,11616,Thursday,6,5,2016,,,0,0,0,0.88,5.024455924361032,5.15352639808768,4.981393422933407,1.0,5.296754005540454,4.927973737830425,3,0.88,0.0,0,5.15352639808768,3.2427091337914007,7.06434366238396,1
HOUSEHOLD_1_191_CA_2_validation,HOUSEHOLD_1_191,HOUSEHOLD_1,HOUSEHOLD,CA_2,CA,2016-05-19,11616,Thursday,6,5,2016,,,0,0,0,2.96,7.502420412455072,9.481108603054846,12.00919733340467,17.0,11.550045342033474,11.166888831764025,3,2.96,0.0,0,10.500988765137194,6.607446930937777,14.39453059933661,6
HOUSEHOLD_1_191_CA_4_validation,HOUSEHOLD_1_191,HOUSEHOLD_1,HOUSEHOLD,CA_4,CA,2016-05-19,11616,Thursday,6,5,2016,,,0,0,0,2.96,6.369530916781081,6.64861424992312,6.849446181566435,4.0,6.708121561248937,6.064081232014158,3,2.96,0.0,0,6.537241518122848,4.113372309198494,8.9611107270472,1
HOUSEHOLD_1_234_CA_2_validation,HOUSEHOLD_1_234,HOUSEHOLD_1,HOUSEHOLD,CA_2,CA,2016-05-19,11616,Thursday,6,5,2016,,,0,0,0,0.97,6.3194334010871644,6.798952830154624,8.658061318073862,11.0,6.76926680995946,6.933801173935093,3,0.97,0.0,0,7.759057993447861,4.882165391508777,10.635950595386944,5
HOUSEHOLD_1_234_TX_1_validation,HOUSEHOLD_1_234,HOUSEHOLD_1,HOUSEHOLD,TX_1,TX,2016-05-19,11616,Thursday,6,5,2016,,,0,0,0,0.97,9.65203620492765,10.60648202259482,11.455044379942766,12.0,10.996571309615916,11.089455622986021,3,0.97,0.0,0,10.74001770131217,6.757849054590943,14.722186348033397,9
HOUSEHOLD_1_234_TX_2_validation,HOUSEHOLD_1_234,HOUSEHOLD_1,HOUSEHOLD,TX_2,TX,2016-05-19,11616,Thursday,6,5,2016,,,0,0,0,0.97,5.248618742428471,5.689411526667496,5.619331424763428,7.0,6.252360857080746,5.232196936128846,3,0.97,0.0,0,6.200693910986296,3.9016093501453897,8.499778471827202,10
HOUSEHOLD_1_303_CA_2_validation,HOUSEHOLD_1_303,HOUSEHOLD_1,HOUSEHOLD,CA_2,CA,2016-05-19,11616,Thursday,6,5,2016,,,0,0,0,0.98,5.662288297069999,6.182094976756213,6.202035592907392,7.0,6.793773525137568,6.994101934728839,3,0.98,0.0,0,6.6277313741732,4.170310463786939,9.085152284559461,9
HOUSEHOLD_1_303_CA_3_validation,HOUSEHOLD_1_303,HOUSEHOLD_1,HOUSEHOLD,CA_3,CA,2016-05-19,11616,Thursday,6,5,2016,,,0,0,0,0.98,9.297195488027546,10.089159550881256,8.745083843547842,10.0,12.882229882713533,12.143670218235568,3,0.98,0.0,0,9.079791938136196,5.713199463118154,12.446384413154238,13
HOUSEHOLD_1_303_WI_1_validation,HOUSEHOLD_1_303,HOUSEHOLD_1,HOUSEHOLD,WI_1,WI,2016-05-19,11616,Thursday,6,5,2016,,,0,0,0,0.98,6.2756235546390045,6.182094976756213,6.211355451457458,6.0,6.332299405367059,5.752149361738178,3,0.98,0.0,0,6.6277313741732,4.170310463786939,9.085152284559461,5
HOUSEHOLD_1_327_CA_2_validation,HOUSEHOLD_1_327,HOUSEHOLD_1,HOUSEHOLD,CA_2,CA,2016-05-19,11616,Thursday,6,5,2016,,,0,0,0,0.98,5.662288297069999,6.116448989854399,5.907909128351734,0.0,6.158167786100573,5.489925899286312,3,0.98,0.0,0,6.116448989854399,3.8486006422960797,8.38429733741272,6
HOUSEHOLD_1_327_WI_1_validation,HOUSEHOLD_1_327,HOUSEHOLD_1,HOUSEHOLD,WI_1,WI,2016-05-19,11616,Thursday,6,5,2016,,,0,0,0,0.98,5.6258814107216075,6.27211569481146,7.4379931575645495,5.0,6.203443822620154,5.478112369848854,3,0.98,0.0,0,6.182094976756213,3.8899065025711432,8.474283450941282,0
HOUSEHOLD_1_334_CA_1_validation,HOUSEHOLD_1_334,HOUSEHOLD_1,HOUSEHOLD,CA_1,CA,2016-05-19,11616,Thursday,6,5,2016,,,0,0,0,0.97,8.641316956771242,9.167929551455872,8.903817577229704,9.0,11.148308352241855,11.126295535055522,3,0.97,0.0,0,8.537157065084019,5.371761984537861,11.702552145630175,0
HOUSEHOLD_1_334_CA_3_validation,HOUSEHOLD_1_334,HOUSEHOLD_1,HOUSEHOLD,CA_3,CA,2016-05-19,11616,Thursday,6,5,2016,,,0,0,0,0.97,20.200401650983782,22.397030642962733,19.230663240961864,20.0,23.074815700963658,22.715142558883098,3,0.97,0.0,0,20.28310351575198,12.76256294264283,27.803644088861127,22
HOUSEHOLD_1_334_TX_1_validation,HOUSEHOLD_1_334,HOUSEHOLD_1,HOUSEHOLD,TX_1,TX,2016-05-19,11616,Thursday,6,5,2016,,,0,0,0,0.96,6.941122108570698,8.319463293148821,6.853917260842599,9.0,8.905761354779834,9.373194777498947,3,0.96,0.0,0,7.507256427455239,4.72372645574428,10.290786399166198,17
HOUSEHOLD_1_334_TX_2_validation,HOUSEHOLD_1_334,HOUSEHOLD_1,HOUSEHOLD,TX_2,TX,2016-05-19,11616,Thursday,6,5,2016,,,0,0,0,0.96,7.406028905322301,10.535698437119112,11.675421322208516,14.0,9.884394909914095,10.172570016064029,3,0.96,0.0,0,9.98528496286692,6.282955058620348,13.687614867113494,15
HOUSEHOLD_1_334_TX_3_validation,HOUSEHOLD_1_334,HOUSEHOLD_1,HOUSEHOLD,TX_3,TX,2016-05-19,11616,Thursday,6,5,2016,,,0,0,0,0.96,7.458445654541797,8.2504097173955,7.769826641109007,7.0,10.163552247571422,10.342130451811643,3,0.96,0.0,0,7.366470691991384,4.635141057119838,10.097800326862929,5
HOUSEHOLD_1_334_WI_2_validation,HOUSEHOLD_1_334,HOUSEHOLD_1,HOUSEHOLD,WI_2,WI,2016-05-19,11616,Thursday,6,5,2016,,,0,0,0,0.97,16.764398617279493,16.302394748076555,21.34639115222076,29.0,18.271128292973636,18.868538294316746,3,0.97,0.0,0,19.65978271822515,12.370356153099186,26.94920928335111,14
HOUSEHOLD_1_334_WI_3_validation,HOUSEHOLD_1_334,HOUSEHOLD_1,HOUSEHOLD,WI_3,WI,2016-05-19,11616,Thursday,6,5,2016,,,0,0,0,0.97,9.833707086398112,8.685867763450519,8.995796576301597,10.0,10.874423114312748,11.145652199959224,3,0.97,0.0,0,9.202610772404762,5.790479702884089,12.614741841925436,11
HOUSEHOLD_1_389_WI_1_validation,HOUSEHOLD_1_389,HOUSEHOLD_1,HOUSEHOLD,WI_1,WI,2016-05-19,11616,Thursday,6,5,2016,,,0,0,0,0.98,5.948738388512633,6.080042103506008,5.6214590369091,0.0,6.319053171266752,5.062341312445037,3,0.98,0.0,0,6.116448989854399,3.8486006422960797,8.38429733741272,4
HOUSEHOLD_1_399_CA_4_validation,HOUSEHOLD_1_399,HOUSEHOLD_1,HOUSEHOLD,CA_4,CA,2016-05-19,11616,Thursday,6,5,2016,,,0,0,0,0.97,5.285025628776863,5.791464399917701,5.672945256470283,5.0,5.792335979565097,5.317557792552781,3,0.97,0.0,0,5.6530046403191045,3.5569915363837152,7.749017744254494,5
HOUSEHOLD_1_409_WI_2_validation,HOUSEHOLD_1_409,HOUSEHOLD_1,HOUSEHOLD,WI_2,WI,2016-05-19,11616,Thursday,6,5,2016,,,0,0,0,2.94,8.645357498397159,8.466972069032566,8.963379201474817,10.0,10.83463731956362,11.142866867869296,3,2.94,0.0,0,8.957083400134298,5.635988624124374,12.278178176144223,10
HOUSEHOLD_1_441_WI_3_validation,HOUSEHOLD_1_441,HOUSEHOLD_1,HOUSEHOLD,WI_3,WI,2016-05-19,11616,Thursday,6,5,2016,,,0,0,0,2.77,6.177457325475628,6.243115053567189,6.10968331959379,3.0,8.518424689150713,7.219221560589924,3,2.77,0.0,0,6.243115053567189,3.928301641187883,8.557928465946496,9
HOUSEHOLD_1_459_CA_3_validation,HOUSEHOLD_1_459,HOUSEHOLD_1,HOUSEHOLD,CA_3,CA,2016-05-19,11616,Thursday,6,5,2016,,,0,0,0,0.97,20.196530342618086,21.67733069210979,20.313663583080956,7.0,25.01679982854252,24.839598533609035,3,0.97,0.0,0,18.751320807005758,11.798732470661887,25.70390914334963,19
HOUSEHOLD_1_459_TX_1_validation,HOUSEHOLD_1_459,HOUSEHOLD_1,HOUSEHOLD,TX_1,TX,2016-05-19,11616,Thursday,6,5,2016,,,0,0,0,0.96,7.045739735849312,6.4713905872267485,6.646648446169919,8.0,7.116080677728425,7.430135429826676,3,0.96,0.0,0,6.8375013499832,4.302302223217278,9.372700476749122,12
HOUSEHOLD_1_459_TX_3_validation,HOUSEHOLD_1_459,HOUSEHOLD_1,HOUSEHOLD,TX_3,TX,2016-05-19,11616,Thursday,6,5,2016,,,0,0,0,0.96,5.285025628776863,5.6530046403191045,5.517278551513223,0.0,5.929941588295194,4.719105773469259,3,0.96,0.0,0,5.689411526667496,3.5798995286545305,7.798923524680462,2
HOUSEHOLD_1_459_WI_1_validation,HOUSEHOLD_1_459,HOUSEHOLD_1,HOUSEHOLD,WI_1,WI,2016-05-19,11616,Thursday,6,5,2016,,,0,0,0,0.97,5.771744130419973,7.45125972810043,6.297466323460296,7.0,6.926478819625124,7.015547254670949,3,0.97,0.0,0,6.679217593734383,4.2027066953260634,9.155728492142703,9
HOUSEHOLD_1_459_WI_2_validation,HOUSEHOLD_1_459,HOUSEHOLD_1,HOUSEHOLD,WI_2,WI,2016-05-19,11616,Thursday,6,5,2016,,,0,0,0,0.97,23.755860463810517,22.54813903214496,28.59179597689054,29.0,24.52441759961886,25.30850406977942,3,0.97,0.0,0,25.746117544819665,16.200008319203206,35.29222677043612,15
HOUSEHOLD_1_459_WI_3_validation,HOUSEHOLD_1_459,HOUSEHOLD_1,HOUSEHOLD,WI_3,WI,2016-05-19,11616,Thursday,6,5,2016,,,0,0,0,0.97,7.371295820637688,7.026050235996873,10.498903161281383,10.0,11.065018122024195,11.233089214585844,3,0.97,0.0,0,8.460002965811183,5.32321497359904,11.596790958023327,10
HOUSEHOLD_1_474_TX_2_validation,HOUSEHOLD_1_474,HOUSEHOLD_1,HOUSEHOLD,TX_2,TX,2016-05-19,11616,Thursday,6,5,2016,,,0,0,0,0.97,8.162688237785861,6.617378916763234,8.140001024187624,7.0,8.661903055362009,8.72864202004711,3,0.97,0.0,0,7.27441347954441,4.577216688333458,9.971610270755363,3
HOUSEHOLD_1_521_TX_1_validation,HOUSEHOLD_1_521,HOUSEHOLD_1,HOUSEHOLD,TX_1,TX,2016-05-19,11616,Thursday,6,5,2016,,,0,0,0,0.94,7.275946819664361,7.791048255103571,7.721231727127747,14.0,7.15009984655307,9.821877122854918,3,0.94,0.0,0,8.149189552137248,5.12764451997735,11.170734584297145,4
HOUSEHOLD_1_521_TX_2_validation,HOUSEHOLD_1_521,HOUSEHOLD_1,HOUSEHOLD,TX_2,TX,2016-05-19,11616,Thursday,6,5,2016,,,0,0,0,0.94,5.67412110527042,7.748090344846936,7.0430349134925665,1.0,7.334196373791632,6.397938602786573,3,0.94,0.0,0,6.269923400214813,3.9451700267982397,8.594676773631386,4
HOUSEHOLD_1_521_TX_3_validation,HOUSEHOLD_1_521,HOUSEHOLD_1,HOUSEHOLD,TX_3,TX,2016-05-19,11616,Thursday,6,5,2016,,,0,0,0,0.94,5.785493837070692,6.526452719783172,5.871092181313432,6.0,6.690458838245428,6.75053132275601,3,0.94,0.0,0,6.479541695334626,4.077066345491208,8.882017045178044,8
HOUSEHOLD_1_535_CA_1_validation,HOUSEHOLD_1_535,HOUSEHOLD_1,HOUSEHOLD,CA_1,CA,2016-05-19,11616,Thursday,6,5,2016,,,0,0,0,6.97,7.212985602672,6.902177056034653,6.10968331959379,2.0,9.338270429464446,8.903257106029262,3,6.97,0.0,0,6.546561376672914,4.119236563713065,8.973886189632763,4
FOODS_1_218_CA_2_validation,FOODS_1_218,FOODS_1,FOODS,CA_2,CA,2016-05-20,11616,Friday,7,5,2016,,,0,0,0,0.98,8.734821658714106,12.148507993875505,10.118497919310949,3.0,10.07264551604745,9.299074021377404,4,0.98,0.0,0,9.555914024690447,6.012785672561495,13.099042376819398,14
FOODS_2_360_WI_2_validation,FOODS_2_360,FOODS_2,FOODS,WI_2,WI,2016-05-20,11616,Friday,7,5,2016,,,0,0,0,0.94,48.61129477556754,58.17505079292449,56.67764148214118,51.0,45.80744515464594,44.383401255987685,4,0.94,0.0,0,52.405574131360844,32.97470911576282,71.83643914695887,41
FOODS_3_007_WI_2_validation,FOODS_3_007,FOODS_3,FOODS,WI_2,WI,2016-05-20,11616,Friday,7,5,2016,,,0,0,0,0.25,26.28168782420997,30.05112329902726,39.7101307983043,24.0,28.914105068551695,32.336468383034195,4,0.25,0.0,0,25.043126013364994,15.757670998320956,34.32858102840903,0
FOODS_3_030_TX_3_validation,FOODS_3_030,FOODS_3,FOODS,TX_3,TX,2016-05-20,11616,Friday,7,5,2016,,,0,0,0,1.25,20.783945317569938,21.230096546249822,22.009857989249667,20.0,20.594063544362484,19.498651272248463,4,1.25,0.0,0,22.34944165782713,14.062747136769596,30.636136178884662,33
FOODS_3_080_CA_2_validation,FOODS_3_080,FOODS_3,FOODS,CA_2,CA,2016-05-20,11616,Friday,7,5,2016,,,0,0,0,1.68,15.909040834564644,15.676536745807994,14.838723204874436,13.0,15.787362444644458,15.062469228908938,4,1.68,0.0,0,15.662345094107483,9.855082824859759,21.46960736335521,11
FOODS_3_090_CA_1_validation,FOODS_3_090,FOODS_3,FOODS,CA_1,CA,2016-05-20,11616,Friday,7,5,2016,,,0,0,0,1.6,44.008462806575686,57.16799680992894,61.65825469895595,87.0,54.32555895427047,53.531021501446766,4,1.6,0.0,0,64.89125863515777,40.83096909283866,88.95154817747688,69
FOODS_3_090_CA_2_validation,FOODS_3_090,FOODS_3,FOODS,CA_2,CA,2016-05-20,11616,Friday,7,5,2016,,,0,0,0,1.6,35.385735242341696,54.122984468206205,54.31611753010461,91.0,50.909421112159585,51.032357940787435,4,1.6,0.0,0,52.71113733456805,33.16697602456496,72.25529864457114,66
FOODS_3_090_CA_3_validation,FOODS_3_090,FOODS_3,FOODS,CA_3,CA,2016-05-20,11616,Friday,7,5,2016,,,0,0,0,1.6,80.70524618944707,103.90111166028838,99.52570719067737,141.0,99.01588373282104,101.25792749149475,4,1.6,0.0,0,113.10059369222728,71.1653147520708,155.03587263238376,110
FOODS_3_090_CA_4_validation,FOODS_3_090,FOODS_3,FOODS,CA_4,CA,2016-05-20,11616,Friday,7,5,2016,,,0,0,0,1.6,28.920036422191934,30.992828185656744,28.442113914354692,15.0,28.94587963814157,25.849829856829057,4,1.6,0.0,0,29.673174691850345,18.670996744589463,40.675352639111225,22
FOODS_3_090_TX_1_validation,FOODS_3_090,FOODS_3,FOODS,TX_1,TX,2016-05-20,11616,Friday,7,5,2016,,,0,0,0,1.5,44.762988456700484,55.723115061650276,58.48366816111851,59.0,53.26939060258353,51.2330399439653,4,1.5,0.0,0,58.237573811573746,36.64432816308397,79.83081946006352,68
FOODS_3_090_TX_2_validation,FOODS_3_090,FOODS_3,FOODS,TX_2,TX,2016-05-20,11616,Friday,7,5,2016,,,0,0,0,1.5,46.43468781126713,59.2809025786322,56.958218954353846,54.0,58.28604022447922,58.24137560147824,4,1.5,0.0,0,56.12361640510222,35.314180908389616,76.93305190181482,75
FOODS_3_090_TX_3_validation,FOODS_3_090,FOODS_3,FOODS,TX_3,TX,2016-05-20,11616,Friday,7,5,2016,,,0,0,0,1.5,50.25994878545131,68.371052992038,60.78417064564264,70.0,66.69088612926693,64.61579966600425,4,1.5,0.0,0,65.24320838836805,41.05242341192279,89.4339933648133,88
FOODS_3_090_WI_1_validation,FOODS_3_090,FOODS_3,FOODS,WI_1,WI,2016-05-20,11616,Friday,7,5,2016,,,0,0,0,1.44,20.236845568557012,23.65921858027609,22.780096520841855,21.0,21.64362731353284,21.241483642890984,4,1.44,0.0,0,23.38635929603389,14.715197912543282,32.0575206795245,29
FOODS_3_090_WI_3_validation,FOODS_3_090,FOODS_3,FOODS,WI_3,WI,2016-05-20,11616,Friday,7,5,2016,,,0,0,0,1.44,58.212524223450146,78.05929955405564,73.77441748628478,70.0,79.64114579782164,76.42590432490746,4,1.44,0.0,0,72.83269456616672,45.82789058691651,99.83749854541693,67
FOODS_3_120_CA_1_validation,FOODS_3_120,FOODS_3,FOODS,CA_1,CA,2016-05-20,11616,Friday,7,5,2016,,,0,0,0,4.98,40.60817849409263,49.722957948308704,45.95023640587316,39.0,47.78668839243583,46.88819956663416,4,4.98,0.0,0,47.168506407023365,29.67943399108413,64.65757882296259,33
FOODS_3_120_CA_3_validation,FOODS_3_120,FOODS_3,FOODS,CA_3,CA,2016-05-20,11616,Friday,7,5,2016,,,0,0,0,4.98,74.56151189684756,65.49890641131532,59.500603494507786,43.0,72.71839422083906,71.09627947608577,4,4.98,0.0,0,65.145988174004,40.991250371803226,89.30072597620479,41
FOODS_3_226_WI_1_validation,FOODS_3_226,FOODS_3,FOODS,WI_1,WI,2016-05-20,11616,Friday,7,5,2016,,,0,0,0,1.68,31.49893799637226,38.1395770036736,35.757981859329526,41.0,38.844792916037534,36.77245316357147,4,1.68,0.0,0,37.42950233261669,23.551444139741008,51.30756052549238,53
FOODS_3_226_WI_2_validation,FOODS_3_226,FOODS_3,FOODS,WI_2,WI,2016-05-20,11616,Friday,7,5,2016,,,0,0,0,1.68,48.519881310966525,55.76884634535712,52.271144752299236,48.0,46.889611105562935,44.4248274301679,4,1.68,0.0,0,53.55202044272341,33.69607767742117,73.40796320802565,53
FOODS_3_226_WI_3_validation,FOODS_3_226,FOODS_3,FOODS,WI_3,WI,2016-05-20,11616,Friday,7,5,2016,,,0,0,0,1.68,44.66240881963448,51.435943609257166,48.97911641623123,55.0,45.33108917948404,44.706968710582714,4,1.68,0.0,0,51.79800739080803,32.5924151161222,71.00359966549387,54
FOODS_3_234_WI_2_validation,FOODS_3_234,FOODS_3,FOODS,WI_2,WI,2016-05-20,11616,Friday,7,5,2016,,,0,0,0,0.25,32.1313031079158,33.36687529165957,34.42042195261944,32.0,32.06168507085611,29.28203259138837,4,0.25,0.0,0,31.29114580666705,19.689058806748232,42.89323280658587,0
FOODS_3_252_CA_1_validation,FOODS_3_252,FOODS_3,FOODS,CA_1,CA,2016-05-20,11616,Friday,7,5,2016,,,0,0,0,1.58,34.54764200276579,34.869083468096306,38.83063570982774,33.0,38.29861954661107,37.805109503015615,4,1.58,0.0,0,36.51636831949241,22.97688067076713,50.055855968217685,32
FOODS_3_252_CA_2_validation,FOODS_3_252,FOODS_3,FOODS,CA_2,CA,2016-05-20,11616,Friday,7,5,2016,,,0,0,0,1.58,31.39913784674004,34.62509959854728,32.67758202771366,27.0,37.94812716777949,35.90760329546415,4,1.58,0.0,0,33.50968955062918,21.085014023923655,45.93436507733471,39
FOODS_3_252_CA_3_validation,FOODS_3_252,FOODS_3,FOODS,CA_3,CA,2016-05-20,11616,Friday,7,5,2016,,,0,0,0,1.58,42.41828818083048,42.53711879900261,40.8427913880891,35.0,47.18458580835331,44.670561955962164,4,1.58,0.0,0,42.14606512935588,26.51920642126579,57.77292383744597,36
FOODS_3_252_CA_4_validation,FOODS_3_252,FOODS_3,FOODS,CA_4,CA,2016-05-20,11616,Friday,7,5,2016,,,0,0,0,1.58,19.05153102932165,21.462135196662693,17.860977553903094,11.0,19.646588907913497,17.34137904787274,4,1.58,0.0,0,20.98483048762557,13.204104575565609,28.76555639968553,15
FOODS_3_252_TX_1_validation,FOODS_3_252,FOODS_3,FOODS,TX_1,TX,2016-05-20,11616,Friday,7,5,2016,,,0,0,0,1.58,33.17622326552701,32.717825062245716,30.869827928602305,17.0,32.20993646778731,31.651452042023834,4,1.58,0.0,0,31.459843902900666,19.79520726030286,43.12448054549847,41
FOODS_3_252_TX_2_validation,FOODS_3_252,FOODS_3,FOODS,TX_2,TX,2016-05-20,11616,Friday,7,5,2016,,,0,0,0,1.58,40.269550860633935,53.98182710775699,58.116203217011076,63.0,49.36436156686185,50.42942475348813,4,1.58,0.0,0,54.57755481374314,34.34136585779349,74.81374376969279,49
FOODS_3_252_TX_3_validation,FOODS_3_252,FOODS_3,FOODS,TX_3,TX,2016-05-20,11616,Friday,7,5,2016,,,0,0,0,1.58,30.81608256211603,36.98970406534001,36.93441138695566,36.0,35.249362044643384,34.37643548896048,4,1.58,0.0,0,36.620674421444875,23.042512303048465,50.19883653984128,49
FOODS_3_318_WI_3_validation,FOODS_3_318,FOODS_3,FOODS,WI_3,WI,2016-05-20,11616,Friday,7,5,2016,,,0,0,0,1.48,20.58575626199154,25.240764117032747,25.235695110108402,33.0,25.344652368686006,25.097789569170946,4,1.48,0.0,0,26.530133826431154,16.69332814742144,36.36693950544087,24
FOODS_3_377_TX_2_validation,FOODS_3_377,FOODS_3,FOODS,TX_2,TX,2016-05-20,11616,Friday,7,5,2016,,,0,0,0,1.68,23.922861586629338,30.38497387368421,29.07775770458451,28.0,27.839288637484856,27.41792428901319,4,1.68,0.0,0,28.995031991499484,18.244294840189074,39.7457691428099,30
FOODS_3_377_TX_3_validation,FOODS_3_377,FOODS_3,FOODS,TX_3,TX,2016-05-20,11616,Friday,7,5,2016,,,0,0,0,1.68,41.815687387544564,47.61522797638734,47.96776345821003,52.0,41.82687614894007,42.51436608710041,4,1.68,0.0,0,49.852877475462435,31.36849773301874,68.33725721790613,53
FOODS_3_491_WI_1_validation,FOODS_3_491,FOODS_3,FOODS,WI_1,WI,2016-05-20,11616,Friday,7,5,2016,,,0,0,0,1.44,19.24356436473231,21.790943429686802,18.928977671229738,16.0,21.31471729252247,20.038219673661295,4,1.44,0.0,0,21.794814738052498,13.7137640056718,29.875865470433197,14
FOODS_3_541_CA_3_validation,FOODS_3_541,FOODS_3,FOODS,CA_3,CA,2016-05-20,11616,Friday,7,5,2016,,,0,0,0,0.88,5.15352639808768,5.794286563421812,6.253782588795129,0.0,5.296754005540454,4.685996463516935,4,0.88,0.0,0,5.794286563421812,3.64588914689266,7.942683979950964,0
FOODS_3_555_CA_2_validation,FOODS_3_555,FOODS_3,FOODS,CA_2,CA,2016-05-20,11616,Friday,7,5,2016,,,0,0,0,1.68,21.060120383895665,20.92617537204415,20.922304063678453,18.0,23.151822152666846,22.402125675616272,4,1.68,0.0,0,22.085850894331667,13.896890185559071,30.274811603104265,20
FOODS_3_555_TX_1_validation,FOODS_3_555,FOODS_3,FOODS,TX_1,TX,2016-05-20,11616,Friday,7,5,2016,,,0,0,0,1.68,30.362140326087886,32.62027311911354,33.92652720700876,30.0,30.37020105385958,29.25913212581188,4,1.68,0.0,0,33.22112725946946,20.90344445292881,45.538810066010114,37
FOODS_3_555_TX_2_validation,FOODS_3_555,FOODS_3,FOODS,TX_2,TX,2016-05-20,11616,Friday,7,5,2016,,,0,0,0,1.68,35.90233621554862,45.043873568928554,46.52849798080392,41.0,40.89484865321507,40.04294486569808,4,1.68,0.0,0,45.67975981438841,28.74268276465604,62.616836864120785,54
FOODS_3_555_TX_3_validation,FOODS_3_555,FOODS_3,FOODS,TX_3,TX,2016-05-20,11616,Friday,7,5,2016,,,0,0,0,1.68,30.38441296779277,33.17051244726982,35.0769039135175,40.0,29.39011586110689,29.28066972594297,4,1.68,0.0,0,35.09120754788218,22.080139004141234,48.10227609162312,37
FOODS_3_555_WI_3_validation,FOODS_3_555,FOODS_3,FOODS,WI_3,WI,2016-05-20,11616,Friday,7,5,2016,,,0,0,0,1.68,25.291712869105396,25.646865548679404,24.498814334869945,26.0,29.33987014197466,27.95653746245403,4,1.68,0.0,0,26.714146489571046,16.809112854320084,36.61918012482201,31
FOODS_3_586_CA_1_validation,FOODS_3_586,FOODS_3,FOODS,CA_1,CA,2016-05-20,11616,Friday,7,5,2016,,,0,0,0,1.68,36.652227840871106,35.544551896628825,37.80127569814408,28.0,37.50228751565356,37.56739876572758,4,1.68,0.0,0,35.78146211388207,22.514461953692756,49.04846227407138,33
FOODS_3_586_CA_2_validation,FOODS_3_586,FOODS_3,FOODS,CA_2,CA,2016-05-20,11616,Friday,7,5,2016,,,0,0,0,1.68,32.62264604117847,32.082819938456275,34.03215264629431,34.0,35.03167886771862,33.77772221396495,4,1.68,0.0,0,34.03215264629431,21.413758988344696,46.65054630424392,30
FOODS_3_586_CA_3_validation,FOODS_3_586,FOODS_3,FOODS,CA_3,CA,2016-05-20,11616,Friday,7,5,2016,,,0,0,0,1.68,65.64252182157371,65.65222432561704,63.45230211638471,61.0,73.73708428541443,69.80882349479342,4,1.68,0.0,0,67.63827458024315,42.5594503322293,92.717098828257,59
FOODS_3_586_CA_4_validation,FOODS_3_586,FOODS_3,FOODS,CA_4,CA,2016-05-20,11616,Friday,7,5,2016,,,0,0,0,1.68,19.300134934294636,20.150475131082924,18.115301341610184,8.0,18.971954151783937,17.705731867689504,4,1.68,0.0,0,20.484637601067565,12.88937250346426,28.079902698670868,17
FOODS_3_586_TX_1_validation,FOODS_3_586,FOODS_3,FOODS,TX_1,TX,2016-05-20,11616,Friday,7,5,2016,,,0,0,0,1.68,52.722656053739016,53.93452202306414,55.574997627734646,50.0,55.48544728529364,53.38699275077967,4,1.68,0.0,0,55.36636778791519,34.83770386765602,75.89503170817436,64
FOODS_3_586_TX_2_validation,FOODS_3_586,FOODS_3,FOODS,TX_2,TX,2016-05-20,11616,Friday,7,5,2016,,,0,0,0,1.68,58.92629930743005,77.83292202769631,77.83292202769631,80.0,68.95179586513247,70.2805103132482,4,1.68,0.0,0,74.9599469532844,47.16640332804572,102.75349057852308,96
FOODS_3_586_TX_3_validation,FOODS_3_586,FOODS_3,FOODS,TX_3,TX,2016-05-20,11616,Friday,7,5,2016,,,0,0,0,1.68,52.702590896736986,58.71110117359145,58.09984645072188,55.0,55.73315649969583,54.15294934599314,4,1.68,0.0,0,58.61150901940618,36.87961620086997,80.34340183794238,92
FOODS_3_586_WI_1_validation,FOODS_3_586,FOODS_3,FOODS,WI_1,WI,2016-05-20,11616,Friday,7,5,2016,,,0,0,0,1.68,14.914960273521928,18.663566373844787,14.165897958812078,13.0,17.99395864207559,16.16331509426528,4,1.68,0.0,0,16.073130431832602,10.113557753243382,22.032703110421824,18
FOODS_3_586_WI_3_validation,FOODS_3_586,FOODS_3,FOODS,WI_3,WI,2016-05-20,11616,Friday,7,5,2016,,,0,0,0,1.68,32.074478482111125,34.94684909689907,33.11244755950565,35.0,34.55387731932106,33.76228068390959,4,1.68,0.0,0,34.42489228541427,21.660879176852674,47.18890539397587,24
FOODS_3_587_CA_1_validation,FOODS_3_587,FOODS_3,FOODS,CA_1,CA,2016-05-20,11616,Friday,7,5,2016,,,0,0,0,2.48,19.931215561305535,22.39527382053334,21.27205863808393,21.0,22.952146476776598,22.563833726975183,4,2.48,0.0,0,22.00558759827656,13.846386801444714,30.164788395108406,40
FOODS_3_587_CA_4_validation,FOODS_3_587,FOODS_3,FOODS,CA_4,CA,2016-05-20,11616,Friday,7,5,2016,,,0,0,0,2.48,15.264897487402514,14.242179027608948,14.813951896562704,9.0,16.623143922185644,16.731579498695282,4,2.48,0.0,0,14.128652850399357,8.890050832602414,19.367254868196298,11
FOODS_3_587_TX_1_validation,FOODS_3_587,FOODS_3,FOODS,TX_1,TX,2016-05-20,11616,Friday,7,5,2016,,,0,0,0,2.48,22.608705820152316,27.052888393602807,24.327524060937545,17.0,24.378232421476383,24.284422853762102,4,2.48,0.0,0,24.480607002800525,15.403721994748262,33.55749201085279,24
FOODS_3_587_TX_2_validation,FOODS_3_587,FOODS_3,FOODS,TX_2,TX,2016-05-20,11616,Friday,7,5,2016,,,0,0,0,2.48,24.305958178376596,27.851656235505303,28.413643371099205,34.0,28.814753147304994,29.403850372119127,4,2.48,0.0,0,28.833525665690175,18.142671602543242,39.52437972883711,24
FOODS_3_635_CA_3_validation,FOODS_3_635,FOODS_3,FOODS,CA_3,CA,2016-05-20,11616,Friday,7,5,2016,,,0,0,0,0.88,5.15352639808768,5.794286563421812,6.253782588795129,0.0,5.296754005540454,4.64591462585646,4,0.88,0.0,0,5.794286563421812,3.64588914689266,7.942683979950964,0
FOODS_3_635_CA_4_validation,FOODS_3_635,FOODS_3,FOODS,CA_4,CA,2016-05-20,11616,Friday,7,5,2016,,,0,0,0,1.0,6.31544817356453,6.916367854338287,7.260430564903806,0.0,6.331670099347558,5.303162402517619,4,1.0,0.0,0,7.018420727588493,4.416140568638044,9.620700886538943,0
FOODS_3_694_WI_1_validation,FOODS_3_694,FOODS_3,FOODS,WI_1,WI,2016-05-20,11616,Friday,7,5,2016,,,0,0,0,1.68,19.39370349114683,22.815509783652193,21.08905851119522,18.0,23.60285597798772,22.3305661937032,4,1.68,0.0,0,22.705936839536605,14.287061536771681,31.12481214230153,31
FOODS_3_694_WI_2_validation,FOODS_3_694,FOODS_3,FOODS,WI_2,WI,2016-05-20,11616,Friday,7,5,2016,,,0,0,0,1.68,34.40636928870573,39.672440527616246,37.417416062222706,31.0,36.693373181826765,34.93586937809496,4,1.68,0.0,0,35.94709931970522,22.61868442947511,49.275514209935324,44
FOODS_3_694_WI_3_validation,FOODS_3_694,FOODS_3,FOODS,WI_3,WI,2016-05-20,11616,Friday,7,5,2016,,,0,0,0,1.68,37.71300346179566,51.21809811613406,48.84146810007737,46.0,44.83822627940241,43.66336737366764,4,1.68,0.0,0,48.98093058761494,30.819850084982388,67.1420110902475,51
FOODS_3_711_WI_2_validation,FOODS_3_711,FOODS_3,FOODS,WI_2,WI,2016-05-20,11616,Friday,7,5,2016,,,0,0,0,0.25,25.17797781543279,28.38531260135749,31.5516309865551,26.0,28.78158529725883,29.189291741973303,4,0.25,0.0,0,25.23468720048867,15.87820539810522,34.591169002872114,15
FOODS_3_714_CA_1_validation,FOODS_3_714,FOODS_3,FOODS,CA_1,CA,2016-05-20,11616,Friday,7,5,2016,,,0,0,0,1.58,14.94447252981988,20.978836403163314,20.2862751295205,18.0,21.423373787590062,19.493325573536385,4,1.58,0.0,0,20.409520022245335,12.84210691478977,27.9769331297009,20
FOODS_3_714_TX_1_validation,FOODS_3_714,FOODS_3,FOODS,TX_1,TX,2016-05-20,11616,Friday,7,5,2016,,,0,0,0,1.58,20.581884953625853,23.274918168780435,23.335439516700372,21.0,22.493793652186422,21.19961141354001,4,1.58,0.0,0,24.434292930591482,15.374580189045847,33.49400567213712,30
FOODS_3_714_WI_1_validation,FOODS_3_714,FOODS_3,FOODS,WI_1,WI,2016-05-20,11616,Friday,7,5,2016,,,0,0,0,1.58,16.162440396664415,22.14444899243203,19.763728375872347,18.0,20.75950090163793,18.70701148089546,4,1.58,0.0,0,20.680529868668433,13.01263211180238,28.348427625534487,12
FOODS_3_808_CA_4_validation,FOODS_3_808,FOODS_3,FOODS,CA_4,CA,2016-05-20,11616,Friday,7,5,2016,,,0,0,0,1.0,6.31544817356453,6.916367854338287,7.260430564903806,0.0,6.331670099347558,5.311793237655812,4,1.0,0.0,0,7.018420727588493,4.416140568638044,9.620700886538943,0
HOBBIES_1_008_TX_2_validation,HOBBIES_1_008,HOBBIES_1,HOBBIES,TX_2,TX,2016-05-20,11616,Friday,7,5,2016,,,0,0,0,0.48,6.2580634420327605,6.55618776525532,6.119871226388399,0.0,5.91906769543465,5.012983847718661,4,0.48,0.0,0,6.20057208589358,3.9015326951890823,8.499611476598078,6
HOBBIES_1_015_CA_2_validation,HOBBIES_1_015,HOBBIES_1,HOBBIES,CA_2,CA,2016-05-20,11616,Friday,7,5,2016,,,0,0,0,0.7,6.004070304719413,6.707072949620668,8.842675371739658,13.0,6.462888337785814,7.447751930369755,4,0.7,0.0,0,8.02998276694817,5.052637058817169,11.00732847507917,1
HOBBIES_1_048_WI_3_validation,HOBBIES_1_048,HOBBIES_1,HOBBIES,WI_3,WI,2016-05-20,11616,Friday,7,5,2016,,,0,0,0,0.48,5.333005873951379,7.251747129077274,7.773761248388046,13.0,5.871819793227403,6.126123090507943,4,0.48,0.0,0,7.879525637603579,4.9579662121226065,10.801085063084551,10
HOBBIES_1_103_WI_3_validation,HOBBIES_1_103,HOBBIES_1,HOBBIES,WI_3,WI,2016-05-20,11616,Friday,7,5,2016,,,0,0,0,0.7,5.333005873951379,6.521455309952702,5.97376603928551,1.0,6.021779110141258,5.967437799824365,4,0.7,0.0,0,6.165839630590963,3.87967829077765,8.452000970404276,3
HOBBIES_1_178_CA_4_validation,HOBBIES_1_178,HOBBIES_1,HOBBIES,CA_4,CA,2016-05-20,11616,Friday,7,5,2016,,,0,0,0,0.48,8.072348844522919,7.635482440887474,7.895725212055104,11.0,6.24486771475401,7.075426358250262,4,0.48,0.0,0,8.025280932078447,5.049678563662611,11.000883300494284,15
HOBBIES_1_178_WI_2_validation,HOBBIES_1_178,HOBBIES_1,HOBBIES,WI_2,WI,2016-05-20,11616,Friday,7,5,2016,,,0,0,0,0.48,9.097871482625026,6.258142314089288,7.942727537142151,0.0,6.182846038845559,5.58576147796721,4,0.48,0.0,0,6.615630906287428,4.162696590352449,9.068565222222407,6
HOBBIES_1_234_CA_3_validation,HOBBIES_1_234,HOBBIES_1,HOBBIES,CA_3,CA,2016-05-20,11616,Friday,7,5,2016,,,0,0,0,0.3,35.28490739451997,27.116429867837596,25.37105390770361,30.0,29.22052232824289,28.6352548863951,4,0.3,0.0,0,23.760984427351744,14.950920064955847,32.57104878974764,32
HOBBIES_1_254_CA_3_validation,HOBBIES_1_254,HOBBIES_1,HOBBIES,CA_3,CA,2016-05-20,11616,Friday,7,5,2016,,,0,0,0,0.7,9.174010817074826,9.047883647261873,11.216860114307842,6.0,10.212929497670645,10.927878191592617,4,0.7,0.0,0,8.884276024918845,5.59017666501495,12.17837538482274,4
HOBBIES_1_254_TX_1_validation,HOBBIES_1_254,HOBBIES_1,HOBBIES,TX_1,TX,2016-05-20,11616,Friday,7,5,2016,,,0,0,0,0.7,5.333005873951379,5.97376603928551,5.97376603928551,1.0,5.846671656907412,5.180706880766833,4,0.7,0.0,0,5.97376603928551,3.758821475312918,8.188710603258102,0
HOBBIES_1_348_CA_1_validation,HOBBIES_1_348,HOBBIES_1,HOBBIES,CA_1,CA,2016-05-20,11616,Friday,7,5,2016,,,0,0,0,0.48,6.327674766588966,6.008498494588128,6.008498494588128,1.0,6.338440456899525,7.2888573979138345,4,0.48,0.0,0,6.008498494588128,3.7806758797243507,8.236321109451906,5
HOBBIES_1_348_CA_2_validation,HOBBIES_1_348,HOBBIES_1,HOBBIES,CA_2,CA,2016-05-20,11616,Friday,7,5,2016,,,0,0,0,0.48,5.7451066266681865,6.3026249591437855,6.767531755895388,9.0,6.223402598428387,6.17304794035235,4,0.48,0.0,0,7.036835764878731,4.427727704320965,9.645943825436497,2
HOBBIES_1_354_TX_3_validation,HOBBIES_1_354,HOBBIES_1,HOBBIES,TX_3,TX,2016-05-20,11616,Friday,7,5,2016,,,0,0,0,22.98,22.838440618274824,21.42540057417595,19.19445677381445,8.0,23.550601580948722,22.16925810884893,4,22.98,0.0,0,20.603776085055777,12.9643369880467,28.243215182064855,28
HOBBIES_1_370_WI_1_validation,HOBBIES_1_370,HOBBIES_1,HOBBIES,WI_1,WI,2016-05-20,11616,Friday,7,5,2016,,,0,0,0,0.48,5.608321298115364,6.850314229810979,6.7135289012581545,5.0,6.265030637600819,6.082894417682498,4,0.48,0.0,0,6.3026249591437855,3.965746547734961,8.63950337055261,9
HOBBIES_1_371_CA_1_validation,HOBBIES_1_371,HOBBIES_1,HOBBIES,CA_1,CA,2016-05-20,11616,Friday,7,5,2016,,,0,0,0,0.48,8.843696737382638,8.05390763595204,9.636810057378016,15.0,8.067235275314866,7.874363408245175,4,0.48,0.0,0,10.275850537097503,6.465785138208663,14.085915935986343,1
HOBBIES_1_371_CA_4_validation,HOBBIES_1_371,HOBBIES_1,HOBBIES,CA_4,CA,2016-05-20,11616,Friday,7,5,2016,,,0,0,0,0.48,7.578636978986726,6.311944817693852,7.4936949692414565,0.0,6.815476129582753,6.506934785015839,4,0.48,0.0,0,6.365884989488803,4.005551113067124,8.726218865910482,11
HOBBIES_1_371_TX_1_validation,HOBBIES_1_371,HOBBIES_1,HOBBIES,TX_1,TX,2016-05-20,11616,Friday,7,5,2016,,,0,0,0,0.48,5.333005873951379,5.97376603928551,5.97376603928551,0.0,5.69731577826149,4.752585122152267,4,0.48,0.0,0,5.97376603928551,3.758821475312918,8.188710603258102,2
HOBBIES_1_371_TX_2_validation,HOBBIES_1_371,HOBBIES_1,HOBBIES,TX_2,TX,2016-05-20,11616,Friday,7,5,2016,,,0,0,0,0.48,5.608321298115364,6.008498494588128,5.97376603928551,0.0,5.716438257913765,5.1337887579428365,4,0.48,0.0,0,6.008498494588128,3.7806758797243507,8.236321109451906,1
HOBBIES_1_371_TX_3_validation,HOBBIES_1_371,HOBBIES_1,HOBBIES,TX_3,TX,2016-05-20,11616,Friday,7,5,2016,,,0,0,0,0.48,5.608321298115364,6.008498494588128,5.97376603928551,0.0,5.84016710865717,5.732126049681827,4,0.48,0.0,0,6.008498494588128,3.7806758797243507,8.236321109451906,2
HOBBIES_1_371_WI_1_validation,HOBBIES_1_371,HOBBIES_1,HOBBIES,WI_1,WI,2016-05-20,11616,Friday,7,5,2016,,,0,0,0,0.48,7.906460385672478,7.163218079657156,8.122864602558328,2.0,6.969673071056129,6.94401964944543,4,0.48,0.0,0,6.795767971703608,4.276042688196477,9.31549325521074,14
HOBBIES_1_371_WI_2_validation,HOBBIES_1_371,HOBBIES_1,HOBBIES,WI_2,WI,2016-05-20,11616,Friday,7,5,2016,,,0,0,0,0.48,6.292942311286348,6.008498494588128,6.008498494588128,2.0,5.786261259564007,5.363961535543922,4,0.48,0.0,0,6.008498494588128,3.7806758797243507,8.236321109451906,0
HOUSEHOLD_1_110_CA_1_validation,HOUSEHOLD_1_110,HOUSEHOLD_1,HOUSEHOLD,CA_1,CA,2016-05-20,11616,Friday,7,5,2016,,,0,0,0,3.97,6.666774367276102,7.515900709576414,8.922888711137986,11.0,8.415742077642909,8.689023452875421,4,3.97,0.0,0,8.823396706967095,5.5518700948857305,12.09492331904846,13
HOUSEHOLD_1_110_CA_4_validation,HOUSEHOLD_1_110,HOUSEHOLD_1,HOUSEHOLD,CA_4,CA,2016-05-20,11616,Friday,7,5,2016,,,0,0,0,3.97,6.243115053567189,6.950529075739187,7.498218346406379,7.0,6.66310498140531,6.508991595869751,4,3.97,0.0,0,7.498218346406379,4.71803950166562,10.278397191147137,4
HOUSEHOLD_1_110_WI_2_validation,HOUSEHOLD_1_110,HOUSEHOLD_1,HOUSEHOLD,WI_2,WI,2016-05-20,11616,Friday,7,5,2016,,,0,0,0,3.97,23.700710058297616,27.579748277351374,28.488286957441122,33.0,25.26323917766572,24.830722382973523,4,3.97,0.0,0,28.40124293934103,17.87067005703204,38.93181582165002,36
HOUSEHOLD_1_110_WI_3_validation,HOUSEHOLD_1_110,HOUSEHOLD_1,HOUSEHOLD,WI_3,WI,2016-05-20,11616,Friday,7,5,2016,,,0,0,0,3.97,9.723685441978391,13.587359570151806,15.009994228357959,25.0,14.075865232848098,14.030353961523295,4,3.97,0.0,0,14.818459465476675,9.324091921843943,20.312827009109405,18
HOUSEHOLD_1_118_CA_1_validation,HOUSEHOLD_1_118,HOUSEHOLD_1,HOUSEHOLD,CA_1,CA,2016-05-20,11616,Friday,7,5,2016,,,0,0,0,0.97,7.048540614524331,6.710398669287814,6.608345796037609,1.0,7.836007446147426,7.514171619846354,4,0.97,0.0,0,6.710398669287814,4.222326495573147,9.198470843002482,6
HOUSEHOLD_1_118_CA_3_validation,HOUSEHOLD_1_118,HOUSEHOLD_1,HOUSEHOLD,CA_3,CA,2016-05-20,11616,Friday,7,5,2016,,,0,0,0,0.97,25.168606722031075,20.707611154771183,18.86650637804655,14.0,21.70057370616027,21.0336327062893,4,0.97,0.0,0,19.735634809623654,12.418083912810747,27.05318570643656,25
HOUSEHOLD_1_118_TX_3_validation,HOUSEHOLD_1_118,HOUSEHOLD_1,HOUSEHOLD,TX_3,TX,2016-05-20,11616,Friday,7,5,2016,,,0,0,0,0.97,6.05082746356201,6.496973064237338,6.852588743599077,3.0,6.641657456087438,6.616361774887103,4,0.97,0.0,0,6.4069523461820905,4.031391573047966,8.782513119316215,4
HOUSEHOLD_1_151_CA_4_validation,HOUSEHOLD_1_151,HOUSEHOLD_1,HOUSEHOLD,CA_4,CA,2016-05-20,11616,Friday,7,5,2016,,,0,0,0,0.88,5.15352639808768,5.794286563421812,5.794286563421812,4.0,5.296754005540454,5.076313966333555,4,0.88,0.0,0,5.794286563421812,3.64588914689266,7.942683979950964,4
HOUSEHOLD_1_191_CA_2_validation,HOUSEHOLD_1_191,HOUSEHOLD_1,HOUSEHOLD,CA_2,CA,2016-05-20,11616,Friday,7,5,2016,,,0,0,0,2.96,10.500988765137194,12.46050242553455,12.53276029615676,9.0,11.695742508045239,10.934781287661782,4,2.96,0.0,0,12.171070941472953,7.658298388571865,16.68384349437404,7
HOUSEHOLD_1_191_CA_4_validation,HOUSEHOLD_1_191,HOUSEHOLD_1,HOUSEHOLD,CA_4,CA,2016-05-20,11616,Friday,7,5,2016,,,0,0,0,2.96,6.537241518122848,7.982540923007619,7.507538204956445,3.0,6.692211170991755,6.154697000518545,4,2.96,0.0,0,7.535729300745983,4.741642197151841,10.329816404340123,9
HOUSEHOLD_1_234_CA_2_validation,HOUSEHOLD_1_234,HOUSEHOLD_1,HOUSEHOLD,CA_2,CA,2016-05-20,11616,Friday,7,5,2016,,,0,0,0,0.97,7.759057993447861,7.275770303125042,8.525654118633794,12.0,6.9064246904299225,6.81805324512966,4,0.97,0.0,0,8.672971508429699,5.4572193397386135,11.888723677120783,9
HOUSEHOLD_1_234_TX_1_validation,HOUSEHOLD_1_234,HOUSEHOLD_1,HOUSEHOLD,TX_1,TX,2016-05-20,11616,Friday,7,5,2016,,,0,0,0,0.97,10.74001770131217,12.201972124352096,12.229094892847977,19.0,11.015647835146966,11.04445625517574,4,0.97,0.0,0,13.058793177963059,8.216872223684918,17.9007141322412,16
HOUSEHOLD_1_234_TX_2_validation,HOUSEHOLD_1_234,HOUSEHOLD_1,HOUSEHOLD,TX_2,TX,2016-05-20,11616,Friday,7,5,2016,,,0,0,0,0.97,6.200693910986296,8.602937459906881,7.6592755635749095,4.0,6.325401197697717,5.203650290092642,4,0.97,0.0,0,7.164397571324771,4.507992323716143,9.8208028189334,10
HOUSEHOLD_1_303_CA_2_validation,HOUSEHOLD_1_303,HOUSEHOLD_1,HOUSEHOLD,CA_2,CA,2016-05-20,11616,Friday,7,5,2016,,,0,0,0,0.98,6.6277313741732,7.044049561277142,8.087849920971694,9.0,6.85743586762571,6.980806626663598,4,0.98,0.0,0,8.083497978729987,5.086309975697167,11.080685981762809,7
HOUSEHOLD_1_303_CA_3_validation,HOUSEHOLD_1_303,HOUSEHOLD_1,HOUSEHOLD,CA_3,CA,2016-05-20,11616,Friday,7,5,2016,,,0,0,0,0.98,9.079791938136196,14.269314444975937,13.415136344271719,18.0,12.738034509464239,12.110805644597576,4,0.98,0.0,0,12.839823433519333,8.079091772886196,17.600555094152472,12
HOUSEHOLD_1_303_WI_1_validation,HOUSEHOLD_1_303,HOUSEHOLD_1,HOUSEHOLD,WI_1,WI,2016-05-20,11616,Friday,7,5,2016,,,0,0,0,0.98,6.6277313741732,7.157492519425742,7.632262982770161,4.0,6.395961747855199,5.774568339387222,4,0.98,0.0,0,7.157213581689591,4.503472003646432,9.810955159732751,6
HOUSEHOLD_1_327_CA_2_validation,HOUSEHOLD_1_327,HOUSEHOLD_1,HOUSEHOLD,CA_2,CA,2016-05-20,11616,Friday,7,5,2016,,,0,0,0,0.98,6.116448989854399,6.7059785857297625,7.061594265091502,4.0,6.158167786100572,5.708370506066826,4,0.98,0.0,0,6.8080314589799675,4.283759136921362,9.332303781038574,7
HOUSEHOLD_1_327_WI_1_validation,HOUSEHOLD_1_327,HOUSEHOLD_1,HOUSEHOLD,WI_1,WI,2016-05-20,11616,Friday,7,5,2016,,,0,0,0,0.98,6.182094976756213,6.885067530780176,7.3650405881972265,5.0,6.190583720040834,5.520330047590149,4,0.98,0.0,0,6.8080314589799675,4.283759136921362,9.332303781038574,0
HOUSEHOLD_1_334_CA_1_validation,HOUSEHOLD_1_334,HOUSEHOLD_1,HOUSEHOLD,CA_1,CA,2016-05-20,11616,Friday,7,5,2016,,,0,0,0,0.97,8.537157065084019,12.168324786483012,12.844810663821455,13.0,11.058197997045877,11.109765430237093,4,0.97,0.0,0,11.624842813707186,7.314599957203183,15.935085670211189,0
HOUSEHOLD_1_334_CA_3_validation,HOUSEHOLD_1_334,HOUSEHOLD_1,HOUSEHOLD,CA_3,CA,2016-05-20,11616,Friday,7,5,2016,,,0,0,0,0.97,20.28310351575198,20.239829407574106,20.518911274364267,21.0,22.77282611136212,22.725253398731386,4,0.97,0.0,0,21.17177287590395,13.32173272823948,29.021813023568424,8
HOUSEHOLD_1_334_TX_1_validation,HOUSEHOLD_1_334,HOUSEHOLD_1,HOUSEHOLD,TX_1,TX,2016-05-20,11616,Friday,7,5,2016,,,0,0,0,0.96,7.507256427455239,9.989664984653963,7.037960912215691,7.0,8.789731802537892,9.31988250705092,4,0.96,0.0,0,7.729611072733082,4.863636758610093,10.59558538685607,9
HOUSEHOLD_1_334_TX_2_validation,HOUSEHOLD_1_334,HOUSEHOLD_1,HOUSEHOLD,TX_2,TX,2016-05-20,11616,Friday,7,5,2016,,,0,0,0,0.96,9.98528496286692,10.696308863219238,10.206900797747409,6.0,9.805764413592355,10.029187336166418,4,0.96,0.0,0,9.942527871889101,6.256051381654693,13.62900436212351,15
HOUSEHOLD_1_334_TX_3_validation,HOUSEHOLD_1_334,HOUSEHOLD_1,HOUSEHOLD,TX_3,TX,2016-05-20,11616,Friday,7,5,2016,,,0,0,0,0.96,7.366470691991384,10.37867216678541,9.464348656934387,11.0,10.037275243942265,10.355218690811336,4,0.96,0.0,0,8.563437709346154,5.38829832851048,11.738577090181828,10
HOUSEHOLD_1_334_WI_2_validation,HOUSEHOLD_1_334,HOUSEHOLD_1,HOUSEHOLD,WI_2,WI,2016-05-20,11616,Friday,7,5,2016,,,0,0,0,0.97,19.65978271822515,20.482903299961013,20.96812340536178,20.0,18.750755145852008,18.53495910568193,4,0.97,0.0,0,21.17177287590395,13.32173272823948,29.021813023568424,23
HOUSEHOLD_1_334_WI_3_validation,HOUSEHOLD_1_334,HOUSEHOLD_1,HOUSEHOLD,WI_3,WI,2016-05-20,11616,Friday,7,5,2016,,,0,0,0,0.97,9.202610772404762,10.914350542883096,11.332169416377063,13.0,10.948243544163356,11.117174013259389,4,0.97,0.0,0,10.887548080974236,6.850678327730868,14.924417834217603,9
HOUSEHOLD_1_389_WI_1_validation,HOUSEHOLD_1_389,HOUSEHOLD_1,HOUSEHOLD,WI_1,WI,2016-05-20,11616,Friday,7,5,2016,,,0,0,0,0.98,6.116448989854399,6.8080314589799675,6.7059785857297625,0.0,6.324254155030808,5.2807859192255515,4,0.98,0.0,0,6.921474417128567,4.3551398747185495,9.487808959538585,5
HOUSEHOLD_1_399_CA_4_validation,HOUSEHOLD_1_399,HOUSEHOLD_1,HOUSEHOLD,CA_4,CA,2016-05-20,11616,Friday,7,5,2016,,,0,0,0,0.97,5.6530046403191045,6.443359232530482,6.496973064237338,5.0,5.772556013908155,5.340879386849892,4,0.97,0.0,0,6.3048994729318855,3.967177720502087,8.642621225361685,3
HOUSEHOLD_1_409_WI_2_validation,HOUSEHOLD_1_409,HOUSEHOLD_1,HOUSEHOLD,WI_2,WI,2016-05-20,11616,Friday,7,5,2016,,,0,0,0,2.94,8.957083400134298,12.865106568463013,11.362840856588829,12.0,10.904653224006724,11.10561984644552,4,2.94,0.0,0,11.611378248215095,7.306127764352878,15.916628732077312,11
HOUSEHOLD_1_441_WI_3_validation,HOUSEHOLD_1_441,HOUSEHOLD_1,HOUSEHOLD,WI_3,WI,2016-05-20,11616,Friday,7,5,2016,,,0,0,0,2.77,6.243115053567189,10.028717451391088,7.515900709576414,8.0,8.518424689150713,7.3350470982173235,4,2.77,0.0,0,8.200521722747396,5.159943820618681,11.241099624876112,4
HOUSEHOLD_1_459_CA_3_validation,HOUSEHOLD_1_459,HOUSEHOLD_1,HOUSEHOLD,CA_3,CA,2016-05-20,11616,Friday,7,5,2016,,,0,0,0,0.97,18.751320807005758,25.410075849648173,27.134464036299498,33.0,24.5987984163848,25.259288562430665,4,0.97,0.0,0,25.231829350699257,15.876407177838304,34.58725152356021,11
HOUSEHOLD_1_459_TX_1_validation,HOUSEHOLD_1_459,HOUSEHOLD_1,HOUSEHOLD,TX_1,TX,2016-05-20,11616,Friday,7,5,2016,,,0,0,0,0.96,6.8375013499832,7.62054270136126,7.8476401072035085,9.0,7.16838221526506,7.388617620897505,4,0.96,0.0,0,8.110510559534735,5.103306869811328,11.11771424925814,24
HOUSEHOLD_1_459_TX_3_validation,HOUSEHOLD_1_459,HOUSEHOLD_1,HOUSEHOLD,TX_3,TX,2016-05-20,11616,Friday,7,5,2016,,,0,0,0,0.96,5.689411526667496,6.4069523461820905,6.496973064237338,0.0,5.9351425720592506,4.922299042278813,4,0.96,0.0,0,6.341306359280277,3.990085712772902,8.692527005787651,10
HOUSEHOLD_1_459_WI_1_validation,HOUSEHOLD_1_459,HOUSEHOLD_1,HOUSEHOLD,WI_1,WI,2016-05-20,11616,Friday,7,5,2016,,,0,0,0,0.97,6.679217593734383,7.731915433161532,7.999137827734466,8.0,6.81618708614426,7.004090740161464,4,0.97,0.0,0,7.868847175665325,4.951247095271887,10.786447256058763,9
HOUSEHOLD_1_459_WI_2_validation,HOUSEHOLD_1_459,HOUSEHOLD_1,HOUSEHOLD,WI_2,WI,2016-05-20,11616,Friday,7,5,2016,,,0,0,0,0.97,25.746117544819665,30.013707822599454,29.04911243303994,27.0,24.981271672858107,25.19229398209441,4,0.97,0.0,0,28.807845908606044,18.126513349646515,39.48917846756557,40
HOUSEHOLD_1_459_WI_3_validation,HOUSEHOLD_1_459,HOUSEHOLD_1,HOUSEHOLD,WI_3,WI,2016-05-20,11616,Friday,7,5,2016,,,0,0,0,0.97,8.460002965811183,11.08802443677002,12.066301533921013,11.0,11.269868511997668,11.178089320507672,4,0.97,0.0,0,9.95167037594254,6.261804040923269,13.64153671096181,10
HOUSEHOLD_1_474_TX_2_validation,HOUSEHOLD_1_474,HOUSEHOLD_1,HOUSEHOLD,TX_2,TX,2016-05-20,11616,Friday,7,5,2016,,,0,0,0,0.97,7.27441347954441,7.275770303125042,10.252623309264015,16.0,8.755765135759319,8.738442501459412,4,0.97,0.0,0,9.552568942642543,6.010680875327112,13.094457009957974,16
HOUSEHOLD_1_521_TX_1_validation,HOUSEHOLD_1_521,HOUSEHOLD_1,HOUSEHOLD,TX_1,TX,2016-05-20,11616,Friday,7,5,2016,,,0,0,0,0.94,8.149189552137248,6.982245903666132,9.015278655351828,11.0,7.201262888986453,9.61291960685982,4,0.94,0.0,0,8.180160457868721,5.147132076873247,11.213188838864195,15
HOUSEHOLD_1_521_TX_2_validation,HOUSEHOLD_1_521,HOUSEHOLD_1,HOUSEHOLD,TX_2,TX,2016-05-20,11616,Friday,7,5,2016,,,0,0,0,0.94,6.269923400214813,7.826626392917393,7.093290910808837,2.0,7.123029667415614,6.586150152794245,4,0.94,0.0,0,6.6353681413849595,4.17511568120067,9.09562060156925,10
HOUSEHOLD_1_521_TX_3_validation,HOUSEHOLD_1_521,HOUSEHOLD_1,HOUSEHOLD,TX_3,TX,2016-05-20,11616,Friday,7,5,2016,,,0,0,0,0.94,6.479541695334626,6.644687999935026,7.635307603744944,2.0,6.683757263324208,6.767657811875103,4,0.94,0.0,0,6.637159429997138,4.176242798342463,9.098076061651813,13
HOUSEHOLD_1_535_CA_1_validation,HOUSEHOLD_1_535,HOUSEHOLD_1,HOUSEHOLD,CA_1,CA,2016-05-20,11616,Friday,7,5,2016,,,0,0,0,6.97,6.546561376672914,7.60959107820665,7.396165473156174,4.0,9.287468189555625,9.065634298053295,4,6.97,0.0,0,7.297919909836631,4.592007437487221,10.00383238218604,4
FOODS_1_218_CA_2_validation,FOODS_1_218,FOODS_1,FOODS,CA_2,CA,2016-05-21,11617,Saturday,1,5,2016,,,0,0,0,0.98,9.555914024690447,13.958885439756822,9.743055942716786,3.0,9.702274949021014,9.533213807973492,5,0.98,0.0,0,10.688903177198023,6.725686701784164,14.652119652611882,11
FOODS_2_360_WI_2_validation,FOODS_2_360,FOODS_2,FOODS,WI_2,WI,2016-05-21,11617,Saturday,1,5,2016,,,0,0,0,0.94,52.405574131360844,54.55843422077809,60.80388839103712,46.0,44.983234202993984,44.43360033210772,5,0.94,0.0,0,48.83201750052545,30.72615078272882,66.93788421832208,33
FOODS_3_007_WI_2_validation,FOODS_3_007,FOODS_3,FOODS,WI_2,WI,2016-05-21,11617,Saturday,1,5,2016,,,0,0,0,0.25,25.043126013364994,30.294643847639,44.35512089946639,58.0,28.198676884885657,32.37372288351151,5,0.25,0.0,0,32.77873825074419,20.625083818196313,44.932392683292065,31
FOODS_3_030_TX_3_validation,FOODS_3_030,FOODS_3,FOODS,TX_3,TX,2016-05-21,11617,Saturday,1,5,2016,,,0,0,0,1.25,22.34944165782713,24.40761802115224,23.09713368821869,24.0,20.75396998887353,19.582559902885148,5,1.25,0.0,0,23.746607857552526,14.941874019471767,32.55134169563328,25
FOODS_3_080_CA_2_validation,FOODS_3_080,FOODS_3,FOODS,CA_2,CA,2016-05-21,11617,Saturday,1,5,2016,,,0,0,0,1.68,15.662345094107483,18.420386646514892,19.40186473894073,16.0,15.785335065830099,15.157552982269923,5,1.68,0.0,0,20.423764475669525,12.851069829822404,27.996459121516647,17
FOODS_3_090_CA_1_validation,FOODS_3_090,FOODS_3,FOODS,CA_1,CA,2016-05-21,11617,Saturday,1,5,2016,,,0,0,0,1.6,64.89125863515777,78.66621749985977,82.24278506471876,95.0,55.428882072160306,52.74142359555954,5,1.6,0.0,0,80.7811484122646,50.82922790340433,110.73306892112487,67
FOODS_3_090_CA_2_validation,FOODS_3_090,FOODS_3,FOODS,CA_2,CA,2016-05-21,11617,Saturday,1,5,2016,,,0,0,0,1.6,52.71113733456805,72.75349253730272,70.67594751008247,73.0,50.70772866449699,49.66489855987915,5,1.6,0.0,0,71.64129225750193,45.0782347493601,98.20434976564376,63
FOODS_3_090_CA_3_validation,FOODS_3_090,FOODS_3,FOODS,CA_3,CA,2016-05-21,11617,Saturday,1,5,2016,,,0,0,0,1.6,113.10059369222728,149.87394193680834,135.83741332336498,139.0,100.33009545166945,100.26152012336003,5,1.6,0.0,0,150.3990455172861,94.6342991069927,206.16379192757952,156
FOODS_3_090_CA_4_validation,FOODS_3_090,FOODS_3,FOODS,CA_4,CA,2016-05-21,11617,Saturday,1,5,2016,,,0,0,0,1.6,29.673174691850345,34.963749244168945,32.49563738134492,24.0,28.757357710454936,26.37387181010943,5,1.6,0.0,0,33.87086813551251,21.312275321462682,46.42946094956234,16
FOODS_3_090_TX_1_validation,FOODS_3_090,FOODS_3,FOODS,TX_1,TX,2016-05-21,11617,Saturday,1,5,2016,,,0,0,0,1.5,58.237573811573746,65.74444779922062,62.48842844713588,45.0,53.62859899542973,51.2058104372358,5,1.5,0.0,0,61.59923453203089,38.759557053146345,84.43891201091543,62
FOODS_3_090_TX_2_validation,FOODS_3_090,FOODS_3,FOODS,TX_2,TX,2016-05-21,11617,Saturday,1,5,2016,,,0,0,0,1.5,56.12361640510222,80.84349116498804,83.5163943026409,83.0,57.83499934254637,58.31721904451761,5,1.5,0.0,0,77.49709943650998,48.76283398458218,106.23136488843778,64
FOODS_3_090_TX_3_validation,FOODS_3_090,FOODS_3,FOODS,TX_3,TX,2016-05-21,11617,Saturday,1,5,2016,,,0,0,0,1.5,65.24320838836805,84.89548664104115,91.96374970293557,102.0,66.24405118588548,64.44591425130311,5,1.5,0.0,0,87.86689299891188,55.28773008539765,120.4460559124261,79
FOODS_3_090_WI_1_validation,FOODS_3_090,FOODS_3,FOODS,WI_1,WI,2016-05-21,11617,Saturday,1,5,2016,,,0,0,0,1.44,23.38635929603389,28.779521570698364,36.09613091381044,34.0,21.60464741578395,21.32671076060648,5,1.44,0.0,0,31.337630093561863,19.718307715174802,42.956952471948924,26
FOODS_3_090_WI_3_validation,FOODS_3_090,FOODS_3,FOODS,WI_3,WI,2016-05-21,11617,Saturday,1,5,2016,,,0,0,0,1.44,72.83269456616672,124.19561218165022,113.35321516115532,171.0,78.89448794240893,76.52707198798484,5,1.44,0.0,0,127.99044515911197,80.53432804952492,175.44656226869904,126
FOODS_3_120_CA_1_validation,FOODS_3_120,FOODS_3,FOODS,CA_1,CA,2016-05-21,11617,Saturday,1,5,2016,,,0,0,0,4.98,47.168506407023365,58.02437091476078,59.07173886533802,59.0,47.421766743680784,47.17993193831355,5,4.98,0.0,0,59.6335438510844,37.52270239617222,81.74438530599657,66
FOODS_3_120_CA_3_validation,FOODS_3_120,FOODS_3,FOODS,CA_3,CA,2016-05-21,11617,Saturday,1,5,2016,,,0,0,0,4.98,65.145988174004,69.53117040608376,67.6333449718647,81.0,72.66797732979458,71.88720762515734,5,4.98,0.0,0,74.48747793437067,46.869115706964834,102.10584016177651,63
FOODS_3_226_WI_1_validation,FOODS_3_226,FOODS_3,FOODS,WI_1,WI,2016-05-21,11617,Saturday,1,5,2016,,,0,0,0,1.68,37.42950233261669,50.1787995003037,45.277043720924425,41.0,38.74335367731511,36.644935389736354,5,1.68,0.0,0,47.30867366915488,29.767630233047896,64.84971710526186,72
FOODS_3_226_WI_2_validation,FOODS_3_226,FOODS_3,FOODS,WI_2,WI,2016-05-21,11617,Saturday,1,5,2016,,,0,0,0,1.68,53.55202044272341,58.45582012674232,52.05718033647145,43.0,46.57292169090097,44.62311387455088,5,1.68,0.0,0,56.8589525139028,35.77687012975444,77.94103489805116,47
FOODS_3_226_WI_3_validation,FOODS_3_226,FOODS_3,FOODS,WI_3,WI,2016-05-21,11617,Saturday,1,5,2016,,,0,0,0,1.68,51.79800739080803,54.46480131543513,51.358811840361064,40.0,45.38281257684845,44.59261183168301,5,1.68,0.0,0,52.63037127682815,33.11615629203566,72.14458626162063,51
FOODS_3_234_WI_2_validation,FOODS_3_234,FOODS_3,FOODS,WI_2,WI,2016-05-21,11617,Saturday,1,5,2016,,,0,0,0,0.25,31.29114580666705,29.40709233583541,31.195499962460048,27.0,31.76515228728575,29.25671637019791,5,0.25,0.0,0,32.0292915471067,20.15351590848755,43.905067185725855,1
FOODS_3_252_CA_1_validation,FOODS_3_252,FOODS_3,FOODS,CA_1,CA,2016-05-21,11617,Saturday,1,5,2016,,,0,0,0,1.58,36.51636831949241,52.37077283277118,52.31156615558948,49.0,38.53394595395338,37.930694085854626,5,1.58,0.0,0,51.03488856188413,32.112244412497205,69.95753271127106,50
FOODS_3_252_CA_2_validation,FOODS_3_252,FOODS_3,FOODS,CA_2,CA,2016-05-21,11617,Saturday,1,5,2016,,,0,0,0,1.58,33.50968955062918,49.087671588540836,43.71184176374476,41.0,37.78878287521976,36.14009220798661,5,1.58,0.0,0,46.06134685134521,28.982785497133623,63.1399082055568,46
FOODS_3_252_CA_3_validation,FOODS_3_252,FOODS_3,FOODS,CA_3,CA,2016-05-21,11617,Saturday,1,5,2016,,,0,0,0,1.58,42.14606512935588,55.911886517247524,56.1236474579757,61.0,47.12872099840378,44.92577856772487,5,1.58,0.0,0,56.24248459369587,35.38897531732345,77.0959938700683,42
FOODS_3_252_CA_4_validation,FOODS_3_252,FOODS_3,FOODS,CA_4,CA,2016-05-21,11617,Saturday,1,5,2016,,,0,0,0,1.58,20.98483048762557,24.64218299490558,22.41109695143919,20.0,19.57840252090819,17.69798013671651,5,1.58,0.0,0,25.132892354091986,15.814153901579287,34.45163080660468,9
FOODS_3_252_TX_1_validation,FOODS_3_252,FOODS_3,FOODS,TX_1,TX,2016-05-21,11617,Saturday,1,5,2016,,,0,0,0,1.58,31.459843902900666,39.36516733747897,44.88190974043992,55.0,32.03022487359517,32.167875038556,5,1.58,0.0,0,44.503607346672254,28.002622453485476,61.004592239859036,41
FOODS_3_252_TX_2_validation,FOODS_3_252,FOODS_3,FOODS,TX_2,TX,2016-05-21,11617,Saturday,1,5,2016,,,0,0,0,1.58,54.57755481374314,65.14684058512714,71.767498714091,91.0,49.44946552485987,50.128623139693225,5,1.58,0.0,0,71.6365883057991,45.07527492224883,98.19790168934935,60
FOODS_3_252_TX_3_validation,FOODS_3_252,FOODS_3,FOODS,TX_3,TX,2016-05-21,11617,Saturday,1,5,2016,,,0,0,0,1.58,36.620674421444875,47.71430591481031,50.621605739477914,64.0,35.19664352408694,34.398602432583516,5,1.58,0.0,0,49.95112110094522,31.430314725322887,68.47192747656756,40
FOODS_3_318_WI_3_validation,FOODS_3_318,FOODS_3,FOODS,WI_3,WI,2016-05-21,11617,Saturday,1,5,2016,,,0,0,0,1.48,26.530133826431154,35.632081876547105,36.45978614631426,52.0,25.528848041457213,24.86672292011491,5,1.48,0.0,0,37.831676325609514,23.80450062567171,51.858852025547314,50
FOODS_3_377_TX_2_validation,FOODS_3_377,FOODS_3,FOODS,TX_2,TX,2016-05-21,11617,Saturday,1,5,2016,,,0,0,0,1.68,28.995031991499484,35.20584318643075,34.351011703369075,39.0,27.640725511458466,27.453461145852454,5,1.68,0.0,0,35.303067890179676,22.213446066915026,48.39268971344433,31
FOODS_3_377_TX_3_validation,FOODS_3_377,FOODS_3,FOODS,TX_3,TX,2016-05-21,11617,Saturday,1,5,2016,,,0,0,0,1.68,49.852877475462435,49.78115421408949,52.84540276705877,48.0,42.146540363093656,42.43768313979549,5,1.68,0.0,0,53.302154023960384,33.5388563777202,73.06545167020057,47
FOODS_3_491_WI_1_validation,FOODS_3_491,FOODS_3,FOODS,WI_1,WI,2016-05-21,11617,Saturday,1,5,2016,,,0,0,0,1.44,21.794814738052498,26.041592905460035,26.42527133705915,13.0,21.315270336574713,20.245177342877458,5,1.44,0.0,0,24.89018970594482,15.661440199708233,34.11893921218141,12
FOODS_3_541_CA_3_validation,FOODS_3_541,FOODS_3,FOODS,CA_3,CA,2016-05-21,11617,Saturday,1,5,2016,,,0,0,0,0.88,5.794286563421812,6.214511008182902,5.805275984126665,0.0,5.296754005540454,4.892935269353429,5,0.88,0.0,0,6.214511008182902,3.9103033634909976,8.518718652874806,0
FOODS_3_555_CA_2_validation,FOODS_3_555,FOODS_3,FOODS,CA_2,CA,2016-05-21,11617,Saturday,1,5,2016,,,0,0,0,1.68,22.085850894331667,26.75049058848695,24.97235761060784,23.0,23.3174900844222,22.548048921842394,5,1.68,0.0,0,25.43320660688941,16.003118058416693,34.86329515536213,18
FOODS_3_555_TX_1_validation,FOODS_3_555,FOODS_3,FOODS,TX_1,TX,2016-05-21,11617,Saturday,1,5,2016,,,0,0,0,1.68,33.22112725946946,32.52845544547111,35.882715493914596,38.0,30.456037359624712,29.374172385078648,5,1.68,0.0,0,35.710994873465374,22.470122457495147,48.951867289435604,27
FOODS_3_555_TX_2_validation,FOODS_3_555,FOODS_3,FOODS,TX_2,TX,2016-05-21,11617,Saturday,1,5,2016,,,0,0,0,1.68,45.67975981438841,54.15572313055857,53.92968178624872,48.0,40.98568954542361,40.21007914478339,5,1.68,0.0,0,52.50538843400153,33.03751441175899,71.97326245624407,50
FOODS_3_555_TX_3_validation,FOODS_3_555,FOODS_3,FOODS,TX_3,TX,2016-05-21,11617,Saturday,1,5,2016,,,0,0,0,1.68,35.09120754788218,34.92689277882913,39.43395456792835,50.0,29.66450087548008,29.105355709795905,5,1.68,0.0,0,40.54868730395737,25.514102097659787,55.58327251025496,21
FOODS_3_555_WI_3_validation,FOODS_3_555,FOODS_3,FOODS,WI_3,WI,2016-05-21,11617,Saturday,1,5,2016,,,0,0,0,1.68,26.714146489571046,35.91891883843361,35.988641701223855,43.0,29.49233884781632,27.982042694224425,5,1.68,0.0,0,36.51107274590596,22.97354858250155,50.048596909310376,33
FOODS_3_586_CA_1_validation,FOODS_3_586,FOODS_3,FOODS,CA_1,CA,2016-05-21,11617,Saturday,1,5,2016,,,0,0,0,1.68,35.78146211388207,42.89588684959221,46.41000897369981,40.0,37.536131832404024,37.84530812693765,5,1.68,0.0,0,44.81269948364303,28.197109842957307,61.42828912432876,48
FOODS_3_586_CA_2_validation,FOODS_3_586,FOODS_3,FOODS,CA_2,CA,2016-05-21,11617,Saturday,1,5,2016,,,0,0,0,1.68,34.03215264629431,43.536939274858675,43.55016664118742,39.0,35.31015496883834,33.778870522761174,5,1.68,0.0,0,42.83344235019573,26.951718883645846,58.71516581674562,48
FOODS_3_586_CA_3_validation,FOODS_3_586,FOODS_3,FOODS,CA_3,CA,2016-05-21,11617,Saturday,1,5,2016,,,0,0,0,1.68,67.63827458024315,79.12324620873268,78.16560031299873,74.0,74.020805750361,70.04590472980212,5,1.68,0.0,0,78.28930643314276,49.26130758603453,107.31730528025098,68
FOODS_3_586_CA_4_validation,FOODS_3_586,FOODS_3,FOODS,CA_4,CA,2016-05-21,11617,Saturday,1,5,2016,,,0,0,0,1.68,20.484637601067565,22.625083867991446,20.12307829337379,20.0,19.019691647496025,18.151611782013344,5,1.68,0.0,0,23.644162290534688,14.877413075600701,32.410911505468675,25
FOODS_3_586_TX_1_validation,FOODS_3_586,FOODS_3,FOODS,TX_1,TX,2016-05-21,11617,Saturday,1,5,2016,,,0,0,0,1.68,55.36636778791519,59.69145437755351,58.18201782718585,56.0,55.689996680272365,53.578648743205214,5,1.68,0.0,0,61.26389572579077,38.54855469749468,83.97923675408686,70
FOODS_3_586_TX_2_validation,FOODS_3_586,FOODS_3,FOODS,TX_2,TX,2016-05-21,11617,Saturday,1,5,2016,,,0,0,0,1.68,74.9599469532844,85.60396457745638,93.02616750209407,100.0,68.54137085450218,70.10050841872264,5,1.68,0.0,0,87.70946359903283,55.188672136823925,120.23025506124173,79
FOODS_3_586_TX_3_validation,FOODS_3_586,FOODS_3,FOODS,TX_3,TX,2016-05-21,11617,Saturday,1,5,2016,,,0,0,0,1.68,58.61150901940618,66.27018933217066,67.73865594407654,66.0,55.71892904909793,54.28193181097193,5,1.68,0.0,0,65.6815078484401,41.32821081509567,90.03480488178454,83
FOODS_3_586_WI_1_validation,FOODS_3_586,FOODS_3,FOODS,WI_1,WI,2016-05-21,11617,Saturday,1,5,2016,,,0,0,0,1.68,16.073130431832602,24.040134078669272,20.289088817751868,23.0,17.623896364645276,16.273069752545016,5,1.68,0.0,0,21.69143035352523,13.648712337726067,29.734148369324394,21
FOODS_3_586_WI_3_validation,FOODS_3_586,FOODS_3,FOODS,WI_3,WI,2016-05-21,11617,Saturday,1,5,2016,,,0,0,0,1.68,34.42489228541427,44.350761578532065,41.63496213300926,47.0,34.47931206053752,33.74174112267438,5,1.68,0.0,0,43.985092442131744,27.67636177544094,60.293823108822544,36
FOODS_3_587_CA_1_validation,FOODS_3_587,FOODS_3,FOODS,CA_1,CA,2016-05-21,11617,Saturday,1,5,2016,,,0,0,0,2.48,22.00558759827656,26.403206726116313,25.7421965625166,24.0,22.896477016454195,22.599747569770773,5,2.48,0.0,0,25.7421965625166,16.19754115319969,35.28685197183351,39
FOODS_3_587_CA_4_validation,FOODS_3_587,FOODS_3,FOODS,CA_4,CA,2016-05-21,11617,Saturday,1,5,2016,,,0,0,0,2.48,14.128652850399357,16.10841759782397,19.186922788748443,22.0,16.60692589686999,16.914745671923832,5,2.48,0.0,0,19.08707381254667,12.009995449380582,26.164152175712758,9
FOODS_3_587_TX_1_validation,FOODS_3_587,FOODS_3,FOODS,TX_1,TX,2016-05-21,11617,Saturday,1,5,2016,,,0,0,0,2.48,24.480607002800525,28.92866177113752,29.100977461804334,32.0,24.01076365136177,24.551587389576408,5,2.48,0.0,0,29.712536360387894,18.695763949068194,40.72930877170759,12
FOODS_3_587_TX_2_validation,FOODS_3_587,FOODS_3,FOODS,TX_2,TX,2016-05-21,11617,Saturday,1,5,2016,,,0,0,0,2.48,28.833525665690175,32.419694681735606,34.363697554240005,38.0,28.95502020875998,29.219333431608057,5,2.48,0.0,0,34.15985580244515,21.494112548000082,46.82559905689022,28
FOODS_3_635_CA_3_validation,FOODS_3_635,FOODS_3,FOODS,CA_3,CA,2016-05-21,11617,Saturday,1,5,2016,,,0,0,0,0.88,5.794286563421812,6.214511008182902,5.805275984126665,0.0,5.296754005540454,4.852853431692954,5,0.88,0.0,0,6.214511008182902,3.9103033634909976,8.518718652874806,0
FOODS_3_635_CA_4_validation,FOODS_3_635,FOODS_3,FOODS,CA_4,CA,2016-05-21,11617,Saturday,1,5,2016,,,0,0,0,1.0,7.018420727588493,7.538591600959113,7.302337961257118,0.0,6.346249081240445,5.553820285645779,5,1.0,0.0,0,7.876662576506491,4.956164712789339,10.797160440223642,0
FOODS_3_694_WI_1_validation,FOODS_3_694,FOODS_3,FOODS,WI_1,WI,2016-05-21,11617,Saturday,1,5,2016,,,0,0,0,1.68,22.705936839536605,29.472425934675464,27.371616592237398,28.0,23.587202700256917,22.498635366543795,5,1.68,0.0,0,28.66318584063085,18.035490138066166,39.29088154319553,30
FOODS_3_694_WI_2_validation,FOODS_3_694,FOODS_3,FOODS,WI_2,WI,2016-05-21,11617,Saturday,1,5,2016,,,0,0,0,1.68,35.94709931970522,42.63221181366415,40.00155927533441,33.0,36.16118158069662,35.112551496655854,5,1.68,0.0,0,38.83376220167328,24.435034511044087,53.232489892302475,37
FOODS_3_694_WI_3_validation,FOODS_3_694,FOODS_3,FOODS,WI_3,WI,2016-05-21,11617,Saturday,1,5,2016,,,0,0,0,1.68,48.98093058761494,58.076198601177765,55.60142805506513,46.0,44.518630918185394,43.76982918036816,5,1.68,0.0,0,55.651732287889104,35.017261319980044,76.28620325579817,46
FOODS_3_711_WI_2_validation,FOODS_3_711,FOODS_3,FOODS,WI_2,WI,2016-05-21,11617,Saturday,1,5,2016,,,0,0,0,0.25,25.23468720048867,32.22671663970055,35.189495910667425,21.0,28.331495954277575,29.16195914199076,5,0.25,0.0,0,21.764499605964854,13.694689075591075,29.834310136338633,27
FOODS_3_714_CA_1_validation,FOODS_3_714,FOODS_3,FOODS,CA_1,CA,2016-05-21,11617,Saturday,1,5,2016,,,0,0,0,1.58,20.409520022245335,30.41845445882459,27.334280606073616,22.0,21.342042876030355,19.57937986004515,5,1.58,0.0,0,27.63142005480311,17.38628101809764,37.87655909150858,21
FOODS_3_714_TX_1_validation,FOODS_3_714,FOODS_3,FOODS,TX_1,TX,2016-05-21,11617,Saturday,1,5,2016,,,0,0,0,1.58,24.434292930591482,29.954131061893897,30.41520440334735,32.0,22.65941861815943,21.322264732489707,5,1.58,0.0,0,30.893912550599072,19.439111138259463,42.34871396293868,49
FOODS_3_714_WI_1_validation,FOODS_3_714,FOODS_3,FOODS,WI_1,WI,2016-05-21,11617,Saturday,1,5,2016,,,0,0,0,1.58,20.680529868668433,31.00858249931113,28.076803006839498,30.0,20.550369598243133,18.802744690490762,5,1.58,0.0,0,29.32357197710016,18.45101923234865,40.19612472185167,38
FOODS_3_808_CA_4_validation,FOODS_3_808,FOODS_3,FOODS,CA_4,CA,2016-05-21,11617,Saturday,1,5,2016,,,0,0,0,1.0,7.018420727588493,7.538591600959113,7.302337961257118,0.0,6.346249081240445,5.562451120783971,5,1.0,0.0,0,7.876662576506491,4.956164712789339,10.797160440223642,0
HOBBIES_1_008_TX_2_validation,HOBBIES_1_008,HOBBIES_1,HOBBIES,TX_2,TX,2016-05-21,11617,Saturday,1,5,2016,,,0,0,0,0.48,6.20057208589358,7.43164761288727,6.393990484046601,1.0,5.8682654555258305,5.234432850786289,5,0.48,0.0,0,6.586064075352053,4.144092507375988,9.028035643328119,6
HOBBIES_1_015_CA_2_validation,HOBBIES_1_015,HOBBIES_1,HOBBIES,CA_2,CA,2016-05-21,11617,Saturday,1,5,2016,,,0,0,0,0.7,8.02998276694817,8.7618859989154,12.16826415847532,26.0,6.651875454546887,7.270251314903617,5,0.7,0.0,0,10.708185391387671,6.737819483736284,14.678551299039057,36
HOBBIES_1_048_WI_3_validation,HOBBIES_1_048,HOBBIES_1,HOBBIES,WI_3,WI,2016-05-21,11617,Saturday,1,5,2016,,,0,0,0,0.48,7.879525637603579,7.40474917926543,8.13210283268716,11.0,5.961502437302591,5.943249006136641,5,0.48,0.0,0,8.353202693341213,5.256013955834137,11.45039143084829,2
HOBBIES_1_103_WI_3_validation,HOBBIES_1_103,HOBBIES_1,HOBBIES,WI_3,WI,2016-05-21,11617,Saturday,1,5,2016,,,0,0,0,0.7,6.165839630590963,9.26553409759638,9.007443163557252,20.0,5.970976870232438,6.151932072345471,5,0.7,0.0,0,8.94706484723485,5.6296847361678735,12.264444958301828,1
HOBBIES_1_178_CA_4_validation,HOBBIES_1_178,HOBBIES_1,HOBBIES,CA_4,CA,2016-05-21,11617,Saturday,1,5,2016,,,0,0,0,0.48,8.025280932078447,6.898967925198232,7.6944832844616595,10.0,6.300553213495577,6.969186391538778,5,0.48,0.0,0,8.353202693341213,5.256013955834137,11.45039143084829,35
HOBBIES_1_178_WI_2_validation,HOBBIES_1_178,HOBBIES_1,HOBBIES,WI_2,WI,2016-05-21,11617,Saturday,1,5,2016,,,0,0,0,0.48,6.615630906287428,6.393990484046601,6.329828633136546,0.0,6.233915837731007,5.822034010334619,5,0.48,0.0,0,6.505363215846872,4.093313798971705,8.917412632722039,4
HOBBIES_1_234_CA_3_validation,HOBBIES_1_234,HOBBIES_1,HOBBIES,CA_3,CA,2016-05-21,11617,Saturday,1,5,2016,,,0,0,0,0.3,23.760984427351744,25.38090699093542,41.99478544126571,4.0,28.74117297960206,28.412432901657663,5,0.3,0.0,0,32.90866043994874,20.706833640953036,45.110487238944444,12
HOBBIES_1_254_CA_3_validation,HOBBIES_1_254,HOBBIES_1,HOBBIES,CA_3,CA,2016-05-21,11617,Saturday,1,5,2016,,,0,0,0,0.7,8.884276024918845,12.573783981738385,13.500583279135025,28.0,10.189556980193071,11.030888049625434,5,0.7,0.0,0,12.776230118912688,8.039077497961832,17.51338273986354,11
HOBBIES_1_254_TX_1_validation,HOBBIES_1_254,HOBBIES_1,HOBBIES,TX_1,TX,2016-05-21,11617,Saturday,1,5,2016,,,0,0,0,0.7,5.97376603928551,6.643634303547761,8.068241804435177,7.0,5.84667165690741,5.358341382169887,5,0.7,0.0,0,7.473615610178802,4.702558933348161,10.244672287009443,0
HOBBIES_1_348_CA_1_validation,HOBBIES_1_348,HOBBIES_1,HOBBIES,CA_1,CA,2016-05-21,11617,Saturday,1,5,2016,,,0,0,0,0.48,6.008498494588128,6.983496567707319,7.934339439232403,11.0,6.338440456899526,7.467732344149124,5,0.48,0.0,0,8.097869071690742,5.095352575037241,11.100385568344242,18
HOBBIES_1_348_CA_2_validation,HOBBIES_1_348,HOBBIES_1,HOBBIES,CA_2,CA,2016-05-21,11617,Saturday,1,5,2016,,,0,0,0,0.48,7.036835764878731,6.586064075352053,7.189984229017857,4.0,6.328289856390522,6.102934931955162,5,0.48,0.0,0,6.799489680402529,4.278384466982316,9.320594893822744,3
HOBBIES_1_354_TX_3_validation,HOBBIES_1_354,HOBBIES_1,HOBBIES,TX_3,TX,2016-05-21,11617,Saturday,1,5,2016,,,0,0,0,22.98,20.603776085055777,22.931793096037104,21.545610871297164,17.0,23.43322665393156,22.61939296902949,5,22.98,0.0,0,23.36876296242663,14.704125922744087,32.03340000210917,23
HOBBIES_1_370_WI_1_validation,HOBBIES_1_370,HOBBIES_1,HOBBIES,WI_1,WI,2016-05-21,11617,Saturday,1,5,2016,,,0,0,0,0.48,6.3026249591437855,9.058437579035122,8.98409626680089,8.0,6.186789313219791,6.12941673765192,5,0.48,0.0,0,7.875386395550983,4.95536171241229,10.795411078689675,1
HOBBIES_1_371_CA_1_validation,HOBBIES_1_371,HOBBIES_1,HOBBIES,CA_1,CA,2016-05-21,11617,Saturday,1,5,2016,,,0,0,0,0.48,10.275850537097503,9.904687200309622,10.73872759906735,1.0,8.384655689764218,7.7056437845700865,5,0.48,0.0,0,9.14187411589213,5.752262898386387,12.531485333397873,16
HOBBIES_1_371_CA_4_validation,HOBBIES_1_371,HOBBIES_1,HOBBIES,CA_4,CA,2016-05-21,11617,Saturday,1,5,2016,,,0,0,0,0.48,6.365884989488803,6.393990484046601,6.46118316745033,0.0,6.823181868410602,6.734287820354725,5,0.48,0.0,0,6.393990484046601,4.023235691911256,8.764745276181944,15
HOBBIES_1_371_TX_1_validation,HOBBIES_1_371,HOBBIES_1,HOBBIES,TX_1,TX,2016-05-21,11617,Saturday,1,5,2016,,,0,0,0,0.48,5.97376603928551,6.393990484046601,6.349810435650059,0.0,5.69731577826149,4.965933909269607,5,0.48,0.0,0,6.393990484046601,4.023235691911256,8.764745276181944,7
HOBBIES_1_371_TX_2_validation,HOBBIES_1_371,HOBBIES_1,HOBBIES,TX_2,TX,2016-05-21,11617,Saturday,1,5,2016,,,0,0,0,0.48,6.008498494588128,7.614401345642658,6.688116948602258,7.0,5.716438257913765,5.348377989892413,5,0.48,0.0,0,7.2933764474651595,4.589148593698923,9.997604301231396,1
HOBBIES_1_371_TX_3_validation,HOBBIES_1_371,HOBBIES_1,HOBBIES,TX_3,TX,2016-05-21,11617,Saturday,1,5,2016,,,0,0,0,0.48,6.008498494588128,6.745687176797966,8.427868866045982,16.0,5.84016710865717,5.946715281631403,5,0.48,0.0,0,8.723609166174208,5.4890816380171,11.958136694331316,8
HOBBIES_1_371_WI_1_validation,HOBBIES_1_371,HOBBIES_1,HOBBIES,WI_1,WI,2016-05-21,11617,Saturday,1,5,2016,,,0,0,0,0.48,6.795767971703608,7.186413440138292,8.737362331550061,12.0,6.917180198491337,7.115297077006273,5,0.48,0.0,0,8.324966477532993,5.238247124380824,11.41168583068516,11
HOBBIES_1_371_WI_2_validation,HOBBIES_1_371,HOBBIES_1,HOBBIES,WI_2,WI,2016-05-21,11617,Saturday,1,5,2016,,,0,0,0,0.48,6.008498494588128,6.586064075352053,6.622184282153268,0.0,5.786261259564008,5.507122196064926,5,0.48,0.0,0,6.688116948602258,4.208306359921867,9.16792753728265,0
HOUSEHOLD_1_110_CA_1_validation,HOUSEHOLD_1_110,HOUSEHOLD_1,HOUSEHOLD,CA_1,CA,2016-05-21,11617,Saturday,1,5,2016,,,0,0,0,3.97,8.823396706967095,9.598432304157962,9.613312520907602,10.0,8.602527220127293,8.611287620981388,5,3.97,0.0,0,10.78525525308674,6.786313490590377,14.784197015583104,12
HOUSEHOLD_1_110_CA_4_validation,HOUSEHOLD_1_110,HOUSEHOLD_1,HOUSEHOLD,CA_4,CA,2016-05-21,11617,Saturday,1,5,2016,,,0,0,0,3.97,7.498218346406379,8.149121644916614,7.499379500999219,5.0,6.741346305786337,6.526785108241407,5,3.97,0.0,0,7.837450476546597,4.931491620061557,10.743409333031638,4
HOUSEHOLD_1_110_WI_2_validation,HOUSEHOLD_1_110,HOUSEHOLD_1,HOUSEHOLD,WI_2,WI,2016-05-21,11617,Saturday,1,5,2016,,,0,0,0,3.97,28.40124293934103,30.293255405410754,33.0019167222002,29.0,25.38059555794996,24.666481059378558,5,3.97,0.0,0,32.37839520428593,20.373179403021144,44.38361100555072,38
HOUSEHOLD_1_110_WI_3_validation,HOUSEHOLD_1_110,HOUSEHOLD_1,HOUSEHOLD,WI_3,WI,2016-05-21,11617,Saturday,1,5,2016,,,0,0,0,3.97,14.818459465476675,17.391383984715457,17.302038511438635,15.0,14.251736646465934,13.666727513861748,5,3.97,0.0,0,18.175590397160164,11.436470571838484,24.914710222481844,13
HOUSEHOLD_1_118_CA_1_validation,HOUSEHOLD_1_118,HOUSEHOLD_1,HOUSEHOLD,CA_1,CA,2016-05-21,11617,Saturday,1,5,2016,,,0,0,0,0.97,6.710398669287814,8.233432940207228,9.090640386663146,10.0,7.836007446147426,7.7181144294637765,5,0.97,0.0,0,8.982744583536004,5.652135190062502,12.313353977009506,12
HOUSEHOLD_1_118_CA_3_validation,HOUSEHOLD_1_118,HOUSEHOLD_1,HOUSEHOLD,CA_3,CA,2016-05-21,11617,Saturday,1,5,2016,,,0,0,0,0.97,19.735634809623654,22.31648745816841,22.801259168829688,25.0,21.561719942567766,21.238476806633003,5,0.97,0.0,0,22.57309447472884,14.203474277011756,30.942714672445927,29
HOUSEHOLD_1_118_TX_3_validation,HOUSEHOLD_1_118,HOUSEHOLD_1,HOUSEHOLD,TX_3,TX,2016-05-21,11617,Saturday,1,5,2016,,,0,0,0,0.97,6.4069523461820905,7.93410847609829,6.92712321955271,5.0,6.6287973535081175,6.738038644393607,5,0.97,0.0,0,7.34589505460527,4.622194425603545,10.069595683606996,7
HOUSEHOLD_1_151_CA_4_validation,HOUSEHOLD_1_151,HOUSEHOLD_1,HOUSEHOLD,CA_4,CA,2016-05-21,11617,Saturday,1,5,2016,,,0,0,0,0.88,5.794286563421812,6.214511008182902,6.486884854686111,1.0,5.296754005540454,5.140395629312906,5,0.88,0.0,0,6.214511008182902,3.9103033634909976,8.518718652874806,3
HOUSEHOLD_1_191_CA_2_validation,HOUSEHOLD_1_191,HOUSEHOLD_1,HOUSEHOLD,CA_2,CA,2016-05-21,11617,Saturday,1,5,2016,,,0,0,0,2.96,12.171070941472953,17.17155340561628,18.06558830919381,17.0,11.654395153179296,11.048033821285816,5,2.96,0.0,0,18.203199931273364,11.453843081753602,24.952556780793127,7
HOUSEHOLD_1_191_CA_4_validation,HOUSEHOLD_1_191,HOUSEHOLD_1,HOUSEHOLD,CA_4,CA,2016-05-21,11617,Saturday,1,5,2016,,,0,0,0,2.96,7.535729300745983,7.879358493146591,7.528302871344174,5.0,6.628380939240094,6.316687332688043,5,2.96,0.0,0,8.219220757306143,5.171709653462621,11.266731861149665,2
HOUSEHOLD_1_234_CA_2_validation,HOUSEHOLD_1_234,HOUSEHOLD_1,HOUSEHOLD,CA_2,CA,2016-05-21,11617,Saturday,1,5,2016,,,0,0,0,0.97,8.672971508429699,7.493674672753934,7.822783497264826,3.0,7.106024862616302,6.699230799002149,5,0.97,0.0,0,7.614956490757191,4.791493641162937,10.438419340351444,13
HOUSEHOLD_1_234_TX_1_validation,HOUSEHOLD_1_234,HOUSEHOLD_1,HOUSEHOLD,TX_1,TX,2016-05-21,11617,Saturday,1,5,2016,,,0,0,0,0.97,13.058793177963059,14.620055562436475,11.599679594729606,11.0,11.138050842805674,10.83227029724585,5,0.97,0.0,0,12.827801621630288,8.071527391488674,17.584075851771903,16
HOUSEHOLD_1_234_TX_2_validation,HOUSEHOLD_1_234,HOUSEHOLD_1,HOUSEHOLD,TX_2,TX,2016-05-21,11617,Saturday,1,5,2016,,,0,0,0,0.97,7.164397571324771,8.20137862363803,7.026904061006367,0.0,6.119895499328846,5.316664489068528,5,0.97,0.0,0,7.493674672753934,4.7151805249348095,10.272168820573057,5
HOUSEHOLD_1_303_CA_2_validation,HOUSEHOLD_1_303,HOUSEHOLD_1,HOUSEHOLD,CA_2,CA,2016-05-21,11617,Saturday,1,5,2016,,,0,0,0,0.98,8.083497978729987,9.037635910520393,10.346130382154017,9.0,7.005928498690402,6.948074411618238,5,0.98,0.0,0,9.771169040933646,6.1482287368534045,13.394109345013888,17
HOUSEHOLD_1_303_CA_3_validation,HOUSEHOLD_1_303,HOUSEHOLD_1,HOUSEHOLD,CA_3,CA,2016-05-21,11617,Saturday,1,5,2016,,,0,0,0,0.98,12.839823433519333,16.785783068125905,14.367365035333934,13.0,12.533821507827582,11.926513624366123,5,0.98,0.0,0,15.2710562690764,9.608875519634811,20.93323701851799,9
HOUSEHOLD_1_303_WI_1_validation,HOUSEHOLD_1_303,HOUSEHOLD_1,HOUSEHOLD,WI_1,WI,2016-05-21,11617,Saturday,1,5,2016,,,0,0,0,0.98,7.157213581689591,7.769207533427064,8.947048525909612,2.0,6.3959218996071785,5.887325967304707,5,0.98,0.0,0,8.019807372849291,5.046234483020409,10.993380262678174,5
HOUSEHOLD_1_327_CA_2_validation,HOUSEHOLD_1_327,HOUSEHOLD_1,HOUSEHOLD,CA_2,CA,2016-05-21,11617,Saturday,1,5,2016,,,0,0,0,0.98,6.8080314589799675,7.757817448528669,8.702026075203644,2.0,6.172746767993459,5.808657343887539,5,0.98,0.0,0,8.019807372849291,5.046234483020409,10.993380262678174,5
HOUSEHOLD_1_327_WI_1_validation,HOUSEHOLD_1_327,HOUSEHOLD_1,HOUSEHOLD,WI_1,WI,2016-05-21,11617,Saturday,1,5,2016,,,0,0,0,0.98,6.8080314589799675,7.507291277401002,7.284022283954045,0.0,6.179578566926518,5.584902599696576,5,0.98,0.0,0,7.779716266046566,4.8951640188698455,10.664268513223286,0
HOUSEHOLD_1_334_CA_1_validation,HOUSEHOLD_1_334,HOUSEHOLD_1,HOUSEHOLD,CA_1,CA,2016-05-21,11617,Saturday,1,5,2016,,,0,0,0,0.97,11.624842813707186,15.754885211394498,16.043609551353466,10.0,10.980557715220758,11.060652673583778,5,0.97,0.0,0,14.480121338947745,9.11120232965861,19.84904034823688,9
HOUSEHOLD_1_334_CA_3_validation,HOUSEHOLD_1_334,HOUSEHOLD_1,HOUSEHOLD,CA_3,CA,2016-05-21,11617,Saturday,1,5,2016,,,0,0,0,0.97,21.17177287590395,26.999869381233133,24.85936183122934,27.0,22.9059608925521,22.731388144299387,5,0.97,0.0,0,25.040815505814603,15.75621717750806,34.32541383412114,14
HOUSEHOLD_1_334_TX_1_validation,HOUSEHOLD_1_334,HOUSEHOLD_1,HOUSEHOLD,TX_1,TX,2016-05-21,11617,Saturday,1,5,2016,,,0,0,0,0.96,7.729611072733082,10.914024725878571,10.318560500912893,11.0,8.466866957977768,9.345940045362815,5,0.96,0.0,0,10.21697543384304,6.428739662872201,14.005211204813877,10
HOUSEHOLD_1_334_TX_2_validation,HOUSEHOLD_1_334,HOUSEHOLD_1,HOUSEHOLD,TX_2,TX,2016-05-21,11617,Saturday,1,5,2016,,,0,0,0,0.96,9.942527871889101,12.622030752516448,15.356952816224084,24.0,9.698081414830906,10.169991903019604,5,0.96,0.0,0,14.685343464867692,9.240332484580033,20.13035444515535,8
HOUSEHOLD_1_334_TX_3_validation,HOUSEHOLD_1_334,HOUSEHOLD_1,HOUSEHOLD,TX_3,TX,2016-05-21,11617,Saturday,1,5,2016,,,0,0,0,0.96,8.563437709346154,12.915165904677668,13.110654725015449,19.0,9.777956035736654,10.268198609002269,5,0.96,0.0,0,13.439159458375313,8.456206830011329,18.422112086739297,8
HOUSEHOLD_1_334_WI_2_validation,HOUSEHOLD_1_334,HOUSEHOLD_1,HOUSEHOLD,WI_2,WI,2016-05-21,11617,Saturday,1,5,2016,,,0,0,0,0.97,21.17177287590395,22.862315943617453,26.17615647925144,31.0,18.849165085272425,18.57680813696421,5,0.97,0.0,0,24.452802537531323,15.386226829976799,33.519378245085846,22
HOUSEHOLD_1_334_WI_3_validation,HOUSEHOLD_1_334,HOUSEHOLD_1,HOUSEHOLD,WI_3,WI,2016-05-21,11617,Saturday,1,5,2016,,,0,0,0,0.97,10.887548080974236,13.047298062606815,14.868650469831916,15.0,10.944414621033518,11.041729301865612,5,0.97,0.0,0,14.136309185828745,8.894868362757583,19.377750008899906,7
HOUSEHOLD_1_389_WI_1_validation,HOUSEHOLD_1_389,HOUSEHOLD_1,HOUSEHOLD,WI_1,WI,2016-05-21,11617,Saturday,1,5,2016,,,0,0,0,0.98,6.921474417128567,7.328202332350587,7.091948692648593,0.0,6.34046029190918,5.527981434123,5,0.98,0.0,0,7.543698163749394,4.74665637634702,10.340739951151768,8
HOUSEHOLD_1_399_CA_4_validation,HOUSEHOLD_1_399,HOUSEHOLD_1,HOUSEHOLD,CA_4,CA,2016-05-21,11617,Saturday,1,5,2016,,,0,0,0,0.97,6.3048994729318855,7.146283838656488,7.109876952308096,7.0,5.752776048251214,5.3874829394546015,5,0.97,0.0,0,7.65756622297529,4.818304596842393,10.496827849108186,1
HOUSEHOLD_1_409_WI_2_validation,HOUSEHOLD_1_409,HOUSEHOLD_1,HOUSEHOLD,WI_2,WI,2016-05-21,11617,Saturday,1,5,2016,,,0,0,0,2.94,11.611378248215095,14.432502641319694,13.973792032086077,16.0,10.725549178257022,11.091740498167487,5,2.94,0.0,0,15.565266059754757,9.793998618225627,21.336533501283885,21
HOUSEHOLD_1_441_WI_3_validation,HOUSEHOLD_1_441,HOUSEHOLD_1,HOUSEHOLD,WI_3,WI,2016-05-21,11617,Saturday,1,5,2016,,,0,0,0,2.77,8.200521722747396,12.877367530422816,7.970902633777293,4.0,8.257253870773043,7.342208588315445,5,2.77,0.0,0,9.137737350693893,5.749659957165856,12.525814744221929,10
HOUSEHOLD_1_459_CA_3_validation,HOUSEHOLD_1_459,HOUSEHOLD_1,HOUSEHOLD,CA_3,CA,2016-05-21,11617,Saturday,1,5,2016,,,0,0,0,0.97,25.231829350699257,27.983782714767578,32.062206653060706,32.0,24.57333463082067,24.981853896384216,5,0.97,0.0,0,28.49605914707525,17.930330444716347,39.061787849434154,12
HOUSEHOLD_1_459_TX_1_validation,HOUSEHOLD_1_459,HOUSEHOLD_1,HOUSEHOLD,TX_1,TX,2016-05-21,11617,Saturday,1,5,2016,,,0,0,0,0.96,8.110510559534735,9.102524939974927,9.010980799344225,8.0,7.238377623575557,7.356850140880889,5,0.96,0.0,0,8.730927895008753,5.49368673887548,11.968169051142025,16
HOUSEHOLD_1_459_TX_3_validation,HOUSEHOLD_1_459,HOUSEHOLD_1,HOUSEHOLD,TX_3,TX,2016-05-21,11617,Saturday,1,5,2016,,,0,0,0,0.96,6.341306359280277,7.007824079057891,7.456191452526881,0.0,5.9257645739304206,5.1487742693959655,5,0.96,0.0,0,7.146283838656488,4.496594775351532,9.795972901961443,9
HOUSEHOLD_1_459_WI_1_validation,HOUSEHOLD_1_459,HOUSEHOLD_1,HOUSEHOLD,WI_1,WI,2016-05-21,11617,Saturday,1,5,2016,,,0,0,0,0.97,7.868847175665325,9.218249614016905,8.615203220966775,8.0,6.835748763644801,6.99940671072094,5,0.97,0.0,0,8.730927895008753,5.49368673887548,11.968169051142025,21
HOUSEHOLD_1_459_WI_2_validation,HOUSEHOLD_1_459,HOUSEHOLD_1,HOUSEHOLD,WI_2,WI,2016-05-21,11617,Saturday,1,5,2016,,,0,0,0,0.97,28.807845908606044,31.96933323476218,34.01224365950319,35.0,24.809005685144765,25.25685990740177,5,0.97,0.0,0,31.963517462675664,20.112129446504852,43.81490547884648,26
HOUSEHOLD_1_459_WI_3_validation,HOUSEHOLD_1_459,HOUSEHOLD_1,HOUSEHOLD,WI_3,WI,2016-05-21,11617,Saturday,1,5,2016,,,0,0,0,0.97,9.95167037594254,13.996723706510716,16.029400457206876,13.0,11.107532217593743,11.140648976791331,5,0.97,0.0,0,14.07740255486769,8.857803049513205,19.297002060222177,15
HOUSEHOLD_1_474_TX_2_validation,HOUSEHOLD_1_474,HOUSEHOLD_1,HOUSEHOLD,TX_2,TX,2016-05-21,11617,Saturday,1,5,2016,,,0,0,0,0.97,9.552568942642543,8.880395910379656,10.990392394804484,9.0,9.081022084261821,8.508177106553786,5,0.97,0.0,0,10.668366390739832,6.712764516103421,14.623968265376243,20
HOUSEHOLD_1_521_TX_1_validation,HOUSEHOLD_1_521,HOUSEHOLD_1,HOUSEHOLD,TX_1,TX,2016-05-21,11617,Saturday,1,5,2016,,,0,0,0,0.94,8.180160457868721,7.3491360286364875,8.913812734549708,11.0,7.372393539586824,9.512211051783705,5,0.94,0.0,0,8.691011472689274,5.468570471441267,11.91345247393728,9
HOUSEHOLD_1_521_TX_2_validation,HOUSEHOLD_1_521,HOUSEHOLD_1,HOUSEHOLD,TX_2,TX,2016-05-21,11617,Saturday,1,5,2016,,,0,0,0,0.94,6.6353681413849595,11.335046454793567,10.926997442386092,11.0,6.952849917196693,6.751699014986564,5,0.94,0.0,0,10.118884602513138,6.367018811919988,13.870750393106286,7
HOUSEHOLD_1_521_TX_3_validation,HOUSEHOLD_1_521,HOUSEHOLD_1,HOUSEHOLD,TX_3,TX,2016-05-21,11617,Saturday,1,5,2016,,,0,0,0,0.94,6.637159429997138,8.033757041807469,9.42578570161748,9.0,6.682681753333081,6.933270648660715,5,0.94,0.0,0,8.53741034999751,5.3719213568276265,11.702899343167392,11
HOUSEHOLD_1_535_CA_1_validation,HOUSEHOLD_1_535,HOUSEHOLD_1,HOUSEHOLD,CA_1,CA,2016-05-21,11617,Saturday,1,5,2016,,,0,0,0,6.97,7.297919909836631,9.761927548282303,11.279664045167687,13.0,9.242943736931336,9.18341715197603,5,6.97,0.0,0,10.491470622464792,6.601457911808666,14.381483333120919,9
FOODS_1_218_CA_2_validation,FOODS_1_218,FOODS_1,FOODS,CA_2,CA,2016-05-22,11617,Sunday,2,5,2016,,,0,0,0,0.98,10.688903177198023,9.373417603713078,6.378701825273894,1.0,9.235134625798327,9.807817492873422,6,0.98,0.0,0,8.114811700750971,5.106013239941263,11.123610161560679,29
FOODS_2_360_WI_2_validation,FOODS_2_360,FOODS_2,FOODS,WI_2,WI,2016-05-22,11617,Sunday,2,5,2016,,,0,0,0,0.94,48.83201750052545,47.20344982679543,56.03091056381243,30.0,44.16517467152933,44.53474381426934,6,0.94,0.0,0,42.48594311655209,26.73306492674754,58.23882130635664,20
FOODS_3_007_WI_2_validation,FOODS_3_007,FOODS_3,FOODS,WI_2,WI,2016-05-22,11617,Sunday,2,5,2016,,,0,0,0,0.25,32.77873825074419,35.30118199766779,38.26326672881181,42.0,28.55354751390069,31.472963535323803,6,0.25,0.0,0,31.881987085606355,20.06082878789132,43.703145383321385,35
FOODS_3_030_TX_3_validation,FOODS_3_030,FOODS_3,FOODS,TX_3,TX,2016-05-22,11617,Sunday,2,5,2016,,,0,0,0,1.25,23.746607857552526,23.794607248226495,20.72130490503976,17.0,20.65953996550214,19.573510183512017,6,1.25,0.0,0,21.740365054428924,13.679503099104263,29.801227009753585,36
FOODS_3_080_CA_2_validation,FOODS_3_080,FOODS_3,FOODS,CA_2,CA,2016-05-22,11617,Sunday,2,5,2016,,,0,0,0,1.68,20.423764475669525,19.94029835217507,20.373817020663818,20.0,16.071531898566473,15.315544570686688,6,1.68,0.0,0,21.010545738152622,13.220285161696447,28.8008063146088,10
FOODS_3_090_CA_1_validation,FOODS_3_090,FOODS_3,FOODS,CA_1,CA,2016-05-22,11617,Sunday,2,5,2016,,,0,0,0,1.6,80.7811484122646,75.7177903000584,66.57010615674959,42.0,55.73101505964671,52.233607467426125,6,1.6,0.0,0,66.01006072928945,41.53494332122176,90.48517813735714,64
FOODS_3_090_CA_2_validation,FOODS_3_090,FOODS_3,FOODS,CA_2,CA,2016-05-22,11617,Sunday,2,5,2016,,,0,0,0,1.6,71.64129225750193,68.74824010401741,67.81020954387425,60.0,50.54884291023973,49.61637328336137,6,1.6,0.0,0,68.48282734369874,43.09086101075856,93.87479367663893,59
FOODS_3_090_CA_3_validation,FOODS_3_090,FOODS_3,FOODS,CA_3,CA,2016-05-22,11617,Sunday,2,5,2016,,,0,0,0,1.6,150.3990455172861,125.36735977466402,122.24116253281292,130.0,100.40511024888056,100.66862889183452,6,1.6,0.0,0,123.62664415751277,77.78853104125022,169.46475727377532,99
FOODS_3_090_CA_4_validation,FOODS_3_090,FOODS_3,FOODS,CA_4,CA,2016-05-22,11617,Sunday,2,5,2016,,,0,0,0,1.6,33.87086813551251,32.969365301183565,29.970278865193578,18.0,28.601231837789733,26.726402814949164,6,1.6,0.0,0,30.33432353979572,19.087005753260435,41.581641326331,38
FOODS_3_090_TX_1_validation,FOODS_3_090,FOODS_3,FOODS,TX_1,TX,2016-05-22,11617,Sunday,2,5,2016,,,0,0,0,1.5,61.59923453203089,70.79292643362642,68.01573517507497,58.0,53.03642567154549,51.79864024195118,6,1.5,0.0,0,66.17013751908316,41.63566706420379,90.70460797396252,82
FOODS_3_090_TX_2_validation,FOODS_3_090,FOODS_3,FOODS,TX_2,TX,2016-05-22,11617,Sunday,2,5,2016,,,0,0,0,1.5,77.49709943650998,77.57811412150652,79.82362133163817,73.0,57.35694338133521,58.120686881535825,6,1.5,0.0,0,76.57499302663882,48.18262489149859,104.96736116177905,75
FOODS_3_090_TX_3_validation,FOODS_3_090,FOODS_3,FOODS,TX_3,TX,2016-05-22,11617,Sunday,2,5,2016,,,0,0,0,1.5,87.86689299891188,80.21625368662362,81.47031525930372,66.0,66.66853780843846,63.94116042983568,6,1.5,0.0,0,78.67988891810322,49.507070446966075,107.85270738924036,116
FOODS_3_090_WI_1_validation,FOODS_3_090,FOODS_3,FOODS,WI_1,WI,2016-05-22,11617,Sunday,2,5,2016,,,0,0,0,1.44,31.337630093561863,28.421251731972422,31.552141290071308,27.0,21.97009149047874,21.231626121090834,6,1.44,0.0,0,30.78695824009115,19.371813196463513,42.202103283718785,16
FOODS_3_090_WI_3_validation,FOODS_3_090,FOODS_3,FOODS,WI_3,WI,2016-05-22,11617,Sunday,2,5,2016,,,0,0,0,1.44,127.99044515911197,109.8978828178368,106.95483878774075,91.0,79.4366069391892,74.99101645795312,6,1.44,0.0,0,103.32082136745943,65.01167264485412,141.62997009006475,114
FOODS_3_120_CA_1_validation,FOODS_3_120,FOODS_3,FOODS,CA_1,CA,2016-05-22,11617,Sunday,2,5,2016,,,0,0,0,4.98,59.6335438510844,60.43354315695321,57.542847229908986,59.0,47.65164859172702,47.20255850442372,6,4.98,0.0,0,62.65373393556976,39.42307065204863,85.8843972190909,114
FOODS_3_120_CA_3_validation,FOODS_3_120,FOODS_3,FOODS,CA_3,CA,2016-05-22,11617,Sunday,2,5,2016,,,0,0,0,4.98,74.48747793437067,76.16513082558907,83.93111328149843,98.0,73.376021262407,71.65461755138487,6,4.98,0.0,0,81.58545486479572,51.33531474152702,111.83559498806441,33
FOODS_3_226_WI_1_validation,FOODS_3_226,FOODS_3,FOODS,WI_1,WI,2016-05-22,11617,Sunday,2,5,2016,,,0,0,0,1.68,47.30867366915488,50.24746263608423,44.79583103608686,38.0,38.33333570143672,36.87024516363474,6,1.68,0.0,0,45.04477502586261,28.343136742278958,61.74641330944627,51
FOODS_3_226_WI_2_validation,FOODS_3_226,FOODS_3,FOODS,WI_2,WI,2016-05-22,11617,Sunday,2,5,2016,,,0,0,0,1.68,56.8589525139028,54.18842278155446,47.50977818042879,38.0,46.344797746209615,45.118076464333136,6,1.68,0.0,0,50.42912911444255,31.731087600371797,69.12717062851331,57
FOODS_3_226_WI_3_validation,FOODS_3_226,FOODS_3,FOODS,WI_3,WI,2016-05-22,11617,Sunday,2,5,2016,,,0,0,0,1.68,52.63037127682815,50.151119542533685,44.495289323642645,38.0,45.12075114276174,45.043696520141154,6,1.68,0.0,0,47.00993817023569,29.579659461947852,64.44021687852353,58
FOODS_3_234_WI_2_validation,FOODS_3_234,FOODS_3,FOODS,WI_2,WI,2016-05-22,11617,Sunday,2,5,2016,,,0,0,0,0.25,32.0292915471067,34.41035139421848,36.181410737576535,12.0,32.139752174610216,29.43633392545172,6,0.25,0.0,0,28.874777440377052,18.168628102273576,39.58092677848053,28
FOODS_3_252_CA_1_validation,FOODS_3_252,FOODS_3,FOODS,CA_1,CA,2016-05-22,11617,Sunday,2,5,2016,,,0,0,0,1.58,51.03488856188413,50.22067068966265,48.54225952419224,52.0,38.343105343826664,38.00336867735049,6,1.58,0.0,0,49.27108830507721,31.002423532360883,67.53975307779353,50
FOODS_3_252_CA_2_validation,FOODS_3_252,FOODS_3,FOODS,CA_2,CA,2016-05-22,11617,Sunday,2,5,2016,,,0,0,0,1.58,46.06134685134521,49.2549851544109,45.016581319489674,38.0,37.35645076990611,36.32085459553466,6,1.58,0.0,0,44.813101518297685,28.19736281176857,61.4288402248268,46
FOODS_3_252_CA_3_validation,FOODS_3_252,FOODS_3,FOODS,CA_3,CA,2016-05-22,11617,Sunday,2,5,2016,,,0,0,0,1.58,56.24248459369587,56.14864695337663,53.62891821171247,39.0,47.17594929503925,44.75586730321402,6,1.58,0.0,0,51.53555924572545,32.42727712487766,70.64384136657324,62
FOODS_3_252_CA_4_validation,FOODS_3_252,FOODS_3,FOODS,CA_4,CA,2016-05-22,11617,Sunday,2,5,2016,,,0,0,0,1.58,25.132892354091986,18.985429252452516,16.607387182711037,9.0,19.648503857934823,17.88129772079122,6,1.58,0.0,0,19.70593054741947,12.39939335513789,27.012467739701048,12
FOODS_3_252_TX_1_validation,FOODS_3_252,FOODS_3,FOODS,TX_1,TX,2016-05-22,11617,Sunday,2,5,2016,,,0,0,0,1.58,44.503607346672254,36.244263314880726,39.127722224265966,35.0,32.76428773205135,31.793003872365716,6,1.58,0.0,0,38.58341740755765,24.277512207330435,52.889322607784855,56
FOODS_3_252_TX_2_validation,FOODS_3_252,FOODS_3,FOODS,TX_2,TX,2016-05-22,11617,Sunday,2,5,2016,,,0,0,0,1.58,71.6365883057991,65.97448840959393,64.43298558805563,46.0,50.37657234209872,49.43707272204319,6,1.58,0.0,0,65.51678438076999,41.22456328292005,89.80900547861992,72
FOODS_3_252_TX_3_validation,FOODS_3_252,FOODS_3,FOODS,TX_3,TX,2016-05-22,11617,Sunday,2,5,2016,,,0,0,0,1.58,49.95112110094522,39.21264752542197,39.72172420386655,20.0,35.51618855067764,33.89685675761727,6,1.58,0.0,0,39.29755168586857,24.72686078307299,53.868242588664145,65
FOODS_3_318_WI_3_validation,FOODS_3_318,FOODS_3,FOODS,WI_3,WI,2016-05-22,11617,Sunday,2,5,2016,,,0,0,0,1.48,37.831676325609514,32.64324987619876,30.351433763529602,14.0,25.843075819894697,24.360711360315257,6,1.48,0.0,0,31.751076903650038,19.97845729894473,43.52369650835534,25
FOODS_3_377_TX_2_validation,FOODS_3_377,FOODS_3,FOODS,TX_2,TX,2016-05-22,11617,Sunday,2,5,2016,,,0,0,0,1.68,35.303067890179676,32.73841159025874,31.80607409700974,28.0,27.654614754851174,27.32142785621602,6,1.68,0.0,0,32.342515439923936,20.350603087188535,44.33442779265934,18
FOODS_3_377_TX_3_validation,FOODS_3_377,FOODS_3,FOODS,TX_3,TX,2016-05-22,11617,Sunday,2,5,2016,,,0,0,0,1.68,53.302154023960384,47.281548369463046,47.90330248812825,50.0,42.64954033593235,42.627045783508365,6,1.68,0.0,0,50.074041803459906,31.507659062770024,68.64042454414978,57
FOODS_3_491_WI_1_validation,FOODS_3_491,FOODS_3,FOODS,WI_1,WI,2016-05-22,11617,Sunday,2,5,2016,,,0,0,0,1.44,24.89018970594482,26.560380717791524,27.142882691779437,36.0,21.15078416521539,20.66982697523263,6,1.44,0.0,0,27.7304895624849,17.448617673161475,38.01236145180833,18
FOODS_3_541_CA_3_validation,FOODS_3_541,FOODS_3,FOODS,CA_3,CA,2016-05-22,11617,Sunday,2,5,2016,,,0,0,0,0.88,6.214511008182902,5.328899131634798,4.49473073694124,0.0,5.296754005540454,5.114882091074247,6,0.88,0.0,0,5.328899131634798,3.3530574120309815,7.3047408512386145,0
FOODS_3_555_CA_2_validation,FOODS_3_555,FOODS_3,FOODS,CA_2,CA,2016-05-22,11617,Sunday,2,5,2016,,,0,0,0,1.68,25.43320660688941,29.421038640101173,29.02591592389718,36.0,23.129306658479695,22.634949157802737,6,1.68,0.0,0,29.421296586011437,18.512509648315156,40.330083523707714,25
FOODS_3_555_TX_1_validation,FOODS_3_555,FOODS_3,FOODS,TX_1,TX,2016-05-22,11617,Sunday,2,5,2016,,,0,0,0,1.68,35.710994873465374,32.46154619545513,33.47038497322088,28.0,30.910685849338183,29.29242220198812,6,1.68,0.0,0,32.90318061618834,20.703385618533666,45.10297561384301,37
FOODS_3_555_TX_2_validation,FOODS_3_555,FOODS_3,FOODS,TX_2,TX,2016-05-22,11617,Sunday,2,5,2016,,,0,0,0,1.68,52.50538843400153,51.738910385516064,52.1256636991406,39.0,40.74992744591547,40.370985874569165,6,1.68,0.0,0,48.45880364681331,30.49131663639769,66.42629065722893,60
FOODS_3_555_TX_3_validation,FOODS_3_555,FOODS_3,FOODS,TX_3,TX,2016-05-22,11617,Sunday,2,5,2016,,,0,0,0,1.68,40.54868730395737,32.93042267742298,34.96794226876362,17.0,30.467614379069833,28.767808827794386,6,1.68,0.0,0,33.14496362388887,20.855520662948496,45.43440658482924,43
FOODS_3_555_WI_3_validation,FOODS_3_555,FOODS_3,FOODS,WI_3,WI,2016-05-22,11617,Sunday,2,5,2016,,,0,0,0,1.68,36.51107274590596,35.13183707157534,32.211657537645486,25.0,29.576932263169518,27.750295292292492,6,1.68,0.0,0,32.18809961778068,20.253441346239335,44.122757889322024,39
FOODS_3_586_CA_1_validation,FOODS_3_586,FOODS_3,FOODS,CA_1,CA,2016-05-22,11617,Sunday,2,5,2016,,,0,0,0,1.68,44.81269948364303,49.02505978424632,48.79341532437631,54.0,37.809962208697,38.01719025135348,6,1.68,0.0,0,47.83938454187723,30.101564875357628,65.57720420839684,43
FOODS_3_586_CA_2_validation,FOODS_3_586,FOODS_3,FOODS,CA_2,CA,2016-05-22,11617,Sunday,2,5,2016,,,0,0,0,1.68,42.83344235019573,39.86515328695439,35.79342328364677,36.0,35.2096554081722,33.915779178125305,6,1.68,0.0,0,39.24117469540894,24.691387173785387,53.79096221703249,62
FOODS_3_586_CA_3_validation,FOODS_3_586,FOODS_3,FOODS,CA_3,CA,2016-05-22,11617,Sunday,2,5,2016,,,0,0,0,1.68,78.28930643314276,80.62098819760973,80.65973973766478,78.0,73.9016714967053,70.1990942452715,6,1.68,0.0,0,79.49095248139712,50.01740900383355,108.96449595896068,89
FOODS_3_586_CA_4_validation,FOODS_3_586,FOODS_3,FOODS,CA_4,CA,2016-05-22,11617,Sunday,2,5,2016,,,0,0,0,1.68,23.644162290534688,21.618974131082982,18.849489965294794,19.0,19.165274279287917,18.281760435246728,6,1.68,0.0,0,22.204953995602395,13.971832406578214,30.438075584626578,13
FOODS_3_586_TX_1_validation,FOODS_3_586,FOODS_3,FOODS,TX_1,TX,2016-05-22,11617,Sunday,2,5,2016,,,0,0,0,1.68,61.26389572579077,65.1498807397385,60.516446627699366,58.0,55.91463115859197,53.76664501912631,6,1.68,0.0,0,63.01717600581042,39.651756183030045,86.3825958285908,69
FOODS_3_586_TX_2_validation,FOODS_3_586,FOODS_3,FOODS,TX_2,TX,2016-05-22,11617,Sunday,2,5,2016,,,0,0,0,1.68,87.70946359903283,95.05890103470873,95.72772239441386,75.0,68.8421564290131,69.66156069011667,6,1.68,0.0,0,92.85906950587083,58.42891441359312,127.28922459814855,117
FOODS_3_586_TX_3_validation,FOODS_3_586,FOODS_3,FOODS,TX_3,TX,2016-05-22,11617,Sunday,2,5,2016,,,0,0,0,1.68,65.6815078484401,68.50532766787043,61.903961208456494,47.0,55.634831694279285,54.27055709127336,6,1.68,0.0,0,61.76301522876326,38.86261137366556,84.66341908386096,94
FOODS_3_586_WI_1_validation,FOODS_3_586,FOODS_3,FOODS,WI_1,WI,2016-05-22,11617,Sunday,2,5,2016,,,0,0,0,1.68,21.69143035352523,20.648906571099385,17.11414738777851,14.0,17.28836726105327,16.226335122313774,6,1.68,0.0,0,18.9991102007451,11.954646861754044,26.04357353973616,30
FOODS_3_586_WI_3_validation,FOODS_3_586,FOODS_3,FOODS,WI_3,WI,2016-05-22,11617,Sunday,2,5,2016,,,0,0,0,1.68,43.985092442131744,42.37003487578689,41.943508772731825,44.0,34.42707361248033,33.63406585275051,6,1.68,0.0,0,42.79468869217021,26.92733425239727,58.66204313194316,37
FOODS_3_587_CA_1_validation,FOODS_3_587,FOODS_3,FOODS,CA_1,CA,2016-05-22,11617,Sunday,2,5,2016,,,0,0,0,2.48,25.7421965625166,30.292963595972534,28.999214329033975,26.0,22.802046993082808,22.661968875574935,6,2.48,0.0,0,29.58907376108367,18.618078638560426,40.56006888360692,52
FOODS_3_587_CA_4_validation,FOODS_3_587,FOODS_3,FOODS,CA_4,CA,2016-05-22,11617,Sunday,2,5,2016,,,0,0,0,2.48,19.08707381254667,20.087520976815654,21.918022985108223,29.0,17.03244821325894,16.8107125938005,6,2.48,0.0,0,22.589498590567388,14.213796097868475,30.9652010832663,13
FOODS_3_587_TX_1_validation,FOODS_3_587,FOODS_3,FOODS,TX_1,TX,2016-05-22,11617,Sunday,2,5,2016,,,0,0,0,2.48,29.712536360387894,24.847933004387144,25.495880842153117,24.0,24.1227457355404,24.46989225959026,6,2.48,0.0,0,28.601541604454013,17.996702265014733,39.20638094389329,44
FOODS_3_587_TX_2_validation,FOODS_3_587,FOODS_3,FOODS,TX_2,TX,2016-05-22,11617,Sunday,2,5,2016,,,0,0,0,2.48,34.15985580244515,34.81428067962264,39.06875822244402,44.0,29.203614654575627,29.08218542455253,6,2.48,0.0,0,37.55249447425465,23.62883342821384,51.47615552029546,25
FOODS_3_635_CA_3_validation,FOODS_3_635,FOODS_3,FOODS,CA_3,CA,2016-05-22,11617,Sunday,2,5,2016,,,0,0,0,0.88,6.214511008182902,5.328899131634798,4.49473073694124,0.0,5.296754005540454,5.0748002534137715,6,0.88,0.0,0,5.328899131634798,3.3530574120309815,7.3047408512386145,0
FOODS_3_635_CA_4_validation,FOODS_3_635,FOODS_3,FOODS,CA_4,CA,2016-05-22,11617,Sunday,2,5,2016,,,0,0,0,1.0,7.876662576506491,6.711482982778233,5.587899476686112,0.0,6.39454493489007,5.8351296633781535,6,1.0,0.0,0,6.903556574083686,4.3438655842984915,9.463247563868881,0
FOODS_3_694_WI_1_validation,FOODS_3_694,FOODS_3,FOODS,WI_1,WI,2016-05-22,11617,Sunday,2,5,2016,,,0,0,0,1.68,28.66318584063085,31.592542532460133,28.010861918109594,24.0,23.471596972536258,22.52232057513775,6,1.68,0.0,0,29.938629714292315,18.838026727438255,41.039232701146375,32
FOODS_3_694_WI_2_validation,FOODS_3_694,FOODS_3,FOODS,WI_2,WI,2016-05-22,11617,Sunday,2,5,2016,,,0,0,0,1.68,38.83376220167328,41.77155265318914,36.09782418821892,29.0,35.618545921840784,35.32090014671562,6,1.68,0.0,0,37.3498168922227,23.50130435477907,51.19832942966633,42
FOODS_3_694_WI_3_validation,FOODS_3_694,FOODS_3,FOODS,WI_3,WI,2016-05-22,11617,Sunday,2,5,2016,,,0,0,0,1.68,55.651732287889104,54.18842278155446,50.13495961802247,48.0,44.17227858771558,44.114533904935634,6,1.68,0.0,0,52.644357252856814,33.124956567557675,72.16375793815595,48
FOODS_3_711_WI_2_validation,FOODS_3_711,FOODS_3,FOODS,WI_2,WI,2016-05-22,11617,Sunday,2,5,2016,,,0,0,0,0.25,21.764499605964854,31.185840677550093,41.65216460811393,18.0,26.836893520886758,29.189262699346646,6,0.25,0.0,0,31.739772635137037,19.971344411200224,43.508200859073845,17
FOODS_3_714_CA_1_validation,FOODS_3_714,FOODS_3,FOODS,CA_1,CA,2016-05-22,11617,Sunday,2,5,2016,,,0,0,0,1.58,27.63142005480311,32.56366127007882,28.7676654249833,27.0,20.943895104027284,19.780502004859546,6,1.58,0.0,0,30.649840616492213,19.28553585234958,42.014145380634844,23
FOODS_3_714_TX_1_validation,FOODS_3_714,FOODS_3,FOODS,TX_1,TX,2016-05-22,11617,Sunday,2,5,2016,,,0,0,0,1.58,30.893912550599072,27.503241809299368,29.02953911331955,20.0,22.793673116545886,21.282761609296816,6,1.58,0.0,0,29.263475182166413,18.41320504245422,40.11374532187861,41
FOODS_3_714_WI_1_validation,FOODS_3_714,FOODS_3,FOODS,WI_1,WI,2016-05-22,11617,Sunday,2,5,2016,,,0,0,0,1.58,29.32357197710016,30.794081482452217,25.119159676318855,15.0,20.309653809355854,18.778586546815767,6,1.58,0.0,0,27.08483161863723,17.042355872970305,37.12730736430416,30
FOODS_3_808_CA_4_validation,FOODS_3_808,FOODS_3,FOODS,CA_4,CA,2016-05-22,11617,Sunday,2,5,2016,,,0,0,0,1.0,7.876662576506491,6.711482982778233,5.587899476686112,0.0,6.39454493489007,5.843760498516347,6,1.0,0.0,0,6.903556574083686,4.3438655842984915,9.463247563868881,0
HOBBIES_1_008_TX_2_validation,HOBBIES_1_008,HOBBIES_1,HOBBIES,TX_2,TX,2016-05-22,11617,Sunday,2,5,2016,,,0,0,0,0.48,6.586064075352053,6.1674406099659596,4.674210212804938,2.0,5.747467807306514,5.433935139191719,6,0.48,0.0,0,5.895066763462751,3.709302206210517,8.080831320714985,7
HOBBIES_1_015_CA_2_validation,HOBBIES_1_015,HOBBIES_1,HOBBIES,CA_2,CA,2016-05-22,11617,Sunday,2,5,2016,,,0,0,0,0.7,10.708185391387671,6.923130028891572,9.297127102838768,0.0,6.929918224900068,6.724115078881749,6,0.7,0.0,0,7.118420080891214,4.479062302472237,9.75777785931019,2
HOBBIES_1_048_WI_3_validation,HOBBIES_1_048,HOBBIES_1,HOBBIES,WI_3,WI,2016-05-22,11617,Sunday,2,5,2016,,,0,0,0,0.48,8.353202693341213,5.619751339298768,4.929543834455408,2.0,6.096995796456274,5.848720530898829,6,0.48,0.0,0,6.039027653312949,3.7998854799469632,8.278169826678935,2
HOBBIES_1_103_WI_3_validation,HOBBIES_1_103,HOBBIES_1,HOBBIES,WI_3,WI,2016-05-22,11617,Sunday,2,5,2016,,,0,0,0,0.7,8.94706484723485,5.7756487550382385,5.216795784508663,0.0,5.925481263037935,5.757184388318144,6,0.7,0.0,0,6.0509641792022215,3.8073961975676673,8.294532160836775,1
HOBBIES_1_178_CA_4_validation,HOBBIES_1_178,HOBBIES_1,HOBBIES,CA_4,CA,2016-05-22,11617,Sunday,2,5,2016,,,0,0,0,0.48,8.353202693341213,6.087140354768203,6.675019812286336,13.0,6.508301037516004,6.9103722020152505,6,0.48,0.0,0,7.808039421577433,4.91298555465781,10.703093288497056,0
HOBBIES_1_178_WI_2_validation,HOBBIES_1_178,HOBBIES_1,HOBBIES,WI_2,WI,2016-05-22,11617,Sunday,2,5,2016,,,0,0,0,0.48,6.505363215846872,5.508378607498496,4.674210212804938,6.0,6.249826227988189,6.054368410900579,6,0.48,0.0,0,6.442756034129943,4.053920019972192,8.831592048287693,0
HOBBIES_1_234_CA_3_validation,HOBBIES_1_234,HOBBIES_1,HOBBIES,CA_3,CA,2016-05-22,11617,Sunday,2,5,2016,,,0,0,0,0.3,32.90866043994874,33.0397751091018,30.695669899628367,32.0,29.8165663294611,29.44488506022726,6,0.3,0.0,0,22.673299091960263,14.266525167304076,31.08007301661645,80
HOBBIES_1_254_CA_3_validation,HOBBIES_1_254,HOBBIES_1,HOBBIES,CA_3,CA,2016-05-22,11617,Sunday,2,5,2016,,,0,0,0,0.7,12.776230118912688,12.688680711664974,10.64745239043812,9.0,10.218477856932257,10.487181982443744,6,0.7,0.0,0,10.29232525920703,6.476151386042584,14.108499132371474,16
HOBBIES_1_254_TX_1_validation,HOBBIES_1_254,HOBBIES_1,HOBBIES,TX_1,TX,2016-05-22,11617,Sunday,2,5,2016,,,0,0,0,0.7,7.473615610178802,7.2623664858959,5.396932849924844,0.0,5.9652404149975595,5.375256225390558,6,0.7,0.0,0,6.087140354768203,3.830159021675249,8.344121687861158,10
HOBBIES_1_348_CA_1_validation,HOBBIES_1_348,HOBBIES_1,HOBBIES,CA_1,CA,2016-05-22,11617,Sunday,2,5,2016,,,0,0,0,0.48,8.097869071690742,7.5269598592792555,9.494984021830165,26.0,6.497636528897156,7.364084810995223,6,0.48,0.0,0,8.720673492432528,5.487234449253401,11.954112535611657,24
HOBBIES_1_348_CA_2_validation,HOBBIES_1_348,HOBBIES_1,HOBBIES,CA_2,CA,2016-05-22,11617,Sunday,2,5,2016,,,0,0,0,0.48,6.799489680402529,6.7916940714779015,5.060898368769192,3.0,6.35877922854059,6.202916706255253,6,0.48,0.0,0,6.087140354768203,3.830159021675249,8.344121687861158,19
HOBBIES_1_354_TX_3_validation,HOBBIES_1_354,HOBBIES_1,HOBBIES,TX_3,TX,2016-05-22,11617,Sunday,2,5,2016,,,0,0,0,22.98,23.36876296242663,27.138763334560966,22.87095071377233,23.0,23.495650920558628,22.84684878911616,6,22.98,0.0,0,23.80142764347786,14.976367802330536,32.62648748462519,48
HOBBIES_1_370_WI_1_validation,HOBBIES_1_370,HOBBIES_1,HOBBIES,WI_1,WI,2016-05-22,11617,Sunday,2,5,2016,,,0,0,0,0.48,7.875386395550983,6.0509641792022215,6.143080181549062,6.0,6.017782001293485,6.12496625177874,6,0.48,0.0,0,6.586716923980142,4.144503293708638,9.028930554251646,2
HOBBIES_1_371_CA_1_validation,HOBBIES_1_371,HOBBIES_1,HOBBIES,CA_1,CA,2016-05-22,11617,Sunday,2,5,2016,,,0,0,0,0.48,9.14187411589213,6.5728124246344315,5.828664747996121,2.0,8.27568239199029,7.996425002994805,6,0.48,0.0,0,6.243037770507674,3.928253013032399,8.557822527982948,12
HOBBIES_1_371_CA_4_validation,HOBBIES_1_371,HOBBIES_1,HOBBIES,CA_4,CA,2016-05-22,11617,Sunday,2,5,2016,,,0,0,0,0.48,6.393990484046601,7.77984324321094,6.2939898059695105,9.0,6.823181868410602,6.962644623356389,6,0.48,0.0,0,6.959622248204039,4.379143306680917,9.540101189727162,8
HOBBIES_1_371_TX_1_validation,HOBBIES_1_371,HOBBIES_1,HOBBIES,TX_1,TX,2016-05-22,11617,Sunday,2,5,2016,,,0,0,0,0.48,6.393990484046601,7.048940880845422,4.949525636968921,0.0,5.69731577826149,5.194290712271271,6,0.48,0.0,0,5.975767622967932,3.7600809146147998,8.191454331321063,2
HOBBIES_1_371_TX_2_validation,HOBBIES_1_371,HOBBIES_1,HOBBIES,TX_2,TX,2016-05-22,11617,Sunday,2,5,2016,,,0,0,0,0.48,7.2933764474651595,5.763712229148966,5.470203957776193,2.0,5.670577558174123,5.358855720159026,6,0.48,0.0,0,5.895066763462751,3.709302206210517,8.080831320714985,6
HOBBIES_1_371_TX_3_validation,HOBBIES_1_371,HOBBIES_1,HOBBIES,TX_3,TX,2016-05-22,11617,Sunday,2,5,2016,,,0,0,0,0.48,8.723609166174208,6.442756034129943,5.614164847626392,1.0,6.122727392853775,5.686844180423338,6,0.48,0.0,0,6.0509641792022215,3.8073961975676673,8.294532160836775,5
HOBBIES_1_371_WI_1_validation,HOBBIES_1_371,HOBBIES_1,HOBBIES,WI_1,WI,2016-05-22,11617,Sunday,2,5,2016,,,0,0,0,0.48,8.324966477532993,5.619751339298768,4.94148036034468,3.0,7.079830632404866,6.984045879775309,6,0.48,0.0,0,6.039027653312949,3.7998854799469632,8.278169826678935,4
HOBBIES_1_371_WI_2_validation,HOBBIES_1_371,HOBBIES_1,HOBBIES,WI_2,WI,2016-05-22,11617,Sunday,2,5,2016,,,0,0,0,0.48,6.688116948602258,5.619751339298768,4.785582944605209,4.0,5.8008402414568945,5.745983515657864,6,0.48,0.0,0,5.895066763462751,3.709302206210517,8.080831320714985,0
HOUSEHOLD_1_110_CA_1_validation,HOUSEHOLD_1_110,HOUSEHOLD_1,HOUSEHOLD,CA_1,CA,2016-05-22,11617,Sunday,2,5,2016,,,0,0,0,3.97,10.78525525308674,9.349160748971915,10.447897284423417,13.0,8.772073355688546,8.639332451448771,6,3.97,0.0,0,10.921070871378264,6.8717715850922065,14.970370157664322,12
HOUSEHOLD_1_110_CA_4_validation,HOUSEHOLD_1_110,HOUSEHOLD_1,HOUSEHOLD,CA_4,CA,2016-05-22,11617,Sunday,2,5,2016,,,0,0,0,3.97,7.837450476546597,6.6722708828183395,6.105798508968812,8.0,6.6968218531620485,6.628122625260929,6,3.97,0.0,0,7.548965487294776,4.7499706890820015,10.34796028550755,10
HOUSEHOLD_1_110_WI_2_validation,HOUSEHOLD_1_110,HOUSEHOLD_1,HOUSEHOLD,WI_2,WI,2016-05-22,11617,Sunday,2,5,2016,,,0,0,0,3.97,32.37839520428593,33.245319967644534,28.460248804042486,26.0,25.67847267207498,24.787138030960197,6,3.97,0.0,0,30.577914793583005,19.240278584823077,41.91555100234293,9
HOUSEHOLD_1_110_WI_3_validation,HOUSEHOLD_1_110,HOUSEHOLD_1,HOUSEHOLD,WI_3,WI,2016-05-22,11617,Sunday,2,5,2016,,,0,0,0,3.97,18.175590397160164,17.637281272223326,17.79973526943481,17.0,14.363766133958038,13.780141456617466,6,3.97,0.0,0,19.544589776173016,12.297874287967115,26.791305264378916,16
HOUSEHOLD_1_118_CA_1_validation,HOUSEHOLD_1_118,HOUSEHOLD_1,HOUSEHOLD,CA_1,CA,2016-05-22,11617,Sunday,2,5,2016,,,0,0,0,0.97,8.982744583536004,10.51909927852548,9.793340994724813,9.0,7.943051966622964,7.681783878875777,6,0.97,0.0,0,9.633182724175231,6.0614047924069805,13.204960655943482,16
HOUSEHOLD_1_118_CA_3_validation,HOUSEHOLD_1_118,HOUSEHOLD_1,HOUSEHOLD,CA_3,CA,2016-05-22,11617,Sunday,2,5,2016,,,0,0,0,0.97,22.57309447472884,27.363600633743285,26.279079989368604,31.0,21.59837808779068,21.151801609301888,6,0.97,0.0,0,26.552673491154536,16.707510586983258,36.39783639532581,28
HOUSEHOLD_1_118_TX_3_validation,HOUSEHOLD_1_118,HOUSEHOLD_1,HOUSEHOLD,TX_3,TX,2016-05-22,11617,Sunday,2,5,2016,,,0,0,0,0.97,7.34589505460527,7.151586291070168,8.942297949395249,11.0,6.5447668647234005,6.82182061062951,6,0.97,0.0,0,7.967730564513208,5.013466640381088,10.921994488645328,9
HOUSEHOLD_1_151_CA_4_validation,HOUSEHOLD_1_151,HOUSEHOLD_1,HOUSEHOLD,CA_4,CA,2016-05-22,11617,Sunday,2,5,2016,,,0,0,0,0.88,6.214511008182902,5.328899131634798,4.834593001100797,8.0,5.296754005540454,5.3266281653194385,6,0.88,0.0,0,6.013520144805782,3.783835609542274,8.24320468006929,6
HOUSEHOLD_1_191_CA_2_validation,HOUSEHOLD_1_191,HOUSEHOLD_1,HOUSEHOLD,CA_2,CA,2016-05-22,11617,Sunday,2,5,2016,,,0,0,0,2.96,18.203199931273364,16.387840630416388,12.764861775051648,8.0,11.801773228273165,11.091005247402721,6,2.96,0.0,0,15.059431546503303,9.475716713835642,20.643146379170965,5
HOUSEHOLD_1_191_CA_4_validation,HOUSEHOLD_1_191,HOUSEHOLD_1,HOUSEHOLD,CA_4,CA,2016-05-22,11617,Sunday,2,5,2016,,,0,0,0,2.96,8.219220757306143,6.6722708828183395,5.909897134659454,5.0,6.676932691262887,6.431659502591835,6,2.96,0.0,0,6.864344474123793,4.31919249157071,9.409496456676877,0
HOUSEHOLD_1_234_CA_2_validation,HOUSEHOLD_1_234,HOUSEHOLD_1,HOUSEHOLD,CA_2,CA,2016-05-22,11617,Sunday,2,5,2016,,,0,0,0,0.97,7.614956490757191,6.376607780480928,7.016301799327889,3.0,7.123350836616767,6.864050673672048,6,0.97,0.0,0,6.394141065927488,4.023330441254291,8.764951690600684,0
HOUSEHOLD_1_234_TX_1_validation,HOUSEHOLD_1_234,HOUSEHOLD_1,HOUSEHOLD,TX_1,TX,2016-05-22,11617,Sunday,2,5,2016,,,0,0,0,0.97,12.827801621630288,13.555940964490194,13.136214480923117,11.0,10.88201456554765,10.897548926589788,6,0.97,0.0,0,12.929839278785495,8.135731669741842,17.72394688782915,15
HOUSEHOLD_1_234_TX_2_validation,HOUSEHOLD_1_234,HOUSEHOLD_1,HOUSEHOLD,TX_2,TX,2016-05-22,11617,Sunday,2,5,2016,,,0,0,0,0.97,7.493674672753934,6.053179654861691,5.350365794481918,0.0,6.018794934916832,5.584295727381169,6,0.97,0.0,0,6.1845341891754755,3.8914413072427823,8.477627071108168,0
HOUSEHOLD_1_303_CA_2_validation,HOUSEHOLD_1_303,HOUSEHOLD_1,HOUSEHOLD,CA_2,CA,2016-05-22,11617,Sunday,2,5,2016,,,0,0,0,0.98,9.771169040933646,8.505531791595509,8.989208981328842,6.0,7.1107189458922955,6.975616163080155,6,0.98,0.0,0,9.041051837819492,5.688823362670199,12.393280312968784,13
HOUSEHOLD_1_303_CA_3_validation,HOUSEHOLD_1_303,HOUSEHOLD_1,HOUSEHOLD,CA_3,CA,2016-05-22,11617,Sunday,2,5,2016,,,0,0,0,0.98,15.2710562690764,18.429912499438064,14.801180266102387,14.0,12.317431965106225,12.007622776833136,6,0.98,0.0,0,15.639492488444018,9.840703476159158,21.438281500728877,8
HOUSEHOLD_1_303_WI_1_validation,HOUSEHOLD_1_303,HOUSEHOLD_1,HOUSEHOLD,WI_1,WI,2016-05-22,11617,Sunday,2,5,2016,,,0,0,0,0.98,8.019807372849291,6.614536672318308,6.417801834662849,1.0,6.431721876667496,6.10231908776361,6,0.98,0.0,0,6.77020337727537,4.259956898108182,9.280449856442557,7
HOUSEHOLD_1_327_CA_2_validation,HOUSEHOLD_1_327,HOUSEHOLD_1,HOUSEHOLD,CA_2,CA,2016-05-22,11617,Sunday,2,5,2016,,,0,0,0,0.98,8.019807372849291,6.501093714169708,5.766832861786436,3.0,6.210173900039263,6.023650464346443,6,0.98,0.0,0,6.6931673054751615,4.211484152581811,9.174850458368512,5
HOUSEHOLD_1_327_WI_1_validation,HOUSEHOLD_1_327,HOUSEHOLD_1,HOUSEHOLD,WI_1,WI,2016-05-22,11617,Sunday,2,5,2016,,,0,0,0,0.98,7.779716266046566,6.806610263623761,6.62648901205693,0.0,6.218496422447314,5.8627496091982385,6,0.98,0.0,0,6.908663136873966,4.347078742924877,9.470247530823055,0
HOUSEHOLD_1_334_CA_1_validation,HOUSEHOLD_1_334,HOUSEHOLD_1,HOUSEHOLD,CA_1,CA,2016-05-22,11617,Sunday,2,5,2016,,,0,0,0,0.97,14.480121338947745,15.773373584097774,11.143684582371975,9.0,10.798448590585506,11.220657007117627,6,0.97,0.0,0,12.875977355944775,8.101840594841365,17.650114117048183,5
HOUSEHOLD_1_334_CA_3_validation,HOUSEHOLD_1_334,HOUSEHOLD_1,HOUSEHOLD,CA_3,CA,2016-05-22,11617,Sunday,2,5,2016,,,0,0,0,0.97,25.040815505814603,30.023111658588196,28.506919248580413,29.0,22.626096053206595,22.661417269507048,6,0.97,0.0,0,27.456770699453347,17.27638790490555,37.63715349400114,21
HOUSEHOLD_1_334_TX_1_validation,HOUSEHOLD_1_334,HOUSEHOLD_1,HOUSEHOLD,TX_1,TX,2016-05-22,11617,Sunday,2,5,2016,,,0,0,0,0.96,10.21697543384304,11.853309128199985,10.896097766865772,16.0,8.367288487686979,9.317974882285782,6,0.96,0.0,0,12.068785236188933,7.593938033125958,16.54363243925191,12
HOUSEHOLD_1_334_TX_2_validation,HOUSEHOLD_1_334,HOUSEHOLD_1,HOUSEHOLD,TX_2,TX,2016-05-22,11617,Sunday,2,5,2016,,,0,0,0,0.96,14.685343464867692,11.630986831410699,10.97519394575891,0.0,9.992840373738224,9.83732559819345,6,0.96,0.0,0,11.043893627112375,6.949054292328211,15.138732961896538,16
HOUSEHOLD_1_334_TX_3_validation,HOUSEHOLD_1_334,HOUSEHOLD_1,HOUSEHOLD,TX_3,TX,2016-05-22,11617,Sunday,2,5,2016,,,0,0,0,0.96,13.439159458375313,13.854281718134747,11.47141742257999,14.0,9.852812257693461,10.069597161087103,6,0.96,0.0,0,13.391067017747881,8.425946036829641,18.35618799866612,6
HOUSEHOLD_1_334_WI_2_validation,HOUSEHOLD_1_334,HOUSEHOLD_1,HOUSEHOLD,WI_2,WI,2016-05-22,11617,Sunday,2,5,2016,,,0,0,0,0.97,24.452802537531323,21.493542131235564,19.501520398472145,15.0,19.07637745583155,18.34297965616176,6,0.97,0.0,0,19.756360259680108,12.431124809666333,27.081595709693882,18
HOUSEHOLD_1_334_WI_3_validation,HOUSEHOLD_1_334,HOUSEHOLD_1,HOUSEHOLD,WI_3,WI,2016-05-22,11617,Sunday,2,5,2016,,,0,0,0,0.97,14.136309185828745,12.048805704904664,13.590694617180693,12.0,11.09998763863665,11.010883201359496,6,0.97,0.0,0,13.020631665441696,8.19286018306391,17.848403147819482,14
HOUSEHOLD_1_389_WI_1_validation,HOUSEHOLD_1_389,HOUSEHOLD_1,HOUSEHOLD,WI_1,WI,2016-05-22,11617,Sunday,2,5,2016,,,0,0,0,0.98,7.543698163749394,6.158853471955734,5.454546279877795,0.0,6.371245410680436,5.797399225685477,6,0.98,0.0,0,6.614536672318308,4.162008074914265,9.06706526972235,9
HOUSEHOLD_1_399_CA_4_validation,HOUSEHOLD_1_399,HOUSEHOLD_1,HOUSEHOLD,CA_4,CA,2016-05-22,11617,Sunday,2,5,2016,,,0,0,0,0.97,7.65756622297529,5.9092187650114925,5.038643483969543,0.0,5.825816388868185,5.410967447418004,6,0.97,0.0,0,6.328495079025674,3.9820245809792283,8.67496557707212,1
HOUSEHOLD_1_409_WI_2_validation,HOUSEHOLD_1_409,HOUSEHOLD_1,HOUSEHOLD,WI_2,WI,2016-05-22,11617,Sunday,2,5,2016,,,0,0,0,2.94,15.565266059754757,12.77674665058255,11.796278553397222,15.0,10.887372523747745,11.076214286015873,6,2.94,0.0,0,14.486180444921386,9.115014848847535,19.85734604099524,12
HOUSEHOLD_1_441_WI_3_validation,HOUSEHOLD_1_441,HOUSEHOLD_1,HOUSEHOLD,WI_3,WI,2016-05-22,11617,Sunday,2,5,2016,,,0,0,0,2.77,9.137737350693893,9.873600106170954,6.649659996632098,6.0,7.723020987954625,7.525699207983084,6,2.77,0.0,0,8.438899569334788,5.309936264765138,11.567862873904438,4
HOUSEHOLD_1_459_CA_3_validation,HOUSEHOLD_1_459,HOUSEHOLD_1,HOUSEHOLD,CA_3,CA,2016-05-22,11617,Sunday,2,5,2016,,,0,0,0,0.97,28.49605914707525,31.84176805344107,29.103151558025445,35.0,24.646516978293196,24.8567131516369,6,0.97,0.0,0,30.71716455956472,19.32789751856809,42.10643160056135,25
HOUSEHOLD_1_459_TX_1_validation,HOUSEHOLD_1_459,HOUSEHOLD_1,HOUSEHOLD,TX_1,TX,2016-05-22,11617,Sunday,2,5,2016,,,0,0,0,0.96,8.730927895008753,7.524435580162611,7.391710107114023,10.0,7.185292331437532,7.382954708559772,6,0.96,0.0,0,8.240799686473425,5.185287577645593,11.296311795301257,9
HOUSEHOLD_1_459_TX_3_validation,HOUSEHOLD_1_459,HOUSEHOLD_1,HOUSEHOLD,TX_3,TX,2016-05-22,11617,Sunday,2,5,2016,,,0,0,0,0.96,7.146283838656488,7.074411699867482,5.964927881009939,0.0,5.945544539587362,5.403998692205127,6,0.96,0.0,0,6.376607780480928,4.012298122707514,8.74091743825434,17
HOUSEHOLD_1_459_WI_1_validation,HOUSEHOLD_1_459,HOUSEHOLD_1,HOUSEHOLD,WI_1,WI,2016-05-22,11617,Sunday,2,5,2016,,,0,0,0,0.97,8.730927895008753,7.3066663452036416,7.799594581364805,4.0,6.766131375215065,7.025511278399824,6,0.97,0.0,0,6.8359605740315645,4.3013327340043475,9.370588414058782,2
HOUSEHOLD_1_459_WI_2_validation,HOUSEHOLD_1_459,HOUSEHOLD_1,HOUSEHOLD,WI_2,WI,2016-05-22,11617,Sunday,2,5,2016,,,0,0,0,0.97,31.963517462675664,26.04525328980467,26.603521554169003,26.0,24.808174860560978,25.148414102497327,6,0.97,0.0,0,27.818614663649456,17.504067873352284,38.13316145394663,22
HOUSEHOLD_1_459_WI_3_validation,HOUSEHOLD_1_459,HOUSEHOLD_1,HOUSEHOLD,WI_3,WI,2016-05-22,11617,Sunday,2,5,2016,,,0,0,0,0.97,14.07740255486769,16.552985575895605,14.242981851233653,15.0,11.119057767359026,11.179127639465179,6,0.97,0.0,0,15.473373245527606,9.736177692318515,21.2105687987367,10
HOUSEHOLD_1_474_TX_2_validation,HOUSEHOLD_1_474,HOUSEHOLD_1,HOUSEHOLD,TX_2,TX,2016-05-22,11617,Sunday,2,5,2016,,,0,0,0,0.97,10.668366390739832,9.816849648050233,7.724373790711664,3.0,9.336446438598987,8.567761620508781,6,0.97,0.0,0,8.012243205448724,5.041474946962061,10.983011463935387,19
HOUSEHOLD_1_521_TX_1_validation,HOUSEHOLD_1_521,HOUSEHOLD_1,HOUSEHOLD,TX_1,TX,2016-05-22,11617,Sunday,2,5,2016,,,0,0,0,0.94,8.691011472689274,6.92367417686219,9.739695983674432,34.0,7.564090031594364,9.42974717580832,6,0.94,0.0,0,10.74787065404972,6.762790300565492,14.732951007533947,16
HOUSEHOLD_1_521_TX_2_validation,HOUSEHOLD_1_521,HOUSEHOLD_1,HOUSEHOLD,TX_2,TX,2016-05-22,11617,Sunday,2,5,2016,,,0,0,0,0.94,10.118884602513138,7.263907054321448,6.861918529834379,1.0,6.779112509728061,6.720230607933462,6,0.94,0.0,0,6.818270656904461,4.290201859451079,9.346339454357842,0
HOUSEHOLD_1_521_TX_3_validation,HOUSEHOLD_1_521,HOUSEHOLD_1,HOUSEHOLD,TX_3,TX,2016-05-22,11617,Sunday,2,5,2016,,,0,0,0,0.94,8.53741034999751,7.91201555596365,6.674328214215385,9.0,6.754632225931658,6.916749589732055,6,0.94,0.0,0,7.795465452934931,4.905073744410719,10.685857161459145,7
HOUSEHOLD_1_535_CA_1_validation,HOUSEHOLD_1_535,HOUSEHOLD_1,HOUSEHOLD,CA_1,CA,2016-05-22,11617,Sunday,2,5,2016,,,0,0,0,6.97,10.491470622464792,10.671600665463174,10.318380496567366,11.0,9.347164176100263,9.093826817064057,6,6.97,0.0,0,10.835208287806202,6.817745009405436,14.852671566206967,9
