store_id,item_id,wm_yr_wk,sell_price
CA_1,HOBBIES_1_348,11513,0.48
CA_1,HOBBIES_1_348,11514,0.48
CA_1,HOBBIES_1_348,11515,0.48
CA_1,HOBBIES_1_348,11516,0.48
CA_1,HOBBIES_1_348,11517,0.48
CA_1,HOBBIES_1_348,11518,0.48
CA_1,HOBBIES_1_348,11519,0.48
CA_1,HOBBIES_1_348,11520,0.48
CA_1,HOBBIES_1_348,11521,0.48
CA_1,HOBBIES_1_348,11522,0.48
CA_1,HOBBIES_1_348,11523,0.48
CA_1,HOBBIES_1_348,11524,0.48
CA_1,HOBBIES_1_348,11525,0.48
CA_1,HOBBIES_1_348,11526,0.48
CA_1,HOBBIES_1_348,11527,0.48
CA_1,HOBBIES_1_348,11528,0.48
CA_1,HOBBIES_1_348,11529,0.48
CA_1,HOBBIES_1_348,11530,0.48
CA_1,HOBBIES_1_348,11531,0.48
CA_1,HOBBIES_1_348,11532,0.48
CA_1,HOBBIES_1_348,11533,0.48
CA_1,HOBBIES_1_348,11534,0.48
CA_1,HOBBIES_1_348,11535,0.48
CA_1,HOBBIES_1_348,11536,0.48
CA_1,HOBBIES_1_348,11537,0.48
CA_1,HOBBIES_1_348,11538,0.48
CA_1,HOBBIES_1_348,11539,0.48
CA_1,HOBBIES_1_348,11540,0.48
CA_1,HOBBIES_1_348,11541,0.48
CA_1,HOBBIES_1_348,11542,0.48
CA_1,HOBBIES_1_348,11543,0.48
CA_1,HOBBIES_1_348,11544,0.48
CA_1,HOBBIES_1_348,11545,0.48
CA_1,HOBBIES_1_348,11546,0.48
CA_1,HOBBIES_1_348,11547,0.48
CA_1,HOBBIES_1_348,11548,0.48
CA_1,HOBBIES_1_348,11549,0.48
CA_1,HOBBIES_1_348,11550,0.48
CA_1,HOBBIES_1_348,11551,0.48
CA_1,HOBBIES_1_348,11552,0.48
CA_1,HOBBIES_1_348,11601,0.48
CA_1,HOBBIES_1_348,11602,0.48
CA_1,HOBBIES_1_348,11603,0.48
CA_1,HOBBIES_1_348,11604,0.48
CA_1,HOBBIES_1_348,11605,0.48
CA_1,HOBBIES_1_348,11606,0.48
CA_1,HOBBIES_1_348,11607,0.48
CA_1,HOBBIES_1_348,11608,0.48
CA_1,HOBBIES_1_348,11609,0.48
CA_1,HOBBIES_1_348,11610,0.48
CA_1,HOBBIES_1_348,11611,0.48
CA_1,HOBBIES_1_348,11612,0.48
CA_1,HOBBIES_1_348,11613,0.48
CA_1,HOBBIES_1_348,11614,0.48
CA_1,HOBBIES_1_348,11615,0.48
CA_1,HOBBIES_1_348,11616,0.48
CA_1,HOBBIES_1_348,11617,0.48
CA_1,HOBBIES_1_371,11513,0.48
CA_1,HOBBIES_1_371,11514,0.48
CA_1,HOBBIES_1_371,11515,0.48
CA_1,HOBBIES_1_371,11516,0.48
CA_1,HOBBIES_1_371,11517,0.48
CA_1,HOBBIES_1_371,11518,0.48
CA_1,HOBBIES_1_371,11519,0.48
CA_1,HOBBIES_1_371,11520,0.48
CA_1,HOBBIES_1_371,11521,0.48
CA_1,HOBBIES_1_371,11522,0.48
CA_1,HOBBIES_1_371,11523,0.48
CA_1,HOBBIES_1_371,11524,0.48
CA_1,HOBBIES_1_371,11525,0.48
CA_1,HOBBIES_1_371,11526,0.48
CA_1,HOBBIES_1_371,11527,0.48
CA_1,HOBBIES_1_371,11528,0.48
CA_1,HOBBIES_1_371,11529,0.48
CA_1,HOBBIES_1_371,11530,0.48
CA_1,HOBBIES_1_371,11531,0.48
CA_1,HOBBIES_1_371,11532,0.48
CA_1,HOBBIES_1_371,11533,0.48
CA_1,HOBBIES_1_371,11534,0.48
CA_1,HOBBIES_1_371,11535,0.48
CA_1,HOBBIES_1_371,11536,0.48
CA_1,HOBBIES_1_371,11537,0.48
CA_1,HOBBIES_1_371,11538,0.48
CA_1,HOBBIES_1_371,11539,0.48
CA_1,HOBBIES_1_371,11540,0.48
CA_1,HOBBIES_1_371,11541,0.48
CA_1,HOBBIES_1_371,11542,0.48
CA_1,HOBBIES_1_371,11543,0.48
CA_1,HOBBIES_1_371,11544,0.48
CA_1,HOBBIES_1_371,11545,0.48
CA_1,HOBBIES_1_371,11546,0.48
CA_1,HOBBIES_1_371,11547,0.48
CA_1,HOBBIES_1_371,11548,0.48
CA_1,HOBBIES_1_371,11549,0.48
CA_1,HOBBIES_1_371,11550,0.48
CA_1,HOBBIES_1_371,11551,0.48
CA_1,HOBBIES_1_371,11552,0.48
CA_1,HOBBIES_1_371,11601,0.48
CA_1,HOBBIES_1_371,11602,0.48
CA_1,HOBBIES_1_371,11603,0.48
CA_1,HOBBIES_1_371,11604,0.48
CA_1,HOBBIES_1_371,11605,0.48
CA_1,HOBBIES_1_371,11606,0.48
CA_1,HOBBIES_1_371,11607,0.48
CA_1,HOBBIES_1_371,11608,0.48
CA_1,HOBBIES_1_371,11609,0.48
CA_1,HOBBIES_1_371,11610,0.48
CA_1,HOBBIES_1_371,11611,0.48
CA_1,HOBBIES_1_371,11612,0.48
CA_1,HOBBIES_1_371,11613,0.48
CA_1,HOBBIES_1_371,11614,0.48
CA_1,HOBBIES_1_371,11615,0.48
CA_1,HOBBIES_1_371,11616,0.48
CA_1,HOBBIES_1_371,11617,0.48
CA_1,HOUSEHOLD_1_110,11513,3.84
CA_1,HOUSEHOLD_1_110,11514,3.84
CA_1,HOUSEHOLD_1_110,11515,3.84
CA_1,HOUSEHOLD_1_110,11516,3.84
CA_1,HOUSEHOLD_1_110,11517,3.84
CA_1,HOUSEHOLD_1_110,11518,3.84
CA_1,HOUSEHOLD_1_110,11519,3.84
CA_1,HOUSEHOLD_1_110,11520,3.84
CA_1,HOUSEHOLD_1_110,11521,3.84
CA_1,HOUSEHOLD_1_110,11522,3.84
CA_1,HOUSEHOLD_1_110,11523,3.84
CA_1,HOUSEHOLD_1_110,11524,3.84
CA_1,HOUSEHOLD_1_110,11525,3.84
CA_1,HOUSEHOLD_1_110,11526,3.84
CA_1,HOUSEHOLD_1_110,11527,3.84
CA_1,HOUSEHOLD_1_110,11528,3.84
CA_1,HOUSEHOLD_1_110,11529,3.84
CA_1,HOUSEHOLD_1_110,11530,3.84
CA_1,HOUSEHOLD_1_110,11531,3.84
CA_1,HOUSEHOLD_1_110,11532,3.84
CA_1,HOUSEHOLD_1_110,11533,3.84
CA_1,HOUSEHOLD_1_110,11534,3.84
CA_1,HOUSEHOLD_1_110,11535,3.84
CA_1,HOUSEHOLD_1_110,11536,3.84
CA_1,HOUSEHOLD_1_110,11537,3.84
CA_1,HOUSEHOLD_1_110,11538,3.84
CA_1,HOUSEHOLD_1_110,11539,3.84
CA_1,HOUSEHOLD_1_110,11540,3.84
CA_1,HOUSEHOLD_1_110,11541,3.84
CA_1,HOUSEHOLD_1_110,11542,3.97
CA_1,HOUSEHOLD_1_110,11543,3.97
CA_1,HOUSEHOLD_1_110,11544,3.97
CA_1,HOUSEHOLD_1_110,11545,3.97
CA_1,HOUSEHOLD_1_110,11546,3.97
CA_1,HOUSEHOLD_1_110,11547,3.97
CA_1,HOUSEHOLD_1_110,11548,3.97
CA_1,HOUSEHOLD_1_110,11549,3.97
CA_1,HOUSEHOLD_1_110,11550,3.97
CA_1,HOUSEHOLD_1_110,11551,3.97
CA_1,HOUSEHOLD_1_110,11552,3.97
CA_1,HOUSEHOLD_1_110,11601,3.97
CA_1,HOUSEHOLD_1_110,11602,3.97
CA_1,HOUSEHOLD_1_110,11603,3.97
CA_1,HOUSEHOLD_1_110,11604,3.97
CA_1,HOUSEHOLD_1_110,11605,3.97
CA_1,HOUSEHOLD_1_110,11606,3.97
CA_1,HOUSEHOLD_1_110,11607,3.97
CA_1,HOUSEHOLD_1_110,11608,3.97
CA_1,HOUSEHOLD_1_110,11609,3.97
CA_1,HOUSEHOLD_1_110,11610,3.97
CA_1,HOUSEHOLD_1_110,11611,3.97
CA_1,HOUSEHOLD_1_110,11612,3.97
CA_1,HOUSEHOLD_1_110,11613,3.97
CA_1,HOUSEHOLD_1_110,11614,3.97
CA_1,HOUSEHOLD_1_110,11615,3.97
CA_1,HOUSEHOLD_1_110,11616,3.97
CA_1,HOUSEHOLD_1_110,11617,3.97
CA_1,HOUSEHOLD_1_118,11513,0.97
CA_1,HOUSEHOLD_1_118,11514,0.97
CA_1,HOUSEHOLD_1_118,11515,0.97
CA_1,HOUSEHOLD_1_118,11516,0.97
CA_1,HOUSEHOLD_1_118,11517,0.97
CA_1,HOUSEHOLD_1_118,11518,0.97
CA_1,HOUSEHOLD_1_118,11519,0.97
CA_1,HOUSEHOLD_1_118,11520,0.97
CA_1,HOUSEHOLD_1_118,11521,0.97
CA_1,HOUSEHOLD_1_118,11522,0.97
CA_1,HOUSEHOLD_1_118,11523,0.97
CA_1,HOUSEHOLD_1_118,11524,0.97
CA_1,HOUSEHOLD_1_118,11525,0.97
CA_1,HOUSEHOLD_1_118,11526,0.97
CA_1,HOUSEHOLD_1_118,11527,0.97
CA_1,HOUSEHOLD_1_118,11528,0.97
CA_1,HOUSEHOLD_1_118,11529,0.97
CA_1,HOUSEHOLD_1_118,11530,0.97
CA_1,HOUSEHOLD_1_118,11531,0.97
CA_1,HOUSEHOLD_1_118,11532,0.97
CA_1,HOUSEHOLD_1_118,11533,0.97
CA_1,HOUSEHOLD_1_118,11534,0.97
CA_1,HOUSEHOLD_1_118,11535,0.97
CA_1,HOUSEHOLD_1_118,11536,0.97
CA_1,HOUSEHOLD_1_118,11537,0.97
CA_1,HOUSEHOLD_1_118,11538,0.97
CA_1,HOUSEHOLD_1_118,11539,0.97
CA_1,HOUSEHOLD_1_118,11540,0.97
CA_1,HOUSEHOLD_1_118,11541,0.97
CA_1,HOUSEHOLD_1_118,11542,0.97
CA_1,HOUSEHOLD_1_118,11543,0.97
CA_1,HOUSEHOLD_1_118,11544,0.97
CA_1,HOUSEHOLD_1_118,11545,0.97
CA_1,HOUSEHOLD_1_118,11546,0.97
CA_1,HOUSEHOLD_1_118,11547,0.97
CA_1,HOUSEHOLD_1_118,11548,0.97
CA_1,HOUSEHOLD_1_118,11549,0.97
CA_1,HOUSEHOLD_1_118,11550,0.97
CA_1,HOUSEHOLD_1_118,11551,0.97
CA_1,HOUSEHOLD_1_118,11552,0.97
CA_1,HOUSEHOLD_1_118,11601,0.97
CA_1,HOUSEHOLD_1_118,11602,0.97
CA_1,HOUSEHOLD_1_118,11603,0.97
CA_1,HOUSEHOLD_1_118,11604,0.97
CA_1,HOUSEHOLD_1_118,11605,0.97
CA_1,HOUSEHOLD_1_118,11606,0.97
CA_1,HOUSEHOLD_1_118,11607,0.97
CA_1,HOUSEHOLD_1_118,11608,0.97
CA_1,HOUSEHOLD_1_118,11609,0.97
CA_1,HOUSEHOLD_1_118,11610,0.97
CA_1,HOUSEHOLD_1_118,11611,0.97
CA_1,HOUSEHOLD_1_118,11612,0.97
CA_1,HOUSEHOLD_1_118,11613,0.97
CA_1,HOUSEHOLD_1_118,11614,0.97
CA_1,HOUSEHOLD_1_118,11615,0.97
CA_1,HOUSEHOLD_1_118,11616,0.97
CA_1,HOUSEHOLD_1_118,11617,0.97
CA_1,HOUSEHOLD_1_334,11513,0.98
CA_1,HOUSEHOLD_1_334,11514,0.98
CA_1,HOUSEHOLD_1_334,11515,0.98
CA_1,HOUSEHOLD_1_334,11516,0.98
CA_1,HOUSEHOLD_1_334,11517,0.98
CA_1,HOUSEHOLD_1_334,11518,0.98
CA_1,HOUSEHOLD_1_334,11519,0.98
CA_1,HOUSEHOLD_1_334,11520,0.98
CA_1,HOUSEHOLD_1_334,11521,0.98
CA_1,HOUSEHOLD_1_334,11522,0.98
CA_1,HOUSEHOLD_1_334,11523,0.98
CA_1,HOUSEHOLD_1_334,11524,0.98
CA_1,HOUSEHOLD_1_334,11525,0.98
CA_1,HOUSEHOLD_1_334,11526,0.98
CA_1,HOUSEHOLD_1_334,11527,0.98
CA_1,HOUSEHOLD_1_334,11528,0.98
CA_1,HOUSEHOLD_1_334,11529,0.98
CA_1,HOUSEHOLD_1_334,11530,0.98
CA_1,HOUSEHOLD_1_334,11531,0.98
CA_1,HOUSEHOLD_1_334,11532,0.98
CA_1,HOUSEHOLD_1_334,11533,0.98
CA_1,HOUSEHOLD_1_334,11534,0.98
CA_1,HOUSEHOLD_1_334,11535,0.98
CA_1,HOUSEHOLD_1_334,11536,0.98
CA_1,HOUSEHOLD_1_334,11537,0.98
CA_1,HOUSEHOLD_1_334,11538,0.97
CA_1,HOUSEHOLD_1_334,11539,0.97
CA_1,HOUSEHOLD_1_334,11540,0.97
CA_1,HOUSEHOLD_1_334,11541,0.97
CA_1,HOUSEHOLD_1_334,11542,0.97
CA_1,HOUSEHOLD_1_334,11543,0.97
CA_1,HOUSEHOLD_1_334,11544,0.97
CA_1,HOUSEHOLD_1_334,11545,0.97
CA_1,HOUSEHOLD_1_334,11546,0.97
CA_1,HOUSEHOLD_1_334,11547,0.97
CA_1,HOUSEHOLD_1_334,11548,0.97
CA_1,HOUSEHOLD_1_334,11549,0.97
CA_1,HOUSEHOLD_1_334,11550,0.97
CA_1,HOUSEHOLD_1_334,11551,0.97
CA_1,HOUSEHOLD_1_334,11552,0.97
CA_1,HOUSEHOLD_1_334,11601,0.97
CA_1,HOUSEHOLD_1_334,11602,0.97
CA_1,HOUSEHOLD_1_334,11603,0.97
CA_1,HOUSEHOLD_1_334,11604,0.97
CA_1,HOUSEHOLD_1_334,11605,0.97
CA_1,HOUSEHOLD_1_334,11606,0.97
CA_1,HOUSEHOLD_1_334,11607,0.97
CA_1,HOUSEHOLD_1_334,11608,0.97
CA_1,HOUSEHOLD_1_334,11609,0.97
CA_1,HOUSEHOLD_1_334,11610,0.97
CA_1,HOUSEHOLD_1_334,11611,0.97
CA_1,HOUSEHOLD_1_334,11612,0.97
CA_1,HOUSEHOLD_1_334,11613,0.97
CA_1,HOUSEHOLD_1_334,11614,0.97
CA_1,HOUSEHOLD_1_334,11615,0.97
CA_1,HOUSEHOLD_1_334,11616,0.97
CA_1,HOUSEHOLD_1_334,11617,0.97
CA_1,HOUSEHOLD_1_535,11513,6.97
CA_1,HOUSEHOLD_1_535,11514,6.97
CA_1,HOUSEHOLD_1_535,11515,6.97
CA_1,HOUSEHOLD_1_535,11516,6.97
CA_1,HOUSEHOLD_1_535,11517,6.97
CA_1,HOUSEHOLD_1_535,11518,6.97
CA_1,HOUSEHOLD_1_535,11519,6.97
CA_1,HOUSEHOLD_1_535,11520,6.97
CA_1,HOUSEHOLD_1_535,11521,6.97
CA_1,HOUSEHOLD_1_535,11522,6.97
CA_1,HOUSEHOLD_1_535,11523,6.97
CA_1,HOUSEHOLD_1_535,11524,6.97
CA_1,HOUSEHOLD_1_535,11525,6.97
CA_1,HOUSEHOLD_1_535,11526,6.97
CA_1,HOUSEHOLD_1_535,11527,6.97
CA_1,HOUSEHOLD_1_535,11528,6.97
CA_1,HOUSEHOLD_1_535,11529,6.97
CA_1,HOUSEHOLD_1_535,11530,6.97
CA_1,HOUSEHOLD_1_535,11531,6.97
CA_1,HOUSEHOLD_1_535,11532,6.97
CA_1,HOUSEHOLD_1_535,11533,6.97
CA_1,HOUSEHOLD_1_535,11534,6.97
CA_1,HOUSEHOLD_1_535,11535,6.97
CA_1,HOUSEHOLD_1_535,11536,6.97
CA_1,HOUSEHOLD_1_535,11537,6.97
CA_1,HOUSEHOLD_1_535,11538,6.97
CA_1,HOUSEHOLD_1_535,11539,6.97
CA_1,HOUSEHOLD_1_535,11540,6.97
CA_1,HOUSEHOLD_1_535,11541,6.97
CA_1,HOUSEHOLD_1_535,11542,6.97
CA_1,HOUSEHOLD_1_535,11543,6.97
CA_1,HOUSEHOLD_1_535,11544,6.97
CA_1,HOUSEHOLD_1_535,11545,6.97
CA_1,HOUSEHOLD_1_535,11546,6.97
CA_1,HOUSEHOLD_1_535,11547,6.97
CA_1,HOUSEHOLD_1_535,11548,6.97
CA_1,HOUSEHOLD_1_535,11549,6.97
CA_1,HOUSEHOLD_1_535,11550,6.97
CA_1,HOUSEHOLD_1_535,11551,6.97
CA_1,HOUSEHOLD_1_535,11552,6.97
CA_1,HOUSEHOLD_1_535,11601,6.97
CA_1,HOUSEHOLD_1_535,11602,6.97
CA_1,HOUSEHOLD_1_535,11603,6.97
CA_1,HOUSEHOLD_1_535,11604,6.97
CA_1,HOUSEHOLD_1_535,11605,6.97
CA_1,HOUSEHOLD_1_535,11606,6.97
CA_1,HOUSEHOLD_1_535,11607,6.97
CA_1,HOUSEHOLD_1_535,11608,6.97
CA_1,HOUSEHOLD_1_535,11609,6.97
CA_1,HOUSEHOLD_1_535,11610,6.97
CA_1,HOUSEHOLD_1_535,11611,6.97
CA_1,HOUSEHOLD_1_535,11612,6.97
CA_1,HOUSEHOLD_1_535,11613,6.97
CA_1,HOUSEHOLD_1_535,11614,6.97
CA_1,HOUSEHOLD_1_535,11615,6.97
CA_1,HOUSEHOLD_1_535,11616,6.97
CA_1,HOUSEHOLD_1_535,11617,6.97
CA_1,FOODS_3_090,11513,1.48
CA_1,FOODS_3_090,11514,1.48
CA_1,FOODS_3_090,11515,1.48
CA_1,FOODS_3_090,11516,1.48
CA_1,FOODS_3_090,11517,1.48
CA_1,FOODS_3_090,11518,1.48
CA_1,FOODS_3_090,11519,1.48
CA_1,FOODS_3_090,11520,1.48
CA_1,FOODS_3_090,11521,1.48
CA_1,FOODS_3_090,11522,1.48
CA_1,FOODS_3_090,11523,1.48
CA_1,FOODS_3_090,11524,1.48
CA_1,FOODS_3_090,11525,1.48
CA_1,FOODS_3_090,11526,1.48
CA_1,FOODS_3_090,11527,1.48
CA_1,FOODS_3_090,11528,1.48
CA_1,FOODS_3_090,11529,1.48
CA_1,FOODS_3_090,11530,1.48
CA_1,FOODS_3_090,11531,1.48
CA_1,FOODS_3_090,11532,1.48
CA_1,FOODS_3_090,11533,1.48
CA_1,FOODS_3_090,11534,1.48
CA_1,FOODS_3_090,11535,1.48
CA_1,FOODS_3_090,11536,1.48
CA_1,FOODS_3_090,11537,1.48
CA_1,FOODS_3_090,11538,1.5
CA_1,FOODS_3_090,11539,1.5
CA_1,FOODS_3_090,11540,1.5
CA_1,FOODS_3_090,11541,1.5
CA_1,FOODS_3_090,11542,1.5
CA_1,FOODS_3_090,11543,1.5
CA_1,FOODS_3_090,11544,1.5
CA_1,FOODS_3_090,11545,1.5
CA_1,FOODS_3_090,11546,1.5
CA_1,FOODS_3_090,11547,1.5
CA_1,FOODS_3_090,11548,1.5
CA_1,FOODS_3_090,11549,1.6
CA_1,FOODS_3_090,11550,1.6
CA_1,FOODS_3_090,11551,1.6
CA_1,FOODS_3_090,11552,1.6
CA_1,FOODS_3_090,11601,1.6
CA_1,FOODS_3_090,11602,1.6
CA_1,FOODS_3_090,11603,1.6
CA_1,FOODS_3_090,11604,1.6
CA_1,FOODS_3_090,11605,1.6
CA_1,FOODS_3_090,11606,1.6
CA_1,FOODS_3_090,11607,1.6
CA_1,FOODS_3_090,11608,1.6
CA_1,FOODS_3_090,11609,1.6
CA_1,FOODS_3_090,11610,1.6
CA_1,FOODS_3_090,11611,1.6
CA_1,FOODS_3_090,11612,1.6
CA_1,FOODS_3_090,11613,1.6
CA_1,FOODS_3_090,11614,1.6
CA_1,FOODS_3_090,11615,1.6
CA_1,FOODS_3_090,11616,1.6
CA_1,FOODS_3_090,11617,1.6
CA_1,FOODS_3_120,11513,4.98
CA_1,FOODS_3_120,11514,4.98
CA_1,FOODS_3_120,11515,4.98
CA_1,FOODS_3_120,11516,4.98
CA_1,FOODS_3_120,11517,4.98
CA_1,FOODS_3_120,11518,4.98
CA_1,FOODS_3_120,11519,4.98
CA_1,FOODS_3_120,11520,4.98
CA_1,FOODS_3_120,11521,4.98
CA_1,FOODS_3_120,11522,4.98
CA_1,FOODS_3_120,11523,4.98
CA_1,FOODS_3_120,11524,4.98
CA_1,FOODS_3_120,11525,4.98
CA_1,FOODS_3_120,11526,4.98
CA_1,FOODS_3_120,11527,4.98
CA_1,FOODS_3_120,11528,4.98
CA_1,FOODS_3_120,11529,4.98
CA_1,FOODS_3_120,11530,4.98
CA_1,FOODS_3_120,11531,4.98
CA_1,FOODS_3_120,11532,4.98
CA_1,FOODS_3_120,11533,4.98
CA_1,FOODS_3_120,11534,4.98
CA_1,FOODS_3_120,11535,4.98
CA_1,FOODS_3_120,11536,4.98
CA_1,FOODS_3_120,11537,4.98
CA_1,FOODS_3_120,11538,4.98
CA_1,FOODS_3_120,11539,4.98
CA_1,FOODS_3_120,11540,4.98
CA_1,FOODS_3_120,11541,4.98
CA_1,FOODS_3_120,11542,4.98
CA_1,FOODS_3_120,11543,4.98
CA_1,FOODS_3_120,11544,4.98
CA_1,FOODS_3_120,11545,4.98
CA_1,FOODS_3_120,11546,4.98
CA_1,FOODS_3_120,11547,4.98
CA_1,FOODS_3_120,11548,4.98
CA_1,FOODS_3_120,11549,4.98
CA_1,FOODS_3_120,11550,4.98
CA_1,FOODS_3_120,11551,4.98
CA_1,FOODS_3_120,11552,4.98
CA_1,FOODS_3_120,11601,4.98
CA_1,FOODS_3_120,11602,4.98
CA_1,FOODS_3_120,11603,4.98
CA_1,FOODS_3_120,11604,4.98
CA_1,FOODS_3_120,11605,4.98
CA_1,FOODS_3_120,11606,4.98
CA_1,FOODS_3_120,11607,4.98
CA_1,FOODS_3_120,11608,4.98
CA_1,FOODS_3_120,11609,4.98
CA_1,FOODS_3_120,11610,4.98
CA_1,FOODS_3_120,11611,4.98
CA_1,FOODS_3_120,11612,4.98
CA_1,FOODS_3_120,11613,4.98
CA_1,FOODS_3_120,11614,4.98
CA_1,FOODS_3_120,11615,4.98
CA_1,FOODS_3_120,11616,4.98
CA_1,FOODS_3_120,11617,4.98
CA_1,FOODS_3_252,11513,1.58
CA_1,FOODS_3_252,11514,1.58
CA_1,FOODS_3_252,11515,1.58
CA_1,FOODS_3_252,11516,1.58
CA_1,FOODS_3_252,11517,1.58
CA_1,FOODS_3_252,11518,1.58
CA_1,FOODS_3_252,11519,1.58
CA_1,FOODS_3_252,11520,1.58
CA_1,FOODS_3_252,11521,1.58
CA_1,FOODS_3_252,11522,1.58
CA_1,FOODS_3_252,11523,1.58
CA_1,FOODS_3_252,11524,1.58
CA_1,FOODS_3_252,11525,1.58
CA_1,FOODS_3_252,11526,1.58
CA_1,FOODS_3_252,11527,1.58
CA_1,FOODS_3_252,11528,1.58
CA_1,FOODS_3_252,11529,1.58
CA_1,FOODS_3_252,11530,1.58
CA_1,FOODS_3_252,11531,1.58
CA_1,FOODS_3_252,11532,1.58
CA_1,FOODS_3_252,11533,1.58
CA_1,FOODS_3_252,11534,1.58
CA_1,FOODS_3_252,11535,1.58
CA_1,FOODS_3_252,11536,1.58
CA_1,FOODS_3_252,11537,1.58
CA_1,FOODS_3_252,11538,1.58
CA_1,FOODS_3_252,11539,1.58
CA_1,FOODS_3_252,11540,1.58
CA_1,FOODS_3_252,11541,1.58
CA_1,FOODS_3_252,11542,1.58
CA_1,FOODS_3_252,11543,1.58
CA_1,FOODS_3_252,11544,1.58
CA_1,FOODS_3_252,11545,1.58
CA_1,FOODS_3_252,11546,1.58
CA_1,FOODS_3_252,11547,1.58
CA_1,FOODS_3_252,11548,1.58
CA_1,FOODS_3_252,11549,1.58
CA_1,FOODS_3_252,11550,1.58
CA_1,FOODS_3_252,11551,1.58
CA_1,FOODS_3_252,11552,1.58
CA_1,FOODS_3_252,11601,1.58
CA_1,FOODS_3_252,11602,1.58
CA_1,FOODS_3_252,11603,1.58
CA_1,FOODS_3_252,11604,1.58
CA_1,FOODS_3_252,11605,1.58
CA_1,FOODS_3_252,11606,1.58
CA_1,FOODS_3_252,11607,1.58
CA_1,FOODS_3_252,11608,1.58
CA_1,FOODS_3_252,11609,1.58
CA_1,FOODS_3_252,11610,1.58
CA_1,FOODS_3_252,11611,1.58
CA_1,FOODS_3_252,11612,1.58
CA_1,FOODS_3_252,11613,1.58
CA_1,FOODS_3_252,11614,1.58
CA_1,FOODS_3_252,11615,1.58
CA_1,FOODS_3_252,11616,1.58
CA_1,FOODS_3_252,11617,1.58
CA_1,FOODS_3_586,11513,1.68
CA_1,FOODS_3_586,11514,1.68
CA_1,FOODS_3_586,11515,1.68
CA_1,FOODS_3_586,11516,1.68
CA_1,FOODS_3_586,11517,1.68
CA_1,FOODS_3_586,11518,1.68
CA_1,FOODS_3_586,11519,1.68
CA_1,FOODS_3_586,11520,1.68
CA_1,FOODS_3_586,11521,1.68
CA_1,FOODS_3_586,11522,1.68
CA_1,FOODS_3_586,11523,1.68
CA_1,FOODS_3_586,11524,1.68
CA_1,FOODS_3_586,11525,1.68
CA_1,FOODS_3_586,11526,1.68
CA_1,FOODS_3_586,11527,1.68
CA_1,FOODS_3_586,11528,1.68
CA_1,FOODS_3_586,11529,1.68
CA_1,FOODS_3_586,11530,1.68
CA_1,FOODS_3_586,11531,1.68
CA_1,FOODS_3_586,11532,1.68
CA_1,FOODS_3_586,11533,1.68
CA_1,FOODS_3_586,11534,1.68
CA_1,FOODS_3_586,11535,1.68
CA_1,FOODS_3_586,11536,1.68
CA_1,FOODS_3_586,11537,1.68
CA_1,FOODS_3_586,11538,1.68
CA_1,FOODS_3_586,11539,1.68
CA_1,FOODS_3_586,11540,1.68
CA_1,FOODS_3_586,11541,1.68
CA_1,FOODS_3_586,11542,1.68
CA_1,FOODS_3_586,11543,1.68
CA_1,FOODS_3_586,11544,1.68
CA_1,FOODS_3_586,11545,1.68
CA_1,FOODS_3_586,11546,1.68
CA_1,FOODS_3_586,11547,1.68
CA_1,FOODS_3_586,11548,1.68
CA_1,FOODS_3_586,11549,1.68
CA_1,FOODS_3_586,11550,1.68
CA_1,FOODS_3_586,11551,1.68
CA_1,FOODS_3_586,11552,1.68
CA_1,FOODS_3_586,11601,1.68
CA_1,FOODS_3_586,11602,1.68
CA_1,FOODS_3_586,11603,1.68
CA_1,FOODS_3_586,11604,1.68
CA_1,FOODS_3_586,11605,1.68
CA_1,FOODS_3_586,11606,1.68
CA_1,FOODS_3_586,11607,1.68
CA_1,FOODS_3_586,11608,1.68
CA_1,FOODS_3_586,11609,1.68
CA_1,FOODS_3_586,11610,1.68
CA_1,FOODS_3_586,11611,1.68
CA_1,FOODS_3_586,11612,1.68
CA_1,FOODS_3_586,11613,1.68
CA_1,FOODS_3_586,11614,1.68
CA_1,FOODS_3_586,11615,1.68
CA_1,FOODS_3_586,11616,1.68
CA_1,FOODS_3_586,11617,1.68
CA_1,FOODS_3_587,11513,2.48
CA_1,FOODS_3_587,11514,2.48
CA_1,FOODS_3_587,11515,2.48
CA_1,FOODS_3_587,11516,2.48
CA_1,FOODS_3_587,11517,2.48
CA_1,FOODS_3_587,11518,2.48
CA_1,FOODS_3_587,11519,2.48
CA_1,FOODS_3_587,11520,2.48
CA_1,FOODS_3_587,11521,2.48
CA_1,FOODS_3_587,11522,2.48
CA_1,FOODS_3_587,11523,2.48
CA_1,FOODS_3_587,11524,2.48
CA_1,FOODS_3_587,11525,2.48
CA_1,FOODS_3_587,11526,2.48
CA_1,FOODS_3_587,11527,2.48
CA_1,FOODS_3_587,11528,2.48
CA_1,FOODS_3_587,11529,2.48
CA_1,FOODS_3_587,11530,2.48
CA_1,FOODS_3_587,11531,2.48
CA_1,FOODS_3_587,11532,2.48
CA_1,FOODS_3_587,11533,2.48
CA_1,FOODS_3_587,11534,2.48
CA_1,FOODS_3_587,11535,2.48
CA_1,FOODS_3_587,11536,2.48
CA_1,FOODS_3_587,11537,2.48
CA_1,FOODS_3_587,11538,2.48
CA_1,FOODS_3_587,11539,2.48
CA_1,FOODS_3_587,11540,2.48
CA_1,FOODS_3_587,11541,2.48
CA_1,FOODS_3_587,11542,2.48
CA_1,FOODS_3_587,11543,2.48
CA_1,FOODS_3_587,11544,2.48
CA_1,FOODS_3_587,11545,2.48
CA_1,FOODS_3_587,11546,2.48
CA_1,FOODS_3_587,11547,2.48
CA_1,FOODS_3_587,11548,2.48
CA_1,FOODS_3_587,11549,2.48
CA_1,FOODS_3_587,11550,2.48
CA_1,FOODS_3_587,11551,2.48
CA_1,FOODS_3_587,11552,2.48
CA_1,FOODS_3_587,11601,2.48
CA_1,FOODS_3_587,11602,2.48
CA_1,FOODS_3_587,11603,2.48
CA_1,FOODS_3_587,11604,2.48
CA_1,FOODS_3_587,11605,2.48
CA_1,FOODS_3_587,11606,2.48
CA_1,FOODS_3_587,11607,2.48
CA_1,FOODS_3_587,11608,2.48
CA_1,FOODS_3_587,11609,2.48
CA_1,FOODS_3_587,11610,2.48
CA_1,FOODS_3_587,11611,2.48
CA_1,FOODS_3_587,11612,2.48
CA_1,FOODS_3_587,11613,2.48
CA_1,FOODS_3_587,11614,2.48
CA_1,FOODS_3_587,11615,2.48
CA_1,FOODS_3_587,11616,2.48
CA_1,FOODS_3_587,11617,2.48
CA_1,FOODS_3_714,11513,1.58
CA_1,FOODS_3_714,11514,1.58
CA_1,FOODS_3_714,11515,1.58
CA_1,FOODS_3_714,11516,1.58
CA_1,FOODS_3_714,11517,1.58
CA_1,FOODS_3_714,11518,1.58
CA_1,FOODS_3_714,11519,1.58
CA_1,FOODS_3_714,11520,1.58
CA_1,FOODS_3_714,11521,1.58
CA_1,FOODS_3_714,11522,1.58
CA_1,FOODS_3_714,11523,1.58
CA_1,FOODS_3_714,11524,1.58
CA_1,FOODS_3_714,11525,1.58
CA_1,FOODS_3_714,11526,1.58
CA_1,FOODS_3_714,11527,1.58
CA_1,FOODS_3_714,11528,1.58
CA_1,FOODS_3_714,11529,1.58
CA_1,FOODS_3_714,11530,1.58
CA_1,FOODS_3_714,11531,1.58
CA_1,FOODS_3_714,11532,1.58
CA_1,FOODS_3_714,11533,1.58
CA_1,FOODS_3_714,11534,1.58
CA_1,FOODS_3_714,11535,1.58
CA_1,FOODS_3_714,11536,1.58
CA_1,FOODS_3_714,11537,1.58
CA_1,FOODS_3_714,11538,1.58
CA_1,FOODS_3_714,11539,1.58
CA_1,FOODS_3_714,11540,1.58
CA_1,FOODS_3_714,11541,1.58
CA_1,FOODS_3_714,11542,1.58
CA_1,FOODS_3_714,11543,1.58
CA_1,FOODS_3_714,11544,1.58
CA_1,FOODS_3_714,11545,1.58
CA_1,FOODS_3_714,11546,1.58
CA_1,FOODS_3_714,11547,1.58
CA_1,FOODS_3_714,11548,1.58
CA_1,FOODS_3_714,11549,1.58
CA_1,FOODS_3_714,11550,1.58
CA_1,FOODS_3_714,11551,1.58
CA_1,FOODS_3_714,11552,1.58
CA_1,FOODS_3_714,11601,1.58
CA_1,FOODS_3_714,11602,1.58
CA_1,FOODS_3_714,11603,1.58
CA_1,FOODS_3_714,11604,1.58
CA_1,FOODS_3_714,11605,1.58
CA_1,FOODS_3_714,11606,1.58
CA_1,FOODS_3_714,11607,1.58
CA_1,FOODS_3_714,11608,1.58
CA_1,FOODS_3_714,11609,1.58
CA_1,FOODS_3_714,11610,1.58
CA_1,FOODS_3_714,11611,1.58
CA_1,FOODS_3_714,11612,1.58
CA_1,FOODS_3_714,11613,1.58
CA_1,FOODS_3_714,11614,1.58
CA_1,FOODS_3_714,11615,1.58
CA_1,FOODS_3_714,11616,1.58
CA_1,FOODS_3_714,11617,1.58
CA_2,HOBBIES_1_015,11513,0.7
CA_2,HOBBIES_1_015,11514,0.7
CA_2,HOBBIES_1_015,11515,0.7
CA_2,HOBBIES_1_015,11516,0.7
CA_2,HOBBIES_1_015,11517,0.7
CA_2,HOBBIES_1_015,11518,0.7
CA_2,HOBBIES_1_015,11519,0.7
CA_2,HOBBIES_1_015,11520,0.7
CA_2,HOBBIES_1_015,11521,0.7
CA_2,HOBBIES_1_015,11522,0.7
CA_2,HOBBIES_1_015,11523,0.7
CA_2,HOBBIES_1_015,11524,0.7
CA_2,HOBBIES_1_015,11525,0.7
CA_2,HOBBIES_1_015,11526,0.7
CA_2,HOBBIES_1_015,11527,0.7
CA_2,HOBBIES_1_015,11528,0.7
CA_2,HOBBIES_1_015,11529,0.7
CA_2,HOBBIES_1_015,11530,0.7
CA_2,HOBBIES_1_015,11531,0.7
CA_2,HOBBIES_1_015,11532,0.7
CA_2,HOBBIES_1_015,11533,0.7
CA_2,HOBBIES_1_015,11534,0.7
CA_2,HOBBIES_1_015,11535,0.7
CA_2,HOBBIES_1_015,11536,0.7
CA_2,HOBBIES_1_015,11537,0.7
CA_2,HOBBIES_1_015,11538,0.7
CA_2,HOBBIES_1_015,11539,0.7
CA_2,HOBBIES_1_015,11540,0.7
CA_2,HOBBIES_1_015,11541,0.7
CA_2,HOBBIES_1_015,11542,0.7
CA_2,HOBBIES_1_015,11543,0.7
CA_2,HOBBIES_1_015,11544,0.7
CA_2,HOBBIES_1_015,11545,0.7
CA_2,HOBBIES_1_015,11546,0.7
CA_2,HOBBIES_1_015,11547,0.7
CA_2,HOBBIES_1_015,11548,0.7
CA_2,HOBBIES_1_015,11549,0.7
CA_2,HOBBIES_1_015,11550,0.7
CA_2,HOBBIES_1_015,11551,0.7
CA_2,HOBBIES_1_015,11552,0.7
CA_2,HOBBIES_1_015,11601,0.7
CA_2,HOBBIES_1_015,11602,0.7
CA_2,HOBBIES_1_015,11603,0.7
CA_2,HOBBIES_1_015,11604,0.7
CA_2,HOBBIES_1_015,11605,0.7
CA_2,HOBBIES_1_015,11606,0.7
CA_2,HOBBIES_1_015,11607,0.7
CA_2,HOBBIES_1_015,11608,0.7
CA_2,HOBBIES_1_015,11609,0.7
CA_2,HOBBIES_1_015,11610,0.7
CA_2,HOBBIES_1_015,11611,0.7
CA_2,HOBBIES_1_015,11612,0.7
CA_2,HOBBIES_1_015,11613,0.7
CA_2,HOBBIES_1_015,11614,0.7
CA_2,HOBBIES_1_015,11615,0.7
CA_2,HOBBIES_1_015,11616,0.7
CA_2,HOBBIES_1_015,11617,0.7
CA_2,HOBBIES_1_348,11513,0.48
CA_2,HOBBIES_1_348,11514,0.48
CA_2,HOBBIES_1_348,11515,0.48
CA_2,HOBBIES_1_348,11516,0.48
CA_2,HOBBIES_1_348,11517,0.48
CA_2,HOBBIES_1_348,11518,0.48
CA_2,HOBBIES_1_348,11519,0.48
CA_2,HOBBIES_1_348,11520,0.48
CA_2,HOBBIES_1_348,11521,0.48
CA_2,HOBBIES_1_348,11522,0.48
CA_2,HOBBIES_1_348,11523,0.48
CA_2,HOBBIES_1_348,11524,0.48
CA_2,HOBBIES_1_348,11525,0.48
CA_2,HOBBIES_1_348,11526,0.48
CA_2,HOBBIES_1_348,11527,0.48
CA_2,HOBBIES_1_348,11528,0.48
CA_2,HOBBIES_1_348,11529,0.48
CA_2,HOBBIES_1_348,11530,0.48
CA_2,HOBBIES_1_348,11531,0.48
CA_2,HOBBIES_1_348,11532,0.48
CA_2,HOBBIES_1_348,11533,0.48
CA_2,HOBBIES_1_348,11534,0.48
CA_2,HOBBIES_1_348,11535,0.48
CA_2,HOBBIES_1_348,11536,0.48
CA_2,HOBBIES_1_348,11537,0.48
CA_2,HOBBIES_1_348,11538,0.48
CA_2,HOBBIES_1_348,11539,0.48
CA_2,HOBBIES_1_348,11540,0.48
CA_2,HOBBIES_1_348,11541,0.48
CA_2,HOBBIES_1_348,11542,0.48
CA_2,HOBBIES_1_348,11543,0.48
CA_2,HOBBIES_1_348,11544,0.48
CA_2,HOBBIES_1_348,11545,0.48
CA_2,HOBBIES_1_348,11546,0.48
CA_2,HOBBIES_1_348,11547,0.48
CA_2,HOBBIES_1_348,11548,0.48
CA_2,HOBBIES_1_348,11549,0.48
CA_2,HOBBIES_1_348,11550,0.48
CA_2,HOBBIES_1_348,11551,0.48
CA_2,HOBBIES_1_348,11552,0.48
CA_2,HOBBIES_1_348,11601,0.48
CA_2,HOBBIES_1_348,11602,0.48
CA_2,HOBBIES_1_348,11603,0.48
CA_2,HOBBIES_1_348,11604,0.48
CA_2,HOBBIES_1_348,11605,0.48
CA_2,HOBBIES_1_348,11606,0.48
CA_2,HOBBIES_1_348,11607,0.48
CA_2,HOBBIES_1_348,11608,0.48
CA_2,HOBBIES_1_348,11609,0.48
CA_2,HOBBIES_1_348,11610,0.48
CA_2,HOBBIES_1_348,11611,0.48
CA_2,HOBBIES_1_348,11612,0.48
CA_2,HOBBIES_1_348,11613,0.48
CA_2,HOBBIES_1_348,11614,0.48
CA_2,HOBBIES_1_348,11615,0.48
CA_2,HOBBIES_1_348,11616,0.48
CA_2,HOBBIES_1_348,11617,0.48
CA_2,HOUSEHOLD_1_191,11513,2.96
CA_2,HOUSEHOLD_1_191,11514,2.96
CA_2,HOUSEHOLD_1_191,11515,2.96
CA_2,HOUSEHOLD_1_191,11516,2.96
CA_2,HOUSEHOLD_1_191,11517,2.96
CA_2,HOUSEHOLD_1_191,11518,2.96
CA_2,HOUSEHOLD_1_191,11519,2.96
CA_2,HOUSEHOLD_1_191,11520,2.96
CA_2,HOUSEHOLD_1_191,11521,2.96
CA_2,HOUSEHOLD_1_191,11522,2.96
CA_2,HOUSEHOLD_1_191,11523,2.96
CA_2,HOUSEHOLD_1_191,11524,2.96
CA_2,HOUSEHOLD_1_191,11525,2.96
CA_2,HOUSEHOLD_1_191,11526,2.96
CA_2,HOUSEHOLD_1_191,11527,2.96
CA_2,HOUSEHOLD_1_191,11528,2.96
CA_2,HOUSEHOLD_1_191,11529,2.96
CA_2,HOUSEHOLD_1_191,11530,2.96
CA_2,HOUSEHOLD_1_191,11531,2.96
CA_2,HOUSEHOLD_1_191,11532,2.96
CA_2,HOUSEHOLD_1_191,11533,2.96
CA_2,HOUSEHOLD_1_191,11534,2.96
CA_2,HOUSEHOLD_1_191,11535,2.96
CA_2,HOUSEHOLD_1_191,11536,2.96
CA_2,HOUSEHOLD_1_191,11537,2.96
CA_2,HOUSEHOLD_1_191,11538,2.96
CA_2,HOUSEHOLD_1_191,11539,2.96
CA_2,HOUSEHOLD_1_191,11540,2.96
CA_2,HOUSEHOLD_1_191,11541,2.96
CA_2,HOUSEHOLD_1_191,11542,2.96
CA_2,HOUSEHOLD_1_191,11543,2.96
CA_2,HOUSEHOLD_1_191,11544,2.96
CA_2,HOUSEHOLD_1_191,11545,2.96
CA_2,HOUSEHOLD_1_191,11546,2.96
CA_2,HOUSEHOLD_1_191,11547,2.96
CA_2,HOUSEHOLD_1_191,11548,2.96
CA_2,HOUSEHOLD_1_191,11549,2.96
CA_2,HOUSEHOLD_1_191,11550,2.96
CA_2,HOUSEHOLD_1_191,11551,2.96
CA_2,HOUSEHOLD_1_191,11552,2.96
CA_2,HOUSEHOLD_1_191,11601,2.96
CA_2,HOUSEHOLD_1_191,11602,2.96
CA_2,HOUSEHOLD_1_191,11603,2.96
CA_2,HOUSEHOLD_1_191,11604,2.96
CA_2,HOUSEHOLD_1_191,11605,2.96
CA_2,HOUSEHOLD_1_191,11606,2.96
CA_2,HOUSEHOLD_1_191,11607,2.96
CA_2,HOUSEHOLD_1_191,11608,2.96
CA_2,HOUSEHOLD_1_191,11609,2.96
CA_2,HOUSEHOLD_1_191,11610,2.96
CA_2,HOUSEHOLD_1_191,11611,2.96
CA_2,HOUSEHOLD_1_191,11612,2.96
CA_2,HOUSEHOLD_1_191,11613,2.96
CA_2,HOUSEHOLD_1_191,11614,2.96
CA_2,HOUSEHOLD_1_191,11615,2.96
CA_2,HOUSEHOLD_1_191,11616,2.96
CA_2,HOUSEHOLD_1_191,11617,2.96
CA_2,HOUSEHOLD_1_234,11513,0.97
CA_2,HOUSEHOLD_1_234,11514,0.97
CA_2,HOUSEHOLD_1_234,11515,0.97
CA_2,HOUSEHOLD_1_234,11516,0.97
CA_2,HOUSEHOLD_1_234,11517,0.97
CA_2,HOUSEHOLD_1_234,11518,0.97
CA_2,HOUSEHOLD_1_234,11519,0.97
CA_2,HOUSEHOLD_1_234,11520,0.97
CA_2,HOUSEHOLD_1_234,11521,0.97
CA_2,HOUSEHOLD_1_234,11522,0.97
CA_2,HOUSEHOLD_1_234,11523,0.97
CA_2,HOUSEHOLD_1_234,11524,0.97
CA_2,HOUSEHOLD_1_234,11525,0.97
CA_2,HOUSEHOLD_1_234,11526,0.97
CA_2,HOUSEHOLD_1_234,11527,0.97
CA_2,HOUSEHOLD_1_234,11528,0.97
CA_2,HOUSEHOLD_1_234,11529,0.97
CA_2,HOUSEHOLD_1_234,11530,0.97
CA_2,HOUSEHOLD_1_234,11531,0.97
CA_2,HOUSEHOLD_1_234,11532,0.97
CA_2,HOUSEHOLD_1_234,11533,0.97
CA_2,HOUSEHOLD_1_234,11534,0.97
CA_2,HOUSEHOLD_1_234,11535,0.97
CA_2,HOUSEHOLD_1_234,11536,0.97
CA_2,HOUSEHOLD_1_234,11537,0.97
CA_2,HOUSEHOLD_1_234,11538,0.97
CA_2,HOUSEHOLD_1_234,11539,0.97
CA_2,HOUSEHOLD_1_234,11540,0.97
CA_2,HOUSEHOLD_1_234,11541,0.97
CA_2,HOUSEHOLD_1_234,11542,0.97
CA_2,HOUSEHOLD_1_234,11543,0.97
CA_2,HOUSEHOLD_1_234,11544,0.97
CA_2,HOUSEHOLD_1_234,11545,0.97
CA_2,HOUSEHOLD_1_234,11546,0.97
CA_2,HOUSEHOLD_1_234,11547,0.97
CA_2,HOUSEHOLD_1_234,11548,0.97
CA_2,HOUSEHOLD_1_234,11549,0.97
CA_2,HOUSEHOLD_1_234,11550,0.97
CA_2,HOUSEHOLD_1_234,11551,0.97
CA_2,HOUSEHOLD_1_234,11552,0.97
CA_2,HOUSEHOLD_1_234,11601,0.97
CA_2,HOUSEHOLD_1_234,11602,0.97
CA_2,HOUSEHOLD_1_234,11603,0.97
CA_2,HOUSEHOLD_1_234,11604,0.97
CA_2,HOUSEHOLD_1_234,11605,0.97
CA_2,HOUSEHOLD_1_234,11606,0.97
CA_2,HOUSEHOLD_1_234,11607,0.97
CA_2,HOUSEHOLD_1_234,11608,0.97
CA_2,HOUSEHOLD_1_234,11609,0.97
CA_2,HOUSEHOLD_1_234,11610,0.97
CA_2,HOUSEHOLD_1_234,11611,0.97
CA_2,HOUSEHOLD_1_234,11612,0.97
CA_2,HOUSEHOLD_1_234,11613,0.97
CA_2,HOUSEHOLD_1_234,11614,0.97
CA_2,HOUSEHOLD_1_234,11615,0.97
CA_2,HOUSEHOLD_1_234,11616,0.97
CA_2,HOUSEHOLD_1_234,11617,0.97
CA_2,HOUSEHOLD_1_303,11513,0.97
CA_2,HOUSEHOLD_1_303,11514,0.97
CA_2,HOUSEHOLD_1_303,11515,0.97
CA_2,HOUSEHOLD_1_303,11516,0.97
CA_2,HOUSEHOLD_1_303,11517,0.97
CA_2,HOUSEHOLD_1_303,11518,0.97
CA_2,HOUSEHOLD_1_303,11519,0.97
CA_2,HOUSEHOLD_1_303,11520,0.97
CA_2,HOUSEHOLD_1_303,11521,0.97
CA_2,HOUSEHOLD_1_303,11522,0.97
CA_2,HOUSEHOLD_1_303,11523,0.97
CA_2,HOUSEHOLD_1_303,11524,0.97
CA_2,HOUSEHOLD_1_303,11525,0.97
CA_2,HOUSEHOLD_1_303,11526,0.97
CA_2,HOUSEHOLD_1_303,11527,0.97
CA_2,HOUSEHOLD_1_303,11528,0.97
CA_2,HOUSEHOLD_1_303,11529,0.97
CA_2,HOUSEHOLD_1_303,11530,0.97
CA_2,HOUSEHOLD_1_303,11531,0.97
CA_2,HOUSEHOLD_1_303,11532,0.97
CA_2,HOUSEHOLD_1_303,11533,0.97
CA_2,HOUSEHOLD_1_303,11534,0.97
CA_2,HOUSEHOLD_1_303,11535,0.97
CA_2,HOUSEHOLD_1_303,11536,0.97
CA_2,HOUSEHOLD_1_303,11537,0.97
CA_2,HOUSEHOLD_1_303,11538,0.97
CA_2,HOUSEHOLD_1_303,11539,0.97
CA_2,HOUSEHOLD_1_303,11540,0.97
CA_2,HOUSEHOLD_1_303,11541,0.97
CA_2,HOUSEHOLD_1_303,11542,0.97
CA_2,HOUSEHOLD_1_303,11543,0.97
CA_2,HOUSEHOLD_1_303,11544,0.97
CA_2,HOUSEHOLD_1_303,11545,0.97
CA_2,HOUSEHOLD_1_303,11546,0.97
CA_2,HOUSEHOLD_1_303,11547,0.97
CA_2,HOUSEHOLD_1_303,11548,0.97
CA_2,HOUSEHOLD_1_303,11549,0.98
CA_2,HOUSEHOLD_1_303,11550,0.98
CA_2,HOUSEHOLD_1_303,11551,0.98
CA_2,HOUSEHOLD_1_303,11552,0.98
CA_2,HOUSEHOLD_1_303,11601,0.98
CA_2,HOUSEHOLD_1_303,11602,0.98
CA_2,HOUSEHOLD_1_303,11603,0.98
CA_2,HOUSEHOLD_1_303,11604,0.98
CA_2,HOUSEHOLD_1_303,11605,0.98
CA_2,HOUSEHOLD_1_303,11606,0.98
CA_2,HOUSEHOLD_1_303,11607,0.98
CA_2,HOUSEHOLD_1_303,11608,0.98
CA_2,HOUSEHOLD_1_303,11609,0.98
CA_2,HOUSEHOLD_1_303,11610,0.98
CA_2,HOUSEHOLD_1_303,11611,0.98
CA_2,HOUSEHOLD_1_303,11612,0.98
CA_2,HOUSEHOLD_1_303,11613,0.98
CA_2,HOUSEHOLD_1_303,11614,0.98
CA_2,HOUSEHOLD_1_303,11615,0.98
CA_2,HOUSEHOLD_1_303,11616,0.98
CA_2,HOUSEHOLD_1_303,11617,0.98
CA_2,HOUSEHOLD_1_327,11513,0.97
CA_2,HOUSEHOLD_1_327,11514,0.97
CA_2,HOUSEHOLD_1_327,11515,0.97
CA_2,HOUSEHOLD_1_327,11516,0.97
CA_2,HOUSEHOLD_1_327,11517,0.97
CA_2,HOUSEHOLD_1_327,11518,0.97
CA_2,HOUSEHOLD_1_327,11519,0.97
CA_2,HOUSEHOLD_1_327,11520,0.97
CA_2,HOUSEHOLD_1_327,11521,0.97
CA_2,HOUSEHOLD_1_327,11522,0.97
CA_2,HOUSEHOLD_1_327,11523,0.97
CA_2,HOUSEHOLD_1_327,11524,0.97
CA_2,HOUSEHOLD_1_327,11525,0.97
CA_2,HOUSEHOLD_1_327,11526,0.97
CA_2,HOUSEHOLD_1_327,11527,0.97
CA_2,HOUSEHOLD_1_327,11528,0.97
CA_2,HOUSEHOLD_1_327,11529,0.97
CA_2,HOUSEHOLD_1_327,11530,0.97
CA_2,HOUSEHOLD_1_327,11531,0.97
CA_2,HOUSEHOLD_1_327,11532,0.97
CA_2,HOUSEHOLD_1_327,11533,0.97
CA_2,HOUSEHOLD_1_327,11534,0.97
CA_2,HOUSEHOLD_1_327,11535,0.97
CA_2,HOUSEHOLD_1_327,11536,0.97
CA_2,HOUSEHOLD_1_327,11537,0.97
CA_2,HOUSEHOLD_1_327,11538,0.97
CA_2,HOUSEHOLD_1_327,11539,0.97
CA_2,HOUSEHOLD_1_327,11540,0.97
CA_2,HOUSEHOLD_1_327,11541,0.97
CA_2,HOUSEHOLD_1_327,11542,0.97
CA_2,HOUSEHOLD_1_327,11543,0.97
CA_2,HOUSEHOLD_1_327,11544,0.97
CA_2,HOUSEHOLD_1_327,11545,0.97
CA_2,HOUSEHOLD_1_327,11546,0.97
CA_2,HOUSEHOLD_1_327,11547,0.97
CA_2,HOUSEHOLD_1_327,11548,0.97
CA_2,HOUSEHOLD_1_327,11549,0.98
CA_2,HOUSEHOLD_1_327,11550,0.98
CA_2,HOUSEHOLD_1_327,11551,0.98
CA_2,HOUSEHOLD_1_327,11552,0.98
CA_2,HOUSEHOLD_1_327,11601,0.98
CA_2,HOUSEHOLD_1_327,11602,0.98
CA_2,HOUSEHOLD_1_327,11603,0.98
CA_2,HOUSEHOLD_1_327,11604,0.98
CA_2,HOUSEHOLD_1_327,11605,0.98
CA_2,HOUSEHOLD_1_327,11606,0.98
CA_2,HOUSEHOLD_1_327,11607,0.98
CA_2,HOUSEHOLD_1_327,11608,0.98
CA_2,HOUSEHOLD_1_327,11609,0.98
CA_2,HOUSEHOLD_1_327,11610,0.98
CA_2,HOUSEHOLD_1_327,11611,0.98
CA_2,HOUSEHOLD_1_327,11612,0.98
CA_2,HOUSEHOLD_1_327,11613,0.98
CA_2,HOUSEHOLD_1_327,11614,0.98
CA_2,HOUSEHOLD_1_327,11615,0.98
CA_2,HOUSEHOLD_1_327,11616,0.98
CA_2,HOUSEHOLD_1_327,11617,0.98
CA_2,FOODS_1_218,11513,0.98
CA_2,FOODS_1_218,11514,0.98
CA_2,FOODS_1_218,11515,0.98
CA_2,FOODS_1_218,11516,0.98
CA_2,FOODS_1_218,11517,0.98
CA_2,FOODS_1_218,11518,0.98
CA_2,FOODS_1_218,11519,0.98
CA_2,FOODS_1_218,11520,0.98
CA_2,FOODS_1_218,11521,0.98
CA_2,FOODS_1_218,11522,0.98
CA_2,FOODS_1_218,11523,0.98
CA_2,FOODS_1_218,11524,0.98
CA_2,FOODS_1_218,11525,0.98
CA_2,FOODS_1_218,11526,0.98
CA_2,FOODS_1_218,11527,0.98
CA_2,FOODS_1_218,11528,0.98
CA_2,FOODS_1_218,11529,0.98
CA_2,FOODS_1_218,11530,0.98
CA_2,FOODS_1_218,11531,0.98
CA_2,FOODS_1_218,11532,0.98
CA_2,FOODS_1_218,11533,0.98
CA_2,FOODS_1_218,11534,0.98
CA_2,FOODS_1_218,11535,0.98
CA_2,FOODS_1_218,11536,0.98
CA_2,FOODS_1_218,11537,0.98
CA_2,FOODS_1_218,11538,0.98
CA_2,FOODS_1_218,11539,0.98
CA_2,FOODS_1_218,11540,0.98
CA_2,FOODS_1_218,11541,0.98
CA_2,FOODS_1_218,11542,0.98
CA_2,FOODS_1_218,11543,0.98
CA_2,FOODS_1_218,11544,0.98
CA_2,FOODS_1_218,11545,0.98
CA_2,FOODS_1_218,11546,0.98
CA_2,FOODS_1_218,11547,0.98
CA_2,FOODS_1_218,11548,0.98
CA_2,FOODS_1_218,11549,0.98
CA_2,FOODS_1_218,11550,0.98
CA_2,FOODS_1_218,11551,0.98
CA_2,FOODS_1_218,11552,0.98
CA_2,FOODS_1_218,11601,0.98
CA_2,FOODS_1_218,11602,0.98
CA_2,FOODS_1_218,11603,0.98
CA_2,FOODS_1_218,11604,0.98
CA_2,FOODS_1_218,11605,0.98
CA_2,FOODS_1_218,11606,0.98
CA_2,FOODS_1_218,11607,0.98
CA_2,FOODS_1_218,11608,0.98
CA_2,FOODS_1_218,11609,0.98
CA_2,FOODS_1_218,11610,0.98
CA_2,FOODS_1_218,11611,0.98
CA_2,FOODS_1_218,11612,0.98
CA_2,FOODS_1_218,11613,0.98
CA_2,FOODS_1_218,11614,0.98
CA_2,FOODS_1_218,11615,0.98
CA_2,FOODS_1_218,11616,0.98
CA_2,FOODS_1_218,11617,0.98
CA_2,FOODS_3_080,11513,1.68
CA_2,FOODS_3_080,11514,1.68
CA_2,FOODS_3_080,11515,1.68
CA_2,FOODS_3_080,11516,1.68
CA_2,FOODS_3_080,11517,1.68
CA_2,FOODS_3_080,11518,1.68
CA_2,FOODS_3_080,11519,1.68
CA_2,FOODS_3_080,11520,1.68
CA_2,FOODS_3_080,11521,1.68
CA_2,FOODS_3_080,11522,1.68
CA_2,FOODS_3_080,11523,1.68
CA_2,FOODS_3_080,11524,1.68
CA_2,FOODS_3_080,11525,1.68
CA_2,FOODS_3_080,11526,1.68
CA_2,FOODS_3_080,11527,1.68
CA_2,FOODS_3_080,11528,1.68
CA_2,FOODS_3_080,11529,1.68
CA_2,FOODS_3_080,11530,1.68
CA_2,FOODS_3_080,11531,1.68
CA_2,FOODS_3_080,11532,1.68
CA_2,FOODS_3_080,11533,1.68
CA_2,FOODS_3_080,11534,1.68
CA_2,FOODS_3_080,11535,1.68
CA_2,FOODS_3_080,11536,1.68
CA_2,FOODS_3_080,11537,1.68
CA_2,FOODS_3_080,11538,1.68
CA_2,FOODS_3_080,11539,1.68
CA_2,FOODS_3_080,11540,1.68
CA_2,FOODS_3_080,11541,1.68
CA_2,FOODS_3_080,11542,1.68
CA_2,FOODS_3_080,11543,1.68
CA_2,FOODS_3_080,11544,1.68
CA_2,FOODS_3_080,11545,1.68
CA_2,FOODS_3_080,11546,1.68
CA_2,FOODS_3_080,11547,1.68
CA_2,FOODS_3_080,11548,1.68
CA_2,FOODS_3_080,11549,1.68
CA_2,FOODS_3_080,11550,1.68
CA_2,FOODS_3_080,11551,1.68
CA_2,FOODS_3_080,11552,1.68
CA_2,FOODS_3_080,11601,1.68
CA_2,FOODS_3_080,11602,1.68
CA_2,FOODS_3_080,11603,1.68
CA_2,FOODS_3_080,11604,1.68
CA_2,FOODS_3_080,11605,1.68
CA_2,FOODS_3_080,11606,1.68
CA_2,FOODS_3_080,11607,1.68
CA_2,FOODS_3_080,11608,1.68
CA_2,FOODS_3_080,11609,1.68
CA_2,FOODS_3_080,11610,1.68
CA_2,FOODS_3_080,11611,1.68
CA_2,FOODS_3_080,11612,1.68
CA_2,FOODS_3_080,11613,1.68
CA_2,FOODS_3_080,11614,1.68
CA_2,FOODS_3_080,11615,1.68
CA_2,FOODS_3_080,11616,1.68
CA_2,FOODS_3_080,11617,1.68
CA_2,FOODS_3_090,11513,1.48
CA_2,FOODS_3_090,11514,1.48
CA_2,FOODS_3_090,11515,1.48
CA_2,FOODS_3_090,11516,1.48
CA_2,FOODS_3_090,11517,1.48
CA_2,FOODS_3_090,11518,1.48
CA_2,FOODS_3_090,11519,1.48
CA_2,FOODS_3_090,11520,1.48
CA_2,FOODS_3_090,11521,1.48
CA_2,FOODS_3_090,11522,1.48
CA_2,FOODS_3_090,11523,1.48
CA_2,FOODS_3_090,11524,1.48
CA_2,FOODS_3_090,11525,1.48
CA_2,FOODS_3_090,11526,1.48
CA_2,FOODS_3_090,11527,1.48
CA_2,FOODS_3_090,11528,1.48
CA_2,FOODS_3_090,11529,1.48
CA_2,FOODS_3_090,11530,1.48
CA_2,FOODS_3_090,11531,1.48
CA_2,FOODS_3_090,11532,1.48
CA_2,FOODS_3_090,11533,1.48
CA_2,FOODS_3_090,11534,1.48
CA_2,FOODS_3_090,11535,1.48
CA_2,FOODS_3_090,11536,1.48
CA_2,FOODS_3_090,11537,1.48
CA_2,FOODS_3_090,11538,1.5
CA_2,FOODS_3_090,11539,1.5
CA_2,FOODS_3_090,11540,1.5
CA_2,FOODS_3_090,11541,1.5
CA_2,FOODS_3_090,11542,1.5
CA_2,FOODS_3_090,11543,1.5
CA_2,FOODS_3_090,11544,1.5
CA_2,FOODS_3_090,11545,1.5
CA_2,FOODS_3_090,11546,1.5
CA_2,FOODS_3_090,11547,1.5
CA_2,FOODS_3_090,11548,1.5
CA_2,FOODS_3_090,11549,1.6
CA_2,FOODS_3_090,11550,1.6
CA_2,FOODS_3_090,11551,1.6
CA_2,FOODS_3_090,11552,1.6
CA_2,FOODS_3_090,11601,1.6
CA_2,FOODS_3_090,11602,1.6
CA_2,FOODS_3_090,11603,1.6
CA_2,FOODS_3_090,11604,1.6
CA_2,FOODS_3_090,11605,1.6
CA_2,FOODS_3_090,11606,1.6
CA_2,FOODS_3_090,11607,1.6
CA_2,FOODS_3_090,11608,1.6
CA_2,FOODS_3_090,11609,1.6
CA_2,FOODS_3_090,11610,1.6
CA_2,FOODS_3_090,11611,1.6
CA_2,FOODS_3_090,11612,1.6
CA_2,FOODS_3_090,11613,1.6
CA_2,FOODS_3_090,11614,1.6
CA_2,FOODS_3_090,11615,1.6
CA_2,FOODS_3_090,11616,1.6
CA_2,FOODS_3_090,11617,1.6
CA_2,FOODS_3_252,11513,1.58
CA_2,FOODS_3_252,11514,1.58
CA_2,FOODS_3_252,11515,1.58
CA_2,FOODS_3_252,11516,1.58
CA_2,FOODS_3_252,11517,1.58
CA_2,FOODS_3_252,11518,1.58
CA_2,FOODS_3_252,11519,1.58
CA_2,FOODS_3_252,11520,1.58
CA_2,FOODS_3_252,11521,1.58
CA_2,FOODS_3_252,11522,1.58
CA_2,FOODS_3_252,11523,1.58
CA_2,FOODS_3_252,11524,1.58
CA_2,FOODS_3_252,11525,1.58
CA_2,FOODS_3_252,11526,1.58
CA_2,FOODS_3_252,11527,1.58
CA_2,FOODS_3_252,11528,1.58
CA_2,FOODS_3_252,11529,1.58
CA_2,FOODS_3_252,11530,1.58
CA_2,FOODS_3_252,11531,1.58
CA_2,FOODS_3_252,11532,1.58
CA_2,FOODS_3_252,11533,1.58
CA_2,FOODS_3_252,11534,1.58
CA_2,FOODS_3_252,11535,1.58
CA_2,FOODS_3_252,11536,1.58
CA_2,FOODS_3_252,11537,1.58
CA_2,FOODS_3_252,11538,1.58
CA_2,FOODS_3_252,11539,1.58
CA_2,FOODS_3_252,11540,1.58
CA_2,FOODS_3_252,11541,1.58
CA_2,FOODS_3_252,11542,1.58
CA_2,FOODS_3_252,11543,1.58
CA_2,FOODS_3_252,11544,1.58
CA_2,FOODS_3_252,11545,1.58
CA_2,FOODS_3_252,11546,1.58
CA_2,FOODS_3_252,11547,1.58
CA_2,FOODS_3_252,11548,1.58
CA_2,FOODS_3_252,11549,1.58
CA_2,FOODS_3_252,11550,1.58
CA_2,FOODS_3_252,11551,1.58
CA_2,FOODS_3_252,11552,1.58
CA_2,FOODS_3_252,11601,1.58
CA_2,FOODS_3_252,11602,1.58
CA_2,FOODS_3_252,11603,1.58
CA_2,FOODS_3_252,11604,1.58
CA_2,FOODS_3_252,11605,1.58
CA_2,FOODS_3_252,11606,1.58
CA_2,FOODS_3_252,11607,1.58
CA_2,FOODS_3_252,11608,1.58
CA_2,FOODS_3_252,11609,1.58
CA_2,FOODS_3_252,11610,1.58
CA_2,FOODS_3_252,11611,1.58
CA_2,FOODS_3_252,11612,1.58
CA_2,FOODS_3_252,11613,1.58
CA_2,FOODS_3_252,11614,1.58
CA_2,FOODS_3_252,11615,1.58
CA_2,FOODS_3_252,11616,1.58
CA_2,FOODS_3_252,11617,1.58
CA_2,FOODS_3_555,11513,1.68
CA_2,FOODS_3_555,11514,1.68
CA_2,FOODS_3_555,11515,1.68
CA_2,FOODS_3_555,11516,1.68
CA_2,FOODS_3_555,11517,1.68
CA_2,FOODS_3_555,11518,1.68
CA_2,FOODS_3_555,11519,1.68
CA_2,FOODS_3_555,11520,1.68
CA_2,FOODS_3_555,11521,1.68
CA_2,FOODS_3_555,11522,1.68
CA_2,FOODS_3_555,11523,1.68
CA_2,FOODS_3_555,11524,1.68
CA_2,FOODS_3_555,11525,1.68
CA_2,FOODS_3_555,11526,1.68
CA_2,FOODS_3_555,11527,1.68
CA_2,FOODS_3_555,11528,1.68
CA_2,FOODS_3_555,11529,1.68
CA_2,FOODS_3_555,11530,1.68
CA_2,FOODS_3_555,11531,1.68
CA_2,FOODS_3_555,11532,1.68
CA_2,FOODS_3_555,11533,1.68
CA_2,FOODS_3_555,11534,1.68
CA_2,FOODS_3_555,11535,1.68
CA_2,FOODS_3_555,11536,1.68
CA_2,FOODS_3_555,11537,1.68
CA_2,FOODS_3_555,11538,1.68
CA_2,FOODS_3_555,11539,1.68
CA_2,FOODS_3_555,11540,1.68
CA_2,FOODS_3_555,11541,1.68
CA_2,FOODS_3_555,11542,1.68
CA_2,FOODS_3_555,11543,1.68
CA_2,FOODS_3_555,11544,1.68
CA_2,FOODS_3_555,11545,1.68
CA_2,FOODS_3_555,11546,1.68
CA_2,FOODS_3_555,11547,1.68
CA_2,FOODS_3_555,11548,1.68
CA_2,FOODS_3_555,11549,1.68
CA_2,FOODS_3_555,11550,1.68
CA_2,FOODS_3_555,11551,1.68
CA_2,FOODS_3_555,11552,1.68
CA_2,FOODS_3_555,11601,1.68
CA_2,FOODS_3_555,11602,1.68
CA_2,FOODS_3_555,11603,1.68
CA_2,FOODS_3_555,11604,1.68
CA_2,FOODS_3_555,11605,1.68
CA_2,FOODS_3_555,11606,1.68
CA_2,FOODS_3_555,11607,1.68
CA_2,FOODS_3_555,11608,1.68
CA_2,FOODS_3_555,11609,1.68
CA_2,FOODS_3_555,11610,1.68
CA_2,FOODS_3_555,11611,1.68
CA_2,FOODS_3_555,11612,1.68
CA_2,FOODS_3_555,11613,1.68
CA_2,FOODS_3_555,11614,1.68
CA_2,FOODS_3_555,11615,1.68
CA_2,FOODS_3_555,11616,1.68
CA_2,FOODS_3_555,11617,1.68
CA_2,FOODS_3_586,11513,1.68
CA_2,FOODS_3_586,11514,1.68
CA_2,FOODS_3_586,11515,1.68
CA_2,FOODS_3_586,11516,1.68
CA_2,FOODS_3_586,11517,1.68
CA_2,FOODS_3_586,11518,1.68
CA_2,FOODS_3_586,11519,1.68
CA_2,FOODS_3_586,11520,1.68
CA_2,FOODS_3_586,11521,1.68
CA_2,FOODS_3_586,11522,1.68
CA_2,FOODS_3_586,11523,1.68
CA_2,FOODS_3_586,11524,1.68
CA_2,FOODS_3_586,11525,1.68
CA_2,FOODS_3_586,11526,1.68
CA_2,FOODS_3_586,11527,1.68
CA_2,FOODS_3_586,11528,1.68
CA_2,FOODS_3_586,11529,1.68
CA_2,FOODS_3_586,11530,1.68
CA_2,FOODS_3_586,11531,1.68
CA_2,FOODS_3_586,11532,1.68
CA_2,FOODS_3_586,11533,1.68
CA_2,FOODS_3_586,11534,1.68
CA_2,FOODS_3_586,11535,1.68
CA_2,FOODS_3_586,11536,1.68
CA_2,FOODS_3_586,11537,1.68
CA_2,FOODS_3_586,11538,1.68
CA_2,FOODS_3_586,11539,1.68
CA_2,FOODS_3_586,11540,1.68
CA_2,FOODS_3_586,11541,1.68
CA_2,FOODS_3_586,11542,1.68
CA_2,FOODS_3_586,11543,1.68
CA_2,FOODS_3_586,11544,1.68
CA_2,FOODS_3_586,11545,1.68
CA_2,FOODS_3_586,11546,1.68
CA_2,FOODS_3_586,11547,1.68
CA_2,FOODS_3_586,11548,1.68
CA_2,FOODS_3_586,11549,1.68
CA_2,FOODS_3_586,11550,1.68
CA_2,FOODS_3_586,11551,1.68
CA_2,FOODS_3_586,11552,1.68
CA_2,FOODS_3_586,11601,1.68
CA_2,FOODS_3_586,11602,1.68
CA_2,FOODS_3_586,11603,1.68
CA_2,FOODS_3_586,11604,1.68
CA_2,FOODS_3_586,11605,1.68
CA_2,FOODS_3_586,11606,1.68
CA_2,FOODS_3_586,11607,1.68
CA_2,FOODS_3_586,11608,1.68
CA_2,FOODS_3_586,11609,1.68
CA_2,FOODS_3_586,11610,1.68
CA_2,FOODS_3_586,11611,1.68
CA_2,FOODS_3_586,11612,1.68
CA_2,FOODS_3_586,11613,1.68
CA_2,FOODS_3_586,11614,1.68
CA_2,FOODS_3_586,11615,1.68
CA_2,FOODS_3_586,11616,1.68
CA_2,FOODS_3_586,11617,1.68
CA_3,HOBBIES_1_234,11513,0.3
CA_3,HOBBIES_1_234,11514,0.3
CA_3,HOBBIES_1_234,11515,0.3
CA_3,HOBBIES_1_234,11516,0.3
CA_3,HOBBIES_1_234,11517,0.3
CA_3,HOBBIES_1_234,11518,0.3
CA_3,HOBBIES_1_234,11519,0.3
CA_3,HOBBIES_1_234,11520,0.3
CA_3,HOBBIES_1_234,11521,0.3
CA_3,HOBBIES_1_234,11522,0.3
CA_3,HOBBIES_1_234,11523,0.3
CA_3,HOBBIES_1_234,11524,0.3
CA_3,HOBBIES_1_234,11525,0.3
CA_3,HOBBIES_1_234,11526,0.3
CA_3,HOBBIES_1_234,11527,0.3
CA_3,HOBBIES_1_234,11528,0.3
CA_3,HOBBIES_1_234,11529,0.3
CA_3,HOBBIES_1_234,11530,0.3
CA_3,HOBBIES_1_234,11531,0.3
CA_3,HOBBIES_1_234,11532,0.3
CA_3,HOBBIES_1_234,11533,0.3
CA_3,HOBBIES_1_234,11534,0.3
CA_3,HOBBIES_1_234,11535,0.3
CA_3,HOBBIES_1_234,11536,0.3
CA_3,HOBBIES_1_234,11537,0.3
CA_3,HOBBIES_1_234,11538,0.3
CA_3,HOBBIES_1_234,11539,0.3
CA_3,HOBBIES_1_234,11540,0.3
CA_3,HOBBIES_1_234,11541,0.3
CA_3,HOBBIES_1_234,11542,0.3
CA_3,HOBBIES_1_234,11543,0.3
CA_3,HOBBIES_1_234,11544,0.3
CA_3,HOBBIES_1_234,11545,0.3
CA_3,HOBBIES_1_234,11546,0.3
CA_3,HOBBIES_1_234,11547,0.3
CA_3,HOBBIES_1_234,11548,0.3
CA_3,HOBBIES_1_234,11549,0.3
CA_3,HOBBIES_1_234,11550,0.3
CA_3,HOBBIES_1_234,11551,0.3
CA_3,HOBBIES_1_234,11552,0.3
CA_3,HOBBIES_1_234,11601,0.3
CA_3,HOBBIES_1_234,11602,0.3
CA_3,HOBBIES_1_234,11603,0.3
CA_3,HOBBIES_1_234,11604,0.3
CA_3,HOBBIES_1_234,11605,0.3
CA_3,HOBBIES_1_234,11606,0.3
CA_3,HOBBIES_1_234,11607,0.3
CA_3,HOBBIES_1_234,11608,0.3
CA_3,HOBBIES_1_234,11609,0.3
CA_3,HOBBIES_1_234,11610,0.3
CA_3,HOBBIES_1_234,11611,0.3
CA_3,HOBBIES_1_234,11612,0.3
CA_3,HOBBIES_1_234,11613,0.3
CA_3,HOBBIES_1_234,11614,0.3
CA_3,HOBBIES_1_234,11615,0.3
CA_3,HOBBIES_1_234,11616,0.3
CA_3,HOBBIES_1_234,11617,0.3
CA_3,HOBBIES_1_254,11513,0.7
CA_3,HOBBIES_1_254,11514,0.7
CA_3,HOBBIES_1_254,11515,0.7
CA_3,HOBBIES_1_254,11516,0.7
CA_3,HOBBIES_1_254,11517,0.7
CA_3,HOBBIES_1_254,11518,0.7
CA_3,HOBBIES_1_254,11519,0.7
CA_3,HOBBIES_1_254,11520,0.7
CA_3,HOBBIES_1_254,11521,0.7
CA_3,HOBBIES_1_254,11522,0.7
CA_3,HOBBIES_1_254,11523,0.7
CA_3,HOBBIES_1_254,11524,0.7
CA_3,HOBBIES_1_254,11525,0.7
CA_3,HOBBIES_1_254,11526,0.7
CA_3,HOBBIES_1_254,11527,0.7
CA_3,HOBBIES_1_254,11528,0.7
CA_3,HOBBIES_1_254,11529,0.7
CA_3,HOBBIES_1_254,11530,0.7
CA_3,HOBBIES_1_254,11531,0.7
CA_3,HOBBIES_1_254,11532,0.7
CA_3,HOBBIES_1_254,11533,0.7
CA_3,HOBBIES_1_254,11534,0.7
CA_3,HOBBIES_1_254,11535,0.7
CA_3,HOBBIES_1_254,11536,0.7
CA_3,HOBBIES_1_254,11537,0.7
CA_3,HOBBIES_1_254,11538,0.7
CA_3,HOBBIES_1_254,11539,0.7
CA_3,HOBBIES_1_254,11540,0.7
CA_3,HOBBIES_1_254,11541,0.7
CA_3,HOBBIES_1_254,11542,0.7
CA_3,HOBBIES_1_254,11543,0.7
CA_3,HOBBIES_1_254,11544,0.7
CA_3,HOBBIES_1_254,11545,0.7
CA_3,HOBBIES_1_254,11546,0.7
CA_3,HOBBIES_1_254,11547,0.7
CA_3,HOBBIES_1_254,11548,0.7
CA_3,HOBBIES_1_254,11549,0.7
CA_3,HOBBIES_1_254,11550,0.7
CA_3,HOBBIES_1_254,11551,0.7
CA_3,HOBBIES_1_254,11552,0.7
CA_3,HOBBIES_1_254,11601,0.7
CA_3,HOBBIES_1_254,11602,0.7
CA_3,HOBBIES_1_254,11603,0.7
CA_3,HOBBIES_1_254,11604,0.7
CA_3,HOBBIES_1_254,11605,0.7
CA_3,HOBBIES_1_254,11606,0.7
CA_3,HOBBIES_1_254,11607,0.7
CA_3,HOBBIES_1_254,11608,0.7
CA_3,HOBBIES_1_254,11609,0.7
CA_3,HOBBIES_1_254,11610,0.7
CA_3,HOBBIES_1_254,11611,0.7
CA_3,HOBBIES_1_254,11612,0.7
CA_3,HOBBIES_1_254,11613,0.7
CA_3,HOBBIES_1_254,11614,0.7
CA_3,HOBBIES_1_254,11615,0.7
CA_3,HOBBIES_1_254,11616,0.7
CA_3,HOBBIES_1_254,11617,0.7
CA_3,HOUSEHOLD_1_118,11513,0.97
CA_3,HOUSEHOLD_1_118,11514,0.97
CA_3,HOUSEHOLD_1_118,11515,0.97
CA_3,HOUSEHOLD_1_118,11516,0.97
CA_3,HOUSEHOLD_1_118,11517,0.97
CA_3,HOUSEHOLD_1_118,11518,0.97
CA_3,HOUSEHOLD_1_118,11519,0.97
CA_3,HOUSEHOLD_1_118,11520,0.97
CA_3,HOUSEHOLD_1_118,11521,0.97
CA_3,HOUSEHOLD_1_118,11522,0.97
CA_3,HOUSEHOLD_1_118,11523,0.97
CA_3,HOUSEHOLD_1_118,11524,0.97
CA_3,HOUSEHOLD_1_118,11525,0.97
CA_3,HOUSEHOLD_1_118,11526,0.97
CA_3,HOUSEHOLD_1_118,11527,0.97
CA_3,HOUSEHOLD_1_118,11528,0.97
CA_3,HOUSEHOLD_1_118,11529,0.97
CA_3,HOUSEHOLD_1_118,11530,0.97
CA_3,HOUSEHOLD_1_118,11531,0.97
CA_3,HOUSEHOLD_1_118,11532,0.97
CA_3,HOUSEHOLD_1_118,11533,0.97
CA_3,HOUSEHOLD_1_118,11534,0.97
CA_3,HOUSEHOLD_1_118,11535,0.97
CA_3,HOUSEHOLD_1_118,11536,0.97
CA_3,HOUSEHOLD_1_118,11537,0.97
CA_3,HOUSEHOLD_1_118,11538,0.97
CA_3,HOUSEHOLD_1_118,11539,0.97
CA_3,HOUSEHOLD_1_118,11540,0.97
CA_3,HOUSEHOLD_1_118,11541,0.97
CA_3,HOUSEHOLD_1_118,11542,0.97
CA_3,HOUSEHOLD_1_118,11543,0.97
CA_3,HOUSEHOLD_1_118,11544,0.97
CA_3,HOUSEHOLD_1_118,11545,0.97
CA_3,HOUSEHOLD_1_118,11546,0.97
CA_3,HOUSEHOLD_1_118,11547,0.97
CA_3,HOUSEHOLD_1_118,11548,0.97
CA_3,HOUSEHOLD_1_118,11549,0.97
CA_3,HOUSEHOLD_1_118,11550,0.97
CA_3,HOUSEHOLD_1_118,11551,0.97
CA_3,HOUSEHOLD_1_118,11552,0.97
CA_3,HOUSEHOLD_1_118,11601,0.97
CA_3,HOUSEHOLD_1_118,11602,0.97
CA_3,HOUSEHOLD_1_118,11603,0.97
CA_3,HOUSEHOLD_1_118,11604,0.97
CA_3,HOUSEHOLD_1_118,11605,0.97
CA_3,HOUSEHOLD_1_118,11606,0.97
CA_3,HOUSEHOLD_1_118,11607,0.97
CA_3,HOUSEHOLD_1_118,11608,0.97
CA_3,HOUSEHOLD_1_118,11609,0.97
CA_3,HOUSEHOLD_1_118,11610,0.97
CA_3,HOUSEHOLD_1_118,11611,0.97
CA_3,HOUSEHOLD_1_118,11612,0.97
CA_3,HOUSEHOLD_1_118,11613,0.97
CA_3,HOUSEHOLD_1_118,11614,0.97
CA_3,HOUSEHOLD_1_118,11615,0.97
CA_3,HOUSEHOLD_1_118,11616,0.97
CA_3,HOUSEHOLD_1_118,11617,0.97
CA_3,HOUSEHOLD_1_303,11513,0.97
CA_3,HOUSEHOLD_1_303,11514,0.97
CA_3,HOUSEHOLD_1_303,11515,0.97
CA_3,HOUSEHOLD_1_303,11516,0.97
CA_3,HOUSEHOLD_1_303,11517,0.97
CA_3,HOUSEHOLD_1_303,11518,0.97
CA_3,HOUSEHOLD_1_303,11519,0.97
CA_3,HOUSEHOLD_1_303,11520,0.97
CA_3,HOUSEHOLD_1_303,11521,0.97
CA_3,HOUSEHOLD_1_303,11522,0.97
CA_3,HOUSEHOLD_1_303,11523,0.97
CA_3,HOUSEHOLD_1_303,11524,0.97
CA_3,HOUSEHOLD_1_303,11525,0.97
CA_3,HOUSEHOLD_1_303,11526,0.97
CA_3,HOUSEHOLD_1_303,11527,0.97
CA_3,HOUSEHOLD_1_303,11528,0.97
CA_3,HOUSEHOLD_1_303,11529,0.97
CA_3,HOUSEHOLD_1_303,11530,0.97
CA_3,HOUSEHOLD_1_303,11531,0.97
CA_3,HOUSEHOLD_1_303,11532,0.97
CA_3,HOUSEHOLD_1_303,11533,0.97
CA_3,HOUSEHOLD_1_303,11534,0.97
CA_3,HOUSEHOLD_1_303,11535,0.97
CA_3,HOUSEHOLD_1_303,11536,0.97
CA_3,HOUSEHOLD_1_303,11537,0.97
CA_3,HOUSEHOLD_1_303,11538,0.97
CA_3,HOUSEHOLD_1_303,11539,0.97
CA_3,HOUSEHOLD_1_303,11540,0.97
CA_3,HOUSEHOLD_1_303,11541,0.97
CA_3,HOUSEHOLD_1_303,11542,0.97
CA_3,HOUSEHOLD_1_303,11543,0.97
CA_3,HOUSEHOLD_1_303,11544,0.97
CA_3,HOUSEHOLD_1_303,11545,0.97
CA_3,HOUSEHOLD_1_303,11546,0.97
CA_3,HOUSEHOLD_1_303,11547,0.97
CA_3,HOUSEHOLD_1_303,11548,0.98
CA_3,HOUSEHOLD_1_303,11549,0.98
CA_3,HOUSEHOLD_1_303,11550,0.98
CA_3,HOUSEHOLD_1_303,11551,0.98
CA_3,HOUSEHOLD_1_303,11552,0.98
CA_3,HOUSEHOLD_1_303,11601,0.98
CA_3,HOUSEHOLD_1_303,11602,0.98
CA_3,HOUSEHOLD_1_303,11603,0.98
CA_3,HOUSEHOLD_1_303,11604,0.98
CA_3,HOUSEHOLD_1_303,11605,0.98
CA_3,HOUSEHOLD_1_303,11606,0.98
CA_3,HOUSEHOLD_1_303,11607,0.98
CA_3,HOUSEHOLD_1_303,11608,0.98
CA_3,HOUSEHOLD_1_303,11609,0.98
CA_3,HOUSEHOLD_1_303,11610,0.98
CA_3,HOUSEHOLD_1_303,11611,0.98
CA_3,HOUSEHOLD_1_303,11612,0.98
CA_3,HOUSEHOLD_1_303,11613,0.98
CA_3,HOUSEHOLD_1_303,11614,0.98
CA_3,HOUSEHOLD_1_303,11615,0.98
CA_3,HOUSEHOLD_1_303,11616,0.98
CA_3,HOUSEHOLD_1_303,11617,0.98
CA_3,HOUSEHOLD_1_334,11513,0.98
CA_3,HOUSEHOLD_1_334,11514,0.98
CA_3,HOUSEHOLD_1_334,11515,0.98
CA_3,HOUSEHOLD_1_334,11516,0.98
CA_3,HOUSEHOLD_1_334,11517,0.98
CA_3,HOUSEHOLD_1_334,11518,0.98
CA_3,HOUSEHOLD_1_334,11519,0.98
CA_3,HOUSEHOLD_1_334,11520,0.98
CA_3,HOUSEHOLD_1_334,11521,0.98
CA_3,HOUSEHOLD_1_334,11522,0.98
CA_3,HOUSEHOLD_1_334,11523,0.98
CA_3,HOUSEHOLD_1_334,11524,0.98
CA_3,HOUSEHOLD_1_334,11525,0.98
CA_3,HOUSEHOLD_1_334,11526,0.98
CA_3,HOUSEHOLD_1_334,11527,0.98
CA_3,HOUSEHOLD_1_334,11528,0.98
CA_3,HOUSEHOLD_1_334,11529,0.98
CA_3,HOUSEHOLD_1_334,11530,0.98
CA_3,HOUSEHOLD_1_334,11531,0.98
CA_3,HOUSEHOLD_1_334,11532,0.98
CA_3,HOUSEHOLD_1_334,11533,0.98
CA_3,HOUSEHOLD_1_334,11534,0.98
CA_3,HOUSEHOLD_1_334,11535,0.98
CA_3,HOUSEHOLD_1_334,11536,0.98
CA_3,HOUSEHOLD_1_334,11537,0.98
CA_3,HOUSEHOLD_1_334,11538,0.97
CA_3,HOUSEHOLD_1_334,11539,0.97
CA_3,HOUSEHOLD_1_334,11540,0.97
CA_3,HOUSEHOLD_1_334,11541,0.97
CA_3,HOUSEHOLD_1_334,11542,0.97
CA_3,HOUSEHOLD_1_334,11543,0.97
CA_3,HOUSEHOLD_1_334,11544,0.97
CA_3,HOUSEHOLD_1_334,11545,0.97
CA_3,HOUSEHOLD_1_334,11546,0.97
CA_3,HOUSEHOLD_1_334,11547,0.97
CA_3,HOUSEHOLD_1_334,11548,0.97
CA_3,HOUSEHOLD_1_334,11549,0.97
CA_3,HOUSEHOLD_1_334,11550,0.97
CA_3,HOUSEHOLD_1_334,11551,0.97
CA_3,HOUSEHOLD_1_334,11552,0.97
CA_3,HOUSEHOLD_1_334,11601,0.97
CA_3,HOUSEHOLD_1_334,11602,0.97
CA_3,HOUSEHOLD_1_334,11603,0.97
CA_3,HOUSEHOLD_1_334,11604,0.97
CA_3,HOUSEHOLD_1_334,11605,0.97
CA_3,HOUSEHOLD_1_334,11606,0.97
CA_3,HOUSEHOLD_1_334,11607,0.97
CA_3,HOUSEHOLD_1_334,11608,0.97
CA_3,HOUSEHOLD_1_334,11609,0.97
CA_3,HOUSEHOLD_1_334,11610,0.97
CA_3,HOUSEHOLD_1_334,11611,0.97
CA_3,HOUSEHOLD_1_334,11612,0.97
CA_3,HOUSEHOLD_1_334,11613,0.97
CA_3,HOUSEHOLD_1_334,11614,0.97
CA_3,HOUSEHOLD_1_334,11615,0.97
CA_3,HOUSEHOLD_1_334,11616,0.97
CA_3,HOUSEHOLD_1_334,11617,0.97
CA_3,HOUSEHOLD_1_459,11513,0.98
CA_3,HOUSEHOLD_1_459,11514,0.98
CA_3,HOUSEHOLD_1_459,11515,0.98
CA_3,HOUSEHOLD_1_459,11516,0.98
CA_3,HOUSEHOLD_1_459,11517,0.98
CA_3,HOUSEHOLD_1_459,11518,0.98
CA_3,HOUSEHOLD_1_459,11519,0.98
CA_3,HOUSEHOLD_1_459,11520,0.98
CA_3,HOUSEHOLD_1_459,11521,0.98
CA_3,HOUSEHOLD_1_459,11522,0.98
CA_3,HOUSEHOLD_1_459,11523,0.98
CA_3,HOUSEHOLD_1_459,11524,0.98
CA_3,HOUSEHOLD_1_459,11525,0.98
CA_3,HOUSEHOLD_1_459,11526,0.98
CA_3,HOUSEHOLD_1_459,11527,0.98
CA_3,HOUSEHOLD_1_459,11528,0.98
CA_3,HOUSEHOLD_1_459,11529,0.98
CA_3,HOUSEHOLD_1_459,11530,0.98
CA_3,HOUSEHOLD_1_459,11531,0.98
CA_3,HOUSEHOLD_1_459,11532,0.98
CA_3,HOUSEHOLD_1_459,11533,0.98
CA_3,HOUSEHOLD_1_459,11534,0.98
CA_3,HOUSEHOLD_1_459,11535,0.98
CA_3,HOUSEHOLD_1_459,11536,0.98
CA_3,HOUSEHOLD_1_459,11537,0.98
CA_3,HOUSEHOLD_1_459,11538,0.97
CA_3,HOUSEHOLD_1_459,11539,0.97
CA_3,HOUSEHOLD_1_459,11540,0.97
CA_3,HOUSEHOLD_1_459,11541,0.97
CA_3,HOUSEHOLD_1_459,11542,0.97
CA_3,HOUSEHOLD_1_459,11543,0.97
CA_3,HOUSEHOLD_1_459,11544,0.97
CA_3,HOUSEHOLD_1_459,11545,0.97
CA_3,HOUSEHOLD_1_459,11546,0.97
CA_3,HOUSEHOLD_1_459,11547,0.97
CA_3,HOUSEHOLD_1_459,11548,0.97
CA_3,HOUSEHOLD_1_459,11549,0.97
CA_3,HOUSEHOLD_1_459,11550,0.97
CA_3,HOUSEHOLD_1_459,11551,0.97
CA_3,HOUSEHOLD_1_459,11552,0.97
CA_3,HOUSEHOLD_1_459,11601,0.97
CA_3,HOUSEHOLD_1_459,11602,0.97
CA_3,HOUSEHOLD_1_459,11603,0.97
CA_3,HOUSEHOLD_1_459,11604,0.97
CA_3,HOUSEHOLD_1_459,11605,0.97
CA_3,HOUSEHOLD_1_459,11606,0.97
CA_3,HOUSEHOLD_1_459,11607,0.97
CA_3,HOUSEHOLD_1_459,11608,0.97
CA_3,HOUSEHOLD_1_459,11609,0.97
CA_3,HOUSEHOLD_1_459,11610,0.97
CA_3,HOUSEHOLD_1_459,11611,0.97
CA_3,HOUSEHOLD_1_459,11612,0.97
CA_3,HOUSEHOLD_1_459,11613,0.97
CA_3,HOUSEHOLD_1_459,11614,0.97
CA_3,HOUSEHOLD_1_459,11615,0.97
CA_3,HOUSEHOLD_1_459,11616,0.97
CA_3,HOUSEHOLD_1_459,11617,0.97
CA_3,FOODS_3_090,11513,1.48
CA_3,FOODS_3_090,11514,1.48
CA_3,FOODS_3_090,11515,1.48
CA_3,FOODS_3_090,11516,1.0
CA_3,FOODS_3_090,11517,1.0
CA_3,FOODS_3_090,11518,1.0
CA_3,FOODS_3_090,11519,1.0
CA_3,FOODS_3_090,11520,1.48
CA_3,FOODS_3_090,11521,1.48
CA_3,FOODS_3_090,11522,1.48
CA_3,FOODS_3_090,11523,1.48
CA_3,FOODS_3_090,11524,1.48
CA_3,FOODS_3_090,11525,1.48
CA_3,FOODS_3_090,11526,1.48
CA_3,FOODS_3_090,11527,1.48
CA_3,FOODS_3_090,11528,1.48
CA_3,FOODS_3_090,11529,1.48
CA_3,FOODS_3_090,11530,1.48
CA_3,FOODS_3_090,11531,1.48
CA_3,FOODS_3_090,11532,1.48
CA_3,FOODS_3_090,11533,1.48
CA_3,FOODS_3_090,11534,1.48
CA_3,FOODS_3_090,11535,1.48
CA_3,FOODS_3_090,11536,1.48
CA_3,FOODS_3_090,11537,1.48
CA_3,FOODS_3_090,11538,1.5
CA_3,FOODS_3_090,11539,1.5
CA_3,FOODS_3_090,11540,1.5
CA_3,FOODS_3_090,11541,1.5
CA_3,FOODS_3_090,11542,1.5
CA_3,FOODS_3_090,11543,1.5
CA_3,FOODS_3_090,11544,1.5
CA_3,FOODS_3_090,11545,1.0
CA_3,FOODS_3_090,11546,1.0
CA_3,FOODS_3_090,11547,1.0
CA_3,FOODS_3_090,11548,1.0
CA_3,FOODS_3_090,11549,1.6
CA_3,FOODS_3_090,11550,1.6
CA_3,FOODS_3_090,11551,1.6
CA_3,FOODS_3_090,11552,1.6
CA_3,FOODS_3_090,11601,1.6
CA_3,FOODS_3_090,11602,1.6
CA_3,FOODS_3_090,11603,1.6
CA_3,FOODS_3_090,11604,1.6
CA_3,FOODS_3_090,11605,1.6
CA_3,FOODS_3_090,11606,1.6
CA_3,FOODS_3_090,11607,1.6
CA_3,FOODS_3_090,11608,1.6
CA_3,FOODS_3_090,11609,1.6
CA_3,FOODS_3_090,11610,1.6
CA_3,FOODS_3_090,11611,1.6
CA_3,FOODS_3_090,11612,1.6
CA_3,FOODS_3_090,11613,1.6
CA_3,FOODS_3_090,11614,1.6
CA_3,FOODS_3_090,11615,1.6
CA_3,FOODS_3_090,11616,1.6
CA_3,FOODS_3_090,11617,1.6
CA_3,FOODS_3_120,11513,4.98
CA_3,FOODS_3_120,11514,4.98
CA_3,FOODS_3_120,11515,4.98
CA_3,FOODS_3_120,11516,4.98
CA_3,FOODS_3_120,11517,4.98
CA_3,FOODS_3_120,11518,4.98
CA_3,FOODS_3_120,11519,4.98
CA_3,FOODS_3_120,11520,4.98
CA_3,FOODS_3_120,11521,4.98
CA_3,FOODS_3_120,11522,4.98
CA_3,FOODS_3_120,11523,4.98
CA_3,FOODS_3_120,11524,4.98
CA_3,FOODS_3_120,11525,4.98
CA_3,FOODS_3_120,11526,4.98
CA_3,FOODS_3_120,11527,4.98
CA_3,FOODS_3_120,11528,4.98
CA_3,FOODS_3_120,11529,4.98
CA_3,FOODS_3_120,11530,4.98
CA_3,FOODS_3_120,11531,4.98
CA_3,FOODS_3_120,11532,4.98
CA_3,FOODS_3_120,11533,4.98
CA_3,FOODS_3_120,11534,4.98
CA_3,FOODS_3_120,11535,4.98
CA_3,FOODS_3_120,11536,4.98
CA_3,FOODS_3_120,11537,4.98
CA_3,FOODS_3_120,11538,4.98
CA_3,FOODS_3_120,11539,4.98
CA_3,FOODS_3_120,11540,4.98
CA_3,FOODS_3_120,11541,4.98
CA_3,FOODS_3_120,11542,4.98
CA_3,FOODS_3_120,11543,4.98
CA_3,FOODS_3_120,11544,4.98
CA_3,FOODS_3_120,11545,4.98
CA_3,FOODS_3_120,11546,4.98
CA_3,FOODS_3_120,11547,4.98
CA_3,FOODS_3_120,11548,4.98
CA_3,FOODS_3_120,11549,4.98
CA_3,FOODS_3_120,11550,4.98
CA_3,FOODS_3_120,11551,4.98
CA_3,FOODS_3_120,11552,4.98
CA_3,FOODS_3_120,11601,4.98
CA_3,FOODS_3_120,11602,4.98
CA_3,FOODS_3_120,11603,4.98
CA_3,FOODS_3_120,11604,4.98
CA_3,FOODS_3_120,11605,4.98
CA_3,FOODS_3_120,11606,3.98
CA_3,FOODS_3_120,11607,4.98
CA_3,FOODS_3_120,11608,4.98
CA_3,FOODS_3_120,11609,4.98
CA_3,FOODS_3_120,11610,4.98
CA_3,FOODS_3_120,11611,4.98
CA_3,FOODS_3_120,11612,4.98
CA_3,FOODS_3_120,11613,4.98
CA_3,FOODS_3_120,11614,4.98
CA_3,FOODS_3_120,11615,4.98
CA_3,FOODS_3_120,11616,4.98
CA_3,FOODS_3_120,11617,4.98
CA_3,FOODS_3_252,11513,1.58
CA_3,FOODS_3_252,11514,1.58
CA_3,FOODS_3_252,11515,1.58
CA_3,FOODS_3_252,11516,1.58
CA_3,FOODS_3_252,11517,1.58
CA_3,FOODS_3_252,11518,1.58
CA_3,FOODS_3_252,11519,1.58
CA_3,FOODS_3_252,11520,1.58
CA_3,FOODS_3_252,11521,1.58
CA_3,FOODS_3_252,11522,1.58
CA_3,FOODS_3_252,11523,1.58
CA_3,FOODS_3_252,11524,1.58
CA_3,FOODS_3_252,11525,1.58
CA_3,FOODS_3_252,11526,1.58
CA_3,FOODS_3_252,11527,1.58
CA_3,FOODS_3_252,11528,1.58
CA_3,FOODS_3_252,11529,1.58
CA_3,FOODS_3_252,11530,1.58
CA_3,FOODS_3_252,11531,1.58
CA_3,FOODS_3_252,11532,1.58
CA_3,FOODS_3_252,11533,1.58
CA_3,FOODS_3_252,11534,1.58
CA_3,FOODS_3_252,11535,1.58
CA_3,FOODS_3_252,11536,1.58
CA_3,FOODS_3_252,11537,1.58
CA_3,FOODS_3_252,11538,1.58
CA_3,FOODS_3_252,11539,1.58
CA_3,FOODS_3_252,11540,1.58
CA_3,FOODS_3_252,11541,1.58
CA_3,FOODS_3_252,11542,1.58
CA_3,FOODS_3_252,11543,1.58
CA_3,FOODS_3_252,11544,1.58
CA_3,FOODS_3_252,11545,1.58
CA_3,FOODS_3_252,11546,1.58
CA_3,FOODS_3_252,11547,1.58
CA_3,FOODS_3_252,11548,1.58
CA_3,FOODS_3_252,11549,1.58
CA_3,FOODS_3_252,11550,1.58
CA_3,FOODS_3_252,11551,1.58
CA_3,FOODS_3_252,11552,1.58
CA_3,FOODS_3_252,11601,1.58
CA_3,FOODS_3_252,11602,1.58
CA_3,FOODS_3_252,11603,1.58
CA_3,FOODS_3_252,11604,1.58
CA_3,FOODS_3_252,11605,1.58
CA_3,FOODS_3_252,11606,1.58
CA_3,FOODS_3_252,11607,1.58
CA_3,FOODS_3_252,11608,1.58
CA_3,FOODS_3_252,11609,1.58
CA_3,FOODS_3_252,11610,1.58
CA_3,FOODS_3_252,11611,1.58
CA_3,FOODS_3_252,11612,1.58
CA_3,FOODS_3_252,11613,1.58
CA_3,FOODS_3_252,11614,1.58
CA_3,FOODS_3_252,11615,1.58
CA_3,FOODS_3_252,11616,1.58
CA_3,FOODS_3_252,11617,1.58
CA_3,FOODS_3_541,11513,0.88
CA_3,FOODS_3_541,11514,0.88
CA_3,FOODS_3_541,11515,0.88
CA_3,FOODS_3_541,11516,0.88
CA_3,FOODS_3_541,11517,0.88
CA_3,FOODS_3_541,11518,1.0
CA_3,FOODS_3_541,11519,1.0
CA_3,FOODS_3_541,11520,1.0
CA_3,FOODS_3_541,11521,1.0
CA_3,FOODS_3_541,11522,1.0
CA_3,FOODS_3_541,11523,1.0
CA_3,FOODS_3_541,11524,1.0
CA_3,FOODS_3_541,11525,1.0
CA_3,FOODS_3_541,11526,1.0
CA_3,FOODS_3_541,11527,1.0
CA_3,FOODS_3_541,11528,1.0
CA_3,FOODS_3_541,11529,1.0
CA_3,FOODS_3_541,11530,1.0
CA_3,FOODS_3_541,11531,1.0
CA_3,FOODS_3_541,11532,1.0
CA_3,FOODS_3_541,11533,1.0
CA_3,FOODS_3_541,11534,1.0
CA_3,FOODS_3_541,11535,1.0
CA_3,FOODS_3_541,11536,1.0
CA_3,FOODS_3_541,11537,0.88
CA_3,FOODS_3_541,11538,0.88
CA_3,FOODS_3_541,11539,0.88
CA_3,FOODS_3_541,11540,0.88
CA_3,FOODS_3_541,11541,0.88
CA_3,FOODS_3_541,11542,0.88
CA_3,FOODS_3_541,11543,0.88
CA_3,FOODS_3_541,11544,0.88
CA_3,FOODS_3_541,11545,0.88
CA_3,FOODS_3_541,11546,0.88
CA_3,FOODS_3_541,11547,0.88
CA_3,FOODS_3_541,11548,1.0
CA_3,FOODS_3_541,11549,1.0
CA_3,FOODS_3_541,11550,1.0
CA_3,FOODS_3_541,11551,1.0
CA_3,FOODS_3_541,11552,1.0
CA_3,FOODS_3_541,11601,1.0
CA_3,FOODS_3_541,11602,1.0
CA_3,FOODS_3_541,11603,1.0
CA_3,FOODS_3_541,11604,1.0
CA_3,FOODS_3_541,11605,1.0
CA_3,FOODS_3_541,11606,1.0
CA_3,FOODS_3_541,11607,1.0
CA_3,FOODS_3_541,11608,1.0
CA_3,FOODS_3_541,11609,1.0
CA_3,FOODS_3_541,11610,1.0
CA_3,FOODS_3_541,11611,1.0
CA_3,FOODS_3_541,11612,1.0
CA_3,FOODS_3_541,11613,1.0
CA_3,FOODS_3_541,11614,0.88
CA_3,FOODS_3_541,11615,0.88
CA_3,FOODS_3_541,11616,0.88
CA_3,FOODS_3_541,11617,0.88
CA_3,FOODS_3_586,11513,1.68
CA_3,FOODS_3_586,11514,1.68
CA_3,FOODS_3_586,11515,1.68
CA_3,FOODS_3_586,11516,1.68
CA_3,FOODS_3_586,11517,1.68
CA_3,FOODS_3_586,11518,1.68
CA_3,FOODS_3_586,11519,1.68
CA_3,FOODS_3_586,11520,1.68
CA_3,FOODS_3_586,11521,1.68
CA_3,FOODS_3_586,11522,1.68
CA_3,FOODS_3_586,11523,1.68
CA_3,FOODS_3_586,11524,1.68
CA_3,FOODS_3_586,11525,1.68
CA_3,FOODS_3_586,11526,1.68
CA_3,FOODS_3_586,11527,1.68
CA_3,FOODS_3_586,11528,1.68
CA_3,FOODS_3_586,11529,1.68
CA_3,FOODS_3_586,11530,1.68
CA_3,FOODS_3_586,11531,1.68
CA_3,FOODS_3_586,11532,1.68
CA_3,FOODS_3_586,11533,1.68
CA_3,FOODS_3_586,11534,1.68
CA_3,FOODS_3_586,11535,1.68
CA_3,FOODS_3_586,11536,1.68
CA_3,FOODS_3_586,11537,1.68
CA_3,FOODS_3_586,11538,1.68
CA_3,FOODS_3_586,11539,1.68
CA_3,FOODS_3_586,11540,1.68
CA_3,FOODS_3_586,11541,1.68
CA_3,FOODS_3_586,11542,1.68
CA_3,FOODS_3_586,11543,1.68
CA_3,FOODS_3_586,11544,1.68
CA_3,FOODS_3_586,11545,1.68
CA_3,FOODS_3_586,11546,1.68
CA_3,FOODS_3_586,11547,1.68
CA_3,FOODS_3_586,11548,1.68
CA_3,FOODS_3_586,11549,1.68
CA_3,FOODS_3_586,11550,1.68
CA_3,FOODS_3_586,11551,1.68
CA_3,FOODS_3_586,11552,1.68
CA_3,FOODS_3_586,11601,1.68
CA_3,FOODS_3_586,11602,1.68
CA_3,FOODS_3_586,11603,1.68
CA_3,FOODS_3_586,11604,1.68
CA_3,FOODS_3_586,11605,1.68
CA_3,FOODS_3_586,11606,1.68
CA_3,FOODS_3_586,11607,1.68
CA_3,FOODS_3_586,11608,1.68
CA_3,FOODS_3_586,11609,1.68
CA_3,FOODS_3_586,11610,1.68
CA_3,FOODS_3_586,11611,1.68
CA_3,FOODS_3_586,11612,1.68
CA_3,FOODS_3_586,11613,1.68
CA_3,FOODS_3_586,11614,1.68
CA_3,FOODS_3_586,11615,1.68
CA_3,FOODS_3_586,11616,1.68
CA_3,FOODS_3_586,11617,1.68
CA_3,FOODS_3_635,11513,0.88
CA_3,FOODS_3_635,11514,0.88
CA_3,FOODS_3_635,11515,0.88
CA_3,FOODS_3_635,11516,0.88
CA_3,FOODS_3_635,11517,0.88
CA_3,FOODS_3_635,11518,1.0
CA_3,FOODS_3_635,11519,1.0
CA_3,FOODS_3_635,11520,1.0
CA_3,FOODS_3_635,11521,1.0
CA_3,FOODS_3_635,11522,1.0
CA_3,FOODS_3_635,11523,1.0
CA_3,FOODS_3_635,11524,1.0
CA_3,FOODS_3_635,11525,1.0
CA_3,FOODS_3_635,11526,1.0
CA_3,FOODS_3_635,11527,1.0
CA_3,FOODS_3_635,11528,1.0
CA_3,FOODS_3_635,11529,1.0
CA_3,FOODS_3_635,11530,1.0
CA_3,FOODS_3_635,11531,1.0
CA_3,FOODS_3_635,11532,1.0
CA_3,FOODS_3_635,11533,1.0
CA_3,FOODS_3_635,11534,1.0
CA_3,FOODS_3_635,11535,1.0
CA_3,FOODS_3_635,11536,1.0
CA_3,FOODS_3_635,11537,0.88
CA_3,FOODS_3_635,11538,0.88
CA_3,FOODS_3_635,11539,0.88
CA_3,FOODS_3_635,11540,0.88
CA_3,FOODS_3_635,11541,0.88
CA_3,FOODS_3_635,11542,0.88
CA_3,FOODS_3_635,11543,0.88
CA_3,FOODS_3_635,11544,0.88
CA_3,FOODS_3_635,11545,0.88
CA_3,FOODS_3_635,11546,0.88
CA_3,FOODS_3_635,11547,0.88
CA_3,FOODS_3_635,11548,1.0
CA_3,FOODS_3_635,11549,1.0
CA_3,FOODS_3_635,11550,1.0
CA_3,FOODS_3_635,11551,1.0
CA_3,FOODS_3_635,11552,1.0
CA_3,FOODS_3_635,11601,1.0
CA_3,FOODS_3_635,11602,1.0
CA_3,FOODS_3_635,11603,1.0
CA_3,FOODS_3_635,11604,1.0
CA_3,FOODS_3_635,11605,1.0
CA_3,FOODS_3_635,11606,1.0
CA_3,FOODS_3_635,11607,1.0
CA_3,FOODS_3_635,11608,1.0
CA_3,FOODS_3_635,11609,1.0
CA_3,FOODS_3_635,11610,1.0
CA_3,FOODS_3_635,11611,1.0
CA_3,FOODS_3_635,11612,1.0
CA_3,FOODS_3_635,11613,0.88
CA_3,FOODS_3_635,11614,0.88
CA_3,FOODS_3_635,11615,0.88
CA_3,FOODS_3_635,11616,0.88
CA_3,FOODS_3_635,11617,0.88
CA_4,HOBBIES_1_178,11513,0.48
CA_4,HOBBIES_1_178,11514,0.48
CA_4,HOBBIES_1_178,11515,0.48
CA_4,HOBBIES_1_178,11516,0.48
CA_4,HOBBIES_1_178,11517,0.48
CA_4,HOBBIES_1_178,11518,0.48
CA_4,HOBBIES_1_178,11519,0.48
CA_4,HOBBIES_1_178,11520,0.48
CA_4,HOBBIES_1_178,11521,0.48
CA_4,HOBBIES_1_178,11522,0.48
CA_4,HOBBIES_1_178,11523,0.48
CA_4,HOBBIES_1_178,11524,0.48
CA_4,HOBBIES_1_178,11525,0.48
CA_4,HOBBIES_1_178,11526,0.48
CA_4,HOBBIES_1_178,11527,0.48
CA_4,HOBBIES_1_178,11528,0.48
CA_4,HOBBIES_1_178,11529,0.48
CA_4,HOBBIES_1_178,11530,0.48
CA_4,HOBBIES_1_178,11531,0.48
CA_4,HOBBIES_1_178,11532,0.48
CA_4,HOBBIES_1_178,11533,0.48
CA_4,HOBBIES_1_178,11534,0.48
CA_4,HOBBIES_1_178,11535,0.48
CA_4,HOBBIES_1_178,11536,0.48
CA_4,HOBBIES_1_178,11537,0.48
CA_4,HOBBIES_1_178,11538,0.48
CA_4,HOBBIES_1_178,11539,0.48
CA_4,HOBBIES_1_178,11540,0.48
CA_4,HOBBIES_1_178,11541,0.48
CA_4,HOBBIES_1_178,11542,0.48
CA_4,HOBBIES_1_178,11543,0.48
CA_4,HOBBIES_1_178,11544,0.48
CA_4,HOBBIES_1_178,11545,0.48
CA_4,HOBBIES_1_178,11546,0.48
CA_4,HOBBIES_1_178,11547,0.48
CA_4,HOBBIES_1_178,11548,0.48
CA_4,HOBBIES_1_178,11549,0.48
CA_4,HOBBIES_1_178,11550,0.48
CA_4,HOBBIES_1_178,11551,0.48
CA_4,HOBBIES_1_178,11552,0.48
CA_4,HOBBIES_1_178,11601,0.48
CA_4,HOBBIES_1_178,11602,0.48
CA_4,HOBBIES_1_178,11603,0.48
CA_4,HOBBIES_1_178,11604,0.48
CA_4,HOBBIES_1_178,11605,0.48
CA_4,HOBBIES_1_178,11606,0.48
CA_4,HOBBIES_1_178,11607,0.48
CA_4,HOBBIES_1_178,11608,0.48
CA_4,HOBBIES_1_178,11609,0.48
CA_4,HOBBIES_1_178,11610,0.48
CA_4,HOBBIES_1_178,11611,0.48
CA_4,HOBBIES_1_178,11612,0.48
CA_4,HOBBIES_1_178,11613,0.48
CA_4,HOBBIES_1_178,11614,0.48
CA_4,HOBBIES_1_178,11615,0.48
CA_4,HOBBIES_1_178,11616,0.48
CA_4,HOBBIES_1_178,11617,0.48
CA_4,HOBBIES_1_371,11513,0.48
CA_4,HOBBIES_1_371,11514,0.48
CA_4,HOBBIES_1_371,11515,0.48
CA_4,HOBBIES_1_371,11516,0.48
CA_4,HOBBIES_1_371,11517,0.48
CA_4,HOBBIES_1_371,11518,0.48
CA_4,HOBBIES_1_371,11519,0.48
CA_4,HOBBIES_1_371,11520,0.48
CA_4,HOBBIES_1_371,11521,0.48
CA_4,HOBBIES_1_371,11522,0.48
CA_4,HOBBIES_1_371,11523,0.48
CA_4,HOBBIES_1_371,11524,0.48
CA_4,HOBBIES_1_371,11525,0.48
CA_4,HOBBIES_1_371,11526,0.48
CA_4,HOBBIES_1_371,11527,0.48
CA_4,HOBBIES_1_371,11528,0.48
CA_4,HOBBIES_1_371,11529,0.48
CA_4,HOBBIES_1_371,11530,0.48
CA_4,HOBBIES_1_371,11531,0.48
CA_4,HOBBIES_1_371,11532,0.48
CA_4,HOBBIES_1_371,11533,0.48
CA_4,HOBBIES_1_371,11534,0.48
CA_4,HOBBIES_1_371,11535,0.48
CA_4,HOBBIES_1_371,11536,0.48
CA_4,HOBBIES_1_371,11537,0.48
CA_4,HOBBIES_1_371,11538,0.48
CA_4,HOBBIES_1_371,11539,0.48
CA_4,HOBBIES_1_371,11540,0.48
CA_4,HOBBIES_1_371,11541,0.48
CA_4,HOBBIES_1_371,11542,0.48
CA_4,HOBBIES_1_371,11543,0.48
CA_4,HOBBIES_1_371,11544,0.48
CA_4,HOBBIES_1_371,11545,0.48
CA_4,HOBBIES_1_371,11546,0.48
CA_4,HOBBIES_1_371,11547,0.48
CA_4,HOBBIES_1_371,11548,0.48
CA_4,HOBBIES_1_371,11549,0.48
CA_4,HOBBIES_1_371,11550,0.48
CA_4,HOBBIES_1_371,11551,0.48
CA_4,HOBBIES_1_371,11552,0.48
CA_4,HOBBIES_1_371,11601,0.48
CA_4,HOBBIES_1_371,11602,0.48
CA_4,HOBBIES_1_371,11603,0.48
CA_4,HOBBIES_1_371,11604,0.48
CA_4,HOBBIES_1_371,11605,0.48
CA_4,HOBBIES_1_371,11606,0.48
CA_4,HOBBIES_1_371,11607,0.48
CA_4,HOBBIES_1_371,11608,0.48
CA_4,HOBBIES_1_371,11609,0.48
CA_4,HOBBIES_1_371,11610,0.48
CA_4,HOBBIES_1_371,11611,0.48
CA_4,HOBBIES_1_371,11612,0.48
CA_4,HOBBIES_1_371,11613,0.48
CA_4,HOBBIES_1_371,11614,0.48
CA_4,HOBBIES_1_371,11615,0.48
CA_4,HOBBIES_1_371,11616,0.48
CA_4,HOBBIES_1_371,11617,0.48
CA_4,HOUSEHOLD_1_110,11513,3.84
CA_4,HOUSEHOLD_1_110,11514,3.84
CA_4,HOUSEHOLD_1_110,11515,3.84
CA_4,HOUSEHOLD_1_110,11516,3.84
CA_4,HOUSEHOLD_1_110,11517,3.84
CA_4,HOUSEHOLD_1_110,11518,3.84
CA_4,HOUSEHOLD_1_110,11519,3.84
CA_4,HOUSEHOLD_1_110,11520,3.84
CA_4,HOUSEHOLD_1_110,11521,3.84
CA_4,HOUSEHOLD_1_110,11522,3.84
CA_4,HOUSEHOLD_1_110,11523,3.84
CA_4,HOUSEHOLD_1_110,11524,3.84
CA_4,HOUSEHOLD_1_110,11525,3.84
CA_4,HOUSEHOLD_1_110,11526,3.84
CA_4,HOUSEHOLD_1_110,11527,3.84
CA_4,HOUSEHOLD_1_110,11528,3.84
CA_4,HOUSEHOLD_1_110,11529,3.84
CA_4,HOUSEHOLD_1_110,11530,3.84
CA_4,HOUSEHOLD_1_110,11531,3.84
CA_4,HOUSEHOLD_1_110,11532,3.84
CA_4,HOUSEHOLD_1_110,11533,3.84
CA_4,HOUSEHOLD_1_110,11534,3.84
CA_4,HOUSEHOLD_1_110,11535,3.84
CA_4,HOUSEHOLD_1_110,11536,3.84
CA_4,HOUSEHOLD_1_110,11537,3.84
CA_4,HOUSEHOLD_1_110,11538,3.84
CA_4,HOUSEHOLD_1_110,11539,3.84
CA_4,HOUSEHOLD_1_110,11540,3.84
CA_4,HOUSEHOLD_1_110,11541,3.84
CA_4,HOUSEHOLD_1_110,11542,3.97
CA_4,HOUSEHOLD_1_110,11543,3.97
CA_4,HOUSEHOLD_1_110,11544,3.97
CA_4,HOUSEHOLD_1_110,11545,3.97
CA_4,HOUSEHOLD_1_110,11546,3.97
CA_4,HOUSEHOLD_1_110,11547,3.97
CA_4,HOUSEHOLD_1_110,11548,3.97
CA_4,HOUSEHOLD_1_110,11549,3.97
CA_4,HOUSEHOLD_1_110,11550,3.97
CA_4,HOUSEHOLD_1_110,11551,3.97
CA_4,HOUSEHOLD_1_110,11552,3.97
CA_4,HOUSEHOLD_1_110,11601,3.97
CA_4,HOUSEHOLD_1_110,11602,3.97
CA_4,HOUSEHOLD_1_110,11603,3.97
CA_4,HOUSEHOLD_1_110,11604,3.97
CA_4,HOUSEHOLD_1_110,11605,3.97
CA_4,HOUSEHOLD_1_110,11606,3.97
CA_4,HOUSEHOLD_1_110,11607,3.97
CA_4,HOUSEHOLD_1_110,11608,3.97
CA_4,HOUSEHOLD_1_110,11609,3.97
CA_4,HOUSEHOLD_1_110,11610,3.97
CA_4,HOUSEHOLD_1_110,11611,3.97
CA_4,HOUSEHOLD_1_110,11612,3.97
CA_4,HOUSEHOLD_1_110,11613,3.97
CA_4,HOUSEHOLD_1_110,11614,3.97
CA_4,HOUSEHOLD_1_110,11615,3.97
CA_4,HOUSEHOLD_1_110,11616,3.97
CA_4,HOUSEHOLD_1_110,11617,3.97
CA_4,HOUSEHOLD_1_151,11513,0.93
CA_4,HOUSEHOLD_1_151,11514,0.93
CA_4,HOUSEHOLD_1_151,11515,0.93
CA_4,HOUSEHOLD_1_151,11516,0.93
CA_4,HOUSEHOLD_1_151,11517,0.93
CA_4,HOUSEHOLD_1_151,11518,0.93
CA_4,HOUSEHOLD_1_151,11519,0.93
CA_4,HOUSEHOLD_1_151,11520,0.93
CA_4,HOUSEHOLD_1_151,11521,0.93
CA_4,HOUSEHOLD_1_151,11522,0.93
CA_4,HOUSEHOLD_1_151,11523,0.93
CA_4,HOUSEHOLD_1_151,11524,0.93
CA_4,HOUSEHOLD_1_151,11525,0.93
CA_4,HOUSEHOLD_1_151,11526,0.93
CA_4,HOUSEHOLD_1_151,11527,0.93
CA_4,HOUSEHOLD_1_151,11528,0.93
CA_4,HOUSEHOLD_1_151,11529,0.93
CA_4,HOUSEHOLD_1_151,11530,0.93
CA_4,HOUSEHOLD_1_151,11531,0.93
CA_4,HOUSEHOLD_1_151,11532,0.93
CA_4,HOUSEHOLD_1_151,11533,0.93
CA_4,HOUSEHOLD_1_151,11534,0.93
CA_4,HOUSEHOLD_1_151,11535,0.93
CA_4,HOUSEHOLD_1_151,11536,0.93
CA_4,HOUSEHOLD_1_151,11537,0.93
CA_4,HOUSEHOLD_1_151,11538,0.93
CA_4,HOUSEHOLD_1_151,11539,0.93
CA_4,HOUSEHOLD_1_151,11540,0.93
CA_4,HOUSEHOLD_1_151,11541,0.93
CA_4,HOUSEHOLD_1_151,11542,0.93
CA_4,HOUSEHOLD_1_151,11543,0.93
CA_4,HOUSEHOLD_1_151,11544,0.93
CA_4,HOUSEHOLD_1_151,11545,0.93
CA_4,HOUSEHOLD_1_151,11546,0.93
CA_4,HOUSEHOLD_1_151,11547,0.93
CA_4,HOUSEHOLD_1_151,11548,0.93
CA_4,HOUSEHOLD_1_151,11549,0.93
CA_4,HOUSEHOLD_1_151,11550,0.93
CA_4,HOUSEHOLD_1_151,11551,0.93
CA_4,HOUSEHOLD_1_151,11552,0.93
CA_4,HOUSEHOLD_1_151,11601,0.93
CA_4,HOUSEHOLD_1_151,11602,0.93
CA_4,HOUSEHOLD_1_151,11603,0.88
CA_4,HOUSEHOLD_1_151,11604,0.88
CA_4,HOUSEHOLD_1_151,11605,0.88
CA_4,HOUSEHOLD_1_151,11606,0.88
CA_4,HOUSEHOLD_1_151,11607,0.88
CA_4,HOUSEHOLD_1_151,11608,0.88
CA_4,HOUSEHOLD_1_151,11609,0.88
CA_4,HOUSEHOLD_1_151,11610,0.88
CA_4,HOUSEHOLD_1_151,11611,0.88
CA_4,HOUSEHOLD_1_151,11612,0.88
CA_4,HOUSEHOLD_1_151,11613,0.88
CA_4,HOUSEHOLD_1_151,11614,0.88
CA_4,HOUSEHOLD_1_151,11615,0.88
CA_4,HOUSEHOLD_1_151,11616,0.88
CA_4,HOUSEHOLD_1_151,11617,0.88
CA_4,HOUSEHOLD_1_191,11513,2.96
CA_4,HOUSEHOLD_1_191,11514,2.96
CA_4,HOUSEHOLD_1_191,11515,2.96
CA_4,HOUSEHOLD_1_191,11516,2.96
CA_4,HOUSEHOLD_1_191,11517,2.96
CA_4,HOUSEHOLD_1_191,11518,2.96
CA_4,HOUSEHOLD_1_191,11519,2.96
CA_4,HOUSEHOLD_1_191,11520,2.96
CA_4,HOUSEHOLD_1_191,11521,2.96
CA_4,HOUSEHOLD_1_191,11522,2.96
CA_4,HOUSEHOLD_1_191,11523,2.96
CA_4,HOUSEHOLD_1_191,11524,2.96
CA_4,HOUSEHOLD_1_191,11525,2.96
CA_4,HOUSEHOLD_1_191,11526,2.96
CA_4,HOUSEHOLD_1_191,11527,2.96
CA_4,HOUSEHOLD_1_191,11528,2.96
CA_4,HOUSEHOLD_1_191,11529,2.96
CA_4,HOUSEHOLD_1_191,11530,2.96
CA_4,HOUSEHOLD_1_191,11531,2.96
CA_4,HOUSEHOLD_1_191,11532,2.96
CA_4,HOUSEHOLD_1_191,11533,2.96
CA_4,HOUSEHOLD_1_191,11534,2.96
CA_4,HOUSEHOLD_1_191,11535,2.96
CA_4,HOUSEHOLD_1_191,11536,2.96
CA_4,HOUSEHOLD_1_191,11537,2.96
CA_4,HOUSEHOLD_1_191,11538,2.96
CA_4,HOUSEHOLD_1_191,11539,2.96
CA_4,HOUSEHOLD_1_191,11540,2.96
CA_4,HOUSEHOLD_1_191,11541,2.96
CA_4,HOUSEHOLD_1_191,11542,2.96
CA_4,HOUSEHOLD_1_191,11543,2.96
CA_4,HOUSEHOLD_1_191,11544,2.96
CA_4,HOUSEHOLD_1_191,11545,2.96
CA_4,HOUSEHOLD_1_191,11546,2.96
CA_4,HOUSEHOLD_1_191,11547,2.96
CA_4,HOUSEHOLD_1_191,11548,2.96
CA_4,HOUSEHOLD_1_191,11549,2.96
CA_4,HOUSEHOLD_1_191,11550,2.96
CA_4,HOUSEHOLD_1_191,11551,2.96
CA_4,HOUSEHOLD_1_191,11552,2.96
CA_4,HOUSEHOLD_1_191,11601,2.96
CA_4,HOUSEHOLD_1_191,11602,2.96
CA_4,HOUSEHOLD_1_191,11603,2.96
CA_4,HOUSEHOLD_1_191,11604,2.96
CA_4,HOUSEHOLD_1_191,11605,2.96
CA_4,HOUSEHOLD_1_191,11606,2.96
CA_4,HOUSEHOLD_1_191,11607,2.96
CA_4,HOUSEHOLD_1_191,11608,2.96
CA_4,HOUSEHOLD_1_191,11609,2.96
CA_4,HOUSEHOLD_1_191,11610,2.96
CA_4,HOUSEHOLD_1_191,11611,2.96
CA_4,HOUSEHOLD_1_191,11612,2.96
CA_4,HOUSEHOLD_1_191,11613,2.96
CA_4,HOUSEHOLD_1_191,11614,2.96
CA_4,HOUSEHOLD_1_191,11615,2.96
CA_4,HOUSEHOLD_1_191,11616,2.96
CA_4,HOUSEHOLD_1_191,11617,2.96
CA_4,HOUSEHOLD_1_399,11513,0.97
CA_4,HOUSEHOLD_1_399,11514,0.97
CA_4,HOUSEHOLD_1_399,11515,0.97
CA_4,HOUSEHOLD_1_399,11516,0.97
CA_4,HOUSEHOLD_1_399,11517,0.97
CA_4,HOUSEHOLD_1_399,11518,0.97
CA_4,HOUSEHOLD_1_399,11519,0.97
CA_4,HOUSEHOLD_1_399,11520,0.97
CA_4,HOUSEHOLD_1_399,11521,0.97
CA_4,HOUSEHOLD_1_399,11522,0.97
CA_4,HOUSEHOLD_1_399,11523,0.97
CA_4,HOUSEHOLD_1_399,11524,0.97
CA_4,HOUSEHOLD_1_399,11525,0.97
CA_4,HOUSEHOLD_1_399,11526,0.97
CA_4,HOUSEHOLD_1_399,11527,0.97
CA_4,HOUSEHOLD_1_399,11528,0.97
CA_4,HOUSEHOLD_1_399,11529,0.97
CA_4,HOUSEHOLD_1_399,11530,0.97
CA_4,HOUSEHOLD_1_399,11531,0.97
CA_4,HOUSEHOLD_1_399,11532,0.97
CA_4,HOUSEHOLD_1_399,11533,0.97
CA_4,HOUSEHOLD_1_399,11534,0.97
CA_4,HOUSEHOLD_1_399,11535,0.97
CA_4,HOUSEHOLD_1_399,11536,0.97
CA_4,HOUSEHOLD_1_399,11537,0.97
CA_4,HOUSEHOLD_1_399,11538,0.97
CA_4,HOUSEHOLD_1_399,11539,0.97
CA_4,HOUSEHOLD_1_399,11540,0.97
CA_4,HOUSEHOLD_1_399,11541,0.97
CA_4,HOUSEHOLD_1_399,11542,0.97
CA_4,HOUSEHOLD_1_399,11543,0.97
CA_4,HOUSEHOLD_1_399,11544,0.97
CA_4,HOUSEHOLD_1_399,11545,0.97
CA_4,HOUSEHOLD_1_399,11546,0.97
CA_4,HOUSEHOLD_1_399,11547,0.97
CA_4,HOUSEHOLD_1_399,11548,0.97
CA_4,HOUSEHOLD_1_399,11549,0.97
CA_4,HOUSEHOLD_1_399,11550,0.97
CA_4,HOUSEHOLD_1_399,11551,0.97
CA_4,HOUSEHOLD_1_399,11552,0.97
CA_4,HOUSEHOLD_1_399,11601,0.97
CA_4,HOUSEHOLD_1_399,11602,0.97
CA_4,HOUSEHOLD_1_399,11603,0.97
CA_4,HOUSEHOLD_1_399,11604,0.97
CA_4,HOUSEHOLD_1_399,11605,0.97
CA_4,HOUSEHOLD_1_399,11606,0.97
CA_4,HOUSEHOLD_1_399,11607,0.97
CA_4,HOUSEHOLD_1_399,11608,0.97
CA_4,HOUSEHOLD_1_399,11609,0.97
CA_4,HOUSEHOLD_1_399,11610,0.97
CA_4,HOUSEHOLD_1_399,11611,0.97
CA_4,HOUSEHOLD_1_399,11612,0.97
CA_4,HOUSEHOLD_1_399,11613,0.97
CA_4,HOUSEHOLD_1_399,11614,0.97
CA_4,HOUSEHOLD_1_399,11615,0.97
CA_4,HOUSEHOLD_1_399,11616,0.97
CA_4,HOUSEHOLD_1_399,11617,0.97
CA_4,FOODS_3_090,11513,1.48
CA_4,FOODS_3_090,11514,1.48
CA_4,FOODS_3_090,11515,1.48
CA_4,FOODS_3_090,11516,1.48
CA_4,FOODS_3_090,11517,1.48
CA_4,FOODS_3_090,11518,1.48
CA_4,FOODS_3_090,11519,1.48
CA_4,FOODS_3_090,11520,1.48
CA_4,FOODS_3_090,11521,1.48
CA_4,FOODS_3_090,11522,1.48
CA_4,FOODS_3_090,11523,1.48
CA_4,FOODS_3_090,11524,1.48
CA_4,FOODS_3_090,11525,1.48
CA_4,FOODS_3_090,11526,1.48
CA_4,FOODS_3_090,11527,1.48
CA_4,FOODS_3_090,11528,1.48
CA_4,FOODS_3_090,11529,1.48
CA_4,FOODS_3_090,11530,1.48
CA_4,FOODS_3_090,11531,1.48
CA_4,FOODS_3_090,11532,1.48
CA_4,FOODS_3_090,11533,1.48
CA_4,FOODS_3_090,11534,1.48
CA_4,FOODS_3_090,11535,1.48
CA_4,FOODS_3_090,11536,1.48
CA_4,FOODS_3_090,11537,1.48
CA_4,FOODS_3_090,11538,1.5
CA_4,FOODS_3_090,11539,1.5
CA_4,FOODS_3_090,11540,1.5
CA_4,FOODS_3_090,11541,1.5
CA_4,FOODS_3_090,11542,1.5
CA_4,FOODS_3_090,11543,1.5
CA_4,FOODS_3_090,11544,1.5
CA_4,FOODS_3_090,11545,1.5
CA_4,FOODS_3_090,11546,1.5
CA_4,FOODS_3_090,11547,1.5
CA_4,FOODS_3_090,11548,1.5
CA_4,FOODS_3_090,11549,1.6
CA_4,FOODS_3_090,11550,1.6
CA_4,FOODS_3_090,11551,1.6
CA_4,FOODS_3_090,11552,1.6
CA_4,FOODS_3_090,11601,1.6
CA_4,FOODS_3_090,11602,1.6
CA_4,FOODS_3_090,11603,1.6
CA_4,FOODS_3_090,11604,1.6
CA_4,FOODS_3_090,11605,1.6
CA_4,FOODS_3_090,11606,1.6
CA_4,FOODS_3_090,11607,1.6
CA_4,FOODS_3_090,11608,1.6
CA_4,FOODS_3_090,11609,1.6
CA_4,FOODS_3_090,11610,1.6
CA_4,FOODS_3_090,11611,1.6
CA_4,FOODS_3_090,11612,1.6
CA_4,FOODS_3_090,11613,1.6
CA_4,FOODS_3_090,11614,1.6
CA_4,FOODS_3_090,11615,1.6
CA_4,FOODS_3_090,11616,1.6
CA_4,FOODS_3_090,11617,1.6
CA_4,FOODS_3_252,11513,1.58
CA_4,FOODS_3_252,11514,1.58
CA_4,FOODS_3_252,11515,1.58
CA_4,FOODS_3_252,11516,1.58
CA_4,FOODS_3_252,11517,1.58
CA_4,FOODS_3_252,11518,1.58
CA_4,FOODS_3_252,11519,1.58
CA_4,FOODS_3_252,11520,1.58
CA_4,FOODS_3_252,11521,1.58
CA_4,FOODS_3_252,11522,1.58
CA_4,FOODS_3_252,11523,1.58
CA_4,FOODS_3_252,11524,1.58
CA_4,FOODS_3_252,11525,1.58
CA_4,FOODS_3_252,11526,1.58
CA_4,FOODS_3_252,11527,1.58
CA_4,FOODS_3_252,11528,1.58
CA_4,FOODS_3_252,11529,1.58
CA_4,FOODS_3_252,11530,1.58
CA_4,FOODS_3_252,11531,1.58
CA_4,FOODS_3_252,11532,1.58
CA_4,FOODS_3_252,11533,1.58
CA_4,FOODS_3_252,11534,1.58
CA_4,FOODS_3_252,11535,1.58
CA_4,FOODS_3_252,11536,1.58
CA_4,FOODS_3_252,11537,1.58
CA_4,FOODS_3_252,11538,1.58
CA_4,FOODS_3_252,11539,1.58
CA_4,FOODS_3_252,11540,1.58
CA_4,FOODS_3_252,11541,1.58
CA_4,FOODS_3_252,11542,1.58
CA_4,FOODS_3_252,11543,1.58
CA_4,FOODS_3_252,11544,1.58
CA_4,FOODS_3_252,11545,1.58
CA_4,FOODS_3_252,11546,1.58
CA_4,FOODS_3_252,11547,1.58
CA_4,FOODS_3_252,11548,1.58
CA_4,FOODS_3_252,11549,1.58
CA_4,FOODS_3_252,11550,1.58
CA_4,FOODS_3_252,11551,1.58
CA_4,FOODS_3_252,11552,1.58
CA_4,FOODS_3_252,11601,1.58
CA_4,FOODS_3_252,11602,1.58
CA_4,FOODS_3_252,11603,1.58
CA_4,FOODS_3_252,11604,1.58
CA_4,FOODS_3_252,11605,1.58
CA_4,FOODS_3_252,11606,1.58
CA_4,FOODS_3_252,11607,1.58
CA_4,FOODS_3_252,11608,1.58
CA_4,FOODS_3_252,11609,1.58
CA_4,FOODS_3_252,11610,1.58
CA_4,FOODS_3_252,11611,1.58
CA_4,FOODS_3_252,11612,1.58
CA_4,FOODS_3_252,11613,1.58
CA_4,FOODS_3_252,11614,1.58
CA_4,FOODS_3_252,11615,1.58
CA_4,FOODS_3_252,11616,1.58
CA_4,FOODS_3_252,11617,1.58
CA_4,FOODS_3_586,11513,1.68
CA_4,FOODS_3_586,11514,1.68
CA_4,FOODS_3_586,11515,1.68
CA_4,FOODS_3_586,11516,1.68
CA_4,FOODS_3_586,11517,1.68
CA_4,FOODS_3_586,11518,1.68
CA_4,FOODS_3_586,11519,1.68
CA_4,FOODS_3_586,11520,1.68
CA_4,FOODS_3_586,11521,1.68
CA_4,FOODS_3_586,11522,1.68
CA_4,FOODS_3_586,11523,1.68
CA_4,FOODS_3_586,11524,1.68
CA_4,FOODS_3_586,11525,1.68
CA_4,FOODS_3_586,11526,1.68
CA_4,FOODS_3_586,11527,1.68
CA_4,FOODS_3_586,11528,1.68
CA_4,FOODS_3_586,11529,1.68
CA_4,FOODS_3_586,11530,1.68
CA_4,FOODS_3_586,11531,1.68
CA_4,FOODS_3_586,11532,1.68
CA_4,FOODS_3_586,11533,1.68
CA_4,FOODS_3_586,11534,1.68
CA_4,FOODS_3_586,11535,1.68
CA_4,FOODS_3_586,11536,1.68
CA_4,FOODS_3_586,11537,1.68
CA_4,FOODS_3_586,11538,1.68
CA_4,FOODS_3_586,11539,1.68
CA_4,FOODS_3_586,11540,1.68
CA_4,FOODS_3_586,11541,1.68
CA_4,FOODS_3_586,11542,1.68
CA_4,FOODS_3_586,11543,1.68
CA_4,FOODS_3_586,11544,1.68
CA_4,FOODS_3_586,11545,1.68
CA_4,FOODS_3_586,11546,1.68
CA_4,FOODS_3_586,11547,1.68
CA_4,FOODS_3_586,11548,1.68
CA_4,FOODS_3_586,11549,1.68
CA_4,FOODS_3_586,11550,1.68
CA_4,FOODS_3_586,11551,1.68
CA_4,FOODS_3_586,11552,1.68
CA_4,FOODS_3_586,11601,1.68
CA_4,FOODS_3_586,11602,1.68
CA_4,FOODS_3_586,11603,1.68
CA_4,FOODS_3_586,11604,1.68
CA_4,FOODS_3_586,11605,1.68
CA_4,FOODS_3_586,11606,1.68
CA_4,FOODS_3_586,11607,1.68
CA_4,FOODS_3_586,11608,1.68
CA_4,FOODS_3_586,11609,1.68
CA_4,FOODS_3_586,11610,1.68
CA_4,FOODS_3_586,11611,1.68
CA_4,FOODS_3_586,11612,1.68
CA_4,FOODS_3_586,11613,1.68
CA_4,FOODS_3_586,11614,1.68
CA_4,FOODS_3_586,11615,1.68
CA_4,FOODS_3_586,11616,1.68
CA_4,FOODS_3_586,11617,1.68
CA_4,FOODS_3_587,11513,2.48
CA_4,FOODS_3_587,11514,2.48
CA_4,FOODS_3_587,11515,2.48
CA_4,FOODS_3_587,11516,2.48
CA_4,FOODS_3_587,11517,2.48
CA_4,FOODS_3_587,11518,2.48
CA_4,FOODS_3_587,11519,2.48
CA_4,FOODS_3_587,11520,2.48
CA_4,FOODS_3_587,11521,2.48
CA_4,FOODS_3_587,11522,2.48
CA_4,FOODS_3_587,11523,2.48
CA_4,FOODS_3_587,11524,2.48
CA_4,FOODS_3_587,11525,2.48
CA_4,FOODS_3_587,11526,2.48
CA_4,FOODS_3_587,11527,2.48
CA_4,FOODS_3_587,11528,2.48
CA_4,FOODS_3_587,11529,2.48
CA_4,FOODS_3_587,11530,2.48
CA_4,FOODS_3_587,11531,2.48
CA_4,FOODS_3_587,11532,2.48
CA_4,FOODS_3_587,11533,2.48
CA_4,FOODS_3_587,11534,2.48
CA_4,FOODS_3_587,11535,2.48
CA_4,FOODS_3_587,11536,2.48
CA_4,FOODS_3_587,11537,2.48
CA_4,FOODS_3_587,11538,2.48
CA_4,FOODS_3_587,11539,2.48
CA_4,FOODS_3_587,11540,2.48
CA_4,FOODS_3_587,11541,2.48
CA_4,FOODS_3_587,11542,2.48
CA_4,FOODS_3_587,11543,2.48
CA_4,FOODS_3_587,11544,2.48
CA_4,FOODS_3_587,11545,2.48
CA_4,FOODS_3_587,11546,2.48
CA_4,FOODS_3_587,11547,2.48
CA_4,FOODS_3_587,11548,2.48
CA_4,FOODS_3_587,11549,2.48
CA_4,FOODS_3_587,11550,2.48
CA_4,FOODS_3_587,11551,2.48
CA_4,FOODS_3_587,11552,2.48
CA_4,FOODS_3_587,11601,2.48
CA_4,FOODS_3_587,11602,2.48
CA_4,FOODS_3_587,11603,2.48
CA_4,FOODS_3_587,11604,2.48
CA_4,FOODS_3_587,11605,2.48
CA_4,FOODS_3_587,11606,2.48
CA_4,FOODS_3_587,11607,2.48
CA_4,FOODS_3_587,11608,2.48
CA_4,FOODS_3_587,11609,2.48
CA_4,FOODS_3_587,11610,2.48
CA_4,FOODS_3_587,11611,2.48
CA_4,FOODS_3_587,11612,2.48
CA_4,FOODS_3_587,11613,2.48
CA_4,FOODS_3_587,11614,2.48
CA_4,FOODS_3_587,11615,2.48
CA_4,FOODS_3_587,11616,2.48
CA_4,FOODS_3_587,11617,2.48
CA_4,FOODS_3_635,11513,1.0
CA_4,FOODS_3_635,11514,1.0
CA_4,FOODS_3_635,11515,1.0
CA_4,FOODS_3_635,11516,1.0
CA_4,FOODS_3_635,11517,1.0
CA_4,FOODS_3_635,11518,1.0
CA_4,FOODS_3_635,11519,1.0
CA_4,FOODS_3_635,11520,1.0
CA_4,FOODS_3_635,11521,1.0
CA_4,FOODS_3_635,11522,1.0
CA_4,FOODS_3_635,11523,1.0
CA_4,FOODS_3_635,11524,1.0
CA_4,FOODS_3_635,11525,1.0
CA_4,FOODS_3_635,11526,1.0
CA_4,FOODS_3_635,11527,1.0
CA_4,FOODS_3_635,11528,1.0
CA_4,FOODS_3_635,11529,1.0
CA_4,FOODS_3_635,11530,1.0
CA_4,FOODS_3_635,11531,1.0
CA_4,FOODS_3_635,11532,1.0
CA_4,FOODS_3_635,11533,1.0
CA_4,FOODS_3_635,11534,1.0
CA_4,FOODS_3_635,11535,1.0
CA_4,FOODS_3_635,11536,1.0
CA_4,FOODS_3_635,11537,1.0
CA_4,FOODS_3_635,11538,1.0
CA_4,FOODS_3_635,11539,1.0
CA_4,FOODS_3_635,11540,1.0
CA_4,FOODS_3_635,11541,1.0
CA_4,FOODS_3_635,11542,1.0
CA_4,FOODS_3_635,11543,1.0
CA_4,FOODS_3_635,11544,1.0
CA_4,FOODS_3_635,11545,1.0
CA_4,FOODS_3_635,11546,1.0
CA_4,FOODS_3_635,11547,1.0
CA_4,FOODS_3_635,11548,1.0
CA_4,FOODS_3_635,11549,1.0
CA_4,FOODS_3_635,11550,1.0
CA_4,FOODS_3_635,11551,1.0
CA_4,FOODS_3_635,11552,1.0
CA_4,FOODS_3_635,11601,1.0
CA_4,FOODS_3_635,11602,1.0
CA_4,FOODS_3_635,11603,1.0
CA_4,FOODS_3_635,11604,1.0
CA_4,FOODS_3_635,11605,1.0
CA_4,FOODS_3_635,11606,1.0
CA_4,FOODS_3_635,11607,1.0
CA_4,FOODS_3_635,11608,1.0
CA_4,FOODS_3_635,11609,1.0
CA_4,FOODS_3_635,11610,1.0
CA_4,FOODS_3_635,11611,1.0
CA_4,FOODS_3_635,11612,1.0
CA_4,FOODS_3_635,11613,1.0
CA_4,FOODS_3_635,11614,1.0
CA_4,FOODS_3_635,11615,1.0
CA_4,FOODS_3_635,11616,1.0
CA_4,FOODS_3_635,11617,1.0
CA_4,FOODS_3_808,11513,1.0
CA_4,FOODS_3_808,11514,1.0
CA_4,FOODS_3_808,11515,1.0
CA_4,FOODS_3_808,11516,1.0
CA_4,FOODS_3_808,11517,1.0
CA_4,FOODS_3_808,11518,1.0
CA_4,FOODS_3_808,11519,1.0
CA_4,FOODS_3_808,11520,1.0
CA_4,FOODS_3_808,11521,1.0
CA_4,FOODS_3_808,11522,1.0
CA_4,FOODS_3_808,11523,1.0
CA_4,FOODS_3_808,11524,1.0
CA_4,FOODS_3_808,11525,1.0
CA_4,FOODS_3_808,11526,1.0
CA_4,FOODS_3_808,11527,1.0
CA_4,FOODS_3_808,11528,1.0
CA_4,FOODS_3_808,11529,1.0
CA_4,FOODS_3_808,11530,1.0
CA_4,FOODS_3_808,11531,1.0
CA_4,FOODS_3_808,11532,1.0
CA_4,FOODS_3_808,11533,1.0
CA_4,FOODS_3_808,11534,1.0
CA_4,FOODS_3_808,11535,1.0
CA_4,FOODS_3_808,11536,1.0
CA_4,FOODS_3_808,11537,1.0
CA_4,FOODS_3_808,11538,1.0
CA_4,FOODS_3_808,11539,1.0
CA_4,FOODS_3_808,11540,1.0
CA_4,FOODS_3_808,11541,1.0
CA_4,FOODS_3_808,11542,1.0
CA_4,FOODS_3_808,11543,1.0
CA_4,FOODS_3_808,11544,1.0
CA_4,FOODS_3_808,11545,1.0
CA_4,FOODS_3_808,11546,1.0
CA_4,FOODS_3_808,11547,1.0
CA_4,FOODS_3_808,11548,1.0
CA_4,FOODS_3_808,11549,1.0
CA_4,FOODS_3_808,11550,1.0
CA_4,FOODS_3_808,11551,1.0
CA_4,FOODS_3_808,11552,1.0
CA_4,FOODS_3_808,11601,1.0
CA_4,FOODS_3_808,11602,1.0
CA_4,FOODS_3_808,11603,1.0
CA_4,FOODS_3_808,11604,1.0
CA_4,FOODS_3_808,11605,1.0
CA_4,FOODS_3_808,11606,1.0
CA_4,FOODS_3_808,11607,1.0
CA_4,FOODS_3_808,11608,1.0
CA_4,FOODS_3_808,11609,1.0
CA_4,FOODS_3_808,11610,1.0
CA_4,FOODS_3_808,11611,1.0
CA_4,FOODS_3_808,11612,1.0
CA_4,FOODS_3_808,11613,1.0
CA_4,FOODS_3_808,11614,1.0
CA_4,FOODS_3_808,11615,1.0
CA_4,FOODS_3_808,11616,1.0
CA_4,FOODS_3_808,11617,1.0
TX_1,HOBBIES_1_254,11513,0.7
TX_1,HOBBIES_1_254,11514,0.7
TX_1,HOBBIES_1_254,11515,0.7
TX_1,HOBBIES_1_254,11516,0.7
TX_1,HOBBIES_1_254,11517,0.7
TX_1,HOBBIES_1_254,11518,0.7
TX_1,HOBBIES_1_254,11519,0.7
TX_1,HOBBIES_1_254,11520,0.7
TX_1,HOBBIES_1_254,11521,0.7
TX_1,HOBBIES_1_254,11522,0.7
TX_1,HOBBIES_1_254,11523,0.7
TX_1,HOBBIES_1_254,11524,0.7
TX_1,HOBBIES_1_254,11525,0.7
TX_1,HOBBIES_1_254,11526,0.7
TX_1,HOBBIES_1_254,11527,0.7
TX_1,HOBBIES_1_254,11528,0.7
TX_1,HOBBIES_1_254,11529,0.7
TX_1,HOBBIES_1_254,11530,0.7
TX_1,HOBBIES_1_254,11531,0.7
TX_1,HOBBIES_1_254,11532,0.7
TX_1,HOBBIES_1_254,11533,0.7
TX_1,HOBBIES_1_254,11534,0.7
TX_1,HOBBIES_1_254,11535,0.7
TX_1,HOBBIES_1_254,11536,0.7
TX_1,HOBBIES_1_254,11537,0.7
TX_1,HOBBIES_1_254,11538,0.7
TX_1,HOBBIES_1_254,11539,0.7
TX_1,HOBBIES_1_254,11540,0.7
TX_1,HOBBIES_1_254,11541,0.7
TX_1,HOBBIES_1_254,11542,0.7
TX_1,HOBBIES_1_254,11543,0.7
TX_1,HOBBIES_1_254,11544,0.7
TX_1,HOBBIES_1_254,11545,0.7
TX_1,HOBBIES_1_254,11546,0.7
TX_1,HOBBIES_1_254,11547,0.7
TX_1,HOBBIES_1_254,11548,0.7
TX_1,HOBBIES_1_254,11549,0.7
TX_1,HOBBIES_1_254,11550,0.7
TX_1,HOBBIES_1_254,11551,0.7
TX_1,HOBBIES_1_254,11552,0.7
TX_1,HOBBIES_1_254,11601,0.7
TX_1,HOBBIES_1_254,11602,0.7
TX_1,HOBBIES_1_254,11603,0.7
TX_1,HOBBIES_1_254,11604,0.7
TX_1,HOBBIES_1_254,11605,0.7
TX_1,HOBBIES_1_254,11606,0.7
TX_1,HOBBIES_1_254,11607,0.7
TX_1,HOBBIES_1_254,11608,0.7
TX_1,HOBBIES_1_254,11609,0.7
TX_1,HOBBIES_1_254,11610,0.7
TX_1,HOBBIES_1_254,11611,0.7
TX_1,HOBBIES_1_254,11612,0.7
TX_1,HOBBIES_1_254,11613,0.7
TX_1,HOBBIES_1_254,11614,0.7
TX_1,HOBBIES_1_254,11615,0.7
TX_1,HOBBIES_1_254,11616,0.7
TX_1,HOBBIES_1_254,11617,0.7
TX_1,HOBBIES_1_371,11513,0.48
TX_1,HOBBIES_1_371,11514,0.48
TX_1,HOBBIES_1_371,11515,0.48
TX_1,HOBBIES_1_371,11516,0.48
TX_1,HOBBIES_1_371,11517,0.48
TX_1,HOBBIES_1_371,11518,0.48
TX_1,HOBBIES_1_371,11519,0.48
TX_1,HOBBIES_1_371,11520,0.48
TX_1,HOBBIES_1_371,11521,0.48
TX_1,HOBBIES_1_371,11522,0.48
TX_1,HOBBIES_1_371,11523,0.48
TX_1,HOBBIES_1_371,11524,0.48
TX_1,HOBBIES_1_371,11525,0.48
TX_1,HOBBIES_1_371,11526,0.48
TX_1,HOBBIES_1_371,11527,0.48
TX_1,HOBBIES_1_371,11528,0.48
TX_1,HOBBIES_1_371,11529,0.48
TX_1,HOBBIES_1_371,11530,0.48
TX_1,HOBBIES_1_371,11531,0.48
TX_1,HOBBIES_1_371,11532,0.48
TX_1,HOBBIES_1_371,11533,0.48
TX_1,HOBBIES_1_371,11534,0.48
TX_1,HOBBIES_1_371,11535,0.48
TX_1,HOBBIES_1_371,11536,0.48
TX_1,HOBBIES_1_371,11537,0.48
TX_1,HOBBIES_1_371,11538,0.48
TX_1,HOBBIES_1_371,11539,0.48
TX_1,HOBBIES_1_371,11540,0.48
TX_1,HOBBIES_1_371,11541,0.48
TX_1,HOBBIES_1_371,11542,0.48
TX_1,HOBBIES_1_371,11543,0.48
TX_1,HOBBIES_1_371,11544,0.48
TX_1,HOBBIES_1_371,11545,0.48
TX_1,HOBBIES_1_371,11546,0.48
TX_1,HOBBIES_1_371,11547,0.48
TX_1,HOBBIES_1_371,11548,0.48
TX_1,HOBBIES_1_371,11549,0.48
TX_1,HOBBIES_1_371,11550,0.48
TX_1,HOBBIES_1_371,11551,0.48
TX_1,HOBBIES_1_371,11552,0.48
TX_1,HOBBIES_1_371,11601,0.48
TX_1,HOBBIES_1_371,11602,0.48
TX_1,HOBBIES_1_371,11603,0.48
TX_1,HOBBIES_1_371,11604,0.48
TX_1,HOBBIES_1_371,11605,0.48
TX_1,HOBBIES_1_371,11606,0.48
TX_1,HOBBIES_1_371,11607,0.48
TX_1,HOBBIES_1_371,11608,0.48
TX_1,HOBBIES_1_371,11609,0.48
TX_1,HOBBIES_1_371,11610,0.48
TX_1,HOBBIES_1_371,11611,0.48
TX_1,HOBBIES_1_371,11612,0.48
TX_1,HOBBIES_1_371,11613,0.48
TX_1,HOBBIES_1_371,11614,0.48
TX_1,HOBBIES_1_371,11615,0.48
TX_1,HOBBIES_1_371,11616,0.48
TX_1,HOBBIES_1_371,11617,0.48
TX_1,HOUSEHOLD_1_234,11513,0.97
TX_1,HOUSEHOLD_1_234,11514,0.97
TX_1,HOUSEHOLD_1_234,11515,0.97
TX_1,HOUSEHOLD_1_234,11516,0.97
TX_1,HOUSEHOLD_1_234,11517,0.97
TX_1,HOUSEHOLD_1_234,11518,0.97
TX_1,HOUSEHOLD_1_234,11519,0.97
TX_1,HOUSEHOLD_1_234,11520,0.97
TX_1,HOUSEHOLD_1_234,11521,0.97
TX_1,HOUSEHOLD_1_234,11522,0.97
TX_1,HOUSEHOLD_1_234,11523,0.97
TX_1,HOUSEHOLD_1_234,11524,0.97
TX_1,HOUSEHOLD_1_234,11525,0.97
TX_1,HOUSEHOLD_1_234,11526,0.97
TX_1,HOUSEHOLD_1_234,11527,0.97
TX_1,HOUSEHOLD_1_234,11528,0.97
TX_1,HOUSEHOLD_1_234,11529,0.97
TX_1,HOUSEHOLD_1_234,11530,0.97
TX_1,HOUSEHOLD_1_234,11531,0.97
TX_1,HOUSEHOLD_1_234,11532,0.97
TX_1,HOUSEHOLD_1_234,11533,0.97
TX_1,HOUSEHOLD_1_234,11534,0.97
TX_1,HOUSEHOLD_1_234,11535,0.97
TX_1,HOUSEHOLD_1_234,11536,0.97
TX_1,HOUSEHOLD_1_234,11537,0.97
TX_1,HOUSEHOLD_1_234,11538,0.97
TX_1,HOUSEHOLD_1_234,11539,0.97
TX_1,HOUSEHOLD_1_234,11540,0.97
TX_1,HOUSEHOLD_1_234,11541,0.97
TX_1,HOUSEHOLD_1_234,11542,0.97
TX_1,HOUSEHOLD_1_234,11543,0.97
TX_1,HOUSEHOLD_1_234,11544,0.97
TX_1,HOUSEHOLD_1_234,11545,0.97
TX_1,HOUSEHOLD_1_234,11546,0.97
TX_1,HOUSEHOLD_1_234,11547,0.97
TX_1,HOUSEHOLD_1_234,11548,0.97
TX_1,HOUSEHOLD_1_234,11549,0.97
TX_1,HOUSEHOLD_1_234,11550,0.97
TX_1,HOUSEHOLD_1_234,11551,0.97
TX_1,HOUSEHOLD_1_234,11552,0.97
TX_1,HOUSEHOLD_1_234,11601,0.97
TX_1,HOUSEHOLD_1_234,11602,0.97
TX_1,HOUSEHOLD_1_234,11603,0.97
TX_1,HOUSEHOLD_1_234,11604,0.97
TX_1,HOUSEHOLD_1_234,11605,0.97
TX_1,HOUSEHOLD_1_234,11606,0.97
TX_1,HOUSEHOLD_1_234,11607,0.97
TX_1,HOUSEHOLD_1_234,11608,0.97
TX_1,HOUSEHOLD_1_234,11609,0.97
TX_1,HOUSEHOLD_1_234,11610,0.97
TX_1,HOUSEHOLD_1_234,11611,0.97
TX_1,HOUSEHOLD_1_234,11612,0.97
TX_1,HOUSEHOLD_1_234,11613,0.97
TX_1,HOUSEHOLD_1_234,11614,0.97
TX_1,HOUSEHOLD_1_234,11615,0.97
TX_1,HOUSEHOLD_1_234,11616,0.97
TX_1,HOUSEHOLD_1_234,11617,0.97
TX_1,HOUSEHOLD_1_334,11513,0.96
TX_1,HOUSEHOLD_1_334,11514,0.96
TX_1,HOUSEHOLD_1_334,11515,0.96
TX_1,HOUSEHOLD_1_334,11516,0.96
TX_1,HOUSEHOLD_1_334,11517,0.96
TX_1,HOUSEHOLD_1_334,11518,0.96
TX_1,HOUSEHOLD_1_334,11519,0.96
TX_1,HOUSEHOLD_1_334,11520,0.96
TX_1,HOUSEHOLD_1_334,11521,0.96
TX_1,HOUSEHOLD_1_334,11522,0.96
TX_1,HOUSEHOLD_1_334,11523,0.96
TX_1,HOUSEHOLD_1_334,11524,0.96
TX_1,HOUSEHOLD_1_334,11525,0.96
TX_1,HOUSEHOLD_1_334,11526,0.96
TX_1,HOUSEHOLD_1_334,11527,0.96
TX_1,HOUSEHOLD_1_334,11528,0.96
TX_1,HOUSEHOLD_1_334,11529,0.96
TX_1,HOUSEHOLD_1_334,11530,0.96
TX_1,HOUSEHOLD_1_334,11531,0.96
TX_1,HOUSEHOLD_1_334,11532,0.96
TX_1,HOUSEHOLD_1_334,11533,0.96
TX_1,HOUSEHOLD_1_334,11534,0.96
TX_1,HOUSEHOLD_1_334,11535,0.96
TX_1,HOUSEHOLD_1_334,11536,0.96
TX_1,HOUSEHOLD_1_334,11537,0.96
TX_1,HOUSEHOLD_1_334,11538,0.96
TX_1,HOUSEHOLD_1_334,11539,0.96
TX_1,HOUSEHOLD_1_334,11540,0.96
TX_1,HOUSEHOLD_1_334,11541,0.96
TX_1,HOUSEHOLD_1_334,11542,0.96
TX_1,HOUSEHOLD_1_334,11543,0.96
TX_1,HOUSEHOLD_1_334,11544,0.96
TX_1,HOUSEHOLD_1_334,11545,0.96
TX_1,HOUSEHOLD_1_334,11546,0.96
TX_1,HOUSEHOLD_1_334,11547,0.96
TX_1,HOUSEHOLD_1_334,11548,0.96
TX_1,HOUSEHOLD_1_334,11549,0.96
TX_1,HOUSEHOLD_1_334,11550,0.96
TX_1,HOUSEHOLD_1_334,11551,0.96
TX_1,HOUSEHOLD_1_334,11552,0.96
TX_1,HOUSEHOLD_1_334,11601,0.96
TX_1,HOUSEHOLD_1_334,11602,0.96
TX_1,HOUSEHOLD_1_334,11603,0.96
TX_1,HOUSEHOLD_1_334,11604,0.96
TX_1,HOUSEHOLD_1_334,11605,0.96
TX_1,HOUSEHOLD_1_334,11606,0.96
TX_1,HOUSEHOLD_1_334,11607,0.96
TX_1,HOUSEHOLD_1_334,11608,0.96
TX_1,HOUSEHOLD_1_334,11609,0.96
TX_1,HOUSEHOLD_1_334,11610,0.96
TX_1,HOUSEHOLD_1_334,11611,0.96
TX_1,HOUSEHOLD_1_334,11612,0.96
TX_1,HOUSEHOLD_1_334,11613,0.96
TX_1,HOUSEHOLD_1_334,11614,0.96
TX_1,HOUSEHOLD_1_334,11615,0.96
TX_1,HOUSEHOLD_1_334,11616,0.96
TX_1,HOUSEHOLD_1_334,11617,0.96
TX_1,HOUSEHOLD_1_459,11513,0.96
TX_1,HOUSEHOLD_1_459,11514,0.96
TX_1,HOUSEHOLD_1_459,11515,0.96
TX_1,HOUSEHOLD_1_459,11516,0.96
TX_1,HOUSEHOLD_1_459,11517,0.96
TX_1,HOUSEHOLD_1_459,11518,0.96
TX_1,HOUSEHOLD_1_459,11519,0.96
TX_1,HOUSEHOLD_1_459,11520,0.96
TX_1,HOUSEHOLD_1_459,11521,0.96
TX_1,HOUSEHOLD_1_459,11522,0.96
TX_1,HOUSEHOLD_1_459,11523,0.96
TX_1,HOUSEHOLD_1_459,11524,0.96
TX_1,HOUSEHOLD_1_459,11525,0.96
TX_1,HOUSEHOLD_1_459,11526,0.96
TX_1,HOUSEHOLD_1_459,11527,0.96
TX_1,HOUSEHOLD_1_459,11528,0.96
TX_1,HOUSEHOLD_1_459,11529,0.96
TX_1,HOUSEHOLD_1_459,11530,0.96
TX_1,HOUSEHOLD_1_459,11531,0.96
TX_1,HOUSEHOLD_1_459,11532,0.96
TX_1,HOUSEHOLD_1_459,11533,0.96
TX_1,HOUSEHOLD_1_459,11534,0.96
TX_1,HOUSEHOLD_1_459,11535,0.96
TX_1,HOUSEHOLD_1_459,11536,0.96
TX_1,HOUSEHOLD_1_459,11537,0.96
TX_1,HOUSEHOLD_1_459,11538,0.96
TX_1,HOUSEHOLD_1_459,11539,0.96
TX_1,HOUSEHOLD_1_459,11540,0.96
TX_1,HOUSEHOLD_1_459,11541,0.96
TX_1,HOUSEHOLD_1_459,11542,0.96
TX_1,HOUSEHOLD_1_459,11543,0.96
TX_1,HOUSEHOLD_1_459,11544,0.96
TX_1,HOUSEHOLD_1_459,11545,0.96
TX_1,HOUSEHOLD_1_459,11546,0.96
TX_1,HOUSEHOLD_1_459,11547,0.96
TX_1,HOUSEHOLD_1_459,11548,0.96
TX_1,HOUSEHOLD_1_459,11549,0.96
TX_1,HOUSEHOLD_1_459,11550,0.96
TX_1,HOUSEHOLD_1_459,11551,0.96
TX_1,HOUSEHOLD_1_459,11552,0.96
TX_1,HOUSEHOLD_1_459,11601,0.96
TX_1,HOUSEHOLD_1_459,11602,0.96
TX_1,HOUSEHOLD_1_459,11603,0.96
TX_1,HOUSEHOLD_1_459,11604,0.96
TX_1,HOUSEHOLD_1_459,11605,0.96
TX_1,HOUSEHOLD_1_459,11606,0.96
TX_1,HOUSEHOLD_1_459,11607,0.96
TX_1,HOUSEHOLD_1_459,11608,0.96
TX_1,HOUSEHOLD_1_459,11609,0.96
TX_1,HOUSEHOLD_1_459,11610,0.96
TX_1,HOUSEHOLD_1_459,11611,0.96
TX_1,HOUSEHOLD_1_459,11612,0.96
TX_1,HOUSEHOLD_1_459,11613,0.96
TX_1,HOUSEHOLD_1_459,11614,0.96
TX_1,HOUSEHOLD_1_459,11615,0.96
TX_1,HOUSEHOLD_1_459,11616,0.96
TX_1,HOUSEHOLD_1_459,11617,0.96
TX_1,HOUSEHOLD_1_521,11513,0.94
TX_1,HOUSEHOLD_1_521,11514,0.94
TX_1,HOUSEHOLD_1_521,11515,0.94
TX_1,HOUSEHOLD_1_521,11516,0.94
TX_1,HOUSEHOLD_1_521,11517,0.94
TX_1,HOUSEHOLD_1_521,11518,0.94
TX_1,HOUSEHOLD_1_521,11519,0.94
TX_1,HOUSEHOLD_1_521,11520,0.94
TX_1,HOUSEHOLD_1_521,11521,0.94
TX_1,HOUSEHOLD_1_521,11522,0.94
TX_1,HOUSEHOLD_1_521,11523,0.94
TX_1,HOUSEHOLD_1_521,11524,0.94
TX_1,HOUSEHOLD_1_521,11525,0.94
TX_1,HOUSEHOLD_1_521,11526,0.94
TX_1,HOUSEHOLD_1_521,11527,0.94
TX_1,HOUSEHOLD_1_521,11528,0.94
TX_1,HOUSEHOLD_1_521,11529,0.94
TX_1,HOUSEHOLD_1_521,11530,0.94
TX_1,HOUSEHOLD_1_521,11531,0.94
TX_1,HOUSEHOLD_1_521,11532,0.94
TX_1,HOUSEHOLD_1_521,11533,0.94
TX_1,HOUSEHOLD_1_521,11534,0.94
TX_1,HOUSEHOLD_1_521,11535,0.94
TX_1,HOUSEHOLD_1_521,11536,0.94
TX_1,HOUSEHOLD_1_521,11537,0.94
TX_1,HOUSEHOLD_1_521,11538,0.94
TX_1,HOUSEHOLD_1_521,11539,0.94
TX_1,HOUSEHOLD_1_521,11540,0.94
TX_1,HOUSEHOLD_1_521,11541,0.94
TX_1,HOUSEHOLD_1_521,11542,0.94
TX_1,HOUSEHOLD_1_521,11543,0.94
TX_1,HOUSEHOLD_1_521,11544,0.94
TX_1,HOUSEHOLD_1_521,11545,0.94
TX_1,HOUSEHOLD_1_521,11546,0.94
TX_1,HOUSEHOLD_1_521,11547,0.94
TX_1,HOUSEHOLD_1_521,11548,0.94
TX_1,HOUSEHOLD_1_521,11549,0.94
TX_1,HOUSEHOLD_1_521,11550,0.94
TX_1,HOUSEHOLD_1_521,11551,0.94
TX_1,HOUSEHOLD_1_521,11552,0.94
TX_1,HOUSEHOLD_1_521,11601,0.94
TX_1,HOUSEHOLD_1_521,11602,0.94
TX_1,HOUSEHOLD_1_521,11603,0.94
TX_1,HOUSEHOLD_1_521,11604,0.94
TX_1,HOUSEHOLD_1_521,11605,0.94
TX_1,HOUSEHOLD_1_521,11606,0.94
TX_1,HOUSEHOLD_1_521,11607,0.94
TX_1,HOUSEHOLD_1_521,11608,0.94
TX_1,HOUSEHOLD_1_521,11609,0.94
TX_1,HOUSEHOLD_1_521,11610,0.94
TX_1,HOUSEHOLD_1_521,11611,0.94
TX_1,HOUSEHOLD_1_521,11612,0.94
TX_1,HOUSEHOLD_1_521,11613,0.94
TX_1,HOUSEHOLD_1_521,11614,0.94
TX_1,HOUSEHOLD_1_521,11615,0.94
TX_1,HOUSEHOLD_1_521,11616,0.94
TX_1,HOUSEHOLD_1_521,11617,0.94
TX_1,FOODS_3_090,11513,1.48
TX_1,FOODS_3_090,11514,1.48
TX_1,FOODS_3_090,11515,1.48
TX_1,FOODS_3_090,11516,1.48
TX_1,FOODS_3_090,11517,1.48
TX_1,FOODS_3_090,11518,1.48
TX_1,FOODS_3_090,11519,1.48
TX_1,FOODS_3_090,11520,1.48
TX_1,FOODS_3_090,11521,1.48
TX_1,FOODS_3_090,11522,1.48
TX_1,FOODS_3_090,11523,1.48
TX_1,FOODS_3_090,11524,1.48
TX_1,FOODS_3_090,11525,1.48
TX_1,FOODS_3_090,11526,1.48
TX_1,FOODS_3_090,11527,1.48
TX_1,FOODS_3_090,11528,1.48
TX_1,FOODS_3_090,11529,1.48
TX_1,FOODS_3_090,11530,1.48
TX_1,FOODS_3_090,11531,1.48
TX_1,FOODS_3_090,11532,1.48
TX_1,FOODS_3_090,11533,1.48
TX_1,FOODS_3_090,11534,1.48
TX_1,FOODS_3_090,11535,1.48
TX_1,FOODS_3_090,11536,1.48
TX_1,FOODS_3_090,11537,1.48
TX_1,FOODS_3_090,11538,1.5
TX_1,FOODS_3_090,11539,1.5
TX_1,FOODS_3_090,11540,1.5
TX_1,FOODS_3_090,11541,1.5
TX_1,FOODS_3_090,11542,1.5
TX_1,FOODS_3_090,11543,1.5
TX_1,FOODS_3_090,11544,1.5
TX_1,FOODS_3_090,11545,1.5
TX_1,FOODS_3_090,11546,1.5
TX_1,FOODS_3_090,11547,1.5
TX_1,FOODS_3_090,11548,1.5
TX_1,FOODS_3_090,11549,1.5
TX_1,FOODS_3_090,11550,1.5
TX_1,FOODS_3_090,11551,1.5
TX_1,FOODS_3_090,11552,1.5
TX_1,FOODS_3_090,11601,1.5
TX_1,FOODS_3_090,11602,1.5
TX_1,FOODS_3_090,11603,1.5
TX_1,FOODS_3_090,11604,1.5
TX_1,FOODS_3_090,11605,1.5
TX_1,FOODS_3_090,11606,1.5
TX_1,FOODS_3_090,11607,1.5
TX_1,FOODS_3_090,11608,1.5
TX_1,FOODS_3_090,11609,1.5
TX_1,FOODS_3_090,11610,1.5
TX_1,FOODS_3_090,11611,1.5
TX_1,FOODS_3_090,11612,1.5
TX_1,FOODS_3_090,11613,1.5
TX_1,FOODS_3_090,11614,1.5
TX_1,FOODS_3_090,11615,1.5
TX_1,FOODS_3_090,11616,1.5
TX_1,FOODS_3_090,11617,1.5
TX_1,FOODS_3_252,11513,1.58
TX_1,FOODS_3_252,11514,1.58
TX_1,FOODS_3_252,11515,1.58
TX_1,FOODS_3_252,11516,1.58
TX_1,FOODS_3_252,11517,1.58
TX_1,FOODS_3_252,11518,1.58
TX_1,FOODS_3_252,11519,1.58
TX_1,FOODS_3_252,11520,1.58
TX_1,FOODS_3_252,11521,1.58
TX_1,FOODS_3_252,11522,1.58
TX_1,FOODS_3_252,11523,1.58
TX_1,FOODS_3_252,11524,1.58
TX_1,FOODS_3_252,11525,1.58
TX_1,FOODS_3_252,11526,1.58
TX_1,FOODS_3_252,11527,1.58
TX_1,FOODS_3_252,11528,1.58
TX_1,FOODS_3_252,11529,1.58
TX_1,FOODS_3_252,11530,1.58
TX_1,FOODS_3_252,11531,1.58
TX_1,FOODS_3_252,11532,1.58
TX_1,FOODS_3_252,11533,1.58
TX_1,FOODS_3_252,11534,1.58
TX_1,FOODS_3_252,11535,1.58
TX_1,FOODS_3_252,11536,1.58
TX_1,FOODS_3_252,11537,1.58
TX_1,FOODS_3_252,11538,1.58
TX_1,FOODS_3_252,11539,1.58
TX_1,FOODS_3_252,11540,1.58
TX_1,FOODS_3_252,11541,1.58
TX_1,FOODS_3_252,11542,1.58
TX_1,FOODS_3_252,11543,1.58
TX_1,FOODS_3_252,11544,1.58
TX_1,FOODS_3_252,11545,1.58
TX_1,FOODS_3_252,11546,1.58
TX_1,FOODS_3_252,11547,1.58
TX_1,FOODS_3_252,11548,1.58
TX_1,FOODS_3_252,11549,1.58
TX_1,FOODS_3_252,11550,1.58
TX_1,FOODS_3_252,11551,1.58
TX_1,FOODS_3_252,11552,1.58
TX_1,FOODS_3_252,11601,1.58
TX_1,FOODS_3_252,11602,1.58
TX_1,FOODS_3_252,11603,1.58
TX_1,FOODS_3_252,11604,1.58
TX_1,FOODS_3_252,11605,1.58
TX_1,FOODS_3_252,11606,1.58
TX_1,FOODS_3_252,11607,1.58
TX_1,FOODS_3_252,11608,1.58
TX_1,FOODS_3_252,11609,1.58
TX_1,FOODS_3_252,11610,1.58
TX_1,FOODS_3_252,11611,1.58
TX_1,FOODS_3_252,11612,1.58
TX_1,FOODS_3_252,11613,1.58
TX_1,FOODS_3_252,11614,1.58
TX_1,FOODS_3_252,11615,1.58
TX_1,FOODS_3_252,11616,1.58
TX_1,FOODS_3_252,11617,1.58
TX_1,FOODS_3_555,11513,1.68
TX_1,FOODS_3_555,11514,1.68
TX_1,FOODS_3_555,11515,1.68
TX_1,FOODS_3_555,11516,1.68
TX_1,FOODS_3_555,11517,1.68
TX_1,FOODS_3_555,11518,1.68
TX_1,FOODS_3_555,11519,1.68
TX_1,FOODS_3_555,11520,1.68
TX_1,FOODS_3_555,11521,1.68
TX_1,FOODS_3_555,11522,1.68
TX_1,FOODS_3_555,11523,1.68
TX_1,FOODS_3_555,11524,1.68
TX_1,FOODS_3_555,11525,1.68
TX_1,FOODS_3_555,11526,1.68
TX_1,FOODS_3_555,11527,1.68
TX_1,FOODS_3_555,11528,1.68
TX_1,FOODS_3_555,11529,1.68
TX_1,FOODS_3_555,11530,1.68
TX_1,FOODS_3_555,11531,1.68
TX_1,FOODS_3_555,11532,1.68
TX_1,FOODS_3_555,11533,1.68
TX_1,FOODS_3_555,11534,1.68
TX_1,FOODS_3_555,11535,1.68
TX_1,FOODS_3_555,11536,1.68
TX_1,FOODS_3_555,11537,1.68
TX_1,FOODS_3_555,11538,1.68
TX_1,FOODS_3_555,11539,1.68
TX_1,FOODS_3_555,11540,1.68
TX_1,FOODS_3_555,11541,1.68
TX_1,FOODS_3_555,11542,1.68
TX_1,FOODS_3_555,11543,1.68
TX_1,FOODS_3_555,11544,1.68
TX_1,FOODS_3_555,11545,1.68
TX_1,FOODS_3_555,11546,1.68
TX_1,FOODS_3_555,11547,1.68
TX_1,FOODS_3_555,11548,1.68
TX_1,FOODS_3_555,11549,1.68
TX_1,FOODS_3_555,11550,1.68
TX_1,FOODS_3_555,11551,1.68
TX_1,FOODS_3_555,11552,1.68
TX_1,FOODS_3_555,11601,1.68
TX_1,FOODS_3_555,11602,1.68
TX_1,FOODS_3_555,11603,1.68
TX_1,FOODS_3_555,11604,1.68
TX_1,FOODS_3_555,11605,1.68
TX_1,FOODS_3_555,11606,1.68
TX_1,FOODS_3_555,11607,1.68
TX_1,FOODS_3_555,11608,1.68
TX_1,FOODS_3_555,11609,1.68
TX_1,FOODS_3_555,11610,1.68
TX_1,FOODS_3_555,11611,1.68
TX_1,FOODS_3_555,11612,1.68
TX_1,FOODS_3_555,11613,1.68
TX_1,FOODS_3_555,11614,1.68
TX_1,FOODS_3_555,11615,1.68
TX_1,FOODS_3_555,11616,1.68
TX_1,FOODS_3_555,11617,1.68
TX_1,FOODS_3_586,11513,1.68
TX_1,FOODS_3_586,11514,1.68
TX_1,FOODS_3_586,11515,1.68
TX_1,FOODS_3_586,11516,1.68
TX_1,FOODS_3_586,11517,1.68
TX_1,FOODS_3_586,11518,1.68
TX_1,FOODS_3_586,11519,1.68
TX_1,FOODS_3_586,11520,1.68
TX_1,FOODS_3_586,11521,1.68
TX_1,FOODS_3_586,11522,1.68
TX_1,FOODS_3_586,11523,1.68
TX_1,FOODS_3_586,11524,1.68
TX_1,FOODS_3_586,11525,1.68
TX_1,FOODS_3_586,11526,1.68
TX_1,FOODS_3_586,11527,1.68
TX_1,FOODS_3_586,11528,1.68
TX_1,FOODS_3_586,11529,1.68
TX_1,FOODS_3_586,11530,1.68
TX_1,FOODS_3_586,11531,1.68
TX_1,FOODS_3_586,11532,1.68
TX_1,FOODS_3_586,11533,1.68
TX_1,FOODS_3_586,11534,1.68
TX_1,FOODS_3_586,11535,1.68
TX_1,FOODS_3_586,11536,1.68
TX_1,FOODS_3_586,11537,1.68
TX_1,FOODS_3_586,11538,1.68
TX_1,FOODS_3_586,11539,1.68
TX_1,FOODS_3_586,11540,1.68
TX_1,FOODS_3_586,11541,1.68
TX_1,FOODS_3_586,11542,1.68
TX_1,FOODS_3_586,11543,1.68
TX_1,FOODS_3_586,11544,1.68
TX_1,FOODS_3_586,11545,1.68
TX_1,FOODS_3_586,11546,1.68
TX_1,FOODS_3_586,11547,1.68
TX_1,FOODS_3_586,11548,1.68
TX_1,FOODS_3_586,11549,1.68
TX_1,FOODS_3_586,11550,1.68
TX_1,FOODS_3_586,11551,1.68
TX_1,FOODS_3_586,11552,1.68
TX_1,FOODS_3_586,11601,1.68
TX_1,FOODS_3_586,11602,1.68
TX_1,FOODS_3_586,11603,1.68
TX_1,FOODS_3_586,11604,1.68
TX_1,FOODS_3_586,11605,1.68
TX_1,FOODS_3_586,11606,1.68
TX_1,FOODS_3_586,11607,1.68
TX_1,FOODS_3_586,11608,1.68
TX_1,FOODS_3_586,11609,1.68
TX_1,FOODS_3_586,11610,1.68
TX_1,FOODS_3_586,11611,1.68
TX_1,FOODS_3_586,11612,1.68
TX_1,FOODS_3_586,11613,1.68
TX_1,FOODS_3_586,11614,1.68
TX_1,FOODS_3_586,11615,1.68
TX_1,FOODS_3_586,11616,1.68
TX_1,FOODS_3_586,11617,1.68
TX_1,FOODS_3_587,11513,2.48
TX_1,FOODS_3_587,11514,2.48
TX_1,FOODS_3_587,11515,2.48
TX_1,FOODS_3_587,11516,2.48
TX_1,FOODS_3_587,11517,2.48
TX_1,FOODS_3_587,11518,2.48
TX_1,FOODS_3_587,11519,2.48
TX_1,FOODS_3_587,11520,2.48
TX_1,FOODS_3_587,11521,2.48
TX_1,FOODS_3_587,11522,2.48
TX_1,FOODS_3_587,11523,2.48
TX_1,FOODS_3_587,11524,2.48
TX_1,FOODS_3_587,11525,2.48
TX_1,FOODS_3_587,11526,2.48
TX_1,FOODS_3_587,11527,2.48
TX_1,FOODS_3_587,11528,2.48
TX_1,FOODS_3_587,11529,2.48
TX_1,FOODS_3_587,11530,2.48
TX_1,FOODS_3_587,11531,2.48
TX_1,FOODS_3_587,11532,2.48
TX_1,FOODS_3_587,11533,2.48
TX_1,FOODS_3_587,11534,2.48
TX_1,FOODS_3_587,11535,2.48
TX_1,FOODS_3_587,11536,2.48
TX_1,FOODS_3_587,11537,2.48
TX_1,FOODS_3_587,11538,2.48
TX_1,FOODS_3_587,11539,2.48
TX_1,FOODS_3_587,11540,2.48
TX_1,FOODS_3_587,11541,2.48
TX_1,FOODS_3_587,11542,2.48
TX_1,FOODS_3_587,11543,2.48
TX_1,FOODS_3_587,11544,2.48
TX_1,FOODS_3_587,11545,2.48
TX_1,FOODS_3_587,11546,2.48
TX_1,FOODS_3_587,11547,2.48
TX_1,FOODS_3_587,11548,2.48
TX_1,FOODS_3_587,11549,2.48
TX_1,FOODS_3_587,11550,2.48
TX_1,FOODS_3_587,11551,2.48
TX_1,FOODS_3_587,11552,2.48
TX_1,FOODS_3_587,11601,2.48
TX_1,FOODS_3_587,11602,2.48
TX_1,FOODS_3_587,11603,2.48
TX_1,FOODS_3_587,11604,2.48
TX_1,FOODS_3_587,11605,2.48
TX_1,FOODS_3_587,11606,2.48
TX_1,FOODS_3_587,11607,2.48
TX_1,FOODS_3_587,11608,2.48
TX_1,FOODS_3_587,11609,2.48
TX_1,FOODS_3_587,11610,2.48
TX_1,FOODS_3_587,11611,2.48
TX_1,FOODS_3_587,11612,2.48
TX_1,FOODS_3_587,11613,2.48
TX_1,FOODS_3_587,11614,2.48
TX_1,FOODS_3_587,11615,2.48
TX_1,FOODS_3_587,11616,2.48
TX_1,FOODS_3_587,11617,2.48
TX_1,FOODS_3_714,11513,1.58
TX_1,FOODS_3_714,11514,1.58
TX_1,FOODS_3_714,11515,1.58
TX_1,FOODS_3_714,11516,1.58
TX_1,FOODS_3_714,11517,1.58
TX_1,FOODS_3_714,11518,1.58
TX_1,FOODS_3_714,11519,1.58
TX_1,FOODS_3_714,11520,1.58
TX_1,FOODS_3_714,11521,1.58
TX_1,FOODS_3_714,11522,1.58
TX_1,FOODS_3_714,11523,1.58
TX_1,FOODS_3_714,11524,1.58
TX_1,FOODS_3_714,11525,1.58
TX_1,FOODS_3_714,11526,1.58
TX_1,FOODS_3_714,11527,1.58
TX_1,FOODS_3_714,11528,1.58
TX_1,FOODS_3_714,11529,1.58
TX_1,FOODS_3_714,11530,1.58
TX_1,FOODS_3_714,11531,1.58
TX_1,FOODS_3_714,11532,1.58
TX_1,FOODS_3_714,11533,1.58
TX_1,FOODS_3_714,11534,1.58
TX_1,FOODS_3_714,11535,1.58
TX_1,FOODS_3_714,11536,1.58
TX_1,FOODS_3_714,11537,1.58
TX_1,FOODS_3_714,11538,1.58
TX_1,FOODS_3_714,11539,1.58
TX_1,FOODS_3_714,11540,1.58
TX_1,FOODS_3_714,11541,1.58
TX_1,FOODS_3_714,11542,1.58
TX_1,FOODS_3_714,11543,1.58
TX_1,FOODS_3_714,11544,1.58
TX_1,FOODS_3_714,11545,1.58
TX_1,FOODS_3_714,11546,1.58
TX_1,FOODS_3_714,11547,1.58
TX_1,FOODS_3_714,11548,1.58
TX_1,FOODS_3_714,11549,1.58
TX_1,FOODS_3_714,11550,1.58
TX_1,FOODS_3_714,11551,1.58
TX_1,FOODS_3_714,11552,1.58
TX_1,FOODS_3_714,11601,1.58
TX_1,FOODS_3_714,11602,1.58
TX_1,FOODS_3_714,11603,1.58
TX_1,FOODS_3_714,11604,1.58
TX_1,FOODS_3_714,11605,1.58
TX_1,FOODS_3_714,11606,1.58
TX_1,FOODS_3_714,11607,1.58
TX_1,FOODS_3_714,11608,1.58
TX_1,FOODS_3_714,11609,1.58
TX_1,FOODS_3_714,11610,1.58
TX_1,FOODS_3_714,11611,1.58
TX_1,FOODS_3_714,11612,1.58
TX_1,FOODS_3_714,11613,1.58
TX_1,FOODS_3_714,11614,1.58
TX_1,FOODS_3_714,11615,1.58
TX_1,FOODS_3_714,11616,1.58
TX_1,FOODS_3_714,11617,1.58
TX_2,HOBBIES_1_008,11513,0.48
TX_2,HOBBIES_1_008,11514,0.48
TX_2,HOBBIES_1_008,11515,0.48
TX_2,HOBBIES_1_008,11516,0.48
TX_2,HOBBIES_1_008,11517,0.48
TX_2,HOBBIES_1_008,11518,0.48
TX_2,HOBBIES_1_008,11519,0.48
TX_2,HOBBIES_1_008,11520,0.48
TX_2,HOBBIES_1_008,11521,0.48
TX_2,HOBBIES_1_008,11522,0.48
TX_2,HOBBIES_1_008,11523,0.48
TX_2,HOBBIES_1_008,11524,0.48
TX_2,HOBBIES_1_008,11525,0.48
TX_2,HOBBIES_1_008,11526,0.48
TX_2,HOBBIES_1_008,11527,0.48
TX_2,HOBBIES_1_008,11528,0.48
TX_2,HOBBIES_1_008,11529,0.48
TX_2,HOBBIES_1_008,11530,0.48
TX_2,HOBBIES_1_008,11531,0.48
TX_2,HOBBIES_1_008,11532,0.48
TX_2,HOBBIES_1_008,11533,0.48
TX_2,HOBBIES_1_008,11534,0.48
TX_2,HOBBIES_1_008,11535,0.48
TX_2,HOBBIES_1_008,11536,0.48
TX_2,HOBBIES_1_008,11537,0.48
TX_2,HOBBIES_1_008,11538,0.48
TX_2,HOBBIES_1_008,11539,0.48
TX_2,HOBBIES_1_008,11540,0.48
TX_2,HOBBIES_1_008,11541,0.48
TX_2,HOBBIES_1_008,11542,0.48
TX_2,HOBBIES_1_008,11543,0.48
TX_2,HOBBIES_1_008,11544,0.48
TX_2,HOBBIES_1_008,11545,0.48
TX_2,HOBBIES_1_008,11546,0.48
TX_2,HOBBIES_1_008,11547,0.48
TX_2,HOBBIES_1_008,11548,0.48
TX_2,HOBBIES_1_008,11549,0.48
TX_2,HOBBIES_1_008,11550,0.48
TX_2,HOBBIES_1_008,11551,0.48
TX_2,HOBBIES_1_008,11552,0.48
TX_2,HOBBIES_1_008,11601,0.48
TX_2,HOBBIES_1_008,11602,0.48
TX_2,HOBBIES_1_008,11603,0.48
TX_2,HOBBIES_1_008,11604,0.48
TX_2,HOBBIES_1_008,11605,0.48
TX_2,HOBBIES_1_008,11606,0.48
TX_2,HOBBIES_1_008,11607,0.48
TX_2,HOBBIES_1_008,11608,0.48
TX_2,HOBBIES_1_008,11609,0.48
TX_2,HOBBIES_1_008,11610,0.48
TX_2,HOBBIES_1_008,11611,0.48
TX_2,HOBBIES_1_008,11612,0.48
TX_2,HOBBIES_1_008,11613,0.48
TX_2,HOBBIES_1_008,11614,0.48
TX_2,HOBBIES_1_008,11615,0.48
TX_2,HOBBIES_1_008,11616,0.48
TX_2,HOBBIES_1_008,11617,0.48
TX_2,HOBBIES_1_371,11513,0.48
TX_2,HOBBIES_1_371,11514,0.48
TX_2,HOBBIES_1_371,11515,0.48
TX_2,HOBBIES_1_371,11516,0.48
TX_2,HOBBIES_1_371,11517,0.48
TX_2,HOBBIES_1_371,11518,0.48
TX_2,HOBBIES_1_371,11519,0.48
TX_2,HOBBIES_1_371,11520,0.48
TX_2,HOBBIES_1_371,11521,0.48
TX_2,HOBBIES_1_371,11522,0.48
TX_2,HOBBIES_1_371,11523,0.48
TX_2,HOBBIES_1_371,11524,0.48
TX_2,HOBBIES_1_371,11525,0.48
TX_2,HOBBIES_1_371,11526,0.48
TX_2,HOBBIES_1_371,11527,0.48
TX_2,HOBBIES_1_371,11528,0.48
TX_2,HOBBIES_1_371,11529,0.48
TX_2,HOBBIES_1_371,11530,0.48
TX_2,HOBBIES_1_371,11531,0.48
TX_2,HOBBIES_1_371,11532,0.48
TX_2,HOBBIES_1_371,11533,0.48
TX_2,HOBBIES_1_371,11534,0.48
TX_2,HOBBIES_1_371,11535,0.48
TX_2,HOBBIES_1_371,11536,0.48
TX_2,HOBBIES_1_371,11537,0.48
TX_2,HOBBIES_1_371,11538,0.48
TX_2,HOBBIES_1_371,11539,0.48
TX_2,HOBBIES_1_371,11540,0.48
TX_2,HOBBIES_1_371,11541,0.48
TX_2,HOBBIES_1_371,11542,0.48
TX_2,HOBBIES_1_371,11543,0.48
TX_2,HOBBIES_1_371,11544,0.48
TX_2,HOBBIES_1_371,11545,0.48
TX_2,HOBBIES_1_371,11546,0.48
TX_2,HOBBIES_1_371,11547,0.48
TX_2,HOBBIES_1_371,11548,0.48
TX_2,HOBBIES_1_371,11549,0.48
TX_2,HOBBIES_1_371,11550,0.48
TX_2,HOBBIES_1_371,11551,0.48
TX_2,HOBBIES_1_371,11552,0.48
TX_2,HOBBIES_1_371,11601,0.48
TX_2,HOBBIES_1_371,11602,0.48
TX_2,HOBBIES_1_371,11603,0.48
TX_2,HOBBIES_1_371,11604,0.48
TX_2,HOBBIES_1_371,11605,0.48
TX_2,HOBBIES_1_371,11606,0.48
TX_2,HOBBIES_1_371,11607,0.48
TX_2,HOBBIES_1_371,11608,0.48
TX_2,HOBBIES_1_371,11609,0.48
TX_2,HOBBIES_1_371,11610,0.48
TX_2,HOBBIES_1_371,11611,0.48
TX_2,HOBBIES_1_371,11612,0.48
TX_2,HOBBIES_1_371,11613,0.48
TX_2,HOBBIES_1_371,11614,0.48
TX_2,HOBBIES_1_371,11615,0.48
TX_2,HOBBIES_1_371,11616,0.48
TX_2,HOBBIES_1_371,11617,0.48
TX_2,HOUSEHOLD_1_234,11513,0.97
TX_2,HOUSEHOLD_1_234,11514,0.97
TX_2,HOUSEHOLD_1_234,11515,0.97
TX_2,HOUSEHOLD_1_234,11516,0.97
TX_2,HOUSEHOLD_1_234,11517,0.97
TX_2,HOUSEHOLD_1_234,11518,0.97
TX_2,HOUSEHOLD_1_234,11519,0.97
TX_2,HOUSEHOLD_1_234,11520,0.97
TX_2,HOUSEHOLD_1_234,11521,0.97
TX_2,HOUSEHOLD_1_234,11522,0.97
TX_2,HOUSEHOLD_1_234,11523,0.97
TX_2,HOUSEHOLD_1_234,11524,0.97
TX_2,HOUSEHOLD_1_234,11525,0.97
TX_2,HOUSEHOLD_1_234,11526,0.97
TX_2,HOUSEHOLD_1_234,11527,0.97
TX_2,HOUSEHOLD_1_234,11528,0.97
TX_2,HOUSEHOLD_1_234,11529,0.97
TX_2,HOUSEHOLD_1_234,11530,0.97
TX_2,HOUSEHOLD_1_234,11531,0.97
TX_2,HOUSEHOLD_1_234,11532,0.97
TX_2,HOUSEHOLD_1_234,11533,0.97
TX_2,HOUSEHOLD_1_234,11534,0.97
TX_2,HOUSEHOLD_1_234,11535,0.97
TX_2,HOUSEHOLD_1_234,11536,0.97
TX_2,HOUSEHOLD_1_234,11537,0.97
TX_2,HOUSEHOLD_1_234,11538,0.97
TX_2,HOUSEHOLD_1_234,11539,0.97
TX_2,HOUSEHOLD_1_234,11540,0.97
TX_2,HOUSEHOLD_1_234,11541,0.97
TX_2,HOUSEHOLD_1_234,11542,0.97
TX_2,HOUSEHOLD_1_234,11543,0.97
TX_2,HOUSEHOLD_1_234,11544,0.97
TX_2,HOUSEHOLD_1_234,11545,0.97
TX_2,HOUSEHOLD_1_234,11546,0.97
TX_2,HOUSEHOLD_1_234,11547,0.97
TX_2,HOUSEHOLD_1_234,11548,0.97
TX_2,HOUSEHOLD_1_234,11549,0.97
TX_2,HOUSEHOLD_1_234,11550,0.97
TX_2,HOUSEHOLD_1_234,11551,0.97
TX_2,HOUSEHOLD_1_234,11552,0.97
TX_2,HOUSEHOLD_1_234,11601,0.97
TX_2,HOUSEHOLD_1_234,11602,0.97
TX_2,HOUSEHOLD_1_234,11603,0.97
TX_2,HOUSEHOLD_1_234,11604,0.97
TX_2,HOUSEHOLD_1_234,11605,0.97
TX_2,HOUSEHOLD_1_234,11606,0.97
TX_2,HOUSEHOLD_1_234,11607,0.97
TX_2,HOUSEHOLD_1_234,11608,0.97
TX_2,HOUSEHOLD_1_234,11609,0.97
TX_2,HOUSEHOLD_1_234,11610,0.97
TX_2,HOUSEHOLD_1_234,11611,0.97
TX_2,HOUSEHOLD_1_234,11612,0.97
TX_2,HOUSEHOLD_1_234,11613,0.97
TX_2,HOUSEHOLD_1_234,11614,0.97
TX_2,HOUSEHOLD_1_234,11615,0.97
TX_2,HOUSEHOLD_1_234,11616,0.97
TX_2,HOUSEHOLD_1_234,11617,0.97
TX_2,HOUSEHOLD_1_334,11513,0.96
TX_2,HOUSEHOLD_1_334,11514,0.96
TX_2,HOUSEHOLD_1_334,11515,0.96
TX_2,HOUSEHOLD_1_334,11516,0.96
TX_2,HOUSEHOLD_1_334,11517,0.96
TX_2,HOUSEHOLD_1_334,11518,0.96
TX_2,HOUSEHOLD_1_334,11519,0.96
TX_2,HOUSEHOLD_1_334,11520,0.96
TX_2,HOUSEHOLD_1_334,11521,0.96
TX_2,HOUSEHOLD_1_334,11522,0.96
TX_2,HOUSEHOLD_1_334,11523,0.96
TX_2,HOUSEHOLD_1_334,11524,0.96
TX_2,HOUSEHOLD_1_334,11525,0.96
TX_2,HOUSEHOLD_1_334,11526,0.96
TX_2,HOUSEHOLD_1_334,11527,0.96
TX_2,HOUSEHOLD_1_334,11528,0.96
TX_2,HOUSEHOLD_1_334,11529,0.96
TX_2,HOUSEHOLD_1_334,11530,0.96
TX_2,HOUSEHOLD_1_334,11531,0.96
TX_2,HOUSEHOLD_1_334,11532,0.96
TX_2,HOUSEHOLD_1_334,11533,0.96
TX_2,HOUSEHOLD_1_334,11534,0.96
TX_2,HOUSEHOLD_1_334,11535,0.96
TX_2,HOUSEHOLD_1_334,11536,0.96
TX_2,HOUSEHOLD_1_334,11537,0.96
TX_2,HOUSEHOLD_1_334,11538,0.96
TX_2,HOUSEHOLD_1_334,11539,0.96
TX_2,HOUSEHOLD_1_334,11540,0.96
TX_2,HOUSEHOLD_1_334,11541,0.96
TX_2,HOUSEHOLD_1_334,11542,0.96
TX_2,HOUSEHOLD_1_334,11543,0.96
TX_2,HOUSEHOLD_1_334,11544,0.96
TX_2,HOUSEHOLD_1_334,11545,0.96
TX_2,HOUSEHOLD_1_334,11546,0.96
TX_2,HOUSEHOLD_1_334,11547,0.96
TX_2,HOUSEHOLD_1_334,11548,0.96
TX_2,HOUSEHOLD_1_334,11549,0.96
TX_2,HOUSEHOLD_1_334,11550,0.96
TX_2,HOUSEHOLD_1_334,11551,0.96
TX_2,HOUSEHOLD_1_334,11552,0.96
TX_2,HOUSEHOLD_1_334,11601,0.96
TX_2,HOUSEHOLD_1_334,11602,0.96
TX_2,HOUSEHOLD_1_334,11603,0.96
TX_2,HOUSEHOLD_1_334,11604,0.96
TX_2,HOUSEHOLD_1_334,11605,0.96
TX_2,HOUSEHOLD_1_334,11606,0.96
TX_2,HOUSEHOLD_1_334,11607,0.96
TX_2,HOUSEHOLD_1_334,11608,0.96
TX_2,HOUSEHOLD_1_334,11609,0.96
TX_2,HOUSEHOLD_1_334,11610,0.96
TX_2,HOUSEHOLD_1_334,11611,0.96
TX_2,HOUSEHOLD_1_334,11612,0.96
TX_2,HOUSEHOLD_1_334,11613,0.96
TX_2,HOUSEHOLD_1_334,11614,0.96
TX_2,HOUSEHOLD_1_334,11615,0.96
TX_2,HOUSEHOLD_1_334,11616,0.96
TX_2,HOUSEHOLD_1_334,11617,0.96
TX_2,HOUSEHOLD_1_474,11513,0.97
TX_2,HOUSEHOLD_1_474,11514,0.97
TX_2,HOUSEHOLD_1_474,11515,0.97
TX_2,HOUSEHOLD_1_474,11516,0.97
TX_2,HOUSEHOLD_1_474,11517,0.97
TX_2,HOUSEHOLD_1_474,11518,0.97
TX_2,HOUSEHOLD_1_474,11519,0.97
TX_2,HOUSEHOLD_1_474,11520,0.97
TX_2,HOUSEHOLD_1_474,11521,0.97
TX_2,HOUSEHOLD_1_474,11522,0.97
TX_2,HOUSEHOLD_1_474,11523,0.97
TX_2,HOUSEHOLD_1_474,11524,0.97
TX_2,HOUSEHOLD_1_474,11525,0.97
TX_2,HOUSEHOLD_1_474,11526,0.97
TX_2,HOUSEHOLD_1_474,11527,0.97
TX_2,HOUSEHOLD_1_474,11528,0.97
TX_2,HOUSEHOLD_1_474,11529,0.97
TX_2,HOUSEHOLD_1_474,11530,0.97
TX_2,HOUSEHOLD_1_474,11531,0.97
TX_2,HOUSEHOLD_1_474,11532,0.97
TX_2,HOUSEHOLD_1_474,11533,0.97
TX_2,HOUSEHOLD_1_474,11534,0.97
TX_2,HOUSEHOLD_1_474,11535,0.97
TX_2,HOUSEHOLD_1_474,11536,0.97
TX_2,HOUSEHOLD_1_474,11537,0.97
TX_2,HOUSEHOLD_1_474,11538,0.97
TX_2,HOUSEHOLD_1_474,11539,0.97
TX_2,HOUSEHOLD_1_474,11540,0.97
TX_2,HOUSEHOLD_1_474,11541,0.97
TX_2,HOUSEHOLD_1_474,11542,0.97
TX_2,HOUSEHOLD_1_474,11543,0.97
TX_2,HOUSEHOLD_1_474,11544,0.97
TX_2,HOUSEHOLD_1_474,11545,0.97
TX_2,HOUSEHOLD_1_474,11546,0.97
TX_2,HOUSEHOLD_1_474,11547,0.97
TX_2,HOUSEHOLD_1_474,11548,0.97
TX_2,HOUSEHOLD_1_474,11549,0.97
TX_2,HOUSEHOLD_1_474,11550,0.97
TX_2,HOUSEHOLD_1_474,11551,0.97
TX_2,HOUSEHOLD_1_474,11552,0.97
TX_2,HOUSEHOLD_1_474,11601,0.97
TX_2,HOUSEHOLD_1_474,11602,0.97
TX_2,HOUSEHOLD_1_474,11603,0.97
TX_2,HOUSEHOLD_1_474,11604,0.97
TX_2,HOUSEHOLD_1_474,11605,0.97
TX_2,HOUSEHOLD_1_474,11606,0.97
TX_2,HOUSEHOLD_1_474,11607,0.97
TX_2,HOUSEHOLD_1_474,11608,0.97
TX_2,HOUSEHOLD_1_474,11609,0.97
TX_2,HOUSEHOLD_1_474,11610,0.97
TX_2,HOUSEHOLD_1_474,11611,0.97
TX_2,HOUSEHOLD_1_474,11612,0.97
TX_2,HOUSEHOLD_1_474,11613,0.97
TX_2,HOUSEHOLD_1_474,11614,0.97
TX_2,HOUSEHOLD_1_474,11615,0.97
TX_2,HOUSEHOLD_1_474,11616,0.97
TX_2,HOUSEHOLD_1_474,11617,0.97
TX_2,HOUSEHOLD_1_521,11513,0.94
TX_2,HOUSEHOLD_1_521,11514,0.94
TX_2,HOUSEHOLD_1_521,11515,0.94
TX_2,HOUSEHOLD_1_521,11516,0.94
TX_2,HOUSEHOLD_1_521,11517,0.94
TX_2,HOUSEHOLD_1_521,11518,0.94
TX_2,HOUSEHOLD_1_521,11519,0.94
TX_2,HOUSEHOLD_1_521,11520,0.94
TX_2,HOUSEHOLD_1_521,11521,0.94
TX_2,HOUSEHOLD_1_521,11522,0.94
TX_2,HOUSEHOLD_1_521,11523,0.94
TX_2,HOUSEHOLD_1_521,11524,0.94
TX_2,HOUSEHOLD_1_521,11525,0.94
TX_2,HOUSEHOLD_1_521,11526,0.94
TX_2,HOUSEHOLD_1_521,11527,0.94
TX_2,HOUSEHOLD_1_521,11528,0.94
TX_2,HOUSEHOLD_1_521,11529,0.94
TX_2,HOUSEHOLD_1_521,11530,0.94
TX_2,HOUSEHOLD_1_521,11531,0.94
TX_2,HOUSEHOLD_1_521,11532,0.94
TX_2,HOUSEHOLD_1_521,11533,0.94
TX_2,HOUSEHOLD_1_521,11534,0.94
TX_2,HOUSEHOLD_1_521,11535,0.94
TX_2,HOUSEHOLD_1_521,11536,0.94
TX_2,HOUSEHOLD_1_521,11537,0.94
TX_2,HOUSEHOLD_1_521,11538,0.94
TX_2,HOUSEHOLD_1_521,11539,0.94
TX_2,HOUSEHOLD_1_521,11540,0.94
TX_2,HOUSEHOLD_1_521,11541,0.94
TX_2,HOUSEHOLD_1_521,11542,0.94
TX_2,HOUSEHOLD_1_521,11543,0.94
TX_2,HOUSEHOLD_1_521,11544,0.94
TX_2,HOUSEHOLD_1_521,11545,0.94
TX_2,HOUSEHOLD_1_521,11546,0.94
TX_2,HOUSEHOLD_1_521,11547,0.94
TX_2,HOUSEHOLD_1_521,11548,0.94
TX_2,HOUSEHOLD_1_521,11549,0.94
TX_2,HOUSEHOLD_1_521,11550,0.94
TX_2,HOUSEHOLD_1_521,11551,0.94
TX_2,HOUSEHOLD_1_521,11552,0.94
TX_2,HOUSEHOLD_1_521,11601,0.94
TX_2,HOUSEHOLD_1_521,11602,0.94
TX_2,HOUSEHOLD_1_521,11603,0.94
TX_2,HOUSEHOLD_1_521,11604,0.94
TX_2,HOUSEHOLD_1_521,11605,0.94
TX_2,HOUSEHOLD_1_521,11606,0.94
TX_2,HOUSEHOLD_1_521,11607,0.94
TX_2,HOUSEHOLD_1_521,11608,0.94
TX_2,HOUSEHOLD_1_521,11609,0.94
TX_2,HOUSEHOLD_1_521,11610,0.94
TX_2,HOUSEHOLD_1_521,11611,0.94
TX_2,HOUSEHOLD_1_521,11612,0.94
TX_2,HOUSEHOLD_1_521,11613,0.94
TX_2,HOUSEHOLD_1_521,11614,0.94
TX_2,HOUSEHOLD_1_521,11615,0.94
TX_2,HOUSEHOLD_1_521,11616,0.94
TX_2,HOUSEHOLD_1_521,11617,0.94
TX_2,FOODS_3_090,11513,1.48
TX_2,FOODS_3_090,11514,1.48
TX_2,FOODS_3_090,11515,1.48
TX_2,FOODS_3_090,11516,1.48
TX_2,FOODS_3_090,11517,1.48
TX_2,FOODS_3_090,11518,1.48
TX_2,FOODS_3_090,11519,1.48
TX_2,FOODS_3_090,11520,1.48
TX_2,FOODS_3_090,11521,1.48
TX_2,FOODS_3_090,11522,1.48
TX_2,FOODS_3_090,11523,1.48
TX_2,FOODS_3_090,11524,1.48
TX_2,FOODS_3_090,11525,1.48
TX_2,FOODS_3_090,11526,1.48
TX_2,FOODS_3_090,11527,1.48
TX_2,FOODS_3_090,11528,1.48
TX_2,FOODS_3_090,11529,1.48
TX_2,FOODS_3_090,11530,1.48
TX_2,FOODS_3_090,11531,1.48
TX_2,FOODS_3_090,11532,1.48
TX_2,FOODS_3_090,11533,1.48
TX_2,FOODS_3_090,11534,1.48
TX_2,FOODS_3_090,11535,1.48
TX_2,FOODS_3_090,11536,1.48
TX_2,FOODS_3_090,11537,1.48
TX_2,FOODS_3_090,11538,1.5
TX_2,FOODS_3_090,11539,1.5
TX_2,FOODS_3_090,11540,1.5
TX_2,FOODS_3_090,11541,1.5
TX_2,FOODS_3_090,11542,1.5
TX_2,FOODS_3_090,11543,1.5
TX_2,FOODS_3_090,11544,1.5
TX_2,FOODS_3_090,11545,1.5
TX_2,FOODS_3_090,11546,1.5
TX_2,FOODS_3_090,11547,1.5
TX_2,FOODS_3_090,11548,1.5
TX_2,FOODS_3_090,11549,1.5
TX_2,FOODS_3_090,11550,1.5
TX_2,FOODS_3_090,11551,1.5
TX_2,FOODS_3_090,11552,1.5
TX_2,FOODS_3_090,11601,1.5
TX_2,FOODS_3_090,11602,1.5
TX_2,FOODS_3_090,11603,1.5
TX_2,FOODS_3_090,11604,1.5
TX_2,FOODS_3_090,11605,1.5
TX_2,FOODS_3_090,11606,1.5
TX_2,FOODS_3_090,11607,1.5
TX_2,FOODS_3_090,11608,1.5
TX_2,FOODS_3_090,11609,1.5
TX_2,FOODS_3_090,11610,1.5
TX_2,FOODS_3_090,11611,1.5
TX_2,FOODS_3_090,11612,1.5
TX_2,FOODS_3_090,11613,1.5
TX_2,FOODS_3_090,11614,1.5
TX_2,FOODS_3_090,11615,1.5
TX_2,FOODS_3_090,11616,1.5
TX_2,FOODS_3_090,11617,1.5
TX_2,FOODS_3_252,11513,1.58
TX_2,FOODS_3_252,11514,1.58
TX_2,FOODS_3_252,11515,1.58
TX_2,FOODS_3_252,11516,1.58
TX_2,FOODS_3_252,11517,1.58
TX_2,FOODS_3_252,11518,1.58
TX_2,FOODS_3_252,11519,1.58
TX_2,FOODS_3_252,11520,1.58
TX_2,FOODS_3_252,11521,1.58
TX_2,FOODS_3_252,11522,1.58
TX_2,FOODS_3_252,11523,1.58
TX_2,FOODS_3_252,11524,1.58
TX_2,FOODS_3_252,11525,1.58
TX_2,FOODS_3_252,11526,1.58
TX_2,FOODS_3_252,11527,1.58
TX_2,FOODS_3_252,11528,1.58
TX_2,FOODS_3_252,11529,1.58
TX_2,FOODS_3_252,11530,1.58
TX_2,FOODS_3_252,11531,1.58
TX_2,FOODS_3_252,11532,1.58
TX_2,FOODS_3_252,11533,1.58
TX_2,FOODS_3_252,11534,1.58
TX_2,FOODS_3_252,11535,1.58
TX_2,FOODS_3_252,11536,1.58
TX_2,FOODS_3_252,11537,1.58
TX_2,FOODS_3_252,11538,1.58
TX_2,FOODS_3_252,11539,1.58
TX_2,FOODS_3_252,11540,1.58
TX_2,FOODS_3_252,11541,1.58
TX_2,FOODS_3_252,11542,1.58
TX_2,FOODS_3_252,11543,1.58
TX_2,FOODS_3_252,11544,1.58
TX_2,FOODS_3_252,11545,1.58
TX_2,FOODS_3_252,11546,1.58
TX_2,FOODS_3_252,11547,1.58
TX_2,FOODS_3_252,11548,1.58
TX_2,FOODS_3_252,11549,1.58
TX_2,FOODS_3_252,11550,1.58
TX_2,FOODS_3_252,11551,1.58
TX_2,FOODS_3_252,11552,1.58
TX_2,FOODS_3_252,11601,1.58
TX_2,FOODS_3_252,11602,1.58
TX_2,FOODS_3_252,11603,1.58
TX_2,FOODS_3_252,11604,1.58
TX_2,FOODS_3_252,11605,1.58
TX_2,FOODS_3_252,11606,1.58
TX_2,FOODS_3_252,11607,1.58
TX_2,FOODS_3_252,11608,1.58
TX_2,FOODS_3_252,11609,1.58
TX_2,FOODS_3_252,11610,1.58
TX_2,FOODS_3_252,11611,1.58
TX_2,FOODS_3_252,11612,1.58
TX_2,FOODS_3_252,11613,1.58
TX_2,FOODS_3_252,11614,1.58
TX_2,FOODS_3_252,11615,1.58
TX_2,FOODS_3_252,11616,1.58
TX_2,FOODS_3_252,11617,1.58
TX_2,FOODS_3_377,11513,1.68
TX_2,FOODS_3_377,11514,1.68
TX_2,FOODS_3_377,11515,1.68
TX_2,FOODS_3_377,11516,1.68
TX_2,FOODS_3_377,11517,1.68
TX_2,FOODS_3_377,11518,1.68
TX_2,FOODS_3_377,11519,1.68
TX_2,FOODS_3_377,11520,1.68
TX_2,FOODS_3_377,11521,1.68
TX_2,FOODS_3_377,11522,1.68
TX_2,FOODS_3_377,11523,1.68
TX_2,FOODS_3_377,11524,1.68
TX_2,FOODS_3_377,11525,1.68
TX_2,FOODS_3_377,11526,1.68
TX_2,FOODS_3_377,11527,1.68
TX_2,FOODS_3_377,11528,1.68
TX_2,FOODS_3_377,11529,1.68
TX_2,FOODS_3_377,11530,1.68
TX_2,FOODS_3_377,11531,1.68
TX_2,FOODS_3_377,11532,1.68
TX_2,FOODS_3_377,11533,1.68
TX_2,FOODS_3_377,11534,1.68
TX_2,FOODS_3_377,11535,1.68
TX_2,FOODS_3_377,11536,1.68
TX_2,FOODS_3_377,11537,1.68
TX_2,FOODS_3_377,11538,1.68
TX_2,FOODS_3_377,11539,1.68
TX_2,FOODS_3_377,11540,1.68
TX_2,FOODS_3_377,11541,1.68
TX_2,FOODS_3_377,11542,1.68
TX_2,FOODS_3_377,11543,1.68
TX_2,FOODS_3_377,11544,1.68
TX_2,FOODS_3_377,11545,1.68
TX_2,FOODS_3_377,11546,1.68
TX_2,FOODS_3_377,11547,1.68
TX_2,FOODS_3_377,11548,1.68
TX_2,FOODS_3_377,11549,1.68
TX_2,FOODS_3_377,11550,1.68
TX_2,FOODS_3_377,11551,1.68
TX_2,FOODS_3_377,11552,1.68
TX_2,FOODS_3_377,11601,1.68
TX_2,FOODS_3_377,11602,1.68
TX_2,FOODS_3_377,11603,1.68
TX_2,FOODS_3_377,11604,1.68
TX_2,FOODS_3_377,11605,1.68
TX_2,FOODS_3_377,11606,1.68
TX_2,FOODS_3_377,11607,1.68
TX_2,FOODS_3_377,11608,1.68
TX_2,FOODS_3_377,11609,1.68
TX_2,FOODS_3_377,11610,1.68
TX_2,FOODS_3_377,11611,1.68
TX_2,FOODS_3_377,11612,1.68
TX_2,FOODS_3_377,11613,1.68
TX_2,FOODS_3_377,11614,1.68
TX_2,FOODS_3_377,11615,1.68
TX_2,FOODS_3_377,11616,1.68
TX_2,FOODS_3_377,11617,1.68
TX_2,FOODS_3_555,11513,1.68
TX_2,FOODS_3_555,11514,1.68
TX_2,FOODS_3_555,11515,1.68
TX_2,FOODS_3_555,11516,1.68
TX_2,FOODS_3_555,11517,1.68
TX_2,FOODS_3_555,11518,1.68
TX_2,FOODS_3_555,11519,1.68
TX_2,FOODS_3_555,11520,1.68
TX_2,FOODS_3_555,11521,1.68
TX_2,FOODS_3_555,11522,1.68
TX_2,FOODS_3_555,11523,1.68
TX_2,FOODS_3_555,11524,1.68
TX_2,FOODS_3_555,11525,1.68
TX_2,FOODS_3_555,11526,1.68
TX_2,FOODS_3_555,11527,1.68
TX_2,FOODS_3_555,11528,1.68
TX_2,FOODS_3_555,11529,1.68
TX_2,FOODS_3_555,11530,1.68
TX_2,FOODS_3_555,11531,1.68
TX_2,FOODS_3_555,11532,1.68
TX_2,FOODS_3_555,11533,1.68
TX_2,FOODS_3_555,11534,1.68
TX_2,FOODS_3_555,11535,1.68
TX_2,FOODS_3_555,11536,1.68
TX_2,FOODS_3_555,11537,1.68
TX_2,FOODS_3_555,11538,1.68
TX_2,FOODS_3_555,11539,1.68
TX_2,FOODS_3_555,11540,1.68
TX_2,FOODS_3_555,11541,1.68
TX_2,FOODS_3_555,11542,1.68
TX_2,FOODS_3_555,11543,1.68
TX_2,FOODS_3_555,11544,1.68
TX_2,FOODS_3_555,11545,1.68
TX_2,FOODS_3_555,11546,1.68
TX_2,FOODS_3_555,11547,1.68
TX_2,FOODS_3_555,11548,1.68
TX_2,FOODS_3_555,11549,1.68
TX_2,FOODS_3_555,11550,1.68
TX_2,FOODS_3_555,11551,1.68
TX_2,FOODS_3_555,11552,1.68
TX_2,FOODS_3_555,11601,1.68
TX_2,FOODS_3_555,11602,1.68
TX_2,FOODS_3_555,11603,1.68
TX_2,FOODS_3_555,11604,1.68
TX_2,FOODS_3_555,11605,1.68
TX_2,FOODS_3_555,11606,1.68
TX_2,FOODS_3_555,11607,1.68
TX_2,FOODS_3_555,11608,1.68
TX_2,FOODS_3_555,11609,1.68
TX_2,FOODS_3_555,11610,1.68
TX_2,FOODS_3_555,11611,1.68
TX_2,FOODS_3_555,11612,1.68
TX_2,FOODS_3_555,11613,1.68
TX_2,FOODS_3_555,11614,1.68
TX_2,FOODS_3_555,11615,1.68
TX_2,FOODS_3_555,11616,1.68
TX_2,FOODS_3_555,11617,1.68
TX_2,FOODS_3_586,11513,1.68
TX_2,FOODS_3_586,11514,1.68
TX_2,FOODS_3_586,11515,1.68
TX_2,FOODS_3_586,11516,1.68
TX_2,FOODS_3_586,11517,1.68
TX_2,FOODS_3_586,11518,1.68
TX_2,FOODS_3_586,11519,1.68
TX_2,FOODS_3_586,11520,1.68
TX_2,FOODS_3_586,11521,1.68
TX_2,FOODS_3_586,11522,1.68
TX_2,FOODS_3_586,11523,1.68
TX_2,FOODS_3_586,11524,1.68
TX_2,FOODS_3_586,11525,1.68
TX_2,FOODS_3_586,11526,1.68
TX_2,FOODS_3_586,11527,1.68
TX_2,FOODS_3_586,11528,1.68
TX_2,FOODS_3_586,11529,1.68
TX_2,FOODS_3_586,11530,1.68
TX_2,FOODS_3_586,11531,1.68
TX_2,FOODS_3_586,11532,1.68
TX_2,FOODS_3_586,11533,1.68
TX_2,FOODS_3_586,11534,1.68
TX_2,FOODS_3_586,11535,1.68
TX_2,FOODS_3_586,11536,1.68
TX_2,FOODS_3_586,11537,1.68
TX_2,FOODS_3_586,11538,1.68
TX_2,FOODS_3_586,11539,1.68
TX_2,FOODS_3_586,11540,1.68
TX_2,FOODS_3_586,11541,1.68
TX_2,FOODS_3_586,11542,1.68
TX_2,FOODS_3_586,11543,1.68
TX_2,FOODS_3_586,11544,1.68
TX_2,FOODS_3_586,11545,1.68
TX_2,FOODS_3_586,11546,1.68
TX_2,FOODS_3_586,11547,1.68
TX_2,FOODS_3_586,11548,1.68
TX_2,FOODS_3_586,11549,1.68
TX_2,FOODS_3_586,11550,1.68
TX_2,FOODS_3_586,11551,1.68
TX_2,FOODS_3_586,11552,1.68
TX_2,FOODS_3_586,11601,1.68
TX_2,FOODS_3_586,11602,1.68
TX_2,FOODS_3_586,11603,1.68
TX_2,FOODS_3_586,11604,1.68
TX_2,FOODS_3_586,11605,1.68
TX_2,FOODS_3_586,11606,1.68
TX_2,FOODS_3_586,11607,1.68
TX_2,FOODS_3_586,11608,1.68
TX_2,FOODS_3_586,11609,1.68
TX_2,FOODS_3_586,11610,1.68
TX_2,FOODS_3_586,11611,1.68
TX_2,FOODS_3_586,11612,1.68
TX_2,FOODS_3_586,11613,1.68
TX_2,FOODS_3_586,11614,1.68
TX_2,FOODS_3_586,11615,1.68
TX_2,FOODS_3_586,11616,1.68
TX_2,FOODS_3_586,11617,1.68
TX_2,FOODS_3_587,11513,2.48
TX_2,FOODS_3_587,11514,2.48
TX_2,FOODS_3_587,11515,2.48
TX_2,FOODS_3_587,11516,2.48
TX_2,FOODS_3_587,11517,2.48
TX_2,FOODS_3_587,11518,2.48
TX_2,FOODS_3_587,11519,2.48
TX_2,FOODS_3_587,11520,2.48
TX_2,FOODS_3_587,11521,2.48
TX_2,FOODS_3_587,11522,2.48
TX_2,FOODS_3_587,11523,2.48
TX_2,FOODS_3_587,11524,2.48
TX_2,FOODS_3_587,11525,2.48
TX_2,FOODS_3_587,11526,2.48
TX_2,FOODS_3_587,11527,2.48
TX_2,FOODS_3_587,11528,2.48
TX_2,FOODS_3_587,11529,2.48
TX_2,FOODS_3_587,11530,2.48
TX_2,FOODS_3_587,11531,2.48
TX_2,FOODS_3_587,11532,2.48
TX_2,FOODS_3_587,11533,2.48
TX_2,FOODS_3_587,11534,2.48
TX_2,FOODS_3_587,11535,2.48
TX_2,FOODS_3_587,11536,2.48
TX_2,FOODS_3_587,11537,2.48
TX_2,FOODS_3_587,11538,2.48
TX_2,FOODS_3_587,11539,2.48
TX_2,FOODS_3_587,11540,2.48
TX_2,FOODS_3_587,11541,2.48
TX_2,FOODS_3_587,11542,2.48
TX_2,FOODS_3_587,11543,2.48
TX_2,FOODS_3_587,11544,2.48
TX_2,FOODS_3_587,11545,2.48
TX_2,FOODS_3_587,11546,2.48
TX_2,FOODS_3_587,11547,2.48
TX_2,FOODS_3_587,11548,2.48
TX_2,FOODS_3_587,11549,2.48
TX_2,FOODS_3_587,11550,2.48
TX_2,FOODS_3_587,11551,2.48
TX_2,FOODS_3_587,11552,2.48
TX_2,FOODS_3_587,11601,2.48
TX_2,FOODS_3_587,11602,2.48
TX_2,FOODS_3_587,11603,2.48
TX_2,FOODS_3_587,11604,2.48
TX_2,FOODS_3_587,11605,2.48
TX_2,FOODS_3_587,11606,2.48
TX_2,FOODS_3_587,11607,2.48
TX_2,FOODS_3_587,11608,2.48
TX_2,FOODS_3_587,11609,2.48
TX_2,FOODS_3_587,11610,2.48
TX_2,FOODS_3_587,11611,2.48
TX_2,FOODS_3_587,11612,2.48
TX_2,FOODS_3_587,11613,2.48
TX_2,FOODS_3_587,11614,2.48
TX_2,FOODS_3_587,11615,2.48
TX_2,FOODS_3_587,11616,2.48
TX_2,FOODS_3_587,11617,2.48
TX_3,HOBBIES_1_354,11513,22.98
TX_3,HOBBIES_1_354,11514,22.98
TX_3,HOBBIES_1_354,11515,22.98
TX_3,HOBBIES_1_354,11516,22.98
TX_3,HOBBIES_1_354,11517,22.98
TX_3,HOBBIES_1_354,11518,22.98
TX_3,HOBBIES_1_354,11519,22.98
TX_3,HOBBIES_1_354,11520,22.98
TX_3,HOBBIES_1_354,11521,22.98
TX_3,HOBBIES_1_354,11522,22.98
TX_3,HOBBIES_1_354,11523,22.98
TX_3,HOBBIES_1_354,11524,22.98
TX_3,HOBBIES_1_354,11525,22.98
TX_3,HOBBIES_1_354,11526,22.98
TX_3,HOBBIES_1_354,11527,22.98
TX_3,HOBBIES_1_354,11528,22.98
TX_3,HOBBIES_1_354,11529,22.98
TX_3,HOBBIES_1_354,11530,22.98
TX_3,HOBBIES_1_354,11531,22.98
TX_3,HOBBIES_1_354,11532,22.98
TX_3,HOBBIES_1_354,11533,22.98
TX_3,HOBBIES_1_354,11534,22.98
TX_3,HOBBIES_1_354,11535,22.98
TX_3,HOBBIES_1_354,11536,22.98
TX_3,HOBBIES_1_354,11537,22.98
TX_3,HOBBIES_1_354,11538,22.98
TX_3,HOBBIES_1_354,11539,22.98
TX_3,HOBBIES_1_354,11540,22.98
TX_3,HOBBIES_1_354,11541,22.98
TX_3,HOBBIES_1_354,11542,22.98
TX_3,HOBBIES_1_354,11543,22.98
TX_3,HOBBIES_1_354,11544,22.98
TX_3,HOBBIES_1_354,11545,22.98
TX_3,HOBBIES_1_354,11546,22.98
TX_3,HOBBIES_1_354,11547,22.98
TX_3,HOBBIES_1_354,11548,22.98
TX_3,HOBBIES_1_354,11549,22.98
TX_3,HOBBIES_1_354,11550,22.98
TX_3,HOBBIES_1_354,11551,22.98
TX_3,HOBBIES_1_354,11552,22.98
TX_3,HOBBIES_1_354,11601,22.98
TX_3,HOBBIES_1_354,11602,22.98
TX_3,HOBBIES_1_354,11603,22.98
TX_3,HOBBIES_1_354,11604,22.98
TX_3,HOBBIES_1_354,11605,22.98
TX_3,HOBBIES_1_354,11606,22.98
TX_3,HOBBIES_1_354,11607,22.98
TX_3,HOBBIES_1_354,11608,22.98
TX_3,HOBBIES_1_354,11609,22.98
TX_3,HOBBIES_1_354,11610,22.98
TX_3,HOBBIES_1_354,11611,22.98
TX_3,HOBBIES_1_354,11612,22.98
TX_3,HOBBIES_1_354,11613,22.98
TX_3,HOBBIES_1_354,11614,22.98
TX_3,HOBBIES_1_354,11615,22.98
TX_3,HOBBIES_1_354,11616,22.98
TX_3,HOBBIES_1_354,11617,22.98
TX_3,HOBBIES_1_371,11513,0.48
TX_3,HOBBIES_1_371,11514,0.48
TX_3,HOBBIES_1_371,11515,0.48
TX_3,HOBBIES_1_371,11516,0.48
TX_3,HOBBIES_1_371,11517,0.48
TX_3,HOBBIES_1_371,11518,0.48
TX_3,HOBBIES_1_371,11519,0.48
TX_3,HOBBIES_1_371,11520,0.48
TX_3,HOBBIES_1_371,11521,0.48
TX_3,HOBBIES_1_371,11522,0.48
TX_3,HOBBIES_1_371,11523,0.48
TX_3,HOBBIES_1_371,11524,0.48
TX_3,HOBBIES_1_371,11525,0.48
TX_3,HOBBIES_1_371,11526,0.48
TX_3,HOBBIES_1_371,11527,0.48
TX_3,HOBBIES_1_371,11528,0.48
TX_3,HOBBIES_1_371,11529,0.48
TX_3,HOBBIES_1_371,11530,0.48
TX_3,HOBBIES_1_371,11531,0.48
TX_3,HOBBIES_1_371,11532,0.48
TX_3,HOBBIES_1_371,11533,0.48
TX_3,HOBBIES_1_371,11534,0.48
TX_3,HOBBIES_1_371,11535,0.48
TX_3,HOBBIES_1_371,11536,0.48
TX_3,HOBBIES_1_371,11537,0.48
TX_3,HOBBIES_1_371,11538,0.48
TX_3,HOBBIES_1_371,11539,0.48
TX_3,HOBBIES_1_371,11540,0.48
TX_3,HOBBIES_1_371,11541,0.48
TX_3,HOBBIES_1_371,11542,0.48
TX_3,HOBBIES_1_371,11543,0.48
TX_3,HOBBIES_1_371,11544,0.48
TX_3,HOBBIES_1_371,11545,0.48
TX_3,HOBBIES_1_371,11546,0.48
TX_3,HOBBIES_1_371,11547,0.48
TX_3,HOBBIES_1_371,11548,0.48
TX_3,HOBBIES_1_371,11549,0.48
TX_3,HOBBIES_1_371,11550,0.48
TX_3,HOBBIES_1_371,11551,0.48
TX_3,HOBBIES_1_371,11552,0.48
TX_3,HOBBIES_1_371,11601,0.48
TX_3,HOBBIES_1_371,11602,0.48
TX_3,HOBBIES_1_371,11603,0.48
TX_3,HOBBIES_1_371,11604,0.48
TX_3,HOBBIES_1_371,11605,0.48
TX_3,HOBBIES_1_371,11606,0.48
TX_3,HOBBIES_1_371,11607,0.48
TX_3,HOBBIES_1_371,11608,0.48
TX_3,HOBBIES_1_371,11609,0.48
TX_3,HOBBIES_1_371,11610,0.48
TX_3,HOBBIES_1_371,11611,0.48
TX_3,HOBBIES_1_371,11612,0.48
TX_3,HOBBIES_1_371,11613,0.48
TX_3,HOBBIES_1_371,11614,0.48
TX_3,HOBBIES_1_371,11615,0.48
TX_3,HOBBIES_1_371,11616,0.48
TX_3,HOBBIES_1_371,11617,0.48
TX_3,HOUSEHOLD_1_118,11513,0.97
TX_3,HOUSEHOLD_1_118,11514,0.97
TX_3,HOUSEHOLD_1_118,11515,0.97
TX_3,HOUSEHOLD_1_118,11516,0.97
TX_3,HOUSEHOLD_1_118,11517,0.97
TX_3,HOUSEHOLD_1_118,11518,0.97
TX_3,HOUSEHOLD_1_118,11519,0.97
TX_3,HOUSEHOLD_1_118,11520,0.97
TX_3,HOUSEHOLD_1_118,11521,0.97
TX_3,HOUSEHOLD_1_118,11522,0.97
TX_3,HOUSEHOLD_1_118,11523,0.97
TX_3,HOUSEHOLD_1_118,11524,0.97
TX_3,HOUSEHOLD_1_118,11525,0.97
TX_3,HOUSEHOLD_1_118,11526,0.97
TX_3,HOUSEHOLD_1_118,11527,0.97
TX_3,HOUSEHOLD_1_118,11528,0.97
TX_3,HOUSEHOLD_1_118,11529,0.97
TX_3,HOUSEHOLD_1_118,11530,0.97
TX_3,HOUSEHOLD_1_118,11531,0.97
TX_3,HOUSEHOLD_1_118,11532,0.97
TX_3,HOUSEHOLD_1_118,11533,0.97
TX_3,HOUSEHOLD_1_118,11534,0.97
TX_3,HOUSEHOLD_1_118,11535,0.97
TX_3,HOUSEHOLD_1_118,11536,0.97
TX_3,HOUSEHOLD_1_118,11537,0.97
TX_3,HOUSEHOLD_1_118,11538,0.97
TX_3,HOUSEHOLD_1_118,11539,0.97
TX_3,HOUSEHOLD_1_118,11540,0.97
TX_3,HOUSEHOLD_1_118,11541,0.97
TX_3,HOUSEHOLD_1_118,11542,0.97
TX_3,HOUSEHOLD_1_118,11543,0.97
TX_3,HOUSEHOLD_1_118,11544,0.97
TX_3,HOUSEHOLD_1_118,11545,0.97
TX_3,HOUSEHOLD_1_118,11546,0.97
TX_3,HOUSEHOLD_1_118,11547,0.97
TX_3,HOUSEHOLD_1_118,11548,0.97
TX_3,HOUSEHOLD_1_118,11549,0.97
TX_3,HOUSEHOLD_1_118,11550,0.97
TX_3,HOUSEHOLD_1_118,11551,0.97
TX_3,HOUSEHOLD_1_118,11552,0.97
TX_3,HOUSEHOLD_1_118,11601,0.97
TX_3,HOUSEHOLD_1_118,11602,0.97
TX_3,HOUSEHOLD_1_118,11603,0.97
TX_3,HOUSEHOLD_1_118,11604,0.97
TX_3,HOUSEHOLD_1_118,11605,0.97
TX_3,HOUSEHOLD_1_118,11606,0.97
TX_3,HOUSEHOLD_1_118,11607,0.97
TX_3,HOUSEHOLD_1_118,11608,0.97
TX_3,HOUSEHOLD_1_118,11609,0.97
TX_3,HOUSEHOLD_1_118,11610,0.97
TX_3,HOUSEHOLD_1_118,11611,0.97
TX_3,HOUSEHOLD_1_118,11612,0.97
TX_3,HOUSEHOLD_1_118,11613,0.97
TX_3,HOUSEHOLD_1_118,11614,0.97
TX_3,HOUSEHOLD_1_118,11615,0.97
TX_3,HOUSEHOLD_1_118,11616,0.97
TX_3,HOUSEHOLD_1_118,11617,0.97
TX_3,HOUSEHOLD_1_334,11513,0.96
TX_3,HOUSEHOLD_1_334,11514,0.96
TX_3,HOUSEHOLD_1_334,11515,0.96
TX_3,HOUSEHOLD_1_334,11516,0.96
TX_3,HOUSEHOLD_1_334,11517,0.96
TX_3,HOUSEHOLD_1_334,11518,0.96
TX_3,HOUSEHOLD_1_334,11519,0.96
TX_3,HOUSEHOLD_1_334,11520,0.96
TX_3,HOUSEHOLD_1_334,11521,0.96
TX_3,HOUSEHOLD_1_334,11522,0.96
TX_3,HOUSEHOLD_1_334,11523,0.96
TX_3,HOUSEHOLD_1_334,11524,0.96
TX_3,HOUSEHOLD_1_334,11525,0.96
TX_3,HOUSEHOLD_1_334,11526,0.96
TX_3,HOUSEHOLD_1_334,11527,0.96
TX_3,HOUSEHOLD_1_334,11528,0.96
TX_3,HOUSEHOLD_1_334,11529,0.96
TX_3,HOUSEHOLD_1_334,11530,0.96
TX_3,HOUSEHOLD_1_334,11531,0.96
TX_3,HOUSEHOLD_1_334,11532,0.96
TX_3,HOUSEHOLD_1_334,11533,0.96
TX_3,HOUSEHOLD_1_334,11534,0.96
TX_3,HOUSEHOLD_1_334,11535,0.96
TX_3,HOUSEHOLD_1_334,11536,0.96
TX_3,HOUSEHOLD_1_334,11537,0.96
TX_3,HOUSEHOLD_1_334,11538,0.96
TX_3,HOUSEHOLD_1_334,11539,0.96
TX_3,HOUSEHOLD_1_334,11540,0.96
TX_3,HOUSEHOLD_1_334,11541,0.96
TX_3,HOUSEHOLD_1_334,11542,0.96
TX_3,HOUSEHOLD_1_334,11543,0.96
TX_3,HOUSEHOLD_1_334,11544,0.96
TX_3,HOUSEHOLD_1_334,11545,0.96
TX_3,HOUSEHOLD_1_334,11546,0.96
TX_3,HOUSEHOLD_1_334,11547,0.96
TX_3,HOUSEHOLD_1_334,11548,0.96
TX_3,HOUSEHOLD_1_334,11549,0.96
TX_3,HOUSEHOLD_1_334,11550,0.96
TX_3,HOUSEHOLD_1_334,11551,0.96
TX_3,HOUSEHOLD_1_334,11552,0.96
TX_3,HOUSEHOLD_1_334,11601,0.96
TX_3,HOUSEHOLD_1_334,11602,0.96
TX_3,HOUSEHOLD_1_334,11603,0.96
TX_3,HOUSEHOLD_1_334,11604,0.96
TX_3,HOUSEHOLD_1_334,11605,0.96
TX_3,HOUSEHOLD_1_334,11606,0.96
TX_3,HOUSEHOLD_1_334,11607,0.96
TX_3,HOUSEHOLD_1_334,11608,0.96
TX_3,HOUSEHOLD_1_334,11609,0.96
TX_3,HOUSEHOLD_1_334,11610,0.96
TX_3,HOUSEHOLD_1_334,11611,0.96
TX_3,HOUSEHOLD_1_334,11612,0.96
TX_3,HOUSEHOLD_1_334,11613,0.96
TX_3,HOUSEHOLD_1_334,11614,0.96
TX_3,HOUSEHOLD_1_334,11615,0.96
TX_3,HOUSEHOLD_1_334,11616,0.96
TX_3,HOUSEHOLD_1_334,11617,0.96
TX_3,HOUSEHOLD_1_459,11513,0.96
TX_3,HOUSEHOLD_1_459,11514,0.96
TX_3,HOUSEHOLD_1_459,11515,0.96
TX_3,HOUSEHOLD_1_459,11516,0.96
TX_3,HOUSEHOLD_1_459,11517,0.96
TX_3,HOUSEHOLD_1_459,11518,0.96
TX_3,HOUSEHOLD_1_459,11519,0.96
TX_3,HOUSEHOLD_1_459,11520,0.96
TX_3,HOUSEHOLD_1_459,11521,0.96
TX_3,HOUSEHOLD_1_459,11522,0.96
TX_3,HOUSEHOLD_1_459,11523,0.96
TX_3,HOUSEHOLD_1_459,11524,0.96
TX_3,HOUSEHOLD_1_459,11525,0.96
TX_3,HOUSEHOLD_1_459,11526,0.96
TX_3,HOUSEHOLD_1_459,11527,0.96
TX_3,HOUSEHOLD_1_459,11528,0.96
TX_3,HOUSEHOLD_1_459,11529,0.96
TX_3,HOUSEHOLD_1_459,11530,0.96
TX_3,HOUSEHOLD_1_459,11531,0.96
TX_3,HOUSEHOLD_1_459,11532,0.96
TX_3,HOUSEHOLD_1_459,11533,0.96
TX_3,HOUSEHOLD_1_459,11534,0.96
TX_3,HOUSEHOLD_1_459,11535,0.96
TX_3,HOUSEHOLD_1_459,11536,0.96
TX_3,HOUSEHOLD_1_459,11537,0.96
TX_3,HOUSEHOLD_1_459,11538,0.96
TX_3,HOUSEHOLD_1_459,11539,0.96
TX_3,HOUSEHOLD_1_459,11540,0.96
TX_3,HOUSEHOLD_1_459,11541,0.96
TX_3,HOUSEHOLD_1_459,11542,0.96
TX_3,HOUSEHOLD_1_459,11543,0.96
TX_3,HOUSEHOLD_1_459,11544,0.96
TX_3,HOUSEHOLD_1_459,11545,0.96
TX_3,HOUSEHOLD_1_459,11546,0.96
TX_3,HOUSEHOLD_1_459,11547,0.96
TX_3,HOUSEHOLD_1_459,11548,0.96
TX_3,HOUSEHOLD_1_459,11549,0.96
TX_3,HOUSEHOLD_1_459,11550,0.96
TX_3,HOUSEHOLD_1_459,11551,0.96
TX_3,HOUSEHOLD_1_459,11552,0.96
TX_3,HOUSEHOLD_1_459,11601,0.96
TX_3,HOUSEHOLD_1_459,11602,0.96
TX_3,HOUSEHOLD_1_459,11603,0.96
TX_3,HOUSEHOLD_1_459,11604,0.96
TX_3,HOUSEHOLD_1_459,11605,0.96
TX_3,HOUSEHOLD_1_459,11606,0.96
TX_3,HOUSEHOLD_1_459,11607,0.96
TX_3,HOUSEHOLD_1_459,11608,0.96
TX_3,HOUSEHOLD_1_459,11609,0.96
TX_3,HOUSEHOLD_1_459,11610,0.96
TX_3,HOUSEHOLD_1_459,11611,0.96
TX_3,HOUSEHOLD_1_459,11612,0.96
TX_3,HOUSEHOLD_1_459,11613,0.96
TX_3,HOUSEHOLD_1_459,11614,0.96
TX_3,HOUSEHOLD_1_459,11615,0.96
TX_3,HOUSEHOLD_1_459,11616,0.96
TX_3,HOUSEHOLD_1_459,11617,0.96
TX_3,HOUSEHOLD_1_521,11513,0.94
TX_3,HOUSEHOLD_1_521,11514,0.94
TX_3,HOUSEHOLD_1_521,11515,0.94
TX_3,HOUSEHOLD_1_521,11516,0.94
TX_3,HOUSEHOLD_1_521,11517,0.94
TX_3,HOUSEHOLD_1_521,11518,0.94
TX_3,HOUSEHOLD_1_521,11519,0.94
TX_3,HOUSEHOLD_1_521,11520,0.94
TX_3,HOUSEHOLD_1_521,11521,0.94
TX_3,HOUSEHOLD_1_521,11522,0.94
TX_3,HOUSEHOLD_1_521,11523,0.94
TX_3,HOUSEHOLD_1_521,11524,0.94
TX_3,HOUSEHOLD_1_521,11525,0.94
TX_3,HOUSEHOLD_1_521,11526,0.94
TX_3,HOUSEHOLD_1_521,11527,0.94
TX_3,HOUSEHOLD_1_521,11528,0.94
TX_3,HOUSEHOLD_1_521,11529,0.94
TX_3,HOUSEHOLD_1_521,11530,0.94
TX_3,HOUSEHOLD_1_521,11531,0.94
TX_3,HOUSEHOLD_1_521,11532,0.94
TX_3,HOUSEHOLD_1_521,11533,0.94
TX_3,HOUSEHOLD_1_521,11534,0.94
TX_3,HOUSEHOLD_1_521,11535,0.94
TX_3,HOUSEHOLD_1_521,11536,0.94
TX_3,HOUSEHOLD_1_521,11537,0.94
TX_3,HOUSEHOLD_1_521,11538,0.94
TX_3,HOUSEHOLD_1_521,11539,0.94
TX_3,HOUSEHOLD_1_521,11540,0.94
TX_3,HOUSEHOLD_1_521,11541,0.94
TX_3,HOUSEHOLD_1_521,11542,0.94
TX_3,HOUSEHOLD_1_521,11543,0.94
TX_3,HOUSEHOLD_1_521,11544,0.94
TX_3,HOUSEHOLD_1_521,11545,0.94
TX_3,HOUSEHOLD_1_521,11546,0.94
TX_3,HOUSEHOLD_1_521,11547,0.94
TX_3,HOUSEHOLD_1_521,11548,0.94
TX_3,HOUSEHOLD_1_521,11549,0.94
TX_3,HOUSEHOLD_1_521,11550,0.94
TX_3,HOUSEHOLD_1_521,11551,0.94
TX_3,HOUSEHOLD_1_521,11552,0.94
TX_3,HOUSEHOLD_1_521,11601,0.94
TX_3,HOUSEHOLD_1_521,11602,0.94
TX_3,HOUSEHOLD_1_521,11603,0.94
TX_3,HOUSEHOLD_1_521,11604,0.94
TX_3,HOUSEHOLD_1_521,11605,0.94
TX_3,HOUSEHOLD_1_521,11606,0.94
TX_3,HOUSEHOLD_1_521,11607,0.94
TX_3,HOUSEHOLD_1_521,11608,0.94
TX_3,HOUSEHOLD_1_521,11609,0.94
TX_3,HOUSEHOLD_1_521,11610,0.94
TX_3,HOUSEHOLD_1_521,11611,0.94
TX_3,HOUSEHOLD_1_521,11612,0.94
TX_3,HOUSEHOLD_1_521,11613,0.94
TX_3,HOUSEHOLD_1_521,11614,0.94
TX_3,HOUSEHOLD_1_521,11615,0.94
TX_3,HOUSEHOLD_1_521,11616,0.94
TX_3,HOUSEHOLD_1_521,11617,0.94
TX_3,FOODS_3_030,11513,1.38
TX_3,FOODS_3_030,11514,1.38
TX_3,FOODS_3_030,11515,1.38
TX_3,FOODS_3_030,11516,1.38
TX_3,FOODS_3_030,11517,1.38
TX_3,FOODS_3_030,11518,1.38
TX_3,FOODS_3_030,11519,1.38
TX_3,FOODS_3_030,11520,1.38
TX_3,FOODS_3_030,11521,1.38
TX_3,FOODS_3_030,11522,1.38
TX_3,FOODS_3_030,11523,1.38
TX_3,FOODS_3_030,11524,1.38
TX_3,FOODS_3_030,11525,1.38
TX_3,FOODS_3_030,11526,1.38
TX_3,FOODS_3_030,11527,1.38
TX_3,FOODS_3_030,11528,1.38
TX_3,FOODS_3_030,11529,1.38
TX_3,FOODS_3_030,11530,1.38
TX_3,FOODS_3_030,11531,1.38
TX_3,FOODS_3_030,11532,1.38
TX_3,FOODS_3_030,11533,1.38
TX_3,FOODS_3_030,11534,1.38
TX_3,FOODS_3_030,11535,1.38
TX_3,FOODS_3_030,11536,1.38
TX_3,FOODS_3_030,11537,1.38
TX_3,FOODS_3_030,11538,1.38
TX_3,FOODS_3_030,11539,1.38
TX_3,FOODS_3_030,11540,1.38
TX_3,FOODS_3_030,11541,1.38
TX_3,FOODS_3_030,11542,1.38
TX_3,FOODS_3_030,11543,1.38
TX_3,FOODS_3_030,11544,1.38
TX_3,FOODS_3_030,11545,1.38
TX_3,FOODS_3_030,11546,1.38
TX_3,FOODS_3_030,11547,1.38
TX_3,FOODS_3_030,11548,1.38
TX_3,FOODS_3_030,11549,1.38
TX_3,FOODS_3_030,11550,1.38
TX_3,FOODS_3_030,11551,1.38
TX_3,FOODS_3_030,11552,1.38
TX_3,FOODS_3_030,11601,1.38
TX_3,FOODS_3_030,11602,1.25
TX_3,FOODS_3_030,11603,1.25
TX_3,FOODS_3_030,11604,1.25
TX_3,FOODS_3_030,11605,1.25
TX_3,FOODS_3_030,11606,1.25
TX_3,FOODS_3_030,11607,1.25
TX_3,FOODS_3_030,11608,1.25
TX_3,FOODS_3_030,11609,1.25
TX_3,FOODS_3_030,11610,1.25
TX_3,FOODS_3_030,11611,1.25
TX_3,FOODS_3_030,11612,1.25
TX_3,FOODS_3_030,11613,1.25
TX_3,FOODS_3_030,11614,1.25
TX_3,FOODS_3_030,11615,1.25
TX_3,FOODS_3_030,11616,1.25
TX_3,FOODS_3_030,11617,1.25
TX_3,FOODS_3_090,11513,1.48
TX_3,FOODS_3_090,11514,1.48
TX_3,FOODS_3_090,11515,1.48
TX_3,FOODS_3_090,11516,1.48
TX_3,FOODS_3_090,11517,1.48
TX_3,FOODS_3_090,11518,1.48
TX_3,FOODS_3_090,11519,1.48
TX_3,FOODS_3_090,11520,1.48
TX_3,FOODS_3_090,11521,1.48
TX_3,FOODS_3_090,11522,1.48
TX_3,FOODS_3_090,11523,1.48
TX_3,FOODS_3_090,11524,1.48
TX_3,FOODS_3_090,11525,1.48
TX_3,FOODS_3_090,11526,1.48
TX_3,FOODS_3_090,11527,1.48
TX_3,FOODS_3_090,11528,1.48
TX_3,FOODS_3_090,11529,1.48
TX_3,FOODS_3_090,11530,1.48
TX_3,FOODS_3_090,11531,1.48
TX_3,FOODS_3_090,11532,1.48
TX_3,FOODS_3_090,11533,1.48
TX_3,FOODS_3_090,11534,1.48
TX_3,FOODS_3_090,11535,1.48
TX_3,FOODS_3_090,11536,1.48
TX_3,FOODS_3_090,11537,1.48
TX_3,FOODS_3_090,11538,1.5
TX_3,FOODS_3_090,11539,1.5
TX_3,FOODS_3_090,11540,1.5
TX_3,FOODS_3_090,11541,1.5
TX_3,FOODS_3_090,11542,1.5
TX_3,FOODS_3_090,11543,1.5
TX_3,FOODS_3_090,11544,1.5
TX_3,FOODS_3_090,11545,1.5
TX_3,FOODS_3_090,11546,1.5
TX_3,FOODS_3_090,11547,1.5
TX_3,FOODS_3_090,11548,1.5
TX_3,FOODS_3_090,11549,1.5
TX_3,FOODS_3_090,11550,1.5
TX_3,FOODS_3_090,11551,1.5
TX_3,FOODS_3_090,11552,1.5
TX_3,FOODS_3_090,11601,1.5
TX_3,FOODS_3_090,11602,1.5
TX_3,FOODS_3_090,11603,1.5
TX_3,FOODS_3_090,11604,1.5
TX_3,FOODS_3_090,11605,1.5
TX_3,FOODS_3_090,11606,1.5
TX_3,FOODS_3_090,11607,1.5
TX_3,FOODS_3_090,11608,1.5
TX_3,FOODS_3_090,11609,1.5
TX_3,FOODS_3_090,11610,1.5
TX_3,FOODS_3_090,11611,1.5
TX_3,FOODS_3_090,11612,1.5
TX_3,FOODS_3_090,11613,1.5
TX_3,FOODS_3_090,11614,1.5
TX_3,FOODS_3_090,11615,1.5
TX_3,FOODS_3_090,11616,1.5
TX_3,FOODS_3_090,11617,1.5
TX_3,FOODS_3_252,11513,1.58
TX_3,FOODS_3_252,11514,1.58
TX_3,FOODS_3_252,11515,1.58
TX_3,FOODS_3_252,11516,1.58
TX_3,FOODS_3_252,11517,1.58
TX_3,FOODS_3_252,11518,1.58
TX_3,FOODS_3_252,11519,1.58
TX_3,FOODS_3_252,11520,1.58
TX_3,FOODS_3_252,11521,1.58
TX_3,FOODS_3_252,11522,1.58
TX_3,FOODS_3_252,11523,1.58
TX_3,FOODS_3_252,11524,1.58
TX_3,FOODS_3_252,11525,1.58
TX_3,FOODS_3_252,11526,1.58
TX_3,FOODS_3_252,11527,1.58
TX_3,FOODS_3_252,11528,1.58
TX_3,FOODS_3_252,11529,1.58
TX_3,FOODS_3_252,11530,1.58
TX_3,FOODS_3_252,11531,1.58
TX_3,FOODS_3_252,11532,1.58
TX_3,FOODS_3_252,11533,1.58
TX_3,FOODS_3_252,11534,1.58
TX_3,FOODS_3_252,11535,1.58
TX_3,FOODS_3_252,11536,1.58
TX_3,FOODS_3_252,11537,1.58
TX_3,FOODS_3_252,11538,1.58
TX_3,FOODS_3_252,11539,1.58
TX_3,FOODS_3_252,11540,1.58
TX_3,FOODS_3_252,11541,1.58
TX_3,FOODS_3_252,11542,1.58
TX_3,FOODS_3_252,11543,1.58
TX_3,FOODS_3_252,11544,1.58
TX_3,FOODS_3_252,11545,1.58
TX_3,FOODS_3_252,11546,1.58
TX_3,FOODS_3_252,11547,1.58
TX_3,FOODS_3_252,11548,1.58
TX_3,FOODS_3_252,11549,1.58
TX_3,FOODS_3_252,11550,1.58
TX_3,FOODS_3_252,11551,1.58
TX_3,FOODS_3_252,11552,1.58
TX_3,FOODS_3_252,11601,1.58
TX_3,FOODS_3_252,11602,1.58
TX_3,FOODS_3_252,11603,1.58
TX_3,FOODS_3_252,11604,1.58
TX_3,FOODS_3_252,11605,1.58
TX_3,FOODS_3_252,11606,1.58
TX_3,FOODS_3_252,11607,1.58
TX_3,FOODS_3_252,11608,1.58
TX_3,FOODS_3_252,11609,1.58
TX_3,FOODS_3_252,11610,1.58
TX_3,FOODS_3_252,11611,1.58
TX_3,FOODS_3_252,11612,1.58
TX_3,FOODS_3_252,11613,1.58
TX_3,FOODS_3_252,11614,1.58
TX_3,FOODS_3_252,11615,1.58
TX_3,FOODS_3_252,11616,1.58
TX_3,FOODS_3_252,11617,1.58
TX_3,FOODS_3_377,11513,1.68
TX_3,FOODS_3_377,11514,1.68
TX_3,FOODS_3_377,11515,1.68
TX_3,FOODS_3_377,11516,1.68
TX_3,FOODS_3_377,11517,1.68
TX_3,FOODS_3_377,11518,1.68
TX_3,FOODS_3_377,11519,1.68
TX_3,FOODS_3_377,11520,1.68
TX_3,FOODS_3_377,11521,1.68
TX_3,FOODS_3_377,11522,1.68
TX_3,FOODS_3_377,11523,1.68
TX_3,FOODS_3_377,11524,1.68
TX_3,FOODS_3_377,11525,1.68
TX_3,FOODS_3_377,11526,1.68
TX_3,FOODS_3_377,11527,1.68
TX_3,FOODS_3_377,11528,1.68
TX_3,FOODS_3_377,11529,1.68
TX_3,FOODS_3_377,11530,1.68
TX_3,FOODS_3_377,11531,1.68
TX_3,FOODS_3_377,11532,1.68
TX_3,FOODS_3_377,11533,1.68
TX_3,FOODS_3_377,11534,1.68
TX_3,FOODS_3_377,11535,1.68
TX_3,FOODS_3_377,11536,1.68
TX_3,FOODS_3_377,11537,1.68
TX_3,FOODS_3_377,11538,1.68
TX_3,FOODS_3_377,11539,1.68
TX_3,FOODS_3_377,11540,1.68
TX_3,FOODS_3_377,11541,1.68
TX_3,FOODS_3_377,11542,1.68
TX_3,FOODS_3_377,11543,1.68
TX_3,FOODS_3_377,11544,1.68
TX_3,FOODS_3_377,11545,1.68
TX_3,FOODS_3_377,11546,1.68
TX_3,FOODS_3_377,11547,1.68
TX_3,FOODS_3_377,11548,1.68
TX_3,FOODS_3_377,11549,1.68
TX_3,FOODS_3_377,11550,1.68
TX_3,FOODS_3_377,11551,1.68
TX_3,FOODS_3_377,11552,1.68
TX_3,FOODS_3_377,11601,1.68
TX_3,FOODS_3_377,11602,1.68
TX_3,FOODS_3_377,11603,1.68
TX_3,FOODS_3_377,11604,1.68
TX_3,FOODS_3_377,11605,1.68
TX_3,FOODS_3_377,11606,1.68
TX_3,FOODS_3_377,11607,1.68
TX_3,FOODS_3_377,11608,1.68
TX_3,FOODS_3_377,11609,1.68
TX_3,FOODS_3_377,11610,1.68
TX_3,FOODS_3_377,11611,1.68
TX_3,FOODS_3_377,11612,1.68
TX_3,FOODS_3_377,11613,1.68
TX_3,FOODS_3_377,11614,1.68
TX_3,FOODS_3_377,11615,1.68
TX_3,FOODS_3_377,11616,1.68
TX_3,FOODS_3_377,11617,1.68
TX_3,FOODS_3_555,11513,1.68
TX_3,FOODS_3_555,11514,1.68
TX_3,FOODS_3_555,11515,1.68
TX_3,FOODS_3_555,11516,1.68
TX_3,FOODS_3_555,11517,1.68
TX_3,FOODS_3_555,11518,1.68
TX_3,FOODS_3_555,11519,1.68
TX_3,FOODS_3_555,11520,1.68
TX_3,FOODS_3_555,11521,1.68
TX_3,FOODS_3_555,11522,1.68
TX_3,FOODS_3_555,11523,1.68
TX_3,FOODS_3_555,11524,1.68
TX_3,FOODS_3_555,11525,1.68
TX_3,FOODS_3_555,11526,1.68
TX_3,FOODS_3_555,11527,1.68
TX_3,FOODS_3_555,11528,1.68
TX_3,FOODS_3_555,11529,1.68
TX_3,FOODS_3_555,11530,1.68
TX_3,FOODS_3_555,11531,1.68
TX_3,FOODS_3_555,11532,1.68
TX_3,FOODS_3_555,11533,1.68
TX_3,FOODS_3_555,11534,1.68
TX_3,FOODS_3_555,11535,1.68
TX_3,FOODS_3_555,11536,1.68
TX_3,FOODS_3_555,11537,1.68
TX_3,FOODS_3_555,11538,1.68
TX_3,FOODS_3_555,11539,1.68
TX_3,FOODS_3_555,11540,1.68
TX_3,FOODS_3_555,11541,1.68
TX_3,FOODS_3_555,11542,1.68
TX_3,FOODS_3_555,11543,1.68
TX_3,FOODS_3_555,11544,1.68
TX_3,FOODS_3_555,11545,1.68
TX_3,FOODS_3_555,11546,1.68
TX_3,FOODS_3_555,11547,1.68
TX_3,FOODS_3_555,11548,1.68
TX_3,FOODS_3_555,11549,1.68
TX_3,FOODS_3_555,11550,1.68
TX_3,FOODS_3_555,11551,1.68
TX_3,FOODS_3_555,11552,1.68
TX_3,FOODS_3_555,11601,1.68
TX_3,FOODS_3_555,11602,1.68
TX_3,FOODS_3_555,11603,1.68
TX_3,FOODS_3_555,11604,1.68
TX_3,FOODS_3_555,11605,1.68
TX_3,FOODS_3_555,11606,1.68
TX_3,FOODS_3_555,11607,1.68
TX_3,FOODS_3_555,11608,1.68
TX_3,FOODS_3_555,11609,1.68
TX_3,FOODS_3_555,11610,1.68
TX_3,FOODS_3_555,11611,1.68
TX_3,FOODS_3_555,11612,1.68
TX_3,FOODS_3_555,11613,1.68
TX_3,FOODS_3_555,11614,1.68
TX_3,FOODS_3_555,11615,1.68
TX_3,FOODS_3_555,11616,1.68
TX_3,FOODS_3_555,11617,1.68
TX_3,FOODS_3_586,11513,1.68
TX_3,FOODS_3_586,11514,1.68
TX_3,FOODS_3_586,11515,1.68
TX_3,FOODS_3_586,11516,1.68
TX_3,FOODS_3_586,11517,1.68
TX_3,FOODS_3_586,11518,1.68
TX_3,FOODS_3_586,11519,1.68
TX_3,FOODS_3_586,11520,1.68
TX_3,FOODS_3_586,11521,1.68
TX_3,FOODS_3_586,11522,1.68
TX_3,FOODS_3_586,11523,1.68
TX_3,FOODS_3_586,11524,1.68
TX_3,FOODS_3_586,11525,1.68
TX_3,FOODS_3_586,11526,1.68
TX_3,FOODS_3_586,11527,1.68
TX_3,FOODS_3_586,11528,1.68
TX_3,FOODS_3_586,11529,1.68
TX_3,FOODS_3_586,11530,1.68
TX_3,FOODS_3_586,11531,1.68
TX_3,FOODS_3_586,11532,1.68
TX_3,FOODS_3_586,11533,1.68
TX_3,FOODS_3_586,11534,1.68
TX_3,FOODS_3_586,11535,1.68
TX_3,FOODS_3_586,11536,1.68
TX_3,FOODS_3_586,11537,1.68
TX_3,FOODS_3_586,11538,1.68
TX_3,FOODS_3_586,11539,1.68
TX_3,FOODS_3_586,11540,1.68
TX_3,FOODS_3_586,11541,1.68
TX_3,FOODS_3_586,11542,1.68
TX_3,FOODS_3_586,11543,1.68
TX_3,FOODS_3_586,11544,1.68
TX_3,FOODS_3_586,11545,1.68
TX_3,FOODS_3_586,11546,1.68
TX_3,FOODS_3_586,11547,1.68
TX_3,FOODS_3_586,11548,1.68
TX_3,FOODS_3_586,11549,1.68
TX_3,FOODS_3_586,11550,1.68
TX_3,FOODS_3_586,11551,1.68
TX_3,FOODS_3_586,11552,1.68
TX_3,FOODS_3_586,11601,1.68
TX_3,FOODS_3_586,11602,1.68
TX_3,FOODS_3_586,11603,1.68
TX_3,FOODS_3_586,11604,1.68
TX_3,FOODS_3_586,11605,1.68
TX_3,FOODS_3_586,11606,1.68
TX_3,FOODS_3_586,11607,1.68
TX_3,FOODS_3_586,11608,1.68
TX_3,FOODS_3_586,11609,1.68
TX_3,FOODS_3_586,11610,1.68
TX_3,FOODS_3_586,11611,1.68
TX_3,FOODS_3_586,11612,1.68
TX_3,FOODS_3_586,11613,1.68
TX_3,FOODS_3_586,11614,1.68
TX_3,FOODS_3_586,11615,1.68
TX_3,FOODS_3_586,11616,1.68
TX_3,FOODS_3_586,11617,1.68
WI_1,HOBBIES_1_370,11513,0.48
WI_1,HOBBIES_1_370,11514,0.48
WI_1,HOBBIES_1_370,11515,0.48
WI_1,HOBBIES_1_370,11516,0.48
WI_1,HOBBIES_1_370,11517,0.48
WI_1,HOBBIES_1_370,11518,0.48
WI_1,HOBBIES_1_370,11519,0.48
WI_1,HOBBIES_1_370,11520,0.48
WI_1,HOBBIES_1_370,11521,0.48
WI_1,HOBBIES_1_370,11522,0.48
WI_1,HOBBIES_1_370,11523,0.48
WI_1,HOBBIES_1_370,11524,0.48
WI_1,HOBBIES_1_370,11525,0.48
WI_1,HOBBIES_1_370,11526,0.48
WI_1,HOBBIES_1_370,11527,0.48
WI_1,HOBBIES_1_370,11528,0.48
WI_1,HOBBIES_1_370,11529,0.48
WI_1,HOBBIES_1_370,11530,0.48
WI_1,HOBBIES_1_370,11531,0.48
WI_1,HOBBIES_1_370,11532,0.48
WI_1,HOBBIES_1_370,11533,0.48
WI_1,HOBBIES_1_370,11534,0.48
WI_1,HOBBIES_1_370,11535,0.48
WI_1,HOBBIES_1_370,11536,0.48
WI_1,HOBBIES_1_370,11537,0.48
WI_1,HOBBIES_1_370,11538,0.48
WI_1,HOBBIES_1_370,11539,0.48
WI_1,HOBBIES_1_370,11540,0.48
WI_1,HOBBIES_1_370,11541,0.48
WI_1,HOBBIES_1_370,11542,0.48
WI_1,HOBBIES_1_370,11543,0.48
WI_1,HOBBIES_1_370,11544,0.48
WI_1,HOBBIES_1_370,11545,0.48
WI_1,HOBBIES_1_370,11546,0.48
WI_1,HOBBIES_1_370,11547,0.48
WI_1,HOBBIES_1_370,11548,0.48
WI_1,HOBBIES_1_370,11549,0.48
WI_1,HOBBIES_1_370,11550,0.48
WI_1,HOBBIES_1_370,11551,0.48
WI_1,HOBBIES_1_370,11552,0.48
WI_1,HOBBIES_1_370,11601,0.48
WI_1,HOBBIES_1_370,11602,0.48
WI_1,HOBBIES_1_370,11603,0.48
WI_1,HOBBIES_1_370,11604,0.48
WI_1,HOBBIES_1_370,11605,0.48
WI_1,HOBBIES_1_370,11606,0.48
WI_1,HOBBIES_1_370,11607,0.48
WI_1,HOBBIES_1_370,11608,0.48
WI_1,HOBBIES_1_370,11609,0.48
WI_1,HOBBIES_1_370,11610,0.48
WI_1,HOBBIES_1_370,11611,0.48
WI_1,HOBBIES_1_370,11612,0.48
WI_1,HOBBIES_1_370,11613,0.48
WI_1,HOBBIES_1_370,11614,0.48
WI_1,HOBBIES_1_370,11615,0.48
WI_1,HOBBIES_1_370,11616,0.48
WI_1,HOBBIES_1_370,11617,0.48
WI_1,HOBBIES_1_371,11513,0.48
WI_1,HOBBIES_1_371,11514,0.48
WI_1,HOBBIES_1_371,11515,0.48
WI_1,HOBBIES_1_371,11516,0.48
WI_1,HOBBIES_1_371,11517,0.48
WI_1,HOBBIES_1_371,11518,0.48
WI_1,HOBBIES_1_371,11519,0.48
WI_1,HOBBIES_1_371,11520,0.48
WI_1,HOBBIES_1_371,11521,0.48
WI_1,HOBBIES_1_371,11522,0.48
WI_1,HOBBIES_1_371,11523,0.48
WI_1,HOBBIES_1_371,11524,0.48
WI_1,HOBBIES_1_371,11525,0.48
WI_1,HOBBIES_1_371,11526,0.48
WI_1,HOBBIES_1_371,11527,0.48
WI_1,HOBBIES_1_371,11528,0.48
WI_1,HOBBIES_1_371,11529,0.48
WI_1,HOBBIES_1_371,11530,0.48
WI_1,HOBBIES_1_371,11531,0.48
WI_1,HOBBIES_1_371,11532,0.48
WI_1,HOBBIES_1_371,11533,0.48
WI_1,HOBBIES_1_371,11534,0.48
WI_1,HOBBIES_1_371,11535,0.48
WI_1,HOBBIES_1_371,11536,0.48
WI_1,HOBBIES_1_371,11537,0.48
WI_1,HOBBIES_1_371,11538,0.48
WI_1,HOBBIES_1_371,11539,0.48
WI_1,HOBBIES_1_371,11540,0.48
WI_1,HOBBIES_1_371,11541,0.48
WI_1,HOBBIES_1_371,11542,0.48
WI_1,HOBBIES_1_371,11543,0.48
WI_1,HOBBIES_1_371,11544,0.48
WI_1,HOBBIES_1_371,11545,0.48
WI_1,HOBBIES_1_371,11546,0.48
WI_1,HOBBIES_1_371,11547,0.48
WI_1,HOBBIES_1_371,11548,0.48
WI_1,HOBBIES_1_371,11549,0.48
WI_1,HOBBIES_1_371,11550,0.48
WI_1,HOBBIES_1_371,11551,0.48
WI_1,HOBBIES_1_371,11552,0.48
WI_1,HOBBIES_1_371,11601,0.48
WI_1,HOBBIES_1_371,11602,0.48
WI_1,HOBBIES_1_371,11603,0.48
WI_1,HOBBIES_1_371,11604,0.48
WI_1,HOBBIES_1_371,11605,0.48
WI_1,HOBBIES_1_371,11606,0.48
WI_1,HOBBIES_1_371,11607,0.48
WI_1,HOBBIES_1_371,11608,0.48
WI_1,HOBBIES_1_371,11609,0.48
WI_1,HOBBIES_1_371,11610,0.48
WI_1,HOBBIES_1_371,11611,0.48
WI_1,HOBBIES_1_371,11612,0.48
WI_1,HOBBIES_1_371,11613,0.48
WI_1,HOBBIES_1_371,11614,0.48
WI_1,HOBBIES_1_371,11615,0.48
WI_1,HOBBIES_1_371,11616,0.48
WI_1,HOBBIES_1_371,11617,0.48
WI_1,HOUSEHOLD_1_303,11513,0.97
WI_1,HOUSEHOLD_1_303,11514,0.97
WI_1,HOUSEHOLD_1_303,11515,0.97
WI_1,HOUSEHOLD_1_303,11516,0.97
WI_1,HOUSEHOLD_1_303,11517,0.97
WI_1,HOUSEHOLD_1_303,11518,0.97
WI_1,HOUSEHOLD_1_303,11519,0.97
WI_1,HOUSEHOLD_1_303,11520,0.97
WI_1,HOUSEHOLD_1_303,11521,0.97
WI_1,HOUSEHOLD_1_303,11522,0.97
WI_1,HOUSEHOLD_1_303,11523,0.97
WI_1,HOUSEHOLD_1_303,11524,0.97
WI_1,HOUSEHOLD_1_303,11525,0.97
WI_1,HOUSEHOLD_1_303,11526,0.97
WI_1,HOUSEHOLD_1_303,11527,0.97
WI_1,HOUSEHOLD_1_303,11528,0.97
WI_1,HOUSEHOLD_1_303,11529,0.97
WI_1,HOUSEHOLD_1_303,11530,0.97
WI_1,HOUSEHOLD_1_303,11531,0.97
WI_1,HOUSEHOLD_1_303,11532,0.97
WI_1,HOUSEHOLD_1_303,11533,0.97
WI_1,HOUSEHOLD_1_303,11534,0.97
WI_1,HOUSEHOLD_1_303,11535,0.97
WI_1,HOUSEHOLD_1_303,11536,0.97
WI_1,HOUSEHOLD_1_303,11537,0.97
WI_1,HOUSEHOLD_1_303,11538,0.97
WI_1,HOUSEHOLD_1_303,11539,0.97
WI_1,HOUSEHOLD_1_303,11540,0.97
WI_1,HOUSEHOLD_1_303,11541,0.97
WI_1,HOUSEHOLD_1_303,11542,0.97
WI_1,HOUSEHOLD_1_303,11543,0.97
WI_1,HOUSEHOLD_1_303,11544,0.97
WI_1,HOUSEHOLD_1_303,11545,0.97
WI_1,HOUSEHOLD_1_303,11546,0.97
WI_1,HOUSEHOLD_1_303,11547,0.97
WI_1,HOUSEHOLD_1_303,11548,0.97
WI_1,HOUSEHOLD_1_303,11549,0.98
WI_1,HOUSEHOLD_1_303,11550,0.98
WI_1,HOUSEHOLD_1_303,11551,0.98
WI_1,HOUSEHOLD_1_303,11552,0.98
WI_1,HOUSEHOLD_1_303,11601,0.98
WI_1,HOUSEHOLD_1_303,11602,0.98
WI_1,HOUSEHOLD_1_303,11603,0.98
WI_1,HOUSEHOLD_1_303,11604,0.98
WI_1,HOUSEHOLD_1_303,11605,0.98
WI_1,HOUSEHOLD_1_303,11606,0.98
WI_1,HOUSEHOLD_1_303,11607,0.98
WI_1,HOUSEHOLD_1_303,11608,0.98
WI_1,HOUSEHOLD_1_303,11609,0.98
WI_1,HOUSEHOLD_1_303,11610,0.98
WI_1,HOUSEHOLD_1_303,11611,0.98
WI_1,HOUSEHOLD_1_303,11612,0.98
WI_1,HOUSEHOLD_1_303,11613,0.98
WI_1,HOUSEHOLD_1_303,11614,0.98
WI_1,HOUSEHOLD_1_303,11615,0.98
WI_1,HOUSEHOLD_1_303,11616,0.98
WI_1,HOUSEHOLD_1_303,11617,0.98
WI_1,HOUSEHOLD_1_327,11513,0.97
WI_1,HOUSEHOLD_1_327,11514,0.97
WI_1,HOUSEHOLD_1_327,11515,0.97
WI_1,HOUSEHOLD_1_327,11516,0.97
WI_1,HOUSEHOLD_1_327,11517,0.97
WI_1,HOUSEHOLD_1_327,11518,0.97
WI_1,HOUSEHOLD_1_327,11519,0.97
WI_1,HOUSEHOLD_1_327,11520,0.97
WI_1,HOUSEHOLD_1_327,11521,0.97
WI_1,HOUSEHOLD_1_327,11522,0.97
WI_1,HOUSEHOLD_1_327,11523,0.97
WI_1,HOUSEHOLD_1_327,11524,0.97
WI_1,HOUSEHOLD_1_327,11525,0.97
WI_1,HOUSEHOLD_1_327,11526,0.97
WI_1,HOUSEHOLD_1_327,11527,0.97
WI_1,HOUSEHOLD_1_327,11528,0.97
WI_1,HOUSEHOLD_1_327,11529,0.97
WI_1,HOUSEHOLD_1_327,11530,0.97
WI_1,HOUSEHOLD_1_327,11531,0.97
WI_1,HOUSEHOLD_1_327,11532,0.97
WI_1,HOUSEHOLD_1_327,11533,0.97
WI_1,HOUSEHOLD_1_327,11534,0.97
WI_1,HOUSEHOLD_1_327,11535,0.97
WI_1,HOUSEHOLD_1_327,11536,0.97
WI_1,HOUSEHOLD_1_327,11537,0.97
WI_1,HOUSEHOLD_1_327,11538,0.97
WI_1,HOUSEHOLD_1_327,11539,0.97
WI_1,HOUSEHOLD_1_327,11540,0.97
WI_1,HOUSEHOLD_1_327,11541,0.97
WI_1,HOUSEHOLD_1_327,11542,0.97
WI_1,HOUSEHOLD_1_327,11543,0.97
WI_1,HOUSEHOLD_1_327,11544,0.97
WI_1,HOUSEHOLD_1_327,11545,0.97
WI_1,HOUSEHOLD_1_327,11546,0.97
WI_1,HOUSEHOLD_1_327,11547,0.97
WI_1,HOUSEHOLD_1_327,11548,0.97
WI_1,HOUSEHOLD_1_327,11549,0.98
WI_1,HOUSEHOLD_1_327,11550,0.98
WI_1,HOUSEHOLD_1_327,11551,0.98
WI_1,HOUSEHOLD_1_327,11552,0.98
WI_1,HOUSEHOLD_1_327,11601,0.98
WI_1,HOUSEHOLD_1_327,11602,0.98
WI_1,HOUSEHOLD_1_327,11603,0.98
WI_1,HOUSEHOLD_1_327,11604,0.98
WI_1,HOUSEHOLD_1_327,11605,0.98
WI_1,HOUSEHOLD_1_327,11606,0.98
WI_1,HOUSEHOLD_1_327,11607,0.98
WI_1,HOUSEHOLD_1_327,11608,0.98
WI_1,HOUSEHOLD_1_327,11609,0.98
WI_1,HOUSEHOLD_1_327,11610,0.98
WI_1,HOUSEHOLD_1_327,11611,0.98
WI_1,HOUSEHOLD_1_327,11612,0.98
WI_1,HOUSEHOLD_1_327,11613,0.98
WI_1,HOUSEHOLD_1_327,11614,0.98
WI_1,HOUSEHOLD_1_327,11615,0.98
WI_1,HOUSEHOLD_1_327,11616,0.98
WI_1,HOUSEHOLD_1_327,11617,0.98
WI_1,HOUSEHOLD_1_389,11513,0.97
WI_1,HOUSEHOLD_1_389,11514,0.97
WI_1,HOUSEHOLD_1_389,11515,0.97
WI_1,HOUSEHOLD_1_389,11516,0.97
WI_1,HOUSEHOLD_1_389,11517,0.97
WI_1,HOUSEHOLD_1_389,11518,0.97
WI_1,HOUSEHOLD_1_389,11519,0.97
WI_1,HOUSEHOLD_1_389,11520,0.97
WI_1,HOUSEHOLD_1_389,11521,0.97
WI_1,HOUSEHOLD_1_389,11522,0.97
WI_1,HOUSEHOLD_1_389,11523,0.97
WI_1,HOUSEHOLD_1_389,11524,0.97
WI_1,HOUSEHOLD_1_389,11525,0.97
WI_1,HOUSEHOLD_1_389,11526,0.97
WI_1,HOUSEHOLD_1_389,11527,0.97
WI_1,HOUSEHOLD_1_389,11528,0.97
WI_1,HOUSEHOLD_1_389,11529,0.97
WI_1,HOUSEHOLD_1_389,11530,0.97
WI_1,HOUSEHOLD_1_389,11531,0.97
WI_1,HOUSEHOLD_1_389,11532,0.97
WI_1,HOUSEHOLD_1_389,11533,0.97
WI_1,HOUSEHOLD_1_389,11534,0.97
WI_1,HOUSEHOLD_1_389,11535,0.97
WI_1,HOUSEHOLD_1_389,11536,0.97
WI_1,HOUSEHOLD_1_389,11537,0.97
WI_1,HOUSEHOLD_1_389,11538,0.97
WI_1,HOUSEHOLD_1_389,11539,0.97
WI_1,HOUSEHOLD_1_389,11540,0.97
WI_1,HOUSEHOLD_1_389,11541,0.97
WI_1,HOUSEHOLD_1_389,11542,0.97
WI_1,HOUSEHOLD_1_389,11543,0.97
WI_1,HOUSEHOLD_1_389,11544,0.97
WI_1,HOUSEHOLD_1_389,11545,0.97
WI_1,HOUSEHOLD_1_389,11546,0.97
WI_1,HOUSEHOLD_1_389,11547,0.97
WI_1,HOUSEHOLD_1_389,11548,0.97
WI_1,HOUSEHOLD_1_389,11549,0.98
WI_1,HOUSEHOLD_1_389,11550,0.98
WI_1,HOUSEHOLD_1_389,11551,0.98
WI_1,HOUSEHOLD_1_389,11552,0.98
WI_1,HOUSEHOLD_1_389,11601,0.98
WI_1,HOUSEHOLD_1_389,11602,0.98
WI_1,HOUSEHOLD_1_389,11603,0.98
WI_1,HOUSEHOLD_1_389,11604,0.98
WI_1,HOUSEHOLD_1_389,11605,0.98
WI_1,HOUSEHOLD_1_389,11606,0.98
WI_1,HOUSEHOLD_1_389,11607,0.98
WI_1,HOUSEHOLD_1_389,11608,0.98
WI_1,HOUSEHOLD_1_389,11609,0.98
WI_1,HOUSEHOLD_1_389,11610,0.98
WI_1,HOUSEHOLD_1_389,11611,0.98
WI_1,HOUSEHOLD_1_389,11612,0.98
WI_1,HOUSEHOLD_1_389,11613,0.98
WI_1,HOUSEHOLD_1_389,11614,0.98
WI_1,HOUSEHOLD_1_389,11615,0.98
WI_1,HOUSEHOLD_1_389,11616,0.98
WI_1,HOUSEHOLD_1_389,11617,0.98
WI_1,HOUSEHOLD_1_459,11513,0.98
WI_1,HOUSEHOLD_1_459,11514,0.98
WI_1,HOUSEHOLD_1_459,11515,0.98
WI_1,HOUSEHOLD_1_459,11516,0.98
WI_1,HOUSEHOLD_1_459,11517,0.98
WI_1,HOUSEHOLD_1_459,11518,0.98
WI_1,HOUSEHOLD_1_459,11519,0.98
WI_1,HOUSEHOLD_1_459,11520,0.98
WI_1,HOUSEHOLD_1_459,11521,0.98
WI_1,HOUSEHOLD_1_459,11522,0.98
WI_1,HOUSEHOLD_1_459,11523,0.98
WI_1,HOUSEHOLD_1_459,11524,0.98
WI_1,HOUSEHOLD_1_459,11525,0.98
WI_1,HOUSEHOLD_1_459,11526,0.98
WI_1,HOUSEHOLD_1_459,11527,0.98
WI_1,HOUSEHOLD_1_459,11528,0.98
WI_1,HOUSEHOLD_1_459,11529,0.98
WI_1,HOUSEHOLD_1_459,11530,0.98
WI_1,HOUSEHOLD_1_459,11531,0.98
WI_1,HOUSEHOLD_1_459,11532,0.98
WI_1,HOUSEHOLD_1_459,11533,0.98
WI_1,HOUSEHOLD_1_459,11534,0.98
WI_1,HOUSEHOLD_1_459,11535,0.98
WI_1,HOUSEHOLD_1_459,11536,0.98
WI_1,HOUSEHOLD_1_459,11537,0.98
WI_1,HOUSEHOLD_1_459,11538,0.97
WI_1,HOUSEHOLD_1_459,11539,0.97
WI_1,HOUSEHOLD_1_459,11540,0.97
WI_1,HOUSEHOLD_1_459,11541,0.97
WI_1,HOUSEHOLD_1_459,11542,0.97
WI_1,HOUSEHOLD_1_459,11543,0.97
WI_1,HOUSEHOLD_1_459,11544,0.97
WI_1,HOUSEHOLD_1_459,11545,0.97
WI_1,HOUSEHOLD_1_459,11546,0.97
WI_1,HOUSEHOLD_1_459,11547,0.97
WI_1,HOUSEHOLD_1_459,11548,0.97
WI_1,HOUSEHOLD_1_459,11549,0.97
WI_1,HOUSEHOLD_1_459,11550,0.97
WI_1,HOUSEHOLD_1_459,11551,0.97
WI_1,HOUSEHOLD_1_459,11552,0.97
WI_1,HOUSEHOLD_1_459,11601,0.97
WI_1,HOUSEHOLD_1_459,11602,0.97
WI_1,HOUSEHOLD_1_459,11603,0.97
WI_1,HOUSEHOLD_1_459,11604,0.97
WI_1,HOUSEHOLD_1_459,11605,0.97
WI_1,HOUSEHOLD_1_459,11606,0.97
WI_1,HOUSEHOLD_1_459,11607,0.97
WI_1,HOUSEHOLD_1_459,11608,0.97
WI_1,HOUSEHOLD_1_459,11609,0.97
WI_1,HOUSEHOLD_1_459,11610,0.97
WI_1,HOUSEHOLD_1_459,11611,0.97
WI_1,HOUSEHOLD_1_459,11612,0.97
WI_1,HOUSEHOLD_1_459,11613,0.97
WI_1,HOUSEHOLD_1_459,11614,0.97
WI_1,HOUSEHOLD_1_459,11615,0.97
WI_1,HOUSEHOLD_1_459,11616,0.97
WI_1,HOUSEHOLD_1_459,11617,0.97
WI_1,FOODS_3_090,11513,1.38
WI_1,FOODS_3_090,11514,1.38
WI_1,FOODS_3_090,11515,1.38
WI_1,FOODS_3_090,11516,1.38
WI_1,FOODS_3_090,11517,1.38
WI_1,FOODS_3_090,11518,1.38
WI_1,FOODS_3_090,11519,1.38
WI_1,FOODS_3_090,11520,1.38
WI_1,FOODS_3_090,11521,1.38
WI_1,FOODS_3_090,11522,1.38
WI_1,FOODS_3_090,11523,1.38
WI_1,FOODS_3_090,11524,1.38
WI_1,FOODS_3_090,11525,1.38
WI_1,FOODS_3_090,11526,1.38
WI_1,FOODS_3_090,11527,1.38
WI_1,FOODS_3_090,11528,1.38
WI_1,FOODS_3_090,11529,1.38
WI_1,FOODS_3_090,11530,1.38
WI_1,FOODS_3_090,11531,1.38
WI_1,FOODS_3_090,11532,1.38
WI_1,FOODS_3_090,11533,1.38
WI_1,FOODS_3_090,11534,1.38
WI_1,FOODS_3_090,11535,1.38
WI_1,FOODS_3_090,11536,1.38
WI_1,FOODS_3_090,11537,1.38
WI_1,FOODS_3_090,11538,1.38
WI_1,FOODS_3_090,11539,1.38
WI_1,FOODS_3_090,11540,1.38
WI_1,FOODS_3_090,11541,1.38
WI_1,FOODS_3_090,11542,1.38
WI_1,FOODS_3_090,11543,1.38
WI_1,FOODS_3_090,11544,1.38
WI_1,FOODS_3_090,11545,1.38
WI_1,FOODS_3_090,11546,1.38
WI_1,FOODS_3_090,11547,1.38
WI_1,FOODS_3_090,11548,1.38
WI_1,FOODS_3_090,11549,1.38
WI_1,FOODS_3_090,11550,1.38
WI_1,FOODS_3_090,11551,1.38
WI_1,FOODS_3_090,11552,1.38
WI_1,FOODS_3_090,11601,1.38
WI_1,FOODS_3_090,11602,1.38
WI_1,FOODS_3_090,11603,1.38
WI_1,FOODS_3_090,11604,1.38
WI_1,FOODS_3_090,11605,1.38
WI_1,FOODS_3_090,11606,1.38
WI_1,FOODS_3_090,11607,1.38
WI_1,FOODS_3_090,11608,1.38
WI_1,FOODS_3_090,11609,1.38
WI_1,FOODS_3_090,11610,1.38
WI_1,FOODS_3_090,11611,1.38
WI_1,FOODS_3_090,11612,1.38
WI_1,FOODS_3_090,11613,1.38
WI_1,FOODS_3_090,11614,1.38
WI_1,FOODS_3_090,11615,1.44
WI_1,FOODS_3_090,11616,1.44
WI_1,FOODS_3_090,11617,1.44
WI_1,FOODS_3_226,11513,1.68
WI_1,FOODS_3_226,11514,1.68
WI_1,FOODS_3_226,11515,1.68
WI_1,FOODS_3_226,11516,1.68
WI_1,FOODS_3_226,11517,1.68
WI_1,FOODS_3_226,11518,1.68
WI_1,FOODS_3_226,11519,1.68
WI_1,FOODS_3_226,11520,1.68
WI_1,FOODS_3_226,11521,1.68
WI_1,FOODS_3_226,11522,1.68
WI_1,FOODS_3_226,11523,1.68
WI_1,FOODS_3_226,11524,1.68
WI_1,FOODS_3_226,11525,1.68
WI_1,FOODS_3_226,11526,1.68
WI_1,FOODS_3_226,11527,1.68
WI_1,FOODS_3_226,11528,1.68
WI_1,FOODS_3_226,11529,1.68
WI_1,FOODS_3_226,11530,1.68
WI_1,FOODS_3_226,11531,1.68
WI_1,FOODS_3_226,11532,1.68
WI_1,FOODS_3_226,11533,1.68
WI_1,FOODS_3_226,11534,1.68
WI_1,FOODS_3_226,11535,1.68
WI_1,FOODS_3_226,11536,1.68
WI_1,FOODS_3_226,11537,1.68
WI_1,FOODS_3_226,11538,1.68
WI_1,FOODS_3_226,11539,1.68
WI_1,FOODS_3_226,11540,1.68
WI_1,FOODS_3_226,11541,1.68
WI_1,FOODS_3_226,11542,1.68
WI_1,FOODS_3_226,11543,1.68
WI_1,FOODS_3_226,11544,1.68
WI_1,FOODS_3_226,11545,1.68
WI_1,FOODS_3_226,11546,1.68
WI_1,FOODS_3_226,11547,1.68
WI_1,FOODS_3_226,11548,1.68
WI_1,FOODS_3_226,11549,1.68
WI_1,FOODS_3_226,11550,1.68
WI_1,FOODS_3_226,11551,1.68
WI_1,FOODS_3_226,11552,1.68
WI_1,FOODS_3_226,11601,1.68
WI_1,FOODS_3_226,11602,1.68
WI_1,FOODS_3_226,11603,1.68
WI_1,FOODS_3_226,11604,1.68
WI_1,FOODS_3_226,11605,1.68
WI_1,FOODS_3_226,11606,1.68
WI_1,FOODS_3_226,11607,1.68
WI_1,FOODS_3_226,11608,1.68
WI_1,FOODS_3_226,11609,1.68
WI_1,FOODS_3_226,11610,1.68
WI_1,FOODS_3_226,11611,1.68
WI_1,FOODS_3_226,11612,1.68
WI_1,FOODS_3_226,11613,1.68
WI_1,FOODS_3_226,11614,1.68
WI_1,FOODS_3_226,11615,1.68
WI_1,FOODS_3_226,11616,1.68
WI_1,FOODS_3_226,11617,1.68
WI_1,FOODS_3_491,11513,1.38
WI_1,FOODS_3_491,11514,1.38
WI_1,FOODS_3_491,11515,1.38
WI_1,FOODS_3_491,11516,1.38
WI_1,FOODS_3_491,11517,1.38
WI_1,FOODS_3_491,11518,1.38
WI_1,FOODS_3_491,11519,1.38
WI_1,FOODS_3_491,11520,1.38
WI_1,FOODS_3_491,11521,1.38
WI_1,FOODS_3_491,11522,1.38
WI_1,FOODS_3_491,11523,1.38
WI_1,FOODS_3_491,11524,1.38
WI_1,FOODS_3_491,11525,1.38
WI_1,FOODS_3_491,11526,1.38
WI_1,FOODS_3_491,11527,1.38
WI_1,FOODS_3_491,11528,1.38
WI_1,FOODS_3_491,11529,1.38
WI_1,FOODS_3_491,11530,1.38
WI_1,FOODS_3_491,11531,1.38
WI_1,FOODS_3_491,11532,1.38
WI_1,FOODS_3_491,11533,1.38
WI_1,FOODS_3_491,11534,1.38
WI_1,FOODS_3_491,11535,1.38
WI_1,FOODS_3_491,11536,1.38
WI_1,FOODS_3_491,11537,1.38
WI_1,FOODS_3_491,11538,1.38
WI_1,FOODS_3_491,11539,1.38
WI_1,FOODS_3_491,11540,1.38
WI_1,FOODS_3_491,11541,1.38
WI_1,FOODS_3_491,11542,1.38
WI_1,FOODS_3_491,11543,1.38
WI_1,FOODS_3_491,11544,1.38
WI_1,FOODS_3_491,11545,1.38
WI_1,FOODS_3_491,11546,1.38
WI_1,FOODS_3_491,11547,1.38
WI_1,FOODS_3_491,11548,1.38
WI_1,FOODS_3_491,11549,1.38
WI_1,FOODS_3_491,11550,1.38
WI_1,FOODS_3_491,11551,1.38
WI_1,FOODS_3_491,11552,1.38
WI_1,FOODS_3_491,11601,1.38
WI_1,FOODS_3_491,11602,1.38
WI_1,FOODS_3_491,11603,1.38
WI_1,FOODS_3_491,11604,1.38
WI_1,FOODS_3_491,11605,1.38
WI_1,FOODS_3_491,11606,1.38
WI_1,FOODS_3_491,11607,1.38
WI_1,FOODS_3_491,11608,1.38
WI_1,FOODS_3_491,11609,1.38
WI_1,FOODS_3_491,11610,1.38
WI_1,FOODS_3_491,11611,1.38
WI_1,FOODS_3_491,11612,1.38
WI_1,FOODS_3_491,11613,1.38
WI_1,FOODS_3_491,11614,1.38
WI_1,FOODS_3_491,11615,1.44
WI_1,FOODS_3_491,11616,1.44
WI_1,FOODS_3_491,11617,1.44
WI_1,FOODS_3_586,11513,1.68
WI_1,FOODS_3_586,11514,1.68
WI_1,FOODS_3_586,11515,1.68
WI_1,FOODS_3_586,11516,1.68
WI_1,FOODS_3_586,11517,1.68
WI_1,FOODS_3_586,11518,1.68
WI_1,FOODS_3_586,11519,1.68
WI_1,FOODS_3_586,11520,1.68
WI_1,FOODS_3_586,11521,1.68
WI_1,FOODS_3_586,11522,1.68
WI_1,FOODS_3_586,11523,1.68
WI_1,FOODS_3_586,11524,1.68
WI_1,FOODS_3_586,11525,1.68
WI_1,FOODS_3_586,11526,1.68
WI_1,FOODS_3_586,11527,1.68
WI_1,FOODS_3_586,11528,1.68
WI_1,FOODS_3_586,11529,1.68
WI_1,FOODS_3_586,11530,1.68
WI_1,FOODS_3_586,11531,1.68
WI_1,FOODS_3_586,11532,1.68
WI_1,FOODS_3_586,11533,1.68
WI_1,FOODS_3_586,11534,1.68
WI_1,FOODS_3_586,11535,1.68
WI_1,FOODS_3_586,11536,1.68
WI_1,FOODS_3_586,11537,1.68
WI_1,FOODS_3_586,11538,1.68
WI_1,FOODS_3_586,11539,1.68
WI_1,FOODS_3_586,11540,1.68
WI_1,FOODS_3_586,11541,1.68
WI_1,FOODS_3_586,11542,1.68
WI_1,FOODS_3_586,11543,1.68
WI_1,FOODS_3_586,11544,1.68
WI_1,FOODS_3_586,11545,1.68
WI_1,FOODS_3_586,11546,1.68
WI_1,FOODS_3_586,11547,1.68
WI_1,FOODS_3_586,11548,1.68
WI_1,FOODS_3_586,11549,1.68
WI_1,FOODS_3_586,11550,1.68
WI_1,FOODS_3_586,11551,1.68
WI_1,FOODS_3_586,11552,1.68
WI_1,FOODS_3_586,11601,1.68
WI_1,FOODS_3_586,11602,1.68
WI_1,FOODS_3_586,11603,1.68
WI_1,FOODS_3_586,11604,1.68
WI_1,FOODS_3_586,11605,1.68
WI_1,FOODS_3_586,11606,1.68
WI_1,FOODS_3_586,11607,1.68
WI_1,FOODS_3_586,11608,1.68
WI_1,FOODS_3_586,11609,1.68
WI_1,FOODS_3_586,11610,1.68
WI_1,FOODS_3_586,11611,1.68
WI_1,FOODS_3_586,11612,1.68
WI_1,FOODS_3_586,11613,1.68
WI_1,FOODS_3_586,11614,1.68
WI_1,FOODS_3_586,11615,1.68
WI_1,FOODS_3_586,11616,1.68
WI_1,FOODS_3_586,11617,1.68
WI_1,FOODS_3_694,11513,1.68
WI_1,FOODS_3_694,11514,1.68
WI_1,FOODS_3_694,11515,1.68
WI_1,FOODS_3_694,11516,1.68
WI_1,FOODS_3_694,11517,1.68
WI_1,FOODS_3_694,11518,1.68
WI_1,FOODS_3_694,11519,1.68
WI_1,FOODS_3_694,11520,1.68
WI_1,FOODS_3_694,11521,1.68
WI_1,FOODS_3_694,11522,1.68
WI_1,FOODS_3_694,11523,1.68
WI_1,FOODS_3_694,11524,1.68
WI_1,FOODS_3_694,11525,1.68
WI_1,FOODS_3_694,11526,1.68
WI_1,FOODS_3_694,11527,1.68
WI_1,FOODS_3_694,11528,1.68
WI_1,FOODS_3_694,11529,1.68
WI_1,FOODS_3_694,11530,1.68
WI_1,FOODS_3_694,11531,1.68
WI_1,FOODS_3_694,11532,1.68
WI_1,FOODS_3_694,11533,1.68
WI_1,FOODS_3_694,11534,1.68
WI_1,FOODS_3_694,11535,1.68
WI_1,FOODS_3_694,11536,1.68
WI_1,FOODS_3_694,11537,1.68
WI_1,FOODS_3_694,11538,1.68
WI_1,FOODS_3_694,11539,1.68
WI_1,FOODS_3_694,11540,1.68
WI_1,FOODS_3_694,11541,1.68
WI_1,FOODS_3_694,11542,1.68
WI_1,FOODS_3_694,11543,1.68
WI_1,FOODS_3_694,11544,1.68
WI_1,FOODS_3_694,11545,1.68
WI_1,FOODS_3_694,11546,1.68
WI_1,FOODS_3_694,11547,1.68
WI_1,FOODS_3_694,11548,1.68
WI_1,FOODS_3_694,11549,1.68
WI_1,FOODS_3_694,11550,1.68
WI_1,FOODS_3_694,11551,1.68
WI_1,FOODS_3_694,11552,1.68
WI_1,FOODS_3_694,11601,1.68
WI_1,FOODS_3_694,11602,1.68
WI_1,FOODS_3_694,11603,1.68
WI_1,FOODS_3_694,11604,1.68
WI_1,FOODS_3_694,11605,1.68
WI_1,FOODS_3_694,11606,1.68
WI_1,FOODS_3_694,11607,1.68
WI_1,FOODS_3_694,11608,1.68
WI_1,FOODS_3_694,11609,1.68
WI_1,FOODS_3_694,11610,1.68
WI_1,FOODS_3_694,11611,1.68
WI_1,FOODS_3_694,11612,1.68
WI_1,FOODS_3_694,11613,1.68
WI_1,FOODS_3_694,11614,1.68
WI_1,FOODS_3_694,11615,1.68
WI_1,FOODS_3_694,11616,1.68
WI_1,FOODS_3_694,11617,1.68
WI_1,FOODS_3_714,11513,1.58
WI_1,FOODS_3_714,11514,1.58
WI_1,FOODS_3_714,11515,1.58
WI_1,FOODS_3_714,11516,1.58
WI_1,FOODS_3_714,11517,1.58
WI_1,FOODS_3_714,11518,1.58
WI_1,FOODS_3_714,11519,1.58
WI_1,FOODS_3_714,11520,1.58
WI_1,FOODS_3_714,11521,1.58
WI_1,FOODS_3_714,11522,1.58
WI_1,FOODS_3_714,11523,1.58
WI_1,FOODS_3_714,11524,1.58
WI_1,FOODS_3_714,11525,1.58
WI_1,FOODS_3_714,11526,1.58
WI_1,FOODS_3_714,11527,1.58
WI_1,FOODS_3_714,11528,1.58
WI_1,FOODS_3_714,11529,1.58
WI_1,FOODS_3_714,11530,1.58
WI_1,FOODS_3_714,11531,1.58
WI_1,FOODS_3_714,11532,1.58
WI_1,FOODS_3_714,11533,1.58
WI_1,FOODS_3_714,11534,1.58
WI_1,FOODS_3_714,11535,1.58
WI_1,FOODS_3_714,11536,1.58
WI_1,FOODS_3_714,11537,1.58
WI_1,FOODS_3_714,11538,1.58
WI_1,FOODS_3_714,11539,1.58
WI_1,FOODS_3_714,11540,1.58
WI_1,FOODS_3_714,11541,1.58
WI_1,FOODS_3_714,11542,1.58
WI_1,FOODS_3_714,11543,1.58
WI_1,FOODS_3_714,11544,1.58
WI_1,FOODS_3_714,11545,1.58
WI_1,FOODS_3_714,11546,1.58
WI_1,FOODS_3_714,11547,1.58
WI_1,FOODS_3_714,11548,1.58
WI_1,FOODS_3_714,11549,1.58
WI_1,FOODS_3_714,11550,1.58
WI_1,FOODS_3_714,11551,1.58
WI_1,FOODS_3_714,11552,1.58
WI_1,FOODS_3_714,11601,1.58
WI_1,FOODS_3_714,11602,1.58
WI_1,FOODS_3_714,11603,1.58
WI_1,FOODS_3_714,11604,1.58
WI_1,FOODS_3_714,11605,1.58
WI_1,FOODS_3_714,11606,1.58
WI_1,FOODS_3_714,11607,1.58
WI_1,FOODS_3_714,11608,1.58
WI_1,FOODS_3_714,11609,1.58
WI_1,FOODS_3_714,11610,1.58
WI_1,FOODS_3_714,11611,1.58
WI_1,FOODS_3_714,11612,1.58
WI_1,FOODS_3_714,11613,1.58
WI_1,FOODS_3_714,11614,1.58
WI_1,FOODS_3_714,11615,1.58
WI_1,FOODS_3_714,11616,1.58
WI_1,FOODS_3_714,11617,1.58
WI_2,HOBBIES_1_178,11513,0.48
WI_2,HOBBIES_1_178,11514,0.48
WI_2,HOBBIES_1_178,11515,0.48
WI_2,HOBBIES_1_178,11516,0.48
WI_2,HOBBIES_1_178,11517,0.48
WI_2,HOBBIES_1_178,11518,0.48
WI_2,HOBBIES_1_178,11519,0.48
WI_2,HOBBIES_1_178,11520,0.48
WI_2,HOBBIES_1_178,11521,0.48
WI_2,HOBBIES_1_178,11522,0.48
WI_2,HOBBIES_1_178,11523,0.48
WI_2,HOBBIES_1_178,11524,0.48
WI_2,HOBBIES_1_178,11525,0.48
WI_2,HOBBIES_1_178,11526,0.48
WI_2,HOBBIES_1_178,11527,0.48
WI_2,HOBBIES_1_178,11528,0.48
WI_2,HOBBIES_1_178,11529,0.48
WI_2,HOBBIES_1_178,11530,0.48
WI_2,HOBBIES_1_178,11531,0.48
WI_2,HOBBIES_1_178,11532,0.48
WI_2,HOBBIES_1_178,11533,0.48
WI_2,HOBBIES_1_178,11534,0.48
WI_2,HOBBIES_1_178,11535,0.48
WI_2,HOBBIES_1_178,11536,0.48
WI_2,HOBBIES_1_178,11537,0.48
WI_2,HOBBIES_1_178,11538,0.48
WI_2,HOBBIES_1_178,11539,0.48
WI_2,HOBBIES_1_178,11540,0.48
WI_2,HOBBIES_1_178,11541,0.48
WI_2,HOBBIES_1_178,11542,0.48
WI_2,HOBBIES_1_178,11543,0.48
WI_2,HOBBIES_1_178,11544,0.48
WI_2,HOBBIES_1_178,11545,0.48
WI_2,HOBBIES_1_178,11546,0.48
WI_2,HOBBIES_1_178,11547,0.48
WI_2,HOBBIES_1_178,11548,0.48
WI_2,HOBBIES_1_178,11549,0.48
WI_2,HOBBIES_1_178,11550,0.48
WI_2,HOBBIES_1_178,11551,0.48
WI_2,HOBBIES_1_178,11552,0.48
WI_2,HOBBIES_1_178,11601,0.48
WI_2,HOBBIES_1_178,11602,0.48
WI_2,HOBBIES_1_178,11603,0.48
WI_2,HOBBIES_1_178,11604,0.48
WI_2,HOBBIES_1_178,11605,0.48
WI_2,HOBBIES_1_178,11606,0.48
WI_2,HOBBIES_1_178,11607,0.48
WI_2,HOBBIES_1_178,11608,0.48
WI_2,HOBBIES_1_178,11609,0.48
WI_2,HOBBIES_1_178,11610,0.48
WI_2,HOBBIES_1_178,11611,0.48
WI_2,HOBBIES_1_178,11612,0.48
WI_2,HOBBIES_1_178,11613,0.48
WI_2,HOBBIES_1_178,11614,0.48
WI_2,HOBBIES_1_178,11615,0.48
WI_2,HOBBIES_1_178,11616,0.48
WI_2,HOBBIES_1_178,11617,0.48
WI_2,HOBBIES_1_371,11513,0.48
WI_2,HOBBIES_1_371,11514,0.48
WI_2,HOBBIES_1_371,11515,0.48
WI_2,HOBBIES_1_371,11516,0.48
WI_2,HOBBIES_1_371,11517,0.48
WI_2,HOBBIES_1_371,11518,0.48
WI_2,HOBBIES_1_371,11519,0.48
WI_2,HOBBIES_1_371,11520,0.48
WI_2,HOBBIES_1_371,11521,0.48
WI_2,HOBBIES_1_371,11522,0.48
WI_2,HOBBIES_1_371,11523,0.48
WI_2,HOBBIES_1_371,11524,0.48
WI_2,HOBBIES_1_371,11525,0.48
WI_2,HOBBIES_1_371,11526,0.48
WI_2,HOBBIES_1_371,11527,0.48
WI_2,HOBBIES_1_371,11528,0.48
WI_2,HOBBIES_1_371,11529,0.48
WI_2,HOBBIES_1_371,11530,0.48
WI_2,HOBBIES_1_371,11531,0.48
WI_2,HOBBIES_1_371,11532,0.48
WI_2,HOBBIES_1_371,11533,0.48
WI_2,HOBBIES_1_371,11534,0.48
WI_2,HOBBIES_1_371,11535,0.48
WI_2,HOBBIES_1_371,11536,0.48
WI_2,HOBBIES_1_371,11537,0.48
WI_2,HOBBIES_1_371,11538,0.48
WI_2,HOBBIES_1_371,11539,0.48
WI_2,HOBBIES_1_371,11540,0.48
WI_2,HOBBIES_1_371,11541,0.48
WI_2,HOBBIES_1_371,11542,0.48
WI_2,HOBBIES_1_371,11543,0.48
WI_2,HOBBIES_1_371,11544,0.48
WI_2,HOBBIES_1_371,11545,0.48
WI_2,HOBBIES_1_371,11546,0.48
WI_2,HOBBIES_1_371,11547,0.48
WI_2,HOBBIES_1_371,11548,0.48
WI_2,HOBBIES_1_371,11549,0.48
WI_2,HOBBIES_1_371,11550,0.48
WI_2,HOBBIES_1_371,11551,0.48
WI_2,HOBBIES_1_371,11552,0.48
WI_2,HOBBIES_1_371,11601,0.48
WI_2,HOBBIES_1_371,11602,0.48
WI_2,HOBBIES_1_371,11603,0.48
WI_2,HOBBIES_1_371,11604,0.48
WI_2,HOBBIES_1_371,11605,0.48
WI_2,HOBBIES_1_371,11606,0.48
WI_2,HOBBIES_1_371,11607,0.48
WI_2,HOBBIES_1_371,11608,0.48
WI_2,HOBBIES_1_371,11609,0.48
WI_2,HOBBIES_1_371,11610,0.48
WI_2,HOBBIES_1_371,11611,0.48
WI_2,HOBBIES_1_371,11612,0.48
WI_2,HOBBIES_1_371,11613,0.48
WI_2,HOBBIES_1_371,11614,0.48
WI_2,HOBBIES_1_371,11615,0.48
WI_2,HOBBIES_1_371,11616,0.48
WI_2,HOBBIES_1_371,11617,0.48
WI_2,HOUSEHOLD_1_110,11513,3.84
WI_2,HOUSEHOLD_1_110,11514,3.84
WI_2,HOUSEHOLD_1_110,11515,3.84
WI_2,HOUSEHOLD_1_110,11516,3.84
WI_2,HOUSEHOLD_1_110,11517,3.84
WI_2,HOUSEHOLD_1_110,11518,3.84
WI_2,HOUSEHOLD_1_110,11519,3.84
WI_2,HOUSEHOLD_1_110,11520,3.84
WI_2,HOUSEHOLD_1_110,11521,3.84
WI_2,HOUSEHOLD_1_110,11522,3.84
WI_2,HOUSEHOLD_1_110,11523,3.84
WI_2,HOUSEHOLD_1_110,11524,3.84
WI_2,HOUSEHOLD_1_110,11525,3.84
WI_2,HOUSEHOLD_1_110,11526,3.84
WI_2,HOUSEHOLD_1_110,11527,3.84
WI_2,HOUSEHOLD_1_110,11528,3.84
WI_2,HOUSEHOLD_1_110,11529,3.84
WI_2,HOUSEHOLD_1_110,11530,3.84
WI_2,HOUSEHOLD_1_110,11531,3.84
WI_2,HOUSEHOLD_1_110,11532,3.84
WI_2,HOUSEHOLD_1_110,11533,3.84
WI_2,HOUSEHOLD_1_110,11534,3.84
WI_2,HOUSEHOLD_1_110,11535,3.84
WI_2,HOUSEHOLD_1_110,11536,3.84
WI_2,HOUSEHOLD_1_110,11537,3.84
WI_2,HOUSEHOLD_1_110,11538,3.84
WI_2,HOUSEHOLD_1_110,11539,3.84
WI_2,HOUSEHOLD_1_110,11540,3.84
WI_2,HOUSEHOLD_1_110,11541,3.84
WI_2,HOUSEHOLD_1_110,11542,3.97
WI_2,HOUSEHOLD_1_110,11543,3.97
WI_2,HOUSEHOLD_1_110,11544,3.97
WI_2,HOUSEHOLD_1_110,11545,3.97
WI_2,HOUSEHOLD_1_110,11546,3.97
WI_2,HOUSEHOLD_1_110,11547,3.97
WI_2,HOUSEHOLD_1_110,11548,3.97
WI_2,HOUSEHOLD_1_110,11549,3.97
WI_2,HOUSEHOLD_1_110,11550,3.97
WI_2,HOUSEHOLD_1_110,11551,3.97
WI_2,HOUSEHOLD_1_110,11552,3.97
WI_2,HOUSEHOLD_1_110,11601,3.97
WI_2,HOUSEHOLD_1_110,11602,3.97
WI_2,HOUSEHOLD_1_110,11603,3.97
WI_2,HOUSEHOLD_1_110,11604,3.97
WI_2,HOUSEHOLD_1_110,11605,3.97
WI_2,HOUSEHOLD_1_110,11606,3.97
WI_2,HOUSEHOLD_1_110,11607,3.97
WI_2,HOUSEHOLD_1_110,11608,3.97
WI_2,HOUSEHOLD_1_110,11609,3.97
WI_2,HOUSEHOLD_1_110,11610,3.97
WI_2,HOUSEHOLD_1_110,11611,3.97
WI_2,HOUSEHOLD_1_110,11612,3.97
WI_2,HOUSEHOLD_1_110,11613,3.97
WI_2,HOUSEHOLD_1_110,11614,3.97
WI_2,HOUSEHOLD_1_110,11615,3.97
WI_2,HOUSEHOLD_1_110,11616,3.97
WI_2,HOUSEHOLD_1_110,11617,3.97
WI_2,HOUSEHOLD_1_334,11513,0.98
WI_2,HOUSEHOLD_1_334,11514,0.98
WI_2,HOUSEHOLD_1_334,11515,0.98
WI_2,HOUSEHOLD_1_334,11516,0.98
WI_2,HOUSEHOLD_1_334,11517,0.98
WI_2,HOUSEHOLD_1_334,11518,0.98
WI_2,HOUSEHOLD_1_334,11519,0.98
WI_2,HOUSEHOLD_1_334,11520,0.98
WI_2,HOUSEHOLD_1_334,11521,0.98
WI_2,HOUSEHOLD_1_334,11522,0.98
WI_2,HOUSEHOLD_1_334,11523,0.98
WI_2,HOUSEHOLD_1_334,11524,0.98
WI_2,HOUSEHOLD_1_334,11525,0.98
WI_2,HOUSEHOLD_1_334,11526,0.98
WI_2,HOUSEHOLD_1_334,11527,0.98
WI_2,HOUSEHOLD_1_334,11528,0.98
WI_2,HOUSEHOLD_1_334,11529,0.98
WI_2,HOUSEHOLD_1_334,11530,0.98
WI_2,HOUSEHOLD_1_334,11531,0.98
WI_2,HOUSEHOLD_1_334,11532,0.98
WI_2,HOUSEHOLD_1_334,11533,0.98
WI_2,HOUSEHOLD_1_334,11534,0.98
WI_2,HOUSEHOLD_1_334,11535,0.98
WI_2,HOUSEHOLD_1_334,11536,0.98
WI_2,HOUSEHOLD_1_334,11537,0.98
WI_2,HOUSEHOLD_1_334,11538,0.97
WI_2,HOUSEHOLD_1_334,11539,0.97
WI_2,HOUSEHOLD_1_334,11540,0.97
WI_2,HOUSEHOLD_1_334,11541,0.97
WI_2,HOUSEHOLD_1_334,11542,0.97
WI_2,HOUSEHOLD_1_334,11543,0.97
WI_2,HOUSEHOLD_1_334,11544,0.97
WI_2,HOUSEHOLD_1_334,11545,0.97
WI_2,HOUSEHOLD_1_334,11546,0.97
WI_2,HOUSEHOLD_1_334,11547,0.97
WI_2,HOUSEHOLD_1_334,11548,0.97
WI_2,HOUSEHOLD_1_334,11549,0.97
WI_2,HOUSEHOLD_1_334,11550,0.97
WI_2,HOUSEHOLD_1_334,11551,0.97
WI_2,HOUSEHOLD_1_334,11552,0.97
WI_2,HOUSEHOLD_1_334,11601,0.97
WI_2,HOUSEHOLD_1_334,11602,0.97
WI_2,HOUSEHOLD_1_334,11603,0.97
WI_2,HOUSEHOLD_1_334,11604,0.97
WI_2,HOUSEHOLD_1_334,11605,0.97
WI_2,HOUSEHOLD_1_334,11606,0.97
WI_2,HOUSEHOLD_1_334,11607,0.97
WI_2,HOUSEHOLD_1_334,11608,0.97
WI_2,HOUSEHOLD_1_334,11609,0.97
WI_2,HOUSEHOLD_1_334,11610,0.97
WI_2,HOUSEHOLD_1_334,11611,0.97
WI_2,HOUSEHOLD_1_334,11612,0.97
WI_2,HOUSEHOLD_1_334,11613,0.97
WI_2,HOUSEHOLD_1_334,11614,0.97
WI_2,HOUSEHOLD_1_334,11615,0.97
WI_2,HOUSEHOLD_1_334,11616,0.97
WI_2,HOUSEHOLD_1_334,11617,0.97
WI_2,HOUSEHOLD_1_409,11513,2.94
WI_2,HOUSEHOLD_1_409,11514,2.94
WI_2,HOUSEHOLD_1_409,11515,2.94
WI_2,HOUSEHOLD_1_409,11516,2.94
WI_2,HOUSEHOLD_1_409,11517,2.94
WI_2,HOUSEHOLD_1_409,11518,2.94
WI_2,HOUSEHOLD_1_409,11519,2.94
WI_2,HOUSEHOLD_1_409,11520,2.94
WI_2,HOUSEHOLD_1_409,11521,2.94
WI_2,HOUSEHOLD_1_409,11522,2.94
WI_2,HOUSEHOLD_1_409,11523,2.94
WI_2,HOUSEHOLD_1_409,11524,2.94
WI_2,HOUSEHOLD_1_409,11525,2.94
WI_2,HOUSEHOLD_1_409,11526,2.94
WI_2,HOUSEHOLD_1_409,11527,2.94
WI_2,HOUSEHOLD_1_409,11528,2.94
WI_2,HOUSEHOLD_1_409,11529,2.94
WI_2,HOUSEHOLD_1_409,11530,2.94
WI_2,HOUSEHOLD_1_409,11531,2.94
WI_2,HOUSEHOLD_1_409,11532,2.94
WI_2,HOUSEHOLD_1_409,11533,2.94
WI_2,HOUSEHOLD_1_409,11534,2.94
WI_2,HOUSEHOLD_1_409,11535,2.94
WI_2,HOUSEHOLD_1_409,11536,2.94
WI_2,HOUSEHOLD_1_409,11537,2.94
WI_2,HOUSEHOLD_1_409,11538,2.94
WI_2,HOUSEHOLD_1_409,11539,2.94
WI_2,HOUSEHOLD_1_409,11540,2.94
WI_2,HOUSEHOLD_1_409,11541,2.94
WI_2,HOUSEHOLD_1_409,11542,3.28
WI_2,HOUSEHOLD_1_409,11543,2.94
WI_2,HOUSEHOLD_1_409,11544,2.94
WI_2,HOUSEHOLD_1_409,11545,2.94
WI_2,HOUSEHOLD_1_409,11546,2.94
WI_2,HOUSEHOLD_1_409,11547,2.94
WI_2,HOUSEHOLD_1_409,11548,2.94
WI_2,HOUSEHOLD_1_409,11549,2.94
WI_2,HOUSEHOLD_1_409,11550,2.94
WI_2,HOUSEHOLD_1_409,11551,2.94
WI_2,HOUSEHOLD_1_409,11552,2.94
WI_2,HOUSEHOLD_1_409,11601,2.94
WI_2,HOUSEHOLD_1_409,11602,2.94
WI_2,HOUSEHOLD_1_409,11603,2.94
WI_2,HOUSEHOLD_1_409,11604,2.94
WI_2,HOUSEHOLD_1_409,11605,2.94
WI_2,HOUSEHOLD_1_409,11606,2.94
WI_2,HOUSEHOLD_1_409,11607,2.94
WI_2,HOUSEHOLD_1_409,11608,2.94
WI_2,HOUSEHOLD_1_409,11609,2.94
WI_2,HOUSEHOLD_1_409,11610,2.94
WI_2,HOUSEHOLD_1_409,11611,2.94
WI_2,HOUSEHOLD_1_409,11612,2.94
WI_2,HOUSEHOLD_1_409,11613,2.94
WI_2,HOUSEHOLD_1_409,11614,2.94
WI_2,HOUSEHOLD_1_409,11615,2.94
WI_2,HOUSEHOLD_1_409,11616,2.94
WI_2,HOUSEHOLD_1_409,11617,2.94
WI_2,HOUSEHOLD_1_459,11513,0.98
WI_2,HOUSEHOLD_1_459,11514,0.98
WI_2,HOUSEHOLD_1_459,11515,0.98
WI_2,HOUSEHOLD_1_459,11516,0.98
WI_2,HOUSEHOLD_1_459,11517,0.98
WI_2,HOUSEHOLD_1_459,11518,0.98
WI_2,HOUSEHOLD_1_459,11519,0.98
WI_2,HOUSEHOLD_1_459,11520,0.98
WI_2,HOUSEHOLD_1_459,11521,0.98
WI_2,HOUSEHOLD_1_459,11522,0.98
WI_2,HOUSEHOLD_1_459,11523,0.98
WI_2,HOUSEHOLD_1_459,11524,0.98
WI_2,HOUSEHOLD_1_459,11525,0.98
WI_2,HOUSEHOLD_1_459,11526,0.98
WI_2,HOUSEHOLD_1_459,11527,0.98
WI_2,HOUSEHOLD_1_459,11528,0.98
WI_2,HOUSEHOLD_1_459,11529,0.98
WI_2,HOUSEHOLD_1_459,11530,0.98
WI_2,HOUSEHOLD_1_459,11531,0.98
WI_2,HOUSEHOLD_1_459,11532,0.98
WI_2,HOUSEHOLD_1_459,11533,0.98
WI_2,HOUSEHOLD_1_459,11534,0.98
WI_2,HOUSEHOLD_1_459,11535,0.98
WI_2,HOUSEHOLD_1_459,11536,0.98
WI_2,HOUSEHOLD_1_459,11537,0.98
WI_2,HOUSEHOLD_1_459,11538,0.97
WI_2,HOUSEHOLD_1_459,11539,0.97
WI_2,HOUSEHOLD_1_459,11540,0.97
WI_2,HOUSEHOLD_1_459,11541,0.97
WI_2,HOUSEHOLD_1_459,11542,0.97
WI_2,HOUSEHOLD_1_459,11543,0.97
WI_2,HOUSEHOLD_1_459,11544,0.97
WI_2,HOUSEHOLD_1_459,11545,0.97
WI_2,HOUSEHOLD_1_459,11546,0.97
WI_2,HOUSEHOLD_1_459,11547,0.97
WI_2,HOUSEHOLD_1_459,11548,0.97
WI_2,HOUSEHOLD_1_459,11549,0.97
WI_2,HOUSEHOLD_1_459,11550,0.97
WI_2,HOUSEHOLD_1_459,11551,0.97
WI_2,HOUSEHOLD_1_459,11552,0.97
WI_2,HOUSEHOLD_1_459,11601,0.97
WI_2,HOUSEHOLD_1_459,11602,0.97
WI_2,HOUSEHOLD_1_459,11603,0.97
WI_2,HOUSEHOLD_1_459,11604,0.97
WI_2,HOUSEHOLD_1_459,11605,0.97
WI_2,HOUSEHOLD_1_459,11606,0.97
WI_2,HOUSEHOLD_1_459,11607,0.97
WI_2,HOUSEHOLD_1_459,11608,0.97
WI_2,HOUSEHOLD_1_459,11609,0.97
WI_2,HOUSEHOLD_1_459,11610,0.97
WI_2,HOUSEHOLD_1_459,11611,0.97
WI_2,HOUSEHOLD_1_459,11612,0.97
WI_2,HOUSEHOLD_1_459,11613,0.97
WI_2,HOUSEHOLD_1_459,11614,0.97
WI_2,HOUSEHOLD_1_459,11615,0.97
WI_2,HOUSEHOLD_1_459,11616,0.97
WI_2,HOUSEHOLD_1_459,11617,0.97
WI_2,FOODS_2_360,11513,0.94
WI_2,FOODS_2_360,11514,0.94
WI_2,FOODS_2_360,11515,0.94
WI_2,FOODS_2_360,11516,0.94
WI_2,FOODS_2_360,11517,0.94
WI_2,FOODS_2_360,11518,0.94
WI_2,FOODS_2_360,11519,0.94
WI_2,FOODS_2_360,11520,0.94
WI_2,FOODS_2_360,11521,0.94
WI_2,FOODS_2_360,11522,0.94
WI_2,FOODS_2_360,11523,0.94
WI_2,FOODS_2_360,11524,0.94
WI_2,FOODS_2_360,11525,0.94
WI_2,FOODS_2_360,11526,0.94
WI_2,FOODS_2_360,11527,0.94
WI_2,FOODS_2_360,11528,0.94
WI_2,FOODS_2_360,11529,0.94
WI_2,FOODS_2_360,11530,0.94
WI_2,FOODS_2_360,11531,0.94
WI_2,FOODS_2_360,11532,0.94
WI_2,FOODS_2_360,11533,0.94
WI_2,FOODS_2_360,11534,0.94
WI_2,FOODS_2_360,11535,0.94
WI_2,FOODS_2_360,11536,0.94
WI_2,FOODS_2_360,11537,0.94
WI_2,FOODS_2_360,11538,0.94
WI_2,FOODS_2_360,11539,0.94
WI_2,FOODS_2_360,11540,0.94
WI_2,FOODS_2_360,11541,0.94
WI_2,FOODS_2_360,11542,0.94
WI_2,FOODS_2_360,11543,0.94
WI_2,FOODS_2_360,11544,0.94
WI_2,FOODS_2_360,11545,0.94
WI_2,FOODS_2_360,11546,0.94
WI_2,FOODS_2_360,11547,0.94
WI_2,FOODS_2_360,11548,0.94
WI_2,FOODS_2_360,11549,0.94
WI_2,FOODS_2_360,11550,0.94
WI_2,FOODS_2_360,11551,0.94
WI_2,FOODS_2_360,11552,0.94
WI_2,FOODS_2_360,11601,0.94
WI_2,FOODS_2_360,11602,0.94
WI_2,FOODS_2_360,11603,0.94
WI_2,FOODS_2_360,11604,0.94
WI_2,FOODS_2_360,11605,0.98
WI_2,FOODS_2_360,11606,0.98
WI_2,FOODS_2_360,11607,0.94
WI_2,FOODS_2_360,11608,0.94
WI_2,FOODS_2_360,11609,0.94
WI_2,FOODS_2_360,11610,0.94
WI_2,FOODS_2_360,11611,0.94
WI_2,FOODS_2_360,11612,0.94
WI_2,FOODS_2_360,11613,0.94
WI_2,FOODS_2_360,11614,0.94
WI_2,FOODS_2_360,11615,0.94
WI_2,FOODS_2_360,11616,0.94
WI_2,FOODS_2_360,11617,0.94
WI_2,FOODS_3_007,11513,0.2
WI_2,FOODS_3_007,11514,0.2
WI_2,FOODS_3_007,11515,0.2
WI_2,FOODS_3_007,11516,0.2
WI_2,FOODS_3_007,11517,0.2
WI_2,FOODS_3_007,11518,0.2
WI_2,FOODS_3_007,11519,0.2
WI_2,FOODS_3_007,11520,0.2
WI_2,FOODS_3_007,11521,0.2
WI_2,FOODS_3_007,11522,0.2
WI_2,FOODS_3_007,11523,0.2
WI_2,FOODS_3_007,11524,0.2
WI_2,FOODS_3_007,11525,0.2
WI_2,FOODS_3_007,11526,0.2
WI_2,FOODS_3_007,11527,0.2
WI_2,FOODS_3_007,11528,0.2
WI_2,FOODS_3_007,11529,0.2
WI_2,FOODS_3_007,11530,0.2
WI_2,FOODS_3_007,11531,0.2
WI_2,FOODS_3_007,11532,0.2
WI_2,FOODS_3_007,11533,0.2
WI_2,FOODS_3_007,11534,0.2
WI_2,FOODS_3_007,11535,0.2
WI_2,FOODS_3_007,11536,0.2
WI_2,FOODS_3_007,11537,0.2
WI_2,FOODS_3_007,11538,0.2
WI_2,FOODS_3_007,11539,0.2
WI_2,FOODS_3_007,11540,0.2
WI_2,FOODS_3_007,11541,0.2
WI_2,FOODS_3_007,11542,0.2
WI_2,FOODS_3_007,11543,0.2
WI_2,FOODS_3_007,11544,0.2
WI_2,FOODS_3_007,11545,0.2
WI_2,FOODS_3_007,11546,0.2
WI_2,FOODS_3_007,11547,0.2
WI_2,FOODS_3_007,11548,0.2
WI_2,FOODS_3_007,11549,0.2
WI_2,FOODS_3_007,11550,0.2
WI_2,FOODS_3_007,11551,0.2
WI_2,FOODS_3_007,11552,0.2
WI_2,FOODS_3_007,11601,0.2
WI_2,FOODS_3_007,11602,0.2
WI_2,FOODS_3_007,11603,0.2
WI_2,FOODS_3_007,11604,0.2
WI_2,FOODS_3_007,11605,0.2
WI_2,FOODS_3_007,11606,0.2
WI_2,FOODS_3_007,11607,0.2
WI_2,FOODS_3_007,11608,0.2
WI_2,FOODS_3_007,11609,0.2
WI_2,FOODS_3_007,11610,0.25
WI_2,FOODS_3_007,11611,0.25
WI_2,FOODS_3_007,11612,0.25
WI_2,FOODS_3_007,11613,0.25
WI_2,FOODS_3_007,11614,0.25
WI_2,FOODS_3_007,11615,0.25
WI_2,FOODS_3_007,11616,0.25
WI_2,FOODS_3_007,11617,0.25
WI_2,FOODS_3_226,11513,1.68
WI_2,FOODS_3_226,11514,1.68
WI_2,FOODS_3_226,11515,1.68
WI_2,FOODS_3_226,11516,1.68
WI_2,FOODS_3_226,11517,1.68
WI_2,FOODS_3_226,11518,1.68
WI_2,FOODS_3_226,11519,1.68
WI_2,FOODS_3_226,11520,1.68
WI_2,FOODS_3_226,11521,1.68
WI_2,FOODS_3_226,11522,1.68
WI_2,FOODS_3_226,11523,1.68
WI_2,FOODS_3_226,11524,1.68
WI_2,FOODS_3_226,11525,1.68
WI_2,FOODS_3_226,11526,1.68
WI_2,FOODS_3_226,11527,1.68
WI_2,FOODS_3_226,11528,1.68
WI_2,FOODS_3_226,11529,1.68
WI_2,FOODS_3_226,11530,1.68
WI_2,FOODS_3_226,11531,1.68
WI_2,FOODS_3_226,11532,1.68
WI_2,FOODS_3_226,11533,1.68
WI_2,FOODS_3_226,11534,1.68
WI_2,FOODS_3_226,11535,1.68
WI_2,FOODS_3_226,11536,1.68
WI_2,FOODS_3_226,11537,1.68
WI_2,FOODS_3_226,11538,1.68
WI_2,FOODS_3_226,11539,1.68
WI_2,FOODS_3_226,11540,1.68
WI_2,FOODS_3_226,11541,1.68
WI_2,FOODS_3_226,11542,1.68
WI_2,FOODS_3_226,11543,1.68
WI_2,FOODS_3_226,11544,1.68
WI_2,FOODS_3_226,11545,1.68
WI_2,FOODS_3_226,11546,1.68
WI_2,FOODS_3_226,11547,1.68
WI_2,FOODS_3_226,11548,1.68
WI_2,FOODS_3_226,11549,1.68
WI_2,FOODS_3_226,11550,1.68
WI_2,FOODS_3_226,11551,1.68
WI_2,FOODS_3_226,11552,1.68
WI_2,FOODS_3_226,11601,1.68
WI_2,FOODS_3_226,11602,1.68
WI_2,FOODS_3_226,11603,1.68
WI_2,FOODS_3_226,11604,1.68
WI_2,FOODS_3_226,11605,1.68
WI_2,FOODS_3_226,11606,1.68
WI_2,FOODS_3_226,11607,1.68
WI_2,FOODS_3_226,11608,1.68
WI_2,FOODS_3_226,11609,1.68
WI_2,FOODS_3_226,11610,1.68
WI_2,FOODS_3_226,11611,1.68
WI_2,FOODS_3_226,11612,1.68
WI_2,FOODS_3_226,11613,1.68
WI_2,FOODS_3_226,11614,1.68
WI_2,FOODS_3_226,11615,1.68
WI_2,FOODS_3_226,11616,1.68
WI_2,FOODS_3_226,11617,1.68
WI_2,FOODS_3_234,11513,0.2
WI_2,FOODS_3_234,11514,0.2
WI_2,FOODS_3_234,11515,0.2
WI_2,FOODS_3_234,11516,0.2
WI_2,FOODS_3_234,11517,0.2
WI_2,FOODS_3_234,11518,0.2
WI_2,FOODS_3_234,11519,0.2
WI_2,FOODS_3_234,11520,0.2
WI_2,FOODS_3_234,11521,0.2
WI_2,FOODS_3_234,11522,0.2
WI_2,FOODS_3_234,11523,0.2
WI_2,FOODS_3_234,11524,0.2
WI_2,FOODS_3_234,11525,0.2
WI_2,FOODS_3_234,11526,0.2
WI_2,FOODS_3_234,11527,0.2
WI_2,FOODS_3_234,11528,0.2
WI_2,FOODS_3_234,11529,0.2
WI_2,FOODS_3_234,11530,0.2
WI_2,FOODS_3_234,11531,0.2
WI_2,FOODS_3_234,11532,0.2
WI_2,FOODS_3_234,11533,0.2
WI_2,FOODS_3_234,11534,0.2
WI_2,FOODS_3_234,11535,0.2
WI_2,FOODS_3_234,11536,0.2
WI_2,FOODS_3_234,11537,0.2
WI_2,FOODS_3_234,11538,0.2
WI_2,FOODS_3_234,11539,0.2
WI_2,FOODS_3_234,11540,0.2
WI_2,FOODS_3_234,11541,0.2
WI_2,FOODS_3_234,11542,0.2
WI_2,FOODS_3_234,11543,0.2
WI_2,FOODS_3_234,11544,0.2
WI_2,FOODS_3_234,11545,0.2
WI_2,FOODS_3_234,11546,0.2
WI_2,FOODS_3_234,11547,0.2
WI_2,FOODS_3_234,11548,0.2
WI_2,FOODS_3_234,11549,0.2
WI_2,FOODS_3_234,11550,0.2
WI_2,FOODS_3_234,11551,0.2
WI_2,FOODS_3_234,11552,0.2
WI_2,FOODS_3_234,11601,0.2
WI_2,FOODS_3_234,11602,0.2
WI_2,FOODS_3_234,11603,0.2
WI_2,FOODS_3_234,11604,0.2
WI_2,FOODS_3_234,11605,0.2
WI_2,FOODS_3_234,11606,0.25
WI_2,FOODS_3_234,11607,0.25
WI_2,FOODS_3_234,11608,0.25
WI_2,FOODS_3_234,11609,0.25
WI_2,FOODS_3_234,11610,0.25
WI_2,FOODS_3_234,11611,0.25
WI_2,FOODS_3_234,11612,0.25
WI_2,FOODS_3_234,11613,0.25
WI_2,FOODS_3_234,11614,0.25
WI_2,FOODS_3_234,11615,0.25
WI_2,FOODS_3_234,11616,0.25
WI_2,FOODS_3_234,11617,0.25
WI_2,FOODS_3_694,11513,1.68
WI_2,FOODS_3_694,11514,1.68
WI_2,FOODS_3_694,11515,1.68
WI_2,FOODS_3_694,11516,1.68
WI_2,FOODS_3_694,11517,1.68
WI_2,FOODS_3_694,11518,1.68
WI_2,FOODS_3_694,11519,1.68
WI_2,FOODS_3_694,11520,1.68
WI_2,FOODS_3_694,11521,1.68
WI_2,FOODS_3_694,11522,1.68
WI_2,FOODS_3_694,11523,1.68
WI_2,FOODS_3_694,11524,1.68
WI_2,FOODS_3_694,11525,1.68
WI_2,FOODS_3_694,11526,1.68
WI_2,FOODS_3_694,11527,1.68
WI_2,FOODS_3_694,11528,1.68
WI_2,FOODS_3_694,11529,1.68
WI_2,FOODS_3_694,11530,1.68
WI_2,FOODS_3_694,11531,1.68
WI_2,FOODS_3_694,11532,1.68
WI_2,FOODS_3_694,11533,1.68
WI_2,FOODS_3_694,11534,1.68
WI_2,FOODS_3_694,11535,1.68
WI_2,FOODS_3_694,11536,1.68
WI_2,FOODS_3_694,11537,1.68
WI_2,FOODS_3_694,11538,1.68
WI_2,FOODS_3_694,11539,1.68
WI_2,FOODS_3_694,11540,1.68
WI_2,FOODS_3_694,11541,1.68
WI_2,FOODS_3_694,11542,1.68
WI_2,FOODS_3_694,11543,1.68
WI_2,FOODS_3_694,11544,1.68
WI_2,FOODS_3_694,11545,1.68
WI_2,FOODS_3_694,11546,1.68
WI_2,FOODS_3_694,11547,1.68
WI_2,FOODS_3_694,11548,1.68
WI_2,FOODS_3_694,11549,1.68
WI_2,FOODS_3_694,11550,1.68
WI_2,FOODS_3_694,11551,1.68
WI_2,FOODS_3_694,11552,1.68
WI_2,FOODS_3_694,11601,1.68
WI_2,FOODS_3_694,11602,1.68
WI_2,FOODS_3_694,11603,1.68
WI_2,FOODS_3_694,11604,1.68
WI_2,FOODS_3_694,11605,1.68
WI_2,FOODS_3_694,11606,1.68
WI_2,FOODS_3_694,11607,1.68
WI_2,FOODS_3_694,11608,1.68
WI_2,FOODS_3_694,11609,1.68
WI_2,FOODS_3_694,11610,1.68
WI_2,FOODS_3_694,11611,1.68
WI_2,FOODS_3_694,11612,1.68
WI_2,FOODS_3_694,11613,1.68
WI_2,FOODS_3_694,11614,1.68
WI_2,FOODS_3_694,11615,1.68
WI_2,FOODS_3_694,11616,1.68
WI_2,FOODS_3_694,11617,1.68
WI_2,FOODS_3_711,11513,0.2
WI_2,FOODS_3_711,11514,0.2
WI_2,FOODS_3_711,11515,0.2
WI_2,FOODS_3_711,11516,0.2
WI_2,FOODS_3_711,11517,0.2
WI_2,FOODS_3_711,11518,0.2
WI_2,FOODS_3_711,11519,0.2
WI_2,FOODS_3_711,11520,0.2
WI_2,FOODS_3_711,11521,0.2
WI_2,FOODS_3_711,11522,0.2
WI_2,FOODS_3_711,11523,0.2
WI_2,FOODS_3_711,11524,0.2
WI_2,FOODS_3_711,11525,0.2
WI_2,FOODS_3_711,11526,0.2
WI_2,FOODS_3_711,11527,0.2
WI_2,FOODS_3_711,11528,0.2
WI_2,FOODS_3_711,11529,0.2
WI_2,FOODS_3_711,11530,0.2
WI_2,FOODS_3_711,11531,0.2
WI_2,FOODS_3_711,11532,0.2
WI_2,FOODS_3_711,11533,0.2
WI_2,FOODS_3_711,11534,0.2
WI_2,FOODS_3_711,11535,0.2
WI_2,FOODS_3_711,11536,0.2
WI_2,FOODS_3_711,11537,0.2
WI_2,FOODS_3_711,11538,0.2
WI_2,FOODS_3_711,11539,0.2
WI_2,FOODS_3_711,11540,0.2
WI_2,FOODS_3_711,11541,0.2
WI_2,FOODS_3_711,11542,0.2
WI_2,FOODS_3_711,11543,0.2
WI_2,FOODS_3_711,11544,0.2
WI_2,FOODS_3_711,11545,0.2
WI_2,FOODS_3_711,11546,0.2
WI_2,FOODS_3_711,11547,0.2
WI_2,FOODS_3_711,11548,0.2
WI_2,FOODS_3_711,11549,0.2
WI_2,FOODS_3_711,11550,0.2
WI_2,FOODS_3_711,11551,0.2
WI_2,FOODS_3_711,11552,0.2
WI_2,FOODS_3_711,11601,0.2
WI_2,FOODS_3_711,11602,0.2
WI_2,FOODS_3_711,11603,0.2
WI_2,FOODS_3_711,11604,0.2
WI_2,FOODS_3_711,11605,0.2
WI_2,FOODS_3_711,11606,0.25
WI_2,FOODS_3_711,11607,0.25
WI_2,FOODS_3_711,11608,0.25
WI_2,FOODS_3_711,11609,0.25
WI_2,FOODS_3_711,11610,0.25
WI_2,FOODS_3_711,11611,0.25
WI_2,FOODS_3_711,11612,0.25
WI_2,FOODS_3_711,11613,0.25
WI_2,FOODS_3_711,11614,0.25
WI_2,FOODS_3_711,11615,0.25
WI_2,FOODS_3_711,11616,0.25
WI_2,FOODS_3_711,11617,0.25
WI_3,HOBBIES_1_048,11513,0.48
WI_3,HOBBIES_1_048,11514,0.48
WI_3,HOBBIES_1_048,11515,0.48
WI_3,HOBBIES_1_048,11516,0.48
WI_3,HOBBIES_1_048,11517,0.48
WI_3,HOBBIES_1_048,11518,0.48
WI_3,HOBBIES_1_048,11519,0.48
WI_3,HOBBIES_1_048,11520,0.48
WI_3,HOBBIES_1_048,11521,0.48
WI_3,HOBBIES_1_048,11522,0.48
WI_3,HOBBIES_1_048,11523,0.48
WI_3,HOBBIES_1_048,11524,0.48
WI_3,HOBBIES_1_048,11525,0.48
WI_3,HOBBIES_1_048,11526,0.48
WI_3,HOBBIES_1_048,11527,0.48
WI_3,HOBBIES_1_048,11528,0.48
WI_3,HOBBIES_1_048,11529,0.48
WI_3,HOBBIES_1_048,11530,0.48
WI_3,HOBBIES_1_048,11531,0.48
WI_3,HOBBIES_1_048,11532,0.48
WI_3,HOBBIES_1_048,11533,0.48
WI_3,HOBBIES_1_048,11534,0.48
WI_3,HOBBIES_1_048,11535,0.48
WI_3,HOBBIES_1_048,11536,0.48
WI_3,HOBBIES_1_048,11537,0.48
WI_3,HOBBIES_1_048,11538,0.48
WI_3,HOBBIES_1_048,11539,0.48
WI_3,HOBBIES_1_048,11540,0.48
WI_3,HOBBIES_1_048,11541,0.48
WI_3,HOBBIES_1_048,11542,0.48
WI_3,HOBBIES_1_048,11543,0.48
WI_3,HOBBIES_1_048,11544,0.48
WI_3,HOBBIES_1_048,11545,0.48
WI_3,HOBBIES_1_048,11546,0.48
WI_3,HOBBIES_1_048,11547,0.48
WI_3,HOBBIES_1_048,11548,0.48
WI_3,HOBBIES_1_048,11549,0.48
WI_3,HOBBIES_1_048,11550,0.48
WI_3,HOBBIES_1_048,11551,0.48
WI_3,HOBBIES_1_048,11552,0.48
WI_3,HOBBIES_1_048,11601,0.48
WI_3,HOBBIES_1_048,11602,0.48
WI_3,HOBBIES_1_048,11603,0.48
WI_3,HOBBIES_1_048,11604,0.48
WI_3,HOBBIES_1_048,11605,0.48
WI_3,HOBBIES_1_048,11606,0.48
WI_3,HOBBIES_1_048,11607,0.48
WI_3,HOBBIES_1_048,11608,0.48
WI_3,HOBBIES_1_048,11609,0.48
WI_3,HOBBIES_1_048,11610,0.48
WI_3,HOBBIES_1_048,11611,0.48
WI_3,HOBBIES_1_048,11612,0.48
WI_3,HOBBIES_1_048,11613,0.48
WI_3,HOBBIES_1_048,11614,0.48
WI_3,HOBBIES_1_048,11615,0.48
WI_3,HOBBIES_1_048,11616,0.48
WI_3,HOBBIES_1_048,11617,0.48
WI_3,HOBBIES_1_103,11513,0.7
WI_3,HOBBIES_1_103,11514,0.7
WI_3,HOBBIES_1_103,11515,0.7
WI_3,HOBBIES_1_103,11516,0.7
WI_3,HOBBIES_1_103,11517,0.7
WI_3,HOBBIES_1_103,11518,0.7
WI_3,HOBBIES_1_103,11519,0.7
WI_3,HOBBIES_1_103,11520,0.7
WI_3,HOBBIES_1_103,11521,0.7
WI_3,HOBBIES_1_103,11522,0.7
WI_3,HOBBIES_1_103,11523,0.7
WI_3,HOBBIES_1_103,11524,0.7
WI_3,HOBBIES_1_103,11525,0.7
WI_3,HOBBIES_1_103,11526,0.7
WI_3,HOBBIES_1_103,11527,0.7
WI_3,HOBBIES_1_103,11528,0.7
WI_3,HOBBIES_1_103,11529,0.7
WI_3,HOBBIES_1_103,11530,0.7
WI_3,HOBBIES_1_103,11531,0.7
WI_3,HOBBIES_1_103,11532,0.7
WI_3,HOBBIES_1_103,11533,0.7
WI_3,HOBBIES_1_103,11534,0.7
WI_3,HOBBIES_1_103,11535,0.7
WI_3,HOBBIES_1_103,11536,0.7
WI_3,HOBBIES_1_103,11537,0.7
WI_3,HOBBIES_1_103,11538,0.7
WI_3,HOBBIES_1_103,11539,0.7
WI_3,HOBBIES_1_103,11540,0.7
WI_3,HOBBIES_1_103,11541,0.7
WI_3,HOBBIES_1_103,11542,0.7
WI_3,HOBBIES_1_103,11543,0.7
WI_3,HOBBIES_1_103,11544,0.7
WI_3,HOBBIES_1_103,11545,0.7
WI_3,HOBBIES_1_103,11546,0.7
WI_3,HOBBIES_1_103,11547,0.7
WI_3,HOBBIES_1_103,11548,0.7
WI_3,HOBBIES_1_103,11549,0.7
WI_3,HOBBIES_1_103,11550,0.7
WI_3,HOBBIES_1_103,11551,0.7
WI_3,HOBBIES_1_103,11552,0.7
WI_3,HOBBIES_1_103,11601,0.7
WI_3,HOBBIES_1_103,11602,0.7
WI_3,HOBBIES_1_103,11603,0.7
WI_3,HOBBIES_1_103,11604,0.7
WI_3,HOBBIES_1_103,11605,0.7
WI_3,HOBBIES_1_103,11606,0.7
WI_3,HOBBIES_1_103,11607,0.7
WI_3,HOBBIES_1_103,11608,0.7
WI_3,HOBBIES_1_103,11609,0.7
WI_3,HOBBIES_1_103,11610,0.7
WI_3,HOBBIES_1_103,11611,0.7
WI_3,HOBBIES_1_103,11612,0.7
WI_3,HOBBIES_1_103,11613,0.7
WI_3,HOBBIES_1_103,11614,0.7
WI_3,HOBBIES_1_103,11615,0.7
WI_3,HOBBIES_1_103,11616,0.7
WI_3,HOBBIES_1_103,11617,0.7
WI_3,HOUSEHOLD_1_110,11513,3.84
WI_3,HOUSEHOLD_1_110,11514,3.84
WI_3,HOUSEHOLD_1_110,11515,3.84
WI_3,HOUSEHOLD_1_110,11516,3.84
WI_3,HOUSEHOLD_1_110,11517,3.84
WI_3,HOUSEHOLD_1_110,11518,3.84
WI_3,HOUSEHOLD_1_110,11519,3.84
WI_3,HOUSEHOLD_1_110,11520,3.84
WI_3,HOUSEHOLD_1_110,11521,3.84
WI_3,HOUSEHOLD_1_110,11522,3.84
WI_3,HOUSEHOLD_1_110,11523,3.84
WI_3,HOUSEHOLD_1_110,11524,3.84
WI_3,HOUSEHOLD_1_110,11525,3.84
WI_3,HOUSEHOLD_1_110,11526,3.84
WI_3,HOUSEHOLD_1_110,11527,3.84
WI_3,HOUSEHOLD_1_110,11528,3.84
WI_3,HOUSEHOLD_1_110,11529,3.84
WI_3,HOUSEHOLD_1_110,11530,3.84
WI_3,HOUSEHOLD_1_110,11531,3.84
WI_3,HOUSEHOLD_1_110,11532,3.84
WI_3,HOUSEHOLD_1_110,11533,3.84
WI_3,HOUSEHOLD_1_110,11534,3.84
WI_3,HOUSEHOLD_1_110,11535,3.84
WI_3,HOUSEHOLD_1_110,11536,3.84
WI_3,HOUSEHOLD_1_110,11537,3.84
WI_3,HOUSEHOLD_1_110,11538,3.84
WI_3,HOUSEHOLD_1_110,11539,3.84
WI_3,HOUSEHOLD_1_110,11540,3.84
WI_3,HOUSEHOLD_1_110,11541,3.84
WI_3,HOUSEHOLD_1_110,11542,3.97
WI_3,HOUSEHOLD_1_110,11543,3.97
WI_3,HOUSEHOLD_1_110,11544,3.97
WI_3,HOUSEHOLD_1_110,11545,3.97
WI_3,HOUSEHOLD_1_110,11546,3.97
WI_3,HOUSEHOLD_1_110,11547,3.97
WI_3,HOUSEHOLD_1_110,11548,3.97
WI_3,HOUSEHOLD_1_110,11549,3.97
WI_3,HOUSEHOLD_1_110,11550,3.97
WI_3,HOUSEHOLD_1_110,11551,3.97
WI_3,HOUSEHOLD_1_110,11552,3.97
WI_3,HOUSEHOLD_1_110,11601,3.97
WI_3,HOUSEHOLD_1_110,11602,3.97
WI_3,HOUSEHOLD_1_110,11603,3.97
WI_3,HOUSEHOLD_1_110,11604,3.97
WI_3,HOUSEHOLD_1_110,11605,3.97
WI_3,HOUSEHOLD_1_110,11606,3.97
WI_3,HOUSEHOLD_1_110,11607,3.97
WI_3,HOUSEHOLD_1_110,11608,3.97
WI_3,HOUSEHOLD_1_110,11609,3.97
WI_3,HOUSEHOLD_1_110,11610,3.97
WI_3,HOUSEHOLD_1_110,11611,3.97
WI_3,HOUSEHOLD_1_110,11612,3.97
WI_3,HOUSEHOLD_1_110,11613,3.97
WI_3,HOUSEHOLD_1_110,11614,3.97
WI_3,HOUSEHOLD_1_110,11615,3.97
WI_3,HOUSEHOLD_1_110,11616,3.97
WI_3,HOUSEHOLD_1_110,11617,3.97
WI_3,HOUSEHOLD_1_334,11513,0.98
WI_3,HOUSEHOLD_1_334,11514,0.98
WI_3,HOUSEHOLD_1_334,11515,0.98
WI_3,HOUSEHOLD_1_334,11516,0.98
WI_3,HOUSEHOLD_1_334,11517,0.98
WI_3,HOUSEHOLD_1_334,11518,0.98
WI_3,HOUSEHOLD_1_334,11519,0.98
WI_3,HOUSEHOLD_1_334,11520,0.98
WI_3,HOUSEHOLD_1_334,11521,0.98
WI_3,HOUSEHOLD_1_334,11522,0.98
WI_3,HOUSEHOLD_1_334,11523,0.98
WI_3,HOUSEHOLD_1_334,11524,0.98
WI_3,HOUSEHOLD_1_334,11525,0.98
WI_3,HOUSEHOLD_1_334,11526,0.98
WI_3,HOUSEHOLD_1_334,11527,0.98
WI_3,HOUSEHOLD_1_334,11528,0.98
WI_3,HOUSEHOLD_1_334,11529,0.98
WI_3,HOUSEHOLD_1_334,11530,0.98
WI_3,HOUSEHOLD_1_334,11531,0.98
WI_3,HOUSEHOLD_1_334,11532,0.98
WI_3,HOUSEHOLD_1_334,11533,0.98
WI_3,HOUSEHOLD_1_334,11534,0.98
WI_3,HOUSEHOLD_1_334,11535,0.98
WI_3,HOUSEHOLD_1_334,11536,0.98
WI_3,HOUSEHOLD_1_334,11537,0.98
WI_3,HOUSEHOLD_1_334,11538,0.98
WI_3,HOUSEHOLD_1_334,11539,0.97
WI_3,HOUSEHOLD_1_334,11540,0.97
WI_3,HOUSEHOLD_1_334,11541,0.97
WI_3,HOUSEHOLD_1_334,11542,0.97
WI_3,HOUSEHOLD_1_334,11543,0.97
WI_3,HOUSEHOLD_1_334,11544,0.97
WI_3,HOUSEHOLD_1_334,11545,0.97
WI_3,HOUSEHOLD_1_334,11546,0.97
WI_3,HOUSEHOLD_1_334,11547,0.97
WI_3,HOUSEHOLD_1_334,11548,0.97
WI_3,HOUSEHOLD_1_334,11549,0.97
WI_3,HOUSEHOLD_1_334,11550,0.97
WI_3,HOUSEHOLD_1_334,11551,0.97
WI_3,HOUSEHOLD_1_334,11552,0.97
WI_3,HOUSEHOLD_1_334,11601,0.97
WI_3,HOUSEHOLD_1_334,11602,0.97
WI_3,HOUSEHOLD_1_334,11603,0.97
WI_3,HOUSEHOLD_1_334,11604,0.97
WI_3,HOUSEHOLD_1_334,11605,0.97
WI_3,HOUSEHOLD_1_334,11606,0.97
WI_3,HOUSEHOLD_1_334,11607,0.97
WI_3,HOUSEHOLD_1_334,11608,0.97
WI_3,HOUSEHOLD_1_334,11609,0.97
WI_3,HOUSEHOLD_1_334,11610,0.97
WI_3,HOUSEHOLD_1_334,11611,0.97
WI_3,HOUSEHOLD_1_334,11612,0.97
WI_3,HOUSEHOLD_1_334,11613,0.97
WI_3,HOUSEHOLD_1_334,11614,0.97
WI_3,HOUSEHOLD_1_334,11615,0.97
WI_3,HOUSEHOLD_1_334,11616,0.97
WI_3,HOUSEHOLD_1_334,11617,0.97
WI_3,HOUSEHOLD_1_441,11513,2.77
WI_3,HOUSEHOLD_1_441,11514,2.77
WI_3,HOUSEHOLD_1_441,11515,2.77
WI_3,HOUSEHOLD_1_441,11516,2.77
WI_3,HOUSEHOLD_1_441,11517,2.77
WI_3,HOUSEHOLD_1_441,11518,2.77
WI_3,HOUSEHOLD_1_441,11519,2.77
WI_3,HOUSEHOLD_1_441,11520,2.77
WI_3,HOUSEHOLD_1_441,11521,2.77
WI_3,HOUSEHOLD_1_441,11522,2.77
WI_3,HOUSEHOLD_1_441,11523,2.77
WI_3,HOUSEHOLD_1_441,11524,2.77
WI_3,HOUSEHOLD_1_441,11525,2.77
WI_3,HOUSEHOLD_1_441,11526,2.77
WI_3,HOUSEHOLD_1_441,11527,2.77
WI_3,HOUSEHOLD_1_441,11528,2.77
WI_3,HOUSEHOLD_1_441,11529,2.77
WI_3,HOUSEHOLD_1_441,11530,2.77
WI_3,HOUSEHOLD_1_441,11531,2.77
WI_3,HOUSEHOLD_1_441,11532,2.77
WI_3,HOUSEHOLD_1_441,11533,2.77
WI_3,HOUSEHOLD_1_441,11534,2.77
WI_3,HOUSEHOLD_1_441,11535,2.77
WI_3,HOUSEHOLD_1_441,11536,2.77
WI_3,HOUSEHOLD_1_441,11537,2.77
WI_3,HOUSEHOLD_1_441,11538,2.77
WI_3,HOUSEHOLD_1_441,11539,2.77
WI_3,HOUSEHOLD_1_441,11540,2.77
WI_3,HOUSEHOLD_1_441,11541,2.77
WI_3,HOUSEHOLD_1_441,11542,2.77
WI_3,HOUSEHOLD_1_441,11543,2.77
WI_3,HOUSEHOLD_1_441,11544,2.77
WI_3,HOUSEHOLD_1_441,11545,2.77
WI_3,HOUSEHOLD_1_441,11546,2.77
WI_3,HOUSEHOLD_1_441,11547,2.77
WI_3,HOUSEHOLD_1_441,11548,2.77
WI_3,HOUSEHOLD_1_441,11549,2.77
WI_3,HOUSEHOLD_1_441,11550,2.77
WI_3,HOUSEHOLD_1_441,11551,2.77
WI_3,HOUSEHOLD_1_441,11552,2.77
WI_3,HOUSEHOLD_1_441,11601,2.77
WI_3,HOUSEHOLD_1_441,11602,2.77
WI_3,HOUSEHOLD_1_441,11603,2.77
WI_3,HOUSEHOLD_1_441,11604,2.77
WI_3,HOUSEHOLD_1_441,11605,2.77
WI_3,HOUSEHOLD_1_441,11606,2.77
WI_3,HOUSEHOLD_1_441,11607,2.77
WI_3,HOUSEHOLD_1_441,11608,2.77
WI_3,HOUSEHOLD_1_441,11609,2.77
WI_3,HOUSEHOLD_1_441,11610,2.77
WI_3,HOUSEHOLD_1_441,11611,2.77
WI_3,HOUSEHOLD_1_441,11612,2.77
WI_3,HOUSEHOLD_1_441,11613,2.77
WI_3,HOUSEHOLD_1_441,11614,2.77
WI_3,HOUSEHOLD_1_441,11615,2.77
WI_3,HOUSEHOLD_1_441,11616,2.77
WI_3,HOUSEHOLD_1_441,11617,2.77
WI_3,HOUSEHOLD_1_459,11513,0.98
WI_3,HOUSEHOLD_1_459,11514,0.98
WI_3,HOUSEHOLD_1_459,11515,0.98
WI_3,HOUSEHOLD_1_459,11516,0.98
WI_3,HOUSEHOLD_1_459,11517,0.98
WI_3,HOUSEHOLD_1_459,11518,0.98
WI_3,HOUSEHOLD_1_459,11519,0.98
WI_3,HOUSEHOLD_1_459,11520,0.98
WI_3,HOUSEHOLD_1_459,11521,0.98
WI_3,HOUSEHOLD_1_459,11522,0.98
WI_3,HOUSEHOLD_1_459,11523,0.98
WI_3,HOUSEHOLD_1_459,11524,0.98
WI_3,HOUSEHOLD_1_459,11525,0.98
WI_3,HOUSEHOLD_1_459,11526,0.98
WI_3,HOUSEHOLD_1_459,11527,0.98
WI_3,HOUSEHOLD_1_459,11528,0.98
WI_3,HOUSEHOLD_1_459,11529,0.98
WI_3,HOUSEHOLD_1_459,11530,0.98
WI_3,HOUSEHOLD_1_459,11531,0.98
WI_3,HOUSEHOLD_1_459,11532,0.98
WI_3,HOUSEHOLD_1_459,11533,0.98
WI_3,HOUSEHOLD_1_459,11534,0.98
WI_3,HOUSEHOLD_1_459,11535,0.98
WI_3,HOUSEHOLD_1_459,11536,0.98
WI_3,HOUSEHOLD_1_459,11537,0.98
WI_3,HOUSEHOLD_1_459,11538,0.98
WI_3,HOUSEHOLD_1_459,11539,0.97
WI_3,HOUSEHOLD_1_459,11540,0.97
WI_3,HOUSEHOLD_1_459,11541,0.97
WI_3,HOUSEHOLD_1_459,11542,0.97
WI_3,HOUSEHOLD_1_459,11543,0.97
WI_3,HOUSEHOLD_1_459,11544,0.97
WI_3,HOUSEHOLD_1_459,11545,0.97
WI_3,HOUSEHOLD_1_459,11546,0.97
WI_3,HOUSEHOLD_1_459,11547,0.97
WI_3,HOUSEHOLD_1_459,11548,0.97
WI_3,HOUSEHOLD_1_459,11549,0.97
WI_3,HOUSEHOLD_1_459,11550,0.97
WI_3,HOUSEHOLD_1_459,11551,0.97
WI_3,HOUSEHOLD_1_459,11552,0.97
WI_3,HOUSEHOLD_1_459,11601,0.97
WI_3,HOUSEHOLD_1_459,11602,0.97
WI_3,HOUSEHOLD_1_459,11603,0.97
WI_3,HOUSEHOLD_1_459,11604,0.97
WI_3,HOUSEHOLD_1_459,11605,0.97
WI_3,HOUSEHOLD_1_459,11606,0.97
WI_3,HOUSEHOLD_1_459,11607,0.97
WI_3,HOUSEHOLD_1_459,11608,0.97
WI_3,HOUSEHOLD_1_459,11609,0.97
WI_3,HOUSEHOLD_1_459,11610,0.97
WI_3,HOUSEHOLD_1_459,11611,0.97
WI_3,HOUSEHOLD_1_459,11612,0.97
WI_3,HOUSEHOLD_1_459,11613,0.97
WI_3,HOUSEHOLD_1_459,11614,0.97
WI_3,HOUSEHOLD_1_459,11615,0.97
WI_3,HOUSEHOLD_1_459,11616,0.97
WI_3,HOUSEHOLD_1_459,11617,0.97
WI_3,FOODS_3_090,11513,1.38
WI_3,FOODS_3_090,11514,1.38
WI_3,FOODS_3_090,11515,1.38
WI_3,FOODS_3_090,11516,1.38
WI_3,FOODS_3_090,11517,1.38
WI_3,FOODS_3_090,11518,1.38
WI_3,FOODS_3_090,11519,1.38
WI_3,FOODS_3_090,11520,1.38
WI_3,FOODS_3_090,11521,1.38
WI_3,FOODS_3_090,11522,1.38
WI_3,FOODS_3_090,11523,1.38
WI_3,FOODS_3_090,11524,1.38
WI_3,FOODS_3_090,11525,1.38
WI_3,FOODS_3_090,11526,1.38
WI_3,FOODS_3_090,11527,1.38
WI_3,FOODS_3_090,11528,1.38
WI_3,FOODS_3_090,11529,1.38
WI_3,FOODS_3_090,11530,1.38
WI_3,FOODS_3_090,11531,1.38
WI_3,FOODS_3_090,11532,1.38
WI_3,FOODS_3_090,11533,1.38
WI_3,FOODS_3_090,11534,1.38
WI_3,FOODS_3_090,11535,1.38
WI_3,FOODS_3_090,11536,1.38
WI_3,FOODS_3_090,11537,1.38
WI_3,FOODS_3_090,11538,1.38
WI_3,FOODS_3_090,11539,1.38
WI_3,FOODS_3_090,11540,1.38
WI_3,FOODS_3_090,11541,1.38
WI_3,FOODS_3_090,11542,1.38
WI_3,FOODS_3_090,11543,1.38
WI_3,FOODS_3_090,11544,1.38
WI_3,FOODS_3_090,11545,1.38
WI_3,FOODS_3_090,11546,1.38
WI_3,FOODS_3_090,11547,1.38
WI_3,FOODS_3_090,11548,1.38
WI_3,FOODS_3_090,11549,1.38
WI_3,FOODS_3_090,11550,1.38
WI_3,FOODS_3_090,11551,1.38
WI_3,FOODS_3_090,11552,1.38
WI_3,FOODS_3_090,11601,1.38
WI_3,FOODS_3_090,11602,1.38
WI_3,FOODS_3_090,11603,1.38
WI_3,FOODS_3_090,11604,1.38
WI_3,FOODS_3_090,11605,1.38
WI_3,FOODS_3_090,11606,1.38
WI_3,FOODS_3_090,11607,1.38
WI_3,FOODS_3_090,11608,1.38
WI_3,FOODS_3_090,11609,1.38
WI_3,FOODS_3_090,11610,1.38
WI_3,FOODS_3_090,11611,1.38
WI_3,FOODS_3_090,11612,1.38
WI_3,FOODS_3_090,11613,1.38
WI_3,FOODS_3_090,11614,1.38
WI_3,FOODS_3_090,11615,1.44
WI_3,FOODS_3_090,11616,1.44
WI_3,FOODS_3_090,11617,1.44
WI_3,FOODS_3_226,11513,1.68
WI_3,FOODS_3_226,11514,1.68
WI_3,FOODS_3_226,11515,1.68
WI_3,FOODS_3_226,11516,1.68
WI_3,FOODS_3_226,11517,1.68
WI_3,FOODS_3_226,11518,1.68
WI_3,FOODS_3_226,11519,1.68
WI_3,FOODS_3_226,11520,1.68
WI_3,FOODS_3_226,11521,1.68
WI_3,FOODS_3_226,11522,1.68
WI_3,FOODS_3_226,11523,1.68
WI_3,FOODS_3_226,11524,1.68
WI_3,FOODS_3_226,11525,1.68
WI_3,FOODS_3_226,11526,1.68
WI_3,FOODS_3_226,11527,1.68
WI_3,FOODS_3_226,11528,1.68
WI_3,FOODS_3_226,11529,1.68
WI_3,FOODS_3_226,11530,1.68
WI_3,FOODS_3_226,11531,1.68
WI_3,FOODS_3_226,11532,1.68
WI_3,FOODS_3_226,11533,1.68
WI_3,FOODS_3_226,11534,1.68
WI_3,FOODS_3_226,11535,1.68
WI_3,FOODS_3_226,11536,1.68
WI_3,FOODS_3_226,11537,1.68
WI_3,FOODS_3_226,11538,1.68
WI_3,FOODS_3_226,11539,1.68
WI_3,FOODS_3_226,11540,1.68
WI_3,FOODS_3_226,11541,1.68
WI_3,FOODS_3_226,11542,1.68
WI_3,FOODS_3_226,11543,1.68
WI_3,FOODS_3_226,11544,1.68
WI_3,FOODS_3_226,11545,1.68
WI_3,FOODS_3_226,11546,1.68
WI_3,FOODS_3_226,11547,1.68
WI_3,FOODS_3_226,11548,1.68
WI_3,FOODS_3_226,11549,1.68
WI_3,FOODS_3_226,11550,1.68
WI_3,FOODS_3_226,11551,1.68
WI_3,FOODS_3_226,11552,1.68
WI_3,FOODS_3_226,11601,1.68
WI_3,FOODS_3_226,11602,1.68
WI_3,FOODS_3_226,11603,1.68
WI_3,FOODS_3_226,11604,1.68
WI_3,FOODS_3_226,11605,1.68
WI_3,FOODS_3_226,11606,1.68
WI_3,FOODS_3_226,11607,1.68
WI_3,FOODS_3_226,11608,1.68
WI_3,FOODS_3_226,11609,1.68
WI_3,FOODS_3_226,11610,1.68
WI_3,FOODS_3_226,11611,1.68
WI_3,FOODS_3_226,11612,1.68
WI_3,FOODS_3_226,11613,1.68
WI_3,FOODS_3_226,11614,1.68
WI_3,FOODS_3_226,11615,1.68
WI_3,FOODS_3_226,11616,1.68
WI_3,FOODS_3_226,11617,1.68
WI_3,FOODS_3_318,11513,1.48
WI_3,FOODS_3_318,11514,1.48
WI_3,FOODS_3_318,11515,1.48
WI_3,FOODS_3_318,11516,1.48
WI_3,FOODS_3_318,11517,1.48
WI_3,FOODS_3_318,11518,1.48
WI_3,FOODS_3_318,11519,1.48
WI_3,FOODS_3_318,11520,1.48
WI_3,FOODS_3_318,11521,1.48
WI_3,FOODS_3_318,11522,1.48
WI_3,FOODS_3_318,11523,1.48
WI_3,FOODS_3_318,11524,1.48
WI_3,FOODS_3_318,11525,1.48
WI_3,FOODS_3_318,11526,1.48
WI_3,FOODS_3_318,11527,1.48
WI_3,FOODS_3_318,11528,1.48
WI_3,FOODS_3_318,11529,1.48
WI_3,FOODS_3_318,11530,1.48
WI_3,FOODS_3_318,11531,1.48
WI_3,FOODS_3_318,11532,1.48
WI_3,FOODS_3_318,11533,1.48
WI_3,FOODS_3_318,11534,1.48
WI_3,FOODS_3_318,11535,1.48
WI_3,FOODS_3_318,11536,1.48
WI_3,FOODS_3_318,11537,1.48
WI_3,FOODS_3_318,11538,1.48
WI_3,FOODS_3_318,11539,1.48
WI_3,FOODS_3_318,11540,1.48
WI_3,FOODS_3_318,11541,1.48
WI_3,FOODS_3_318,11542,1.48
WI_3,FOODS_3_318,11543,1.48
WI_3,FOODS_3_318,11544,1.48
WI_3,FOODS_3_318,11545,1.48
WI_3,FOODS_3_318,11546,1.48
WI_3,FOODS_3_318,11547,1.48
WI_3,FOODS_3_318,11548,1.48
WI_3,FOODS_3_318,11549,1.48
WI_3,FOODS_3_318,11550,1.48
WI_3,FOODS_3_318,11551,1.48
WI_3,FOODS_3_318,11552,1.48
WI_3,FOODS_3_318,11601,1.48
WI_3,FOODS_3_318,11602,1.0
WI_3,FOODS_3_318,11603,1.48
WI_3,FOODS_3_318,11604,1.48
WI_3,FOODS_3_318,11605,1.48
WI_3,FOODS_3_318,11606,1.48
WI_3,FOODS_3_318,11607,1.48
WI_3,FOODS_3_318,11608,1.48
WI_3,FOODS_3_318,11609,1.48
WI_3,FOODS_3_318,11610,1.48
WI_3,FOODS_3_318,11611,1.48
WI_3,FOODS_3_318,11612,1.48
WI_3,FOODS_3_318,11613,1.48
WI_3,FOODS_3_318,11614,1.48
WI_3,FOODS_3_318,11615,1.48
WI_3,FOODS_3_318,11616,1.48
WI_3,FOODS_3_318,11617,1.48
WI_3,FOODS_3_555,11513,1.68
WI_3,FOODS_3_555,11514,1.68
WI_3,FOODS_3_555,11515,1.68
WI_3,FOODS_3_555,11516,1.68
WI_3,FOODS_3_555,11517,1.68
WI_3,FOODS_3_555,11518,1.68
WI_3,FOODS_3_555,11519,1.68
WI_3,FOODS_3_555,11520,1.68
WI_3,FOODS_3_555,11521,1.68
WI_3,FOODS_3_555,11522,1.68
WI_3,FOODS_3_555,11523,1.68
WI_3,FOODS_3_555,11524,1.68
WI_3,FOODS_3_555,11525,1.68
WI_3,FOODS_3_555,11526,1.68
WI_3,FOODS_3_555,11527,1.68
WI_3,FOODS_3_555,11528,1.68
WI_3,FOODS_3_555,11529,1.68
WI_3,FOODS_3_555,11530,1.68
WI_3,FOODS_3_555,11531,1.68
WI_3,FOODS_3_555,11532,1.68
WI_3,FOODS_3_555,11533,1.68
WI_3,FOODS_3_555,11534,1.68
WI_3,FOODS_3_555,11535,1.68
WI_3,FOODS_3_555,11536,1.68
WI_3,FOODS_3_555,11537,1.68
WI_3,FOODS_3_555,11538,1.68
WI_3,FOODS_3_555,11539,1.68
WI_3,FOODS_3_555,11540,1.68
WI_3,FOODS_3_555,11541,1.68
WI_3,FOODS_3_555,11542,1.68
WI_3,FOODS_3_555,11543,1.68
WI_3,FOODS_3_555,11544,1.68
WI_3,FOODS_3_555,11545,1.68
WI_3,FOODS_3_555,11546,1.68
WI_3,FOODS_3_555,11547,1.68
WI_3,FOODS_3_555,11548,1.68
WI_3,FOODS_3_555,11549,1.68
WI_3,FOODS_3_555,11550,1.68
WI_3,FOODS_3_555,11551,1.68
WI_3,FOODS_3_555,11552,1.68
WI_3,FOODS_3_555,11601,1.68
WI_3,FOODS_3_555,11602,1.68
WI_3,FOODS_3_555,11603,1.68
WI_3,FOODS_3_555,11604,1.68
WI_3,FOODS_3_555,11605,1.68
WI_3,FOODS_3_555,11606,1.68
WI_3,FOODS_3_555,11607,1.68
WI_3,FOODS_3_555,11608,1.68
WI_3,FOODS_3_555,11609,1.68
WI_3,FOODS_3_555,11610,1.68
WI_3,FOODS_3_555,11611,1.68
WI_3,FOODS_3_555,11612,1.68
WI_3,FOODS_3_555,11613,1.68
WI_3,FOODS_3_555,11614,1.68
WI_3,FOODS_3_555,11615,1.68
WI_3,FOODS_3_555,11616,1.68
WI_3,FOODS_3_555,11617,1.68
WI_3,FOODS_3_586,11513,1.68
WI_3,FOODS_3_586,11514,1.68
WI_3,FOODS_3_586,11515,1.68
WI_3,FOODS_3_586,11516,1.68
WI_3,FOODS_3_586,11517,1.68
WI_3,FOODS_3_586,11518,1.68
WI_3,FOODS_3_586,11519,1.68
WI_3,FOODS_3_586,11520,1.68
WI_3,FOODS_3_586,11521,1.68
WI_3,FOODS_3_586,11522,1.68
WI_3,FOODS_3_586,11523,1.68
WI_3,FOODS_3_586,11524,1.68
WI_3,FOODS_3_586,11525,1.68
WI_3,FOODS_3_586,11526,1.68
WI_3,FOODS_3_586,11527,1.68
WI_3,FOODS_3_586,11528,1.68
WI_3,FOODS_3_586,11529,1.68
WI_3,FOODS_3_586,11530,1.68
WI_3,FOODS_3_586,11531,1.68
WI_3,FOODS_3_586,11532,1.68
WI_3,FOODS_3_586,11533,1.68
WI_3,FOODS_3_586,11534,1.68
WI_3,FOODS_3_586,11535,1.68
WI_3,FOODS_3_586,11536,1.68
WI_3,FOODS_3_586,11537,1.68
WI_3,FOODS_3_586,11538,1.68
WI_3,FOODS_3_586,11539,1.68
WI_3,FOODS_3_586,11540,1.68
WI_3,FOODS_3_586,11541,1.68
WI_3,FOODS_3_586,11542,1.68
WI_3,FOODS_3_586,11543,1.68
WI_3,FOODS_3_586,11544,1.68
WI_3,FOODS_3_586,11545,1.68
WI_3,FOODS_3_586,11546,1.68
WI_3,FOODS_3_586,11547,1.68
WI_3,FOODS_3_586,11548,1.68
WI_3,FOODS_3_586,11549,1.68
WI_3,FOODS_3_586,11550,1.68
WI_3,FOODS_3_586,11551,1.68
WI_3,FOODS_3_586,11552,1.68
WI_3,FOODS_3_586,11601,1.68
WI_3,FOODS_3_586,11602,1.68
WI_3,FOODS_3_586,11603,1.68
WI_3,FOODS_3_586,11604,1.68
WI_3,FOODS_3_586,11605,1.68
WI_3,FOODS_3_586,11606,1.68
WI_3,FOODS_3_586,11607,1.68
WI_3,FOODS_3_586,11608,1.68
WI_3,FOODS_3_586,11609,1.68
WI_3,FOODS_3_586,11610,1.68
WI_3,FOODS_3_586,11611,1.68
WI_3,FOODS_3_586,11612,1.68
WI_3,FOODS_3_586,11613,1.68
WI_3,FOODS_3_586,11614,1.68
WI_3,FOODS_3_586,11615,1.68
WI_3,FOODS_3_586,11616,1.68
WI_3,FOODS_3_586,11617,1.68
WI_3,FOODS_3_694,11513,1.68
WI_3,FOODS_3_694,11514,1.68
WI_3,FOODS_3_694,11515,1.68
WI_3,FOODS_3_694,11516,1.68
WI_3,FOODS_3_694,11517,1.68
WI_3,FOODS_3_694,11518,1.68
WI_3,FOODS_3_694,11519,1.68
WI_3,FOODS_3_694,11520,1.68
WI_3,FOODS_3_694,11521,1.68
WI_3,FOODS_3_694,11522,1.68
WI_3,FOODS_3_694,11523,1.68
WI_3,FOODS_3_694,11524,1.68
WI_3,FOODS_3_694,11525,1.68
WI_3,FOODS_3_694,11526,1.68
WI_3,FOODS_3_694,11527,1.68
WI_3,FOODS_3_694,11528,1.68
WI_3,FOODS_3_694,11529,1.68
WI_3,FOODS_3_694,11530,1.68
WI_3,FOODS_3_694,11531,1.68
WI_3,FOODS_3_694,11532,1.68
WI_3,FOODS_3_694,11533,1.68
WI_3,FOODS_3_694,11534,1.68
WI_3,FOODS_3_694,11535,1.68
WI_3,FOODS_3_694,11536,1.68
WI_3,FOODS_3_694,11537,1.68
WI_3,FOODS_3_694,11538,1.68
WI_3,FOODS_3_694,11539,1.68
WI_3,FOODS_3_694,11540,1.68
WI_3,FOODS_3_694,11541,1.68
WI_3,FOODS_3_694,11542,1.68
WI_3,FOODS_3_694,11543,1.68
WI_3,FOODS_3_694,11544,1.68
WI_3,FOODS_3_694,11545,1.68
WI_3,FOODS_3_694,11546,1.68
WI_3,FOODS_3_694,11547,1.68
WI_3,FOODS_3_694,11548,1.68
WI_3,FOODS_3_694,11549,1.68
WI_3,FOODS_3_694,11550,1.68
WI_3,FOODS_3_694,11551,1.68
WI_3,FOODS_3_694,11552,1.68
WI_3,FOODS_3_694,11601,1.68
WI_3,FOODS_3_694,11602,1.68
WI_3,FOODS_3_694,11603,1.68
WI_3,FOODS_3_694,11604,1.68
WI_3,FOODS_3_694,11605,1.68
WI_3,FOODS_3_694,11606,1.68
WI_3,FOODS_3_694,11607,1.68
WI_3,FOODS_3_694,11608,1.68
WI_3,FOODS_3_694,11609,1.68
WI_3,FOODS_3_694,11610,1.68
WI_3,FOODS_3_694,11611,1.68
WI_3,FOODS_3_694,11612,1.68
WI_3,FOODS_3_694,11613,1.68
WI_3,FOODS_3_694,11614,1.68
WI_3,FOODS_3_694,11615,1.68
WI_3,FOODS_3_694,11616,1.68
WI_3,FOODS_3_694,11617,1.68
